frame conversion largest_molecule average_molecule weight_average_molecule
0 0.0000000000000000 14.0000000000000000 3.6248695046978310 3.9983040000000001
1 0.0056837953833662 18.0000000000000000 3.6455902939804012 4.0536000000000003
2 0.0111355991184317 23.0000000000000000 3.6656891495601172 4.1087999999999996
3 0.0161814174689711 23.0000000000000000 3.6844897718563931 4.1625600000000000
4 0.0201252754900824 23.0000000000000000 3.6993193252441552 4.2092159999999996
5 0.0247651084560956 24.0000000000000000 3.7169194171870354 4.2540800000000001
6 0.0289989560375826 24.0000000000000000 3.7331262692629315 4.3051199999999996
7 0.0331748057069945 24.0000000000000000 3.7492501499700062 4.3555200000000003
8 0.0360167033986777 24.0000000000000000 3.7603032308525361 4.3868799999999997
9 0.0403665468043150 24.0000000000000000 3.7773479995164996 4.4310080000000003
10 0.0446583922978773 24.0000000000000000 3.7943176299174355 4.4797760000000002
11 0.0494142210880408 24.0000000000000000 3.8133007931665648 4.5301760000000000
12 0.0534740749333024 24.0000000000000000 3.8296568627450980 4.5792320000000002
13 0.0570119475698875 24.0000000000000000 3.8440248477766161 4.6172800000000001
14 0.0606658160306229 24.0000000000000000 3.8589775253148924 4.6575680000000004
15 0.0655956385570119 26.0000000000000000 3.8793370988765439 4.7098240000000002
16 0.0695394965781232 26.0000000000000000 3.8957800910054230 4.7619520000000000
17 0.0731933650388586 26.0000000000000000 3.9111389236545682 4.8066560000000003
18 0.0770792251478947 27.0000000000000000 3.9276063595802175 4.8602559999999997
19 0.0813130727293817 32.0000000000000000 3.9457070707070705 4.9275840000000004
20 0.0851989328384178 32.0000000000000000 3.9624675077664362 4.9859520000000002
21 0.0896647720682055 35.0000000000000000 3.9819062181447502 5.0659200000000002
22 0.0937826238255423 35.0000000000000000 4.0000000000000000 5.1273920000000004
23 0.0988864400881568 35.0000000000000000 4.0226555963184660 5.2103039999999998
24 0.1035842709662452 35.0000000000000000 4.0437370600414075 5.2810560000000004
25 0.1073541352511310 35.0000000000000000 4.0608147618738224 5.3454720000000000
26 0.1118779723929939 39.0000000000000000 4.0814993796120946 5.4177920000000004
27 0.1157638325020299 39.0000000000000000 4.0994359176177362 5.4867520000000001
28 0.1200556779955922 39.0000000000000000 4.1194305299235436 5.5644799999999996
29 0.1239995360167034 39.0000000000000000 4.1379766949152543 5.6254080000000002
30 0.1282913815102656 39.0000000000000000 4.1583499667332005 5.6927040000000000
31 0.1320032478830762 75.0000000000000000 4.1761325671522114 5.8010240000000000
32 0.1353671267834358 75.0000000000000000 4.1923799302387978 5.8496959999999998
33 0.1396589722769980 75.0000000000000000 4.2132937845490090 5.9280960000000000
34 0.1427328616169818 75.0000000000000000 4.2284013260266562 5.9728000000000003
35 0.1469087112863937 75.0000000000000000 4.2490991909715143 6.0474240000000004
36 0.1513745505161814 75.0000000000000000 4.2714598141060689 6.1374399999999998
37 0.1555504001855933 75.0000000000000000 4.2925824175824179 6.2149440000000000
38 0.1600742373274562 80.0000000000000000 4.3157022510702943 6.3031360000000003
39 0.1629741329312145 86.0000000000000000 4.3306541019955658 6.3643520000000002
40 0.1671499826006264 92.0000000000000000 4.3523676880222837 6.4772800000000004
41 0.1723117967753161 101.0000000000000000 4.3795108962231097 6.5914239999999999
42 0.1766036422688783 101.0000000000000000 4.4023385222230047 6.6708160000000003
43 0.1806054982020647 105.0000000000000000 4.4238391845979619 6.7604480000000002
44 0.1843173645748753 105.0000000000000000 4.4439704209328781 6.8761919999999996
45 0.1882612225959865 105.0000000000000000 4.4655615890254357 6.9784959999999998
46 0.1916251014963461 105.0000000000000000 4.4841440665805710 7.0493439999999996
47 0.1953949657812319 105.0000000000000000 4.5051538960570889 7.1090559999999998
48 0.1995128175385686 105.0000000000000000 4.5283292276481673 7.1917439999999999
49 0.2029346943510034 105.0000000000000000 4.5477697737029761 7.2558400000000001
50 0.2066465607238139 105.0000000000000000 4.5690474449886684 7.3200320000000003
51 0.2101264354483239 105.0000000000000000 4.5891768852338641 7.3935360000000001
52 0.2134903143486835 105.0000000000000000 4.6088046604232726 7.4701440000000003
53 0.2172021807214940 105.0000000000000000 4.6306586648884940 7.5609599999999997
54 0.2206820554460039 105.0000000000000000 4.6513358636600435 7.6327360000000004
55 0.2246259134671152 105.0000000000000000 4.6749943900067317 7.7091839999999996
56 0.2283377798399258 105.0000000000000000 4.6974821495678318 7.8192640000000004
57 0.2336735877508410 105.0000000000000000 4.7301899644289715 7.9458880000000001
58 0.2370954645632757 105.0000000000000000 4.7514064162992247 8.0421440000000004
59 0.2423152766500406 109.0000000000000000 4.7841396203306799 8.1923519999999996
60 0.2457371534624753 109.0000000000000000 4.8058439061899270 8.2633919999999996
61 0.2491590302749101 111.0000000000000000 4.8277460219372781 8.3359360000000002
62 0.2531028882960213 137.0000000000000000 4.8532380804472748 8.6224000000000007
63 0.2569307504929823 137.0000000000000000 4.8782391507961282 8.7210560000000008
64 0.2603526273054170 137.0000000000000000 4.9008076531012312 8.8192959999999996
65 0.2633685187333256 137.0000000000000000 4.9208723722541530 8.9111680000000000
66 0.2667323976336852 137.0000000000000000 4.9434469667009413 9.0461120000000008
67 0.2700382786219696 137.0000000000000000 4.9658350548228194 9.1177600000000005
68 0.2729961721378030 137.0000000000000000 4.9860390905464698 9.1947519999999994
69 0.2759540656536364 137.0000000000000000 5.0064082024991992 9.2735679999999991
70 0.2794919382902216 137.0000000000000000 5.0309909039684459 9.3732799999999994
71 0.2826818234543557 141.0000000000000000 5.0533635187580854 9.4875200000000000
72 0.2856397169701891 141.0000000000000000 5.0742875700251684 9.5780799999999999
73 0.2893515833429997 141.0000000000000000 5.1007916428629727 9.7026559999999993
74 0.2927734601554344 141.0000000000000000 5.1254715433819911 9.8113279999999996
75 0.2963113327920195 141.0000000000000000 5.1512404186928213 9.9316160000000000
76 0.2995012179561536 141.0000000000000000 5.1746977976486175 10.0257600000000000
77 0.3024011135599118 141.0000000000000000 5.1962088460259395 10.1524160000000006
78 0.3055909987240459 141.0000000000000000 5.2200785099807900 10.2572480000000006
79 0.3090708734485558 144.0000000000000000 5.2463695122974903 10.4601919999999993
80 0.3120867648764645 148.0000000000000000 5.2693702048731135 10.5939840000000007
81 0.3149286625681476 148.0000000000000000 5.2912292583813070 10.6933120000000006
82 0.3189885164134091 148.0000000000000000 5.3227729517969680 10.8085439999999995
83 0.3223523953137687 154.0000000000000000 5.3491954809996578 10.9403199999999998
84 0.3253102888296021 154.0000000000000000 5.3726467807100491 11.0461440000000000
85 0.3279201948729846 154.0000000000000000 5.3935105281325511 11.1552000000000007
86 0.3308780883888180 154.0000000000000000 5.4173528646961948 11.2669440000000005
87 0.3337779839925762 154.0000000000000000 5.4409332288674150 11.3873280000000001
88 0.3374898503653869 154.0000000000000000 5.4714173159415216 11.5666239999999991
89 0.3404477438812203 163.0000000000000000 5.4959549771368277 11.7107519999999994
90 0.3432316436608282 163.0000000000000000 5.5192511480042388 11.8741760000000003
91 0.3466535204732630 163.0000000000000000 5.5481580115401687 11.9631039999999995
92 0.3499014035494722 163.0000000000000000 5.5758765277901690 12.1222080000000005
93 0.3532652824498318 163.0000000000000000 5.6048784862344183 12.2710080000000001
94 0.3570931446467927 163.0000000000000000 5.6382498872350020 12.3927680000000002
95 0.3600510381626261 163.0000000000000000 5.6643103135762187 12.4972480000000008
96 0.3631829254146851 163.0000000000000000 5.6921675774134792 12.6064000000000007
97 0.3662568147546688 163.0000000000000000 5.7197766999176354 12.7265599999999992
98 0.3692147082705022 163.0000000000000000 5.7465980139757260 12.8993920000000006
99 0.3715926226655840 163.0000000000000000 5.7683433317951085 13.1029760000000000
100 0.3740865328848161 163.0000000000000000 5.7913269088213495 13.2355520000000002
101 0.3764644472798979 163.0000000000000000 5.8134127057948097 13.4012159999999998
102 0.3802923094768588 163.0000000000000000 5.8493214787084700 13.5987200000000001
103 0.3834821946409929 163.0000000000000000 5.8795860771401696 13.7401599999999995
104 0.3863240923326760 163.0000000000000000 5.9068141007466215 13.8751040000000003
105 0.3896879712330356 163.0000000000000000 5.9393709018340779 14.0467200000000005
106 0.3918918918918919 163.0000000000000000 5.9608965188364333 14.1567360000000004
107 0.3946177937594247 163.0000000000000000 5.9877371143897298 14.2775680000000005
108 0.3975756872752581 163.0000000000000000 6.0171368056224130 14.4908160000000006
109 0.4007655724393922 163.0000000000000000 6.0491676345334886 14.6746239999999997
110 0.4033754784827746 163.0000000000000000 6.0756294352094873 14.7951040000000003
111 0.4062753740865329 163.0000000000000000 6.1053042883657325 15.0135360000000002
112 0.4087692843057650 167.0000000000000000 6.1310574847949777 15.1351999999999993
113 0.4113791903491474 167.0000000000000000 6.1582421913489016 15.3389439999999997
114 0.4147430692495070 167.0000000000000000 6.1936378951540974 15.5312000000000001
115 0.4169469899083633 172.0000000000000000 6.2170496369243011 15.8962880000000002
116 0.4197308896879712 172.0000000000000000 6.2468765617191409 16.1401600000000016
117 0.4232687623245563 172.0000000000000000 6.2851971037811749 16.4346239999999995
118 0.4260526621041643 172.0000000000000000 6.3156831042845596 16.5461440000000017
119 0.4287205660596218 172.0000000000000000 6.3451776649746190 16.7763519999999993
120 0.4309244867184782 180.0000000000000000 6.3697513249082753 16.8859519999999996
121 0.4339983760584619 180.0000000000000000 6.4043447074495337 17.1195519999999988
122 0.4364922862776940 180.0000000000000000 6.4326883491148621 17.2754879999999993
123 0.4395081777056026 180.0000000000000000 6.4673013245033113 17.8781759999999998
124 0.4431620461663380 180.0000000000000000 6.5097385688990732 18.0617599999999996
125 0.4464099292425472 180.0000000000000000 6.5479308538501835 18.2669759999999997
126 0.4489618373738545 180.0000000000000000 6.5782549205346807 18.4873919999999998
127 0.4512237559447860 180.0000000000000000 6.6053688437962377 18.6209600000000002
128 0.4538916599002436 180.0000000000000000 6.6376380628717078 18.7880320000000012
129 0.4559215868228744 180.0000000000000000 6.6624027289201582 18.8732480000000002
130 0.4586474886904072 182.0000000000000000 6.6959502892650526 19.0509759999999986
131 0.4616053822062406 182.0000000000000000 6.7327372616611010 19.3451839999999997
132 0.4642732861616982 188.0000000000000000 6.7662661037133267 19.5734719999999989
133 0.4664192089084793 188.0000000000000000 6.7934782608695654 19.7761600000000008
134 0.4687391253914859 213.0000000000000000 6.8231441048034931 20.3178559999999990
135 0.4715230251710938 213.0000000000000000 6.8590869183494290 20.6281600000000012
136 0.4737849437420253 213.0000000000000000 6.8885704838531909 20.8845759999999991
137 0.4762208560491822 242.0000000000000000 6.9206067988041191 21.5696960000000004
138 0.4788887600046398 242.0000000000000000 6.9560378408458545 22.1988799999999991
139 0.4816726597842478 242.0000000000000000 6.9933982320689267 22.6197760000000017
140 0.4839925762672544 242.0000000000000000 7.0248398336517930 22.7869439999999983
141 0.4863124927502610 242.0000000000000000 7.0565654284746531 23.3870719999999999
142 0.4888644008815682 242.0000000000000000 7.0917962101441052 23.6071680000000015
143 0.4918222943974017 312.0000000000000000 7.1330746404930379 24.6832640000000012
144 0.4940262150562580 312.0000000000000000 7.1641448876662084 25.0931519999999999
145 0.4961141398909639 312.0000000000000000 7.1938305709023940 25.5051839999999999
146 0.4984920542860457 318.0000000000000000 7.2279403261246671 25.7684800000000003
147 0.5010439624173529 318.0000000000000000 7.2649075903754508 26.1664320000000004
148 0.5028418976916831 330.0000000000000000 7.2911805879608025 26.5538559999999997
149 0.5055098016471407 330.0000000000000000 7.3305184142622570 27.1198079999999990
150 0.5073077369214708 330.0000000000000000 7.3572689817539727 27.5783039999999993
151 0.5090476742837258 330.0000000000000000 7.3833431777909038 27.6863360000000007
152 0.5108456095580559 330.0000000000000000 7.4104813848707609 27.8577599999999990
153 0.5133975176893631 330.0000000000000000 7.4493444576877232 28.0541440000000009
154 0.5155434404361443 342.0000000000000000 7.4823416736501853 28.3164799999999985
155 0.5185593318640529 342.0000000000000000 7.5292133477894225 28.9251840000000016
156 0.5209952441712098 355.0000000000000000 7.5675021189005935 29.4182720000000018
157 0.5235471523025171 355.0000000000000000 7.6080340839926963 29.6820480000000018
158 0.5256930750492982 355.0000000000000000 7.6424553680606504 30.0338880000000010
159 0.5284189769168310 404.0000000000000000 7.6866314106505964 31.5177920000000000
160 0.5310288829602134 417.0000000000000000 7.7294088548107842 31.9695040000000006
161 0.5332908015311448 417.0000000000000000 7.7668696408599480 32.2207360000000023
162 0.5355527201020763 417.0000000000000000 7.8046953046953043 32.9796479999999974
163 0.5378146386730077 417.0000000000000000 7.8428912034132265 33.3044160000000034
164 0.5398445655956385 417.0000000000000000 7.8774892866145700 34.0947839999999971
165 0.5421644820786452 417.0000000000000000 7.9174056245249558 34.6278080000000017
166 0.5444264006495766 417.0000000000000000 7.9567154678548695 35.8632320000000036
167 0.5467463171325833 417.0000000000000000 7.9974408189379398 36.3035840000000007
168 0.5487762440552140 417.0000000000000000 8.0334190231362470 36.4025279999999967
169 0.5506321772416193 498.0000000000000000 8.0665978316985036 37.6529919999999976
170 0.5520821250434984 621.0000000000000000 8.0927100867538524 41.8472960000000000
171 0.5544600394385802 621.0000000000000000 8.1359021088258263 43.9085439999999991
172 0.5567219580095116 621.0000000000000000 8.1774172445374855 44.1037760000000034
173 0.5585778911959169 674.0000000000000000 8.2117987123899621 47.5895039999999980
174 0.5608398097668484 690.0000000000000000 8.2540940306391963 48.3004480000000029
175 0.5632177241619302 690.0000000000000000 8.2990306732173682 49.0012159999999994
176 0.5651896531724858 690.0000000000000000 8.3366680005335461 49.0898240000000001
177 0.5673355759192669 690.0000000000000000 8.3780160857908843 49.4612160000000003
178 0.5690755132815218 690.0000000000000000 8.4118438761776577 49.6412160000000000
179 0.5714534276766037 690.0000000000000000 8.4585194207605898 50.4301439999999985
180 0.5733673587750840 690.0000000000000000 8.4964654703643276 50.7939200000000000
181 0.5747593086648881 690.0000000000000000 8.5242771412984180 50.9071679999999986
182 0.5766732397633685 690.0000000000000000 8.5628168242224962 51.3597439999999992
183 0.5786451687739241 690.0000000000000000 8.6028905712319332 52.4468800000000002
184 0.5810810810810810 690.0000000000000000 8.6529143015367573 53.7711680000000030
185 0.5829370142674863 690.0000000000000000 8.6914198303434844 54.3083200000000019
186 0.5847349495418165 794.0000000000000000 8.7290502793296092 58.2947199999999981
187 0.5867648764644473 794.0000000000000000 8.7719298245614041 58.5787199999999970
188 0.5884468159146271 794.0000000000000000 8.8077790304396846 59.1810559999999981
189 0.5907667323976337 810.0000000000000000 8.8577097505668938 60.0337919999999983
190 0.5925646676719638 818.0000000000000000 8.8967971530249113 60.4841920000000002
191 0.5948265862428953 818.0000000000000000 8.9464643572860005 61.6801280000000034
192 0.5972045006379770 818.0000000000000000 8.9992800575953922 62.5064959999999985
193 0.5989444380002320 818.0000000000000000 9.0383224873463490 62.8332479999999975
194 0.6011483586590882 818.0000000000000000 9.0882652319325281 63.3039040000000028
195 0.6029462939334184 818.0000000000000000 9.1294186386210932 63.6890879999999981
196 0.6053242083285002 868.0000000000000000 9.1844232182218963 65.4366080000000068
197 0.6075861268994316 868.0000000000000000 9.2373632870233529 66.4536959999999937
198 0.6089200788771604 868.0000000000000000 9.2688714222156303 66.6839039999999983
199 0.6109500057997912 868.0000000000000000 9.3172331544424569 67.2368960000000015
200 0.6129799327224220 868.0000000000000000 9.3661022029072374 68.9938879999999983
201 0.6151258554692031 914.0000000000000000 9.4183242917420138 70.5825600000000009
202 0.6172717782159842 989.0000000000000000 9.4711319896954080 73.3342080000000038
203 0.6191857093144647 989.0000000000000000 9.5187328662808408 73.5637119999999953
204 0.6209256466767197 999.0000000000000000 9.5624235006119953 74.8689600000000013
205 0.6224915903027491 1029.0000000000000000 9.6020894146566285 76.0853759999999966
206 0.6248115067857557 1029.0000000000000000 9.6614623589426500 81.5234559999999959
207 0.6264934462359355 1029.0000000000000000 9.7049689440993792 82.2036480000000012
208 0.6284653752464912 1031.0000000000000000 9.7564783015922565 82.4939200000000028
209 0.6303793063449716 1031.0000000000000000 9.8069982739683041 82.7966720000000009
210 0.6324092332676023 1035.0000000000000000 9.8611549384663935 83.6752960000000030
211 0.6345551560143835 1035.0000000000000000 9.9190604665926045 83.9332799999999963
212 0.6367010787611646 1035.0000000000000000 9.9776500638569612 84.2746559999999931
213 0.6382670223871940 1035.0000000000000000 10.0208433541766873 85.1037440000000061
214 0.6396009743649229 1035.0000000000000000 10.0579336981010616 85.6010559999999998
215 0.6412829138151026 1035.0000000000000000 10.1050929668552953 86.3732159999999993
216 0.6430808490894327 1035.0000000000000000 10.1559961000974983 87.3170559999999938
217 0.6445887948033870 1035.0000000000000000 10.1990861618798956 87.5978559999999931
218 0.6471407029346944 1041.0000000000000000 10.2728468113083498 90.9060479999999984
219 0.6486486486486487 1041.0000000000000000 10.3169362826015192 91.3764800000000008
220 0.6501565943626030 1041.0000000000000000 10.3614058355437670 91.9572799999999972
221 0.6516065421644821 1041.0000000000000000 10.4045280506076239 93.7842880000000036
222 0.6539264586474887 1051.0000000000000000 10.4742751801575338 94.9565759999999983
223 0.6556083980976685 1051.0000000000000000 10.5254294375210513 97.7574720000000070
224 0.6570583458995476 1051.0000000000000000 10.5699306612548618 100.1626559999999984
225 0.6588562811738777 1116.0000000000000000 10.6256375382522954 104.2029440000000022
226 0.6605382206240575 1158.0000000000000000 10.6782846403553737 107.4815360000000055
227 0.6618721726017863 1158.0000000000000000 10.7204116638078908 109.4197759999999988
228 0.6634961141398910 1162.0000000000000000 10.7721475353326444 112.0896000000000043
229 0.6657000347987473 1170.0000000000000000 10.8431644691186673 115.0748159999999984
230 0.6675559679851525 1196.0000000000000000 10.9036985345429169 120.5907519999999948
231 0.6690639136991068 1291.0000000000000000 10.9533824044865060 125.1663360000000011
232 0.6703978656768357 1291.0000000000000000 10.9977124758050326 125.5447039999999959
233 0.6719058113907900 1301.0000000000000000 11.0482587944140001 126.1670400000000001
234 0.6737617445771952 1327.0000000000000000 11.1111111111111107 128.5097920000000045
235 0.6753856861152998 1327.0000000000000000 11.1666964445238523 130.1428160000000105
236 0.6770096276534044 1336.0000000000000000 11.2228407254444242 131.9683839999999861
237 0.6789815566639601 1336.0000000000000000 11.2917795844625122 135.5485759999999971
238 0.6806634961141399 1336.0000000000000000 11.3512531783508894 136.4502400000000080
239 0.6819974480918687 1336.0000000000000000 11.3988692321721690 145.7863040000000012
240 0.6837373854541237 1336.0000000000000000 11.4615807812213468 147.1085759999999993
241 0.6850133395197773 1336.0000000000000000 11.5080095746639657 147.4022720000000106
242 0.6871592622665584 1336.0000000000000000 11.5869484612532450 148.7710079999999948
243 0.6885512121563624 1336.0000000000000000 11.6387337057728111 156.3729600000000062
244 0.6902331516065422 1404.0000000000000000 11.7019284778131443 160.9025919999999985
245 0.6915671035842710 1404.0000000000000000 11.7525385483264380 161.7308160000000044
246 0.6923210764412481 1404.0000000000000000 11.7813383600377009 161.9295040000000085
247 0.6936550284189770 1404.0000000000000000 11.8326391518364264 162.5481920000000002
248 0.6942930054518037 1444.0000000000000000 11.8573325744640492 164.5312639999999931
249 0.6956849553416077 1594.0000000000000000 11.9115685153421005 175.0835519999999974
250 0.6970189073193365 1594.0000000000000000 11.9640122511485458 177.8362559999999917
251 0.6988168425936666 1594.0000000000000000 12.0354323127286733 187.2196480000000065
252 0.7003247883076209 1625.0000000000000000 12.0959938068511708 189.4414079999999956
253 0.7018907319336504 1640.0000000000000000 12.1595330739299605 200.9421120000000087
254 0.7033986776476047 2348.0000000000000000 12.2213531482205706 245.4277120000000139
255 0.7049066233615590 2348.0000000000000000 12.2838050314465406 245.7870719999999949
256 0.7065305648996636 2348.0000000000000000 12.3517786561264824 246.9737920000000031
257 0.7078065189653172 2354.0000000000000000 12.4057165541881691 248.9055360000000121
258 0.7093724625913467 2354.0000000000000000 12.4725603671921768 251.9869439999999940
259 0.7109384062173761 2360.0000000000000000 12.5401284109149280 253.6184639999999888
260 0.7125623477554808 2371.0000000000000000 12.6109765940274414 257.7031039999999962
261 0.7140702934694351 2371.0000000000000000 12.6774847870182548 272.1525439999999776
262 0.7154042454471639 2375.0000000000000000 12.7369064601589574 273.0398720000000026
263 0.7166222016007424 2375.0000000000000000 12.7916496111338525 284.4710079999999834
264 0.7176661640180954 2379.0000000000000000 12.8389482333607230 285.0540799999999990
265 0.7187681243475235 2477.0000000000000000 12.8892555166013612 293.8239360000000033
266 0.7203340679735529 2574.0000000000000000 12.9614267938614685 305.9094400000000178
267 0.7219000115995824 2604.0000000000000000 13.0344108446298232 310.7474879999999757
268 0.7231759656652360 2617.0000000000000000 13.0944898386758855 312.8172799999999825
269 0.7249739009395662 2617.0000000000000000 13.1800927878532264 330.1277440000000070
270 0.7265978424776708 2686.0000000000000000 13.2583792957148923 339.9854720000000157
271 0.7278737965433244 2686.0000000000000000 13.3205456095481676 343.6939840000000004
272 0.7292077485210532 2717.0000000000000000 13.3861640608267294 350.9938880000000268
273 0.7307736921470827 2717.0000000000000000 13.4640241275312373 359.4455679999999802
274 0.7319916483006612 2717.0000000000000000 13.5252109932914948 383.5439680000000067
275 0.7336735877508410 2731.0000000000000000 13.6106271777003478 387.8383999999999787
276 0.7347175501681940 2798.0000000000000000 13.6641888937472675 396.6332479999999805
277 0.7361095000579979 3146.0000000000000000 13.7362637362637354 442.8845759999999814
278 0.7379654332444032 3164.0000000000000000 13.8335546702080574 448.4041280000000143
279 0.7391253914859065 3164.0000000000000000 13.8950644730991559 448.9043199999999842
280 0.7405173413757105 3174.0000000000000000 13.9696021457308888 450.7208319999999730
281 0.7419672891775896 3174.0000000000000000 14.0481006967857951 458.1205439999999953
282 0.7433012411553184 3227.0000000000000000 14.1211025756891093 481.0440320000000156
283 0.7446351931330472 3233.0000000000000000 14.1948671360436069 485.9837120000000255
284 0.7459691451107761 3233.0000000000000000 14.2694063926940640 488.1467519999999922
285 0.7473610950005800 3248.0000000000000000 14.3480257116620749 492.1643520000000080
286 0.7485210532420833 3340.0000000000000000 14.4142066420664214 504.0013759999999934
287 0.7499710010439624 5278.0000000000000000 14.4977963349570871 721.1457920000000286
288 0.7511889571975409 5278.0000000000000000 14.5687645687645695 737.8763519999999971
289 0.7524649112631945 5282.0000000000000000 14.6438612933458288 741.6514560000000529
290 0.7535668715926227 5308.0000000000000000 14.7093433749117448 749.2993599999999788
291 0.7543788423616750 5308.0000000000000000 14.7579693034238488 750.8478400000000192
292 0.7558287901635541 5312.0000000000000000 14.8456057007125892 757.4661119999999528
293 0.7571627421412829 5344.0000000000000000 14.9271554812514928 764.1594239999999445
294 0.7588446815914627 5398.0000000000000000 15.0312650312650309 805.8369920000000093
295 0.7599466419208909 5425.0000000000000000 15.1002657646774576 811.1195199999999659
296 0.7612805938986197 5509.0000000000000000 15.1846452866861021 827.4310719999999719
297 0.7622665584038975 5509.0000000000000000 15.2476213710661135 835.1124160000000529
298 0.7636585082937014 7055.0000000000000000 15.3374233128834359 1108.6708160000000589
299 0.7652244519197309 7180.0000000000000000 15.4397233201581034 1142.3882880000001023
300 0.7663844101612342 7180.0000000000000000 15.5163853028798417 1286.8237440000000333
301 0.7671383830182114 7235.0000000000000000 15.5666251556662516 1300.8749439999999140
302 0.7684143370838650 7239.0000000000000000 15.6523916854495369 1303.8850239999999303
303 0.7694003015891427 7245.0000000000000000 15.7193158953722332 1309.0801599999999780
304 0.7706182577427213 7323.0000000000000000 15.8027812895069530 1334.6258239999999660
305 0.7716622201600742 11720.0000000000000000 15.8750317500635010 2370.5592959999999039
306 0.7725901867532768 11769.0000000000000000 15.9398112726345325 2389.9190720000001420
307 0.7738661408189306 12844.0000000000000000 16.0297512182610937 2809.8582400000000234
308 0.7753160886208097 13188.0000000000000000 16.1331956633970073 2962.7047680000000582
309 0.7761860573019371 13346.0000000000000000 16.1959056750453492 3031.2444799999998395
310 0.7774620113675907 13378.0000000000000000 16.2887672660933021 3054.7590399999999136
311 0.7785639716970189 13420.0000000000000000 16.3698271346254600 3073.5615680000000793
312 0.7794919382902216 13420.0000000000000000 16.4387164650184125 3074.7237119999999777
313 0.7805938986196497 13560.0000000000000000 16.5212794078773477 3150.2328000000002248
314 0.7814638673007772 13753.0000000000000000 16.5870488322717620 3248.2751360000002023
315 0.7825078297181302 13770.0000000000000000 16.6666666666666679 3276.2317119999997885
316 0.7836677879596334 13786.0000000000000000 16.7560321715817686 3283.4595519999998032
317 0.7845957545528361 13853.0000000000000000 16.8282175551965523 3314.2360960000000887
318 0.7859297065305649 17223.0000000000000000 16.9330804659983727 4810.4203200000001743
319 0.7874956501565944 17386.0000000000000000 17.0578602620087345 4900.9911359999996421
320 0.7884816146618722 17400.0000000000000000 17.1373731834384415 4909.2356159999999363
321 0.7895255770792251 18150.0000000000000000 17.2223753100027572 5328.9276159999999436
322 0.7905695394965782 18452.0000000000000000 17.3082248684574900 5505.2889279999999417
323 0.7918454935622318 18508.0000000000000000 17.4143215380328797 5539.6245760000001610
324 0.7928894559795847 18679.0000000000000000 17.5021002520302424 5641.5041279999995822
325 0.7938174225727874 19033.0000000000000000 17.5808720112517598 5854.6702079999995476
326 0.7945713954297645 19037.0000000000000000 17.6453980801806871 5857.6198080000003756
327 0.7954993620229672 19043.0000000000000000 17.7254679523539416 5862.1803840000002310
328 0.7967753160886208 19086.0000000000000000 17.8367579908675786 5888.7312640000000101
329 0.7977032826818234 19126.0000000000000000 17.9185779816513744 5913.4248319999996966
330 0.7989212388354019 19555.0000000000000000 18.0271127776175355 6176.9206400000002759
331 0.7999652012527549 20242.0000000000000000 18.1211945491446791 6611.1705599999995684
332 0.8011831574063334 20270.0000000000000000 18.2322053675612601 6630.9349119999997129
333 0.8018791323512353 20270.0000000000000000 18.2962529274004702 6631.8118080000003829
334 0.8029810926806635 21074.0000000000000000 18.3985869885192805 7159.9131840000000011
335 0.8040830530100916 21327.0000000000000000 18.5020722320899935 7331.5161600000001272
336 0.8051850133395198 21464.0000000000000000 18.6067281929145594 7425.4309759999996459
337 0.8060549820206473 21708.0000000000000000 18.6901913875598069 7593.7852800000000570
338 0.8073309360863009 22025.0000000000000000 18.8139674894641793 7815.4939839999997275
339 0.8083169005915787 22717.0000000000000000 18.9107413010590015 8306.4035199999998440
340 0.8095928546572323 22943.0000000000000000 19.0374657325616816 8471.2538879999992787
341 0.8105208212504350 23053.0000000000000000 19.1307009488827653 8552.2319680000000517
342 0.8115067857557128 23394.0000000000000000 19.2307692307692299 8805.5145919999995385
343 0.8125507481730657 23877.0000000000000000 19.3378712871287135 9168.5099840000002587
344 0.8134787147662684 23976.0000000000000000 19.4340796019900495 9244.4687680000006367
345 0.8144066813594710 24882.0000000000000000 19.5312500000000000 9946.1855680000007851
346 0.8152766500405986 24902.0000000000000000 19.6232339089481940 9963.5327039999992849
347 0.8163786103700267 25064.0000000000000000 19.7409981048641825 10093.0422400000006746
348 0.8172485790511541 25127.0000000000000000 19.8349730244366853 10144.2109120000004623
349 0.8183505393805823 25228.0000000000000000 19.9553001277139224 10225.7307839999994030
350 0.8195104976220856 25870.0000000000000000 20.0835475578406175 10748.3997440000002825
351 0.8203224683911379 25909.0000000000000000 20.1743060038734683 10780.9976000000006024
352 0.8214244287205661 26205.0000000000000000 20.2987983111399792 11027.6921920000004320
353 0.8225263890499942 26420.0000000000000000 20.4248366013071880 11210.3301439999995637
354 0.8234543556431968 26448.0000000000000000 20.5321944809461243 11234.7550719999999274
355 0.8243823222363995 26547.0000000000000000 20.6406869220607661 11318.7921920000007958
356 0.8251942930054518 26556.0000000000000000 20.7365627073656285 11326.8059200000006967
357 0.8261222595986545 26629.0000000000000000 20.8472314876584406 11388.9232319999991887
358 0.8271662220160074 26951.0000000000000000 20.9731543624161070 11665.1814080000003742
359 0.8279781927850597 27217.0000000000000000 21.0721510451786926 11895.4532799999997223
360 0.8287901635541121 27293.0000000000000000 21.1720867208672097 11961.7463360000001558
361 0.8294281405869389 27417.0000000000000000 21.2512750765045908 12070.2597760000007838
362 0.8308200904767429 28383.0000000000000000 21.4261227288309897 12927.9677439999995840
363 0.8313420716854193 28400.0000000000000000 21.4924346629986260 12943.6179200000005949
364 0.8320960445423965 28560.0000000000000000 21.5889464594127816 13089.1749760000002425
365 0.8326180257510729 28570.0000000000000000 21.6562716562716560 13098.4669439999997849
366 0.8336619881684260 28811.0000000000000000 21.7921896792189678 13319.4151679999995395
367 0.8345319568495534 29520.0000000000000000 21.9067648089730120 13978.4916159999993397
368 0.8353439276186058 29543.0000000000000000 22.0147939415287084 14000.3118720000002213
369 0.8360979004755829 30009.0000000000000000 22.1160651096956826 14442.7676479999990988
370 0.8370838649808607 30399.0000000000000000 22.2499110003559970 14819.0480640000005224
371 0.8381278273982137 30512.0000000000000000 22.3934073808670711 14929.5391679999993357
372 0.8387078065189654 30976.0000000000000000 22.4739302409205308 15384.8425920000008773
373 0.8396357731121680 31042.0000000000000000 22.6039783001808310 15450.3677759999991395
374 0.8404477438812202 31083.0000000000000000 22.7190112686295898 15491.1456959999995888
375 0.8416657000347988 31228.0000000000000000 22.8937728937728942 15636.0057919999999285
376 0.8424196728917759 31301.0000000000000000 23.0033124769966868 15709.0194240000000718
377 0.8430576499246027 31382.0000000000000000 23.0968218773096829 15790.2312320000000909
378 0.8441596102540309 31532.0000000000000000 23.2601414216598421 15941.6521599999996397
379 0.8452615705834590 32217.0000000000000000 23.4257871064467764 16637.4435520000006363
380 0.8460155434404362 32333.0000000000000000 23.5404896421845571 16757.2210559999984980
381 0.8471175037698643 32549.0000000000000000 23.7101669195751121 16981.3700160000007600
382 0.8479294745389166 32583.0000000000000000 23.8367658276125098 17016.8996799999986251
383 0.8484514557475931 32616.0000000000000000 23.9188672024492917 17051.4507200000007288
384 0.8490894327804199 32883.0000000000000000 24.0199846272098370 17330.3202879999989818
385 0.8495534160770212 33004.0000000000000000 24.0940632228218981 17457.7699519999987388
386 0.8504233847581487 33059.0000000000000000 24.2341993020550603 17515.9183679999987362
387 0.8508873680547501 33296.0000000000000000 24.3096071567483456 17766.8045439999987138
388 0.8513513513513513 33625.0000000000000000 24.3854857588763174 18118.6150080000006710
389 0.8519313304721030 33720.0000000000000000 24.4810027418723060 18220.9602559999984805
390 0.8526273054170049 33848.0000000000000000 24.5966155057064135 18359.3199039999999513
391 0.8535552720102076 33925.0000000000000000 24.7524752475247531 18442.8864959999991697
392 0.8544832386034102 34014.0000000000000000 24.9103228377839763 18539.6695040000013250
393 0.8551792135483123 34227.0000000000000000 25.0300360432519007 18772.0608319999992091
394 0.8558171905811390 34275.0000000000000000 25.1407884151246996 18824.9973439999994298
395 0.8563391717898156 34360.0000000000000000 25.2321356479612433 18918.3668480000014824
396 0.8569191509105673 34410.0000000000000000 25.3344142683421154 18973.5873920000012731
397 0.8572671383830182 34505.0000000000000000 25.3961804144656647 19078.2556799999983923
398 0.8579631133279202 34531.0000000000000000 25.5206206614944868 19107.2811839999994845
399 0.8585430924486719 34578.0000000000000000 25.6252562525625258 19159.5055360000005749
400 0.8588910799211228 34652.0000000000000000 25.6884504726674869 19241.4775999999983469
401 0.8594710590418745 34671.0000000000000000 25.7944696657036729 19262.6079680000002554
402 0.8599350423384758 34689.0000000000000000 25.8799171842650111 19282.6599999999998545
403 0.8603410277230019 34780.0000000000000000 25.9551495016611291 19383.7000960000004852
404 0.8610950005799791 34871.0000000000000000 26.0960334029227567 19485.0691200000001118
405 0.8619069713490314 35091.0000000000000000 26.2494750104997898 19731.7203520000002754
406 0.8626029462939334 35292.0000000000000000 26.3824398480371478 19958.1721599999982573
407 0.8631249275026099 35802.0000000000000000 26.4830508474576263 20535.8626560000011523
408 0.8636469087112864 35880.0000000000000000 26.5844321565291359 20625.2868159999998170
409 0.8643428836561884 35941.0000000000000000 26.7208208636169289 20695.3716800000001967
410 0.8648648648648649 35997.0000000000000000 26.8240343347639474 20759.8227839999999560
411 0.8653868460735413 36011.0000000000000000 26.9280482550624747 20776.3423040000016044
412 0.8661408189305185 36034.0000000000000000 27.0797227036395149 20802.8816640000004554
413 0.8667207980512701 36416.0000000000000000 27.1975630983463894 21244.1200319999989006
414 0.8674167729961721 36755.0000000000000000 27.3403324584426954 21640.2295679999988351
415 0.8679387542048487 36784.0000000000000000 27.4483970136144038 21674.3529280000002473
416 0.8688667207980513 36942.0000000000000000 27.6426360017691302 21860.6559359999992012
417 0.8697366894791787 37061.0000000000000000 27.8272484416740866 22001.5996479999994335
418 0.8705486602482311 37547.0000000000000000 28.0017921146953412 22580.5412160000014410
419 0.8712446351931330 37716.0000000000000000 28.1531531531531520 22783.9493440000005648
420 0.8718246143138847 37730.0000000000000000 28.2805429864253384 22801.2451519999995071
421 0.8725785871708619 37845.0000000000000000 28.4478834774692757 22940.3009920000004058
422 0.8728685767312376 38041.0000000000000000 28.5127737226277382 23177.8239040000007662
423 0.8732165642036886 38104.0000000000000000 28.5910338517840792 23254.5461119999999937
424 0.8737965433244403 38202.0000000000000000 28.7224264705882355 23374.1885120000006282
425 0.8740865328848162 38224.0000000000000000 28.7885766927683093 23401.0889280000010331
426 0.8746085140934926 38251.0000000000000000 28.9084181313598521 23434.1765440000017406
427 0.8753044890383946 38465.0000000000000000 29.0697674418604635 23697.1141759999991336
428 0.8757104744229208 38475.0000000000000000 29.1647223518432099 23709.4486399999987043
429 0.8764064493678227 38581.0000000000000000 29.3289535429375867 23840.1026239999991958
430 0.8769864284885744 38619.0000000000000000 29.4672324375294679 23889.2545280000013008
431 0.8777404013455515 38637.0000000000000000 29.6489563567362424 23911.6155519999992975
432 0.8784943742025287 38841.0000000000000000 29.8329355608591875 24164.3402559999994992
433 0.8794223407957313 38980.0000000000000000 30.0625300625300618 24337.3036800000008952
434 0.8800603178285582 39083.0000000000000000 30.2224371373307541 24466.3339200000009441
435 0.8805243011251594 39354.0000000000000000 30.3398058252427170 24805.6159359999983280
436 0.8810462823338360 39421.0000000000000000 30.4729400292540227 24890.1681280000011611
437 0.8818002551908132 39589.0000000000000000 30.6673209028459262 25102.8688640000000305
438 0.8824382322236399 39788.0000000000000000 30.8337444499259981 25355.4532480000016221
439 0.8827282217840158 39790.0000000000000000 30.9099901088031643 25358.0266880000017409
440 0.8833082009047675 39907.0000000000000000 31.0636182902584501 25507.1460799999986193
441 0.8837721842013687 40742.0000000000000000 31.1876247504990012 26578.9364800000003015
442 0.8844681591462707 40929.0000000000000000 31.3755020080321287 26823.2801279999985127
443 0.8851061361790975 40993.0000000000000000 31.5497223624432088 26907.3610880000014731
444 0.8855701194756989 41192.0000000000000000 31.6776482513938156 27168.8973440000008850
445 0.8862080965085257 41227.0000000000000000 31.8552497451580017 27215.2399039999982051
446 0.8867880756292773 41600.0000000000000000 32.0184426229508219 27707.9041920000017853
447 0.8873680547500290 41674.0000000000000000 32.1833161688980454 27807.0094720000015514
448 0.8879480338707807 41847.0000000000000000 32.3498964803312603 28038.4609280000004219
449 0.8882380234311564 41866.0000000000000000 32.4338349766476384 28063.9592640000009851
450 0.8887020067277578 42011.0000000000000000 32.5690463783220423 28258.5345280000001367
451 0.8892239879364343 42090.0000000000000000 32.7225130890052327 28364.8726080000014917
452 0.8895719754088853 42315.0000000000000000 32.8256302521008436 28668.2726079999993090
453 0.8900359587054866 42356.0000000000000000 32.9641350210970430 28723.8332159999990836
454 0.8906739357383134 42948.0000000000000000 33.1564986737400531 29527.4250560000000405
455 0.8912539148590650 42982.0000000000000000 33.3333333333333357 29574.6320640000012645
456 0.8917758960677415 42999.0000000000000000 33.4941050375133997 29598.1585279999999329
457 0.8924138731005684 43129.0000000000000000 33.6927223719676547 29777.2152639999985695
458 0.8928778563971697 43225.0000000000000000 33.8386572820790477 29909.7904640000015206
459 0.8931678459575455 43225.0000000000000000 33.9305103148751357 29914.6071679999986372
460 0.8935738313420717 43254.0000000000000000 34.0599455040871959 29954.9273280000015802
461 0.8940378146386730 43296.0000000000000000 34.2090859332238608 30013.0909119999996619
462 0.8945017979352743 43461.0000000000000000 34.3595382078064873 30241.7796799999996438
463 0.8950817770560260 43511.0000000000000000 34.5494748479823102 30311.3604799999993702
464 0.8956037582647025 43557.0000000000000000 34.7222222222222214 30375.5450239999991027
465 0.8962417352975293 43649.0000000000000000 34.9357182783678013 30503.8772800000006100
466 0.8967057185941306 43987.0000000000000000 35.0926445816956800 30976.8159359999990556
467 0.8972856977148823 44129.0000000000000000 35.2907961603613742 31176.8652159999983269
468 0.8977496810114836 44181.0000000000000000 35.4509359047078831 31250.3306559999982710
469 0.8980976684839346 44287.0000000000000000 35.5719977233921441 31400.2801919999983511
470 0.8981556663960097 44293.0000000000000000 35.5922551252847370 31408.7832960000014282
471 0.8988516413409118 44456.0000000000000000 35.8371559633027488 31640.1139519999996992
472 0.8991996288133627 44491.0000000000000000 35.9608745684695066 31689.9118400000006659
473 0.8996636121099640 44547.0000000000000000 36.1271676300578051 31769.6792959999984305
474 0.9000695974944902 44586.0000000000000000 36.2739408009286137 31825.2937280000005558
475 0.9004755828790163 44600.0000000000000000 36.4219114219114246 31845.3767999999981839
476 0.9012875536480687 44751.0000000000000000 36.7215041128084607 32061.1879999999982829
477 0.9018675327688204 44818.0000000000000000 36.9385342789598141 32157.1996160000016971
478 0.9023315160654216 44879.0000000000000000 37.1140142517814695 32244.7186560000009194
479 0.9027954993620230 44998.0000000000000000 37.2911694510739835 32415.7312319999982719
480 0.9030274910103236 45132.0000000000000000 37.3803827751196138 32608.7149759999992966
481 0.9037234659552256 45274.0000000000000000 37.6506024096385516 32814.1117759999979171
482 0.9041294513397518 45360.0000000000000000 37.8100423472474318 32938.9931199999991804
483 0.9046514325484283 46221.0000000000000000 38.0170316301703153 34190.1076800000009825
484 0.9051734137571047 46262.0000000000000000 38.2262996941895992 34250.7759999999980209
485 0.9054054054054054 46266.0000000000000000 38.3200490496627850 34256.7024000000019441
486 0.9057533928778564 46295.0000000000000000 38.4615384615384599 34299.6519039999984670
487 0.9062753740865329 46465.0000000000000000 38.6757425742574270 34551.7830719999983557
488 0.9067393573831342 46579.0000000000000000 38.8681592039800989 34721.4415999999982887
489 0.9072033406797355 46712.0000000000000000 39.0625000000000000 34919.8271040000036010
490 0.9076673239763369 46738.0000000000000000 39.2587939698492434 34958.7013440000009723
491 0.9080153114487879 46771.0000000000000000 39.4073139974779352 35008.0707519999996293
492 0.9081893051850133 46783.0000000000000000 39.4819962097283650 35026.0326080000013462
493 0.9085372926574643 46812.0000000000000000 39.6322130627774243 35069.4759039999989909
494 0.9086532884816146 46863.0000000000000000 39.6825396825396837 35145.8749440000028699
495 0.9091172717782160 46944.0000000000000000 39.8851308232290975 35267.4189760000008391
496 0.9095812550748174 47072.0000000000000000 40.0898011545862758 35459.8441919999968377
497 0.9098132467231179 47092.0000000000000000 40.1929260450160797 35489.9750080000012531
498 0.9102772300197193 47200.0000000000000000 40.4007756948933405 35652.8035840000011376
499 0.9105672195800951 47402.0000000000000000 40.5317769130998684 35958.0687360000010813
500 0.9113211924370722 47453.0000000000000000 40.8763897972531041 36035.5024639999974170
501 0.9120171673819742 47576.0000000000000000 41.1997363216875385 36222.5662079999965499
502 0.9123071569423501 47614.0000000000000000 41.3359788359788354 36280.4353919999994105
503 0.9128291381510265 47684.0000000000000000 41.5834996673319992 36387.1588160000028438
504 0.9131771256234775 47719.0000000000000000 41.7501670006680001 36440.5784639999983483
505 0.9135251130959285 47774.0000000000000000 41.9181757209926218 36524.6046720000013011
506 0.9140470943046051 47927.0000000000000000 42.1727395411605954 36758.7628800000020419
507 0.9142790859529057 47935.0000000000000000 42.2868741542625202 36771.0712320000020554
508 0.9146270734253567 47954.0000000000000000 42.4592391304347814 36800.2306240000034450
509 0.9150330588098828 48033.0000000000000000 42.6621160409556310 36921.5254720000011730
510 0.9153810462823339 48111.0000000000000000 42.8375599725839606 37041.4877439999982016
511 0.9159030274910103 48161.0000000000000000 43.1034482758620712 37118.5062719999987166
512 0.9161930170513861 48237.0000000000000000 43.2525951557093435 37235.6938240000017686
513 0.9165990024359123 48298.0000000000000000 43.4631432545201690 37329.9318399999974645
514 0.9169469899083633 48418.0000000000000000 43.6452513966480424 37515.4935679999980493
515 0.9172949773808143 48442.0000000000000000 43.8288920056101006 37552.6919679999991786
516 0.9175269690291149 48476.0000000000000000 43.9521800281293977 37605.4085760000016307
517 0.9179329544136411 48544.0000000000000000 44.1696113074204959 37710.9210880000027828
518 0.9183389397981673 48613.0000000000000000 44.3892045454545467 37818.1845759999996517
519 0.9186289293585431 48631.0000000000000000 44.5473984319315761 37846.1985280000008061
520 0.9190349147430692 48718.0000000000000000 44.7707736389684783 37981.6800959999964107
521 0.9192089084792947 48736.0000000000000000 44.8671931083991353 38009.7747519999975339
522 0.9193829022155202 48800.0000000000000000 44.9640287769784166 38109.6084479999990435
523 0.9196148938638209 48869.0000000000000000 45.0937950937950944 38217.3936000000030617
524 0.9198468855121216 48900.0000000000000000 45.2243125904486263 38265.8992960000032326
525 0.9205428604570235 49018.0000000000000000 45.6204379562043769 38450.7457599999979720
526 0.9209488458415497 49040.0000000000000000 45.8547322083639060 38485.3044799999988754
527 0.9212388354019255 49071.0000000000000000 46.0235640648011781 38533.9754560000001220
528 0.9213548312260759 49079.0000000000000000 46.0914454277286154 38546.5400000000008731
529 0.9217028186985269 49192.0000000000000000 46.2962962962962976 38724.1558720000030007
530 0.9221668019951281 49214.0000000000000000 46.5722801788375591 38758.8182079999969574
531 0.9222247999072033 49218.0000000000000000 46.6070096942580179 38765.1175999999977648
532 0.9223407957313536 49222.0000000000000000 46.6766243465272623 38771.4194239999997080
533 0.9227467811158798 49234.0000000000000000 46.9219219219219212 38790.4276800000006915
534 0.9231527665004060 49458.0000000000000000 47.1698113207547181 39143.6173760000019684
535 0.9233847581487067 49470.0000000000000000 47.3126419379258110 39162.6157119999988936
536 0.9237327456211576 49513.0000000000000000 47.5285171102661579 39230.7093440000026021
537 0.9240227351815334 49548.0000000000000000 47.7099236641221367 39286.1765119999981835
538 0.9243127247419093 49631.0000000000000000 47.8927203065134108 39417.8521279999986291
539 0.9247187101264355 49672.0000000000000000 48.1510015408320484 39482.9946239999990212
540 0.9251246955109617 49741.0000000000000000 48.4120836560805543 39592.7810880000033649
541 0.9254146850713374 49836.0000000000000000 48.6003110419906719 39744.0974080000014510
542 0.9257626725437884 49926.0000000000000000 48.8281250000000000 39887.6971199999970850
543 0.9261106600162394 49970.0000000000000000 49.0580847723704849 39958.1668480000007548
544 0.9263426516645401 50034.0000000000000000 49.2125984251968518 40060.5137279999980819
545 0.9267486370490662 50121.0000000000000000 49.4853523357086331 40199.8773759999967297
546 0.9271546224335924 50289.0000000000000000 49.7611464968152859 40469.6278079999974580
547 0.9275606078181186 50293.0000000000000000 50.0400320256204978 40476.0917439999975613
548 0.9279665932026447 50305.0000000000000000 50.3220611916264104 40495.4201279999979306
549 0.9281405869388702 50319.0000000000000000 50.4439063761097657 40517.9693760000009206
550 0.9284885744113212 50375.0000000000000000 50.6893755068937537 40608.1755520000006072
551 0.9290105556199977 50421.0000000000000000 51.0620915032679719 40682.3560960000031628
552 0.9293005451803735 50450.0000000000000000 51.2715340442986047 40729.1613759999963804
553 0.9296485326528245 50484.0000000000000000 51.5251442704039562 40784.1200000000026193
554 0.9297645284769749 50509.0000000000000000 51.6102394715111501 40824.5108479999980773
555 0.9299965201252754 50570.0000000000000000 51.7812758906379429 40923.1275200000018231
556 0.9303445075977265 50670.0000000000000000 52.0399666944213166 41085.0830080000014277
557 0.9306344971581023 50712.0000000000000000 52.2575250836120375 41153.2072320000006584
558 0.9308084908943278 50734.0000000000000000 52.3889354568315184 41188.9384320000026491
559 0.9309244867184782 50734.0000000000000000 52.4769101595298082 41188.9455999999991036
560 0.9312724741909292 50946.0000000000000000 52.7426160337552759 41533.5944640000016079
561 0.9316784595754553 51014.0000000000000000 53.0560271646859078 41644.4972479999996722
562 0.9317944553996056 51043.0000000000000000 53.1462585034013628 41692.1092799999969429
563 0.9323164366082821 51169.0000000000000000 53.5561268209083110 41898.0970240000024205
564 0.9326064261686580 51173.0000000000000000 53.7865748709122187 41904.6501120000029914
565 0.9328384178169586 51218.0000000000000000 53.9723661485319539 41978.3559999999997672
566 0.9331284073773344 51336.0000000000000000 54.2064180398959223 42171.8916479999970761
567 0.9333024011135599 51375.0000000000000000 54.3478260869565233 42235.9722879999972065
568 0.9335343927618606 51450.0000000000000000 54.5375218150087235 42359.3180480000009993
569 0.9338243823222364 51464.0000000000000000 54.7765118317265589 42382.3981760000024224
570 0.9341723697946874 51507.0000000000000000 55.0660792951541822 42453.2395840000026510
571 0.9342303677067626 51513.0000000000000000 55.1146384479717781 42463.1289279999982682
572 0.9344623593550632 51557.0000000000000000 55.3097345132743357 42535.6742079999967245
573 0.9348683447395894 51606.0000000000000000 55.6544968833481732 42616.5413760000010370
574 0.9350423384758149 51610.0000000000000000 55.8035714285714306 42623.1540479999966919
575 0.9353323280361907 51643.0000000000000000 56.0538116591928244 42677.6668799999970361
576 0.9356803155086417 51688.0000000000000000 56.3570784490531977 42752.0755199999985052
577 0.9360283029810926 51726.0000000000000000 56.6636446056210303 42814.9466880000036326
578 0.9362022967173181 51765.0000000000000000 56.8181818181818201 42879.5102719999995315
579 0.9365502841897692 51850.0000000000000000 57.1297989031078615 43020.4070399999982328
580 0.9368402737501450 51872.0000000000000000 57.3921028466482994 43056.9146879999971134
581 0.9373042570467464 52053.0000000000000000 57.8168362627197041 43357.7394879999992554
582 0.9374782507829719 52065.0000000000000000 57.9777365491651224 43377.7297600000019884
583 0.9376522445191973 52103.0000000000000000 58.1395348837209269 43441.0505279999997583
584 0.9378262382554228 52123.0000000000000000 58.3022388059701484 43474.3993919999993523
585 0.9380002319916483 52131.0000000000000000 58.4658559401309645 43487.8449919999984559
586 0.9381742257278738 52135.0000000000000000 58.6303939962476548 43494.5186560000001919
587 0.9385222132003248 52154.0000000000000000 58.9622641509433976 43526.2495679999992717
588 0.9386962069365503 52178.0000000000000000 59.1296121097445635 43566.3090880000017933
589 0.9392761860573019 52227.0000000000000000 59.6943648519579781 43648.1698879999967176
590 0.9394501797935274 52235.0000000000000000 59.8659003831417635 43661.5435839999991003
591 0.9396821714418281 52345.0000000000000000 60.0961538461538467 43845.4477760000008857
592 0.9398561651780536 52363.0000000000000000 60.2700096432015400 43875.6010559999995166
593 0.9399721610022039 52380.0000000000000000 60.3864734299516925 43904.0867839999991702
594 0.9400881568263543 52401.0000000000000000 60.5033881897386223 43939.2883199999996577
595 0.9401461547384294 52423.0000000000000000 60.5620155038759691 43976.1786240000001271
596 0.9402041526505046 52423.0000000000000000 60.6207565470417080 43976.1888640000033774
597 0.9404361442988053 52472.0000000000000000 60.8568646543330090 44058.4037440000029164
598 0.9405521401229556 52478.0000000000000000 60.9756097560975618 44068.4825280000004568
599 0.9406681359471059 52486.0000000000000000 61.0948191593352874 44081.9174080000011600
600 0.9407841317712562 52544.0000000000000000 61.2144955925563181 44179.3383360000007087
601 0.9409581255074817 52604.0000000000000000 61.3948919449901780 44280.2593919999999343
602 0.9412481150678575 52640.0000000000000000 61.6979269496544944 44340.8766400000022259
603 0.9416541004523837 52714.0000000000000000 62.1272365805169002 44465.5985280000022613
604 0.9417120983644589 52810.0000000000000000 62.1890547263681626 44627.5359360000002198
605 0.9417700962765341 52810.0000000000000000 62.2509960159362521 44627.5369599999976344
606 0.9419440900127596 52820.0000000000000000 62.4375624375624341 44644.4371840000021621
607 0.9421180837489851 52851.0000000000000000 62.6252505010020073 44696.8421119999984512
608 0.9422920774852105 52871.0000000000000000 62.8140703517587937 44730.6703360000028624
609 0.9425240691335112 52883.0000000000000000 63.0676084762865798 44750.9818240000022342
610 0.9429880524301125 52937.0000000000000000 63.5808748728382511 44842.4079360000032466
611 0.9432780419904884 52965.0000000000000000 63.9059304703476485 44889.8498239999971702
612 0.9435100336387890 52979.0000000000000000 64.1683778234086191 44913.5804480000006151
613 0.9436260294629394 53049.0000000000000000 64.3004115226337518 45032.2537920000031590
614 0.9438580211112400 53076.0000000000000000 64.5661157024793368 45078.1050879999966128
615 0.9439740169353903 53086.0000000000000000 64.6997929606625206 45095.0899199999985285
616 0.9442060085836910 53104.0000000000000000 64.9688149688149679 45125.6764160000020638
617 0.9443220044078413 53106.0000000000000000 65.1041666666666714 45129.0773760000010952
618 0.9445539960561420 53181.0000000000000000 65.3765690376569069 45256.5610240000023623
619 0.9447859877044427 53205.0000000000000000 65.6512605042016872 45297.4100479999979143
620 0.9450759772648185 53240.0000000000000000 65.9978880675818402 45357.0147520000027725
621 0.9453079689131191 53248.0000000000000000 66.2778366914103856 45370.6517440000025090
622 0.9453659668251942 53252.0000000000000000 66.3481953290870479 45377.4674880000020494
623 0.9454239647372694 53271.0000000000000000 66.4187035069075478 45409.8447040000028210
624 0.9455979584734949 53360.0000000000000000 66.6311300639658839 45561.5865600000033737
625 0.9456559563855701 53374.0000000000000000 66.7022411953041683 45585.4918400000024121
626 0.9457719522097204 53403.0000000000000000 66.8449197860962556 45635.0273279999964871
627 0.9459459459459459 53428.0000000000000000 67.0600858369098773 45677.7558720000015455
628 0.9461199396821715 53515.0000000000000000 67.2766415500538244 45826.5443519999971613
629 0.9462939334183970 53521.0000000000000000 67.4946004319654378 45836.8229439999995520
630 0.9462939334183970 53521.0000000000000000 67.4946004319654378 45836.8229439999995520
631 0.9466419208908480 53543.0000000000000000 67.9347826086956559 45874.5113280000005034
632 0.9468159146270734 53588.0000000000000000 68.1570338058887728 45951.6332160000019940
633 0.9470479062753741 53602.0000000000000000 68.4556407447973783 45975.6429439999992610
634 0.9473378958357499 53951.0000000000000000 68.8325991189427242 46574.9664320000010775
635 0.9475698874840506 53969.0000000000000000 69.1371681415929231 46606.0460479999965173
636 0.9475698874840506 53969.0000000000000000 69.1371681415929231 46606.0460479999965173
637 0.9476278853961257 53985.0000000000000000 69.2137320044296729 46633.6781760000012582
638 0.9478018791323513 54013.0000000000000000 69.4444444444444429 46682.0650559999994584
639 0.9479178749565016 54017.0000000000000000 69.5991091314031110 46688.9798720000035246
640 0.9482078645168774 54027.0000000000000000 69.9888017917133283 46706.2774080000017420
641 0.9484398561651780 54072.0000000000000000 70.3037120359955026 46784.2227520000014920
642 0.9486138499014035 54086.0000000000000000 70.5417607223476324 46808.4490559999976540
643 0.9487298457255539 54099.0000000000000000 70.7013574660633424 46830.9682879999963916
644 0.9487298457255539 54099.0000000000000000 70.7013574660633424 46830.9682879999963916
645 0.9489618373738545 54136.0000000000000000 71.0227272727272663 46895.0357759999969858
646 0.9490198352859297 54140.0000000000000000 71.1035267349260494 46901.9651840000005905
647 0.9491938290221552 54188.0000000000000000 71.3470319634703145 46985.1407360000011977
648 0.9493098248463055 54210.0000000000000000 71.5102974828375295 47023.2901120000024093
649 0.9494838185825311 54262.0000000000000000 71.7566016073478750 47113.5174400000032620
650 0.9497158102308317 54308.0000000000000000 72.0876585928489106 47193.4143039999980829
651 0.9497738081429069 54310.0000000000000000 72.1709006928406467 47196.8900159999975585
652 0.9499478018791323 54316.0000000000000000 72.4217844727694029 47207.3184320000000298
653 0.9501217956153578 54322.0000000000000000 72.6744186046511658 47217.7476160000005621
654 0.9501797935274330 54334.0000000000000000 72.7590221187427204 47238.6072639999983949
655 0.9504117851757337 54447.0000000000000000 73.0994152046783654 47435.1822400000019115
656 0.9506437768240343 54475.0000000000000000 73.4430082256169214 47483.9725120000002789
657 0.9507597726481847 54487.0000000000000000 73.6160188457008218 47504.8919359999999870
658 0.9509337663844102 54504.0000000000000000 73.8770685579196282 47534.5352320000019972
659 0.9509337663844102 54504.0000000000000000 73.8770685579196282 47534.5352320000019972
660 0.9510497622085605 54532.0000000000000000 74.0521327014217974 47583.3738880000018980
661 0.9512237559447860 54545.0000000000000000 74.3162901307966735 47606.0609919999988051
662 0.9515717434172369 54584.0000000000000000 74.8502994011976028 47674.1519039999984670
663 0.9516877392413873 54592.0000000000000000 75.0300120048019181 47688.1270080000031157
664 0.9517457371534624 54642.0000000000000000 75.1201923076923066 47775.4742079999996349
665 0.9518617329776128 54650.0000000000000000 75.3012048192771033 47789.4629439999989700
666 0.9519777288017631 54654.0000000000000000 75.4830917874396192 47796.4585280000028433
667 0.9520357267138383 54658.0000000000000000 75.5743651753325310 47803.4542399999991176
668 0.9523837141862893 54787.0000000000000000 76.1266747868453137 48029.2468799999987823
669 0.9523837141862893 54787.0000000000000000 76.1266747868453137 48029.2468799999987823
670 0.9525577079225148 54787.0000000000000000 76.4058679706601538 48029.2499519999983022
671 0.9526737037466652 54809.0000000000000000 76.5931372549019613 48067.8223040000011679
672 0.9527317016587403 54809.0000000000000000 76.6871165644171811 48067.8411199999973178
673 0.9527896995708155 54965.0000000000000000 76.7813267813267828 48341.4476480000012089
674 0.9530216912191161 55061.0000000000000000 77.1604938271604937 48510.3286720000032801
675 0.9531376870432664 55061.0000000000000000 77.3514851485148540 48510.3864640000028885
676 0.9532536828674167 55077.0000000000000000 77.5434243176178626 48538.5796160000027157
677 0.9533696786915671 55107.0000000000000000 77.7363184079601979 48591.4553279999963706
678 0.9535436724277926 55117.0000000000000000 78.0274656679151093 48609.0907200000001467
679 0.9538916599002436 55141.0000000000000000 78.6163522012578682 48651.5949120000004768
680 0.9540076557243939 55147.0000000000000000 78.8146279949558703 48662.1822400000019115
681 0.9540076557243939 55147.0000000000000000 78.8146279949558703 48662.1822400000019115
682 0.9541816494606195 55165.0000000000000000 79.1139240506329173 48694.0672639999975218
683 0.9542976452847698 55179.0000000000000000 79.3147208121827418 48718.7824640000035288
684 0.9542976452847698 55179.0000000000000000 79.3147208121827418 48718.7824640000035288
685 0.9545296369330704 55243.0000000000000000 79.7193877551020478 48831.8200639999995474
686 0.9547036306692959 55326.0000000000000000 80.0256081946222793 48978.5852159999994910
687 0.9549936202296717 55498.0000000000000000 80.5412371134020617 49283.2101120000006631
688 0.9550516181417469 55498.0000000000000000 80.6451612903225765 49283.2120320000030915
689 0.9551676139658972 55552.0000000000000000 80.8538163001293668 49379.1320320000013453
690 0.9552836097900476 55556.0000000000000000 81.0635538261997368 49386.2459519999974873
691 0.9552836097900476 55556.0000000000000000 81.0635538261997368 49386.2459519999974873
692 0.9555735993504234 55777.0000000000000000 81.5926892950391647 49779.3128960000030929
693 0.9556895951745737 55796.0000000000000000 81.8062827225130889 49813.2256960000013351
694 0.9558055909987241 55822.0000000000000000 82.0209973753280792 49859.6507839999976568
695 0.9558635889107993 55832.0000000000000000 82.1287779237844973 49877.5138240000014775
696 0.9560375826470247 55850.0000000000000000 82.4538258575197887 49909.6788159999996424
697 0.9562115763832502 55866.0000000000000000 82.7814569536423903 49938.2767040000035195
698 0.9562695742953253 55870.0000000000000000 82.8912466843501363 49945.4275520000010147
699 0.9564435680315508 55878.0000000000000000 83.2223701731025329 49959.7342399999979534
700 0.9565015659436260 55878.0000000000000000 83.3333333333333286 49959.7415360000013607
701 0.9565015659436260 55878.0000000000000000 83.3333333333333286 49959.7415360000013607
702 0.9565595638557012 55882.0000000000000000 83.4445927903871763 49966.8939200000022538
703 0.9569655492402274 55898.0000000000000000 84.2318059299191333 49995.5596159999986412
704 0.9570815450643777 55933.0000000000000000 84.4594594594594525 50058.1693440000017290
705 0.9571975408885280 55955.0000000000000000 84.6883468834688387 50097.5484799999976531
706 0.9576035262730541 56091.0000000000000000 85.4993160054719539 50341.2834240000011050
707 0.9577195220972045 56163.0000000000000000 85.7338820301783215 50470.5401280000005499
708 0.9578355179213548 56186.0000000000000000 85.9697386519945042 50511.8785280000010971
709 0.9578935158334300 56190.0000000000000000 86.0881542699724491 50519.0703359999970417
710 0.9580095116575803 56194.0000000000000000 86.3259668508287348 50526.2629119999983232
711 0.9581255074817306 56239.0000000000000000 86.5650969529085899 50607.1984640000009676
712 0.9582995012179562 56256.0000000000000000 86.9262865090403380 50637.7964480000009644
713 0.9584154970421065 56266.0000000000000000 87.1687587168758711 50655.7991360000014538
714 0.9587054866024823 56304.0000000000000000 87.7808988764044926 50724.2344319999974687
715 0.9588214824266327 56330.0000000000000000 88.0281690140845114 50771.0808959999994840
716 0.9589954761628582 56338.0000000000000000 88.4016973125883965 50785.5130239999998594
717 0.9591114719870084 56385.0000000000000000 88.6524822695035510 50870.2532480000008945
718 0.9593434636353091 56465.0000000000000000 89.1583452211126968 51014.6656319999965490
719 0.9594014615473843 56516.0000000000000000 89.2857142857142918 51106.8165119999976014
720 0.9595174573715346 56525.0000000000000000 89.5415472779369566 51123.0937600000033854
721 0.9596334531956849 56529.0000000000000000 89.7988505747126453 51130.3290879999985918
722 0.9596914511077601 56543.0000000000000000 89.9280575539568332 51155.6540800000002491
723 0.9596914511077601 56543.0000000000000000 89.9280575539568332 51155.6540800000002491
724 0.9598654448439856 56561.0000000000000000 90.3179190751445020 51188.2259199999971315
725 0.9598654448439856 56561.0000000000000000 90.3179190751445020 51188.2259199999971315
726 0.9599814406681360 56569.0000000000000000 90.5797101449275317 51202.7060480000000098
727 0.9599814406681360 56569.0000000000000000 90.5797101449275317 51202.7060480000000098
728 0.9599814406681360 56569.0000000000000000 90.5797101449275317 51202.7060480000000098
729 0.9600394385802111 56569.0000000000000000 90.7111756168359875 51202.7098879999975907
730 0.9602134323164366 56578.0000000000000000 91.1078717201166199 51219.0064320000019507
731 0.9602714302285118 56588.0000000000000000 91.2408759124087538 51237.1113919999988866
732 0.9603294281405870 56594.0000000000000000 91.3742690058479496 51247.9762879999980214
733 0.9603874260526621 56598.0000000000000000 91.5080527086383597 51255.2203200000003562
734 0.9603874260526621 56598.0000000000000000 91.5080527086383597 51255.2203200000003562
735 0.9604454239647373 56602.0000000000000000 91.6422287390029311 51262.4648640000013984
736 0.9605034218768125 56606.0000000000000000 91.7767988252569751 51269.7099200000011479
737 0.9606194177009628 56610.0000000000000000 92.0471281296023562 51276.9558719999986351
738 0.9606774156130379 56612.0000000000000000 92.1828908554572308 51280.5789119999972172
739 0.9607934114371882 56696.0000000000000000 92.4556213017751531 51432.7622080000001006
740 0.9608514093492634 56701.0000000000000000 92.5925925925925952 51441.8335680000018328
741 0.9609674051734137 56705.0000000000000000 92.8677563150074263 51449.0940479999990202
742 0.9610254030854889 56709.0000000000000000 93.0059523809523796 51456.3522880000018631
743 0.9610834009975641 56713.0000000000000000 93.1445603576751182 51463.6110400000034133
744 0.9612573947337896 56717.0000000000000000 93.5628742514970071 51470.8833280000035302
745 0.9612573947337896 56717.0000000000000000 93.5628742514970071 51470.8833280000035302
746 0.9612573947337896 56717.0000000000000000 93.5628742514970071 51470.8833280000035302
747 0.9614313884700151 56717.0000000000000000 93.9849624060150433 51470.8876799999998184
748 0.9614893863820902 56723.0000000000000000 94.1265060240963862 51481.7773440000019036
749 0.9616053822062406 56741.0000000000000000 94.4108761329305111 51514.4535039999973378
750 0.9617213780303909 56767.0000000000000000 94.6969696969697026 51561.6648320000022068
751 0.9619533696786916 56786.0000000000000000 95.2743902439024453 51596.1857600000003004
752 0.9621273634149171 56864.0000000000000000 95.7120980091883666 51737.9420479999971576
753 0.9621273634149171 56864.0000000000000000 95.7120980091883666 51737.9420479999971576
754 0.9625333487994432 56917.0000000000000000 96.7492260061919467 51834.4195840000029420
755 0.9625333487994432 56917.0000000000000000 96.7492260061919467 51834.4195840000029420
756 0.9626493446235935 56928.0000000000000000 97.0496894409937880 51854.4646080000020447
757 0.9626493446235935 56928.0000000000000000 97.0496894409937880 51854.4646080000020447
758 0.9627073425356687 56930.0000000000000000 97.2006220839813437 51858.1080000000001746
759 0.9628233383598190 56947.0000000000000000 97.5039001560062388 51889.0795839999991586
760 0.9628813362718942 56971.0000000000000000 97.6562500000000000 51932.8148799999980838
761 0.9631133279201949 57003.0000000000000000 98.2704402515723245 51991.1677120000022114
762 0.9631133279201949 57003.0000000000000000 98.2704402515723245 51991.1677120000022114
763 0.9631133279201949 57003.0000000000000000 98.2704402515723245 51991.1677120000022114
764 0.9633453195684956 57056.0000000000000000 98.8924050632911360 52087.8659199999965494
765 0.9634033174805707 57066.0000000000000000 99.0491283676703631 52106.1238400000002002
766 0.9634613153926459 57066.0000000000000000 99.2063492063492021 52106.1244799999985844
767 0.9635773112167962 57078.0000000000000000 99.5222929936305718 52128.0594239999991260
768 0.9639252986892471 57125.0000000000000000 100.4823151125401921 52213.9297599999990780
769 0.9640412945133975 57133.0000000000000000 100.8064516129032313 52228.5542720000012196
770 0.9640412945133975 57133.0000000000000000 100.8064516129032313 52228.5542720000012196
771 0.9642152882496230 57145.0000000000000000 101.2965964343597989 52250.5030719999995199
772 0.9644472798979237 57169.0000000000000000 101.9575856443719459 52294.3969599999982165
773 0.9646792715462243 57210.0000000000000000 102.6272577996715967 52369.4197120000026189
774 0.9646792715462243 57210.0000000000000000 102.6272577996715967 52369.4197120000026189
775 0.9648532652824499 57228.0000000000000000 103.1353135313531340 52402.3752319999985048
776 0.9649112631945250 57232.0000000000000000 103.3057851239669418 52409.7004159999996773
777 0.9649692611066002 57238.0000000000000000 103.4768211920529808 52420.6889599999994971
778 0.9650272590186754 57242.0000000000000000 103.6484245439469305 52428.0154239999974379
779 0.9652012527549009 57261.0000000000000000 104.1666666666666714 52462.8213120000000345
780 0.9652592506669760 57265.0000000000000000 104.3405676126878063 52470.1507199999978184
781 0.9653752464911263 57269.0000000000000000 104.6901172529313300 52477.4840960000001360
782 0.9654332444032014 57269.0000000000000000 104.8657718120805384 52477.4848639999981970
783 0.9654912423152766 57310.0000000000000000 105.0420168067226854 52552.6217919999980950
784 0.9657232339635773 57401.0000000000000000 105.7529610829103177 52719.5732159999970463
785 0.9657232339635773 57401.0000000000000000 105.7529610829103177 52719.5732159999970463
786 0.9658392297877276 57430.0000000000000000 106.1120543293718157 52772.8478719999984605
787 0.9658972276998028 57452.0000000000000000 106.2925170068027256 52813.2785920000023907
788 0.9659552256118780 57458.0000000000000000 106.4735945485519579 52824.3093759999974282
789 0.9660132235239531 57458.0000000000000000 106.6552901023890740 52824.3178239999979269
790 0.9660712214360283 57462.0000000000000000 106.8376068376068417 52831.6724479999975301
791 0.9661292193481035 57466.0000000000000000 107.0205479452054789 52839.0275840000031167
792 0.9661292193481035 57466.0000000000000000 107.0205479452054789 52839.0275840000031167
793 0.9661872172601786 57474.0000000000000000 107.2041166380789008 52853.7388799999971525
794 0.9663032130843290 57496.0000000000000000 107.5731497418244373 52894.2036480000024312
795 0.9663032130843290 57496.0000000000000000 107.5731497418244373 52894.2036480000024312
796 0.9663612109964042 57500.0000000000000000 107.7586206896551744 52901.5631359999970300
797 0.9664192089084793 57506.0000000000000000 107.9447322970639078 52912.6031359999979031
798 0.9665932026447048 57516.0000000000000000 108.5069444444444429 52931.0062079999988782
799 0.9666512005567800 57520.0000000000000000 108.6956521739130466 52938.3682560000015656
800 0.9668251942930054 57675.0000000000000000 109.2657342657342667 53223.8685439999972004
801 0.9668831922050806 57677.0000000000000000 109.4570928196147150 53227.5597439999983180
802 0.9669991880292309 57690.0000000000000000 109.8418277680140562 53251.5545280000005732
803 0.9669991880292309 57690.0000000000000000 109.8418277680140562 53251.5545280000005732
804 0.9670571859413061 57700.0000000000000000 110.0352112676056322 53270.0153280000013183
805 0.9672891775896068 57720.0000000000000000 110.8156028368794352 53306.9476799999974901
806 0.9672891775896068 57720.0000000000000000 110.8156028368794352 53306.9476799999974901
807 0.9674631713258323 57730.0000000000000000 111.4081996434937594 53325.4191040000005160
808 0.9675211692379074 57740.0000000000000000 111.6071428571428612 53343.8927039999980479
809 0.9675791671499826 57744.0000000000000000 111.8067978533094760 53351.2834240000011050
810 0.9675791671499826 57744.0000000000000000 111.8067978533094760 53351.2834240000011050
811 0.9675791671499826 57744.0000000000000000 111.8067978533094760 53351.2834240000011050
812 0.9676371650620578 57750.0000000000000000 112.0071684587813650 53362.3702720000001136
813 0.9676371650620578 57750.0000000000000000 112.0071684587813650 53362.3702720000001136
814 0.9676371650620578 57750.0000000000000000 112.0071684587813650 53362.3702720000001136
815 0.9676951629741329 57752.0000000000000000 112.2082585278276525 53366.0662719999963883
816 0.9676951629741329 57752.0000000000000000 112.2082585278276525 53366.0662719999963883
817 0.9676951629741329 57752.0000000000000000 112.2082585278276525 53366.0662719999963883
818 0.9677531608862081 57754.0000000000000000 112.4100719424460380 53369.7623999999996158
819 0.9678691567103584 57754.0000000000000000 112.8158844765342934 53369.7636799999963841
820 0.9679271546224336 57758.0000000000000000 113.0198915009041656 53377.1561920000021928
821 0.9680431504465840 57781.0000000000000000 113.4301270417422813 53419.6674239999993006
822 0.9680431504465840 57781.0000000000000000 113.4301270417422813 53419.6674239999993006
823 0.9682171441828095 57803.0000000000000000 114.0510948905109530 53460.3478719999984605
824 0.9682751420948846 57809.0000000000000000 114.2595978062157229 53471.4460479999979725
825 0.9683911379190349 57817.0000000000000000 114.6788990825688046 53486.2456640000018524
826 0.9683911379190349 57817.0000000000000000 114.6788990825688046 53486.2456640000018524
827 0.9683911379190349 57817.0000000000000000 114.6788990825688046 53486.2456640000018524
828 0.9685651316552604 57843.0000000000000000 115.3136531365313715 53534.3545280000034836
829 0.9687971233035610 57888.0000000000000000 116.1710037174721180 53617.6594560000012279
830 0.9687971233035610 57888.0000000000000000 116.1710037174721180 53617.6594560000012279
831 0.9689131191277114 57898.0000000000000000 116.6044776119402968 53636.1838720000014291
832 0.9689711170397866 57904.0000000000000000 116.8224299065420553 53647.3002879999985453
833 0.9690291149518617 57906.0000000000000000 117.0411985018726568 53651.0061439999990398
834 0.9691451107760121 57976.0000000000000000 117.4812030075188005 53780.7347840000002179
835 0.9691451107760121 57976.0000000000000000 117.4812030075188005 53780.7347840000002179
836 0.9692611066001624 57980.0000000000000000 117.9245283018867951 53788.1651839999976801
837 0.9693191045122376 57999.0000000000000000 118.1474480151228761 53823.4170240000021295
838 0.9693771024243127 58003.0000000000000000 118.3712121212121247 53830.8408960000015213
839 0.9693771024243127 58003.0000000000000000 118.3712121212121247 53830.8408960000015213
840 0.9694930982484631 58038.0000000000000000 118.8212927756653983 53895.8080960000006598
841 0.9696090940726134 58042.0000000000000000 119.2748091603053382 53903.2381119999990915
842 0.9696670919846886 58046.0000000000000000 119.5028680688336493 53910.6674879999991390
843 0.9697250898967638 58050.0000000000000000 119.7318007662835271 53918.0973759999978938
844 0.9698990836329893 58066.0000000000000000 120.4238921001926741 53947.8266559999974561
845 0.9700150794571395 58099.0000000000000000 120.8897485493230164 54009.1480640000008862
846 0.9701310752812898 58143.0000000000000000 121.3592233009708679 54090.9565759999968577
847 0.9703050690175153 58180.0000000000000000 122.0703125000000000 54159.8122880000009900
848 0.9704210648416657 58199.0000000000000000 122.5490196078431353 54195.1872640000001411
849 0.9705370606658160 58308.0000000000000000 123.0314960629921330 54398.2794559999965713
850 0.9706530564899664 58351.0000000000000000 123.5177865612648276 54478.5138880000013160
851 0.9707690523141167 58365.0000000000000000 124.0079365079365061 54504.6566719999973429
852 0.9708270502261919 58377.0000000000000000 124.2544731610338005 54527.0688319999972009
853 0.9708850481382670 58381.0000000000000000 124.5019920318725042 54534.5410879999981262
854 0.9708850481382670 58381.0000000000000000 124.5019920318725042 54534.5410879999981262
855 0.9709430460503422 58390.0000000000000000 124.7504990019960047 54551.3548159999991185
856 0.9710590418744925 58425.0000000000000000 125.2505010020040146 54616.7555839999986347
857 0.9710590418744925 58425.0000000000000000 125.2505010020040146 54616.7555839999986347
858 0.9711170397865677 58425.0000000000000000 125.5020080321285150 54616.7563519999966957
859 0.9711750376986429 58429.0000000000000000 125.7545271629778654 54624.2347519999966607
860 0.9712330356107181 58433.0000000000000000 126.0080645161290391 54631.7136640000026091
861 0.9712910335227932 58443.0000000000000000 126.2626262626262559 54650.4122239999996964
862 0.9712910335227932 58443.0000000000000000 126.2626262626262559 54650.4122239999996964
863 0.9714650272590186 58451.0000000000000000 127.0325203252032509 54665.3768320000017411
864 0.9714650272590186 58451.0000000000000000 127.0325203252032509 54665.3768320000017411
865 0.9715230251710938 58455.0000000000000000 127.2912423625254519 54672.8585600000005797
866 0.9715810230831690 58466.0000000000000000 127.5510204081632679 54693.4347199999974691
867 0.9715810230831690 58466.0000000000000000 127.5510204081632679 54693.4347199999974691
868 0.9716390209952441 58483.0000000000000000 127.8118609406952970 54725.2402240000010352
869 0.9716390209952441 58483.0000000000000000 127.8118609406952970 54725.2402240000010352
870 0.9716390209952441 58483.0000000000000000 127.8118609406952970 54725.2402240000010352
871 0.9716390209952441 58483.0000000000000000 127.8118609406952970 54725.2402240000010352
872 0.9716390209952441 58483.0000000000000000 127.8118609406952970 54725.2402240000010352
873 0.9716970189073193 58487.0000000000000000 128.0737704918032875 54732.7260479999968084
874 0.9716970189073193 58487.0000000000000000 128.0737704918032875 54732.7260479999968084
875 0.9717550168193945 58508.0000000000000000 128.3367556468172381 54772.0293119999987539
876 0.9718130147314696 58545.0000000000000000 128.6008230452675036 54841.3027839999995194
877 0.9718710126435448 58549.0000000000000000 128.8659793814433101 54848.7965439999970840
878 0.9718710126435448 58549.0000000000000000 128.8659793814433101 54848.7965439999970840
879 0.9719290105556200 58578.0000000000000000 129.1322314049586737 54903.1300160000027972
880 0.9720450063797703 58586.0000000000000000 129.6680497925311215 54918.1262399999977788
881 0.9721030042918455 58590.0000000000000000 129.9376299376299357 54925.6252479999966454
882 0.9721030042918455 58590.0000000000000000 129.9376299376299357 54925.6252479999966454
883 0.9721610022039207 58594.0000000000000000 130.2083333333333428 54933.1247680000014952
884 0.9722190001159958 58598.0000000000000000 130.4801670146137837 54940.6247999999977765
885 0.9722190001159958 58598.0000000000000000 130.4801670146137837 54940.6247999999977765
886 0.9722190001159958 58598.0000000000000000 130.4801670146137837 54940.6247999999977765
887 0.9722190001159958 58598.0000000000000000 130.4801670146137837 54940.6247999999977765
888 0.9722769980280710 58611.0000000000000000 130.7531380753138137 54965.0015679999996792
889 0.9723349959401462 58615.0000000000000000 131.0272536687631089 54972.5037759999977425
890 0.9723929938522213 58621.0000000000000000 131.3025210084033745 54983.7578559999965364
891 0.9723929938522213 58621.0000000000000000 131.3025210084033745 54983.7578559999965364
892 0.9724509917642965 58633.0000000000000000 131.5789473684210407 55006.2683200000028592
893 0.9724509917642965 58633.0000000000000000 131.5789473684210407 55006.2683200000028592
894 0.9725089896763717 58639.0000000000000000 131.8565400843881719 55017.5258560000002035
895 0.9725669875884468 58680.0000000000000000 132.1353065539111924 55094.4602240000021993
896 0.9726249855005220 58684.0000000000000000 132.4152542372881385 55101.9712639999997918
897 0.9726249855005220 58684.0000000000000000 132.4152542372881385 55101.9712639999997918
898 0.9726249855005220 58684.0000000000000000 132.4152542372881385 55101.9712639999997918
899 0.9726249855005220 58684.0000000000000000 132.4152542372881385 55101.9712639999997918
900 0.9727409813246723 58722.0000000000000000 132.9787234042553052 55173.3353599999973085
901 0.9728569771488227 58728.0000000000000000 133.5470085470085451 55184.6102400000017951
902 0.9728569771488227 58728.0000000000000000 133.5470085470085451 55184.6102400000017951
903 0.9729729729729730 58734.0000000000000000 134.1201716738197547 55195.8862720000033733
904 0.9730309708850481 58736.0000000000000000 134.4086021505376323 55199.6452480000007199
905 0.9730889687971233 58740.0000000000000000 134.6982758620689538 55207.1634560000020429
906 0.9730889687971233 58740.0000000000000000 134.6982758620689538 55207.1634560000020429
907 0.9732049646212736 58756.0000000000000000 135.2813852813852691 55237.2392319999999017
908 0.9732049646212736 58756.0000000000000000 135.2813852813852691 55237.2392319999999017
909 0.9732049646212736 58756.0000000000000000 135.2813852813852691 55237.2392319999999017
910 0.9732629625333488 58760.0000000000000000 135.5748373101952211 55244.7600000000020373
911 0.9733209604454239 58762.0000000000000000 135.8695652173913118 55248.5206400000024587
912 0.9733209604454239 58762.0000000000000000 135.8695652173913118 55248.5206400000024587
913 0.9733209604454239 58762.0000000000000000 135.8695652173913118 55248.5206400000024587
914 0.9733789583574991 58764.0000000000000000 136.1655773420479250 55252.2814080000025569
915 0.9733789583574991 58764.0000000000000000 136.1655773420479250 55252.2814080000025569
916 0.9733789583574991 58764.0000000000000000 136.1655773420479250 55252.2814080000025569
917 0.9734369562695743 58764.0000000000000000 136.4628820960698761 55252.2820480000009411
918 0.9735529520937246 58774.0000000000000000 137.0614035087719174 55271.0889600000009523
919 0.9735529520937246 58774.0000000000000000 137.0614035087719174 55271.0889600000009523
920 0.9736109500057998 58776.0000000000000000 137.3626373626373720 55274.8504959999991115
921 0.9736689479178749 58786.0000000000000000 137.6651982378854484 55293.6588160000028438
922 0.9736689479178749 58786.0000000000000000 137.6651982378854484 55293.6588160000028438
923 0.9737849437420253 58829.0000000000000000 138.2743362831858462 55374.5617920000004233
924 0.9738429416541005 58829.0000000000000000 138.5809312638581048 55374.5690879999965546
925 0.9738429416541005 58829.0000000000000000 138.5809312638581048 55374.5690879999965546
926 0.9738429416541005 58829.0000000000000000 138.5809312638581048 55374.5690879999965546
927 0.9738429416541005 58829.0000000000000000 138.5809312638581048 55374.5690879999965546
928 0.9739009395661756 58835.0000000000000000 138.8888888888888857 55385.8642560000007506
929 0.9739589374782508 58839.0000000000000000 139.1982182628062219 55393.3951359999991837
930 0.9740749333024011 58845.0000000000000000 139.8210290827740607 55404.6924799999978859
931 0.9741909291265515 58859.0000000000000000 140.4494382022471939 55431.0558079999973415
932 0.9741909291265515 58859.0000000000000000 140.4494382022471939 55431.0558079999973415
933 0.9742489270386266 58887.0000000000000000 140.7657657657657637 55483.7934719999975641
934 0.9743649228627770 58908.0000000000000000 141.4027149321266847 55523.3667520000017248
935 0.9743649228627770 58908.0000000000000000 141.4027149321266847 55523.3667520000017248
936 0.9743649228627770 58908.0000000000000000 141.4027149321266847 55523.3667520000017248
937 0.9744229207748522 58920.0000000000000000 141.7233560090703008 55545.9874239999990095
938 0.9744229207748522 58920.0000000000000000 141.7233560090703008 55545.9874239999990095
939 0.9744229207748522 58920.0000000000000000 141.7233560090703008 55545.9874239999990095
940 0.9744229207748522 58920.0000000000000000 141.7233560090703008 55545.9874239999990095
941 0.9744809186869273 58926.0000000000000000 142.0454545454545325 55557.3000640000027488
942 0.9744809186869273 58926.0000000000000000 142.0454545454545325 55557.3000640000027488
943 0.9745969145110776 58939.0000000000000000 142.6940639269406290 55581.8144319999992149
944 0.9745969145110776 58939.0000000000000000 142.6940639269406290 55581.8144319999992149
945 0.9745969145110776 58939.0000000000000000 142.6940639269406290 55581.8144319999992149
946 0.9745969145110776 58939.0000000000000000 142.6940639269406290 55581.8144319999992149
947 0.9746549124231527 58970.0000000000000000 143.0205949656750590 55640.2819200000012643
948 0.9746549124231527 58970.0000000000000000 143.0205949656750590 55640.2819200000012643
949 0.9746549124231527 58970.0000000000000000 143.0205949656750590 55640.2819200000012643
950 0.9746549124231527 58970.0000000000000000 143.0205949656750590 55640.2819200000012643
951 0.9747129103352279 58974.0000000000000000 143.3486238532109951 55647.8300799999997253
952 0.9747129103352279 58974.0000000000000000 143.3486238532109951 55647.8300799999997253
953 0.9748869040714534 58990.0000000000000000 144.3418013856812934 55678.0265599999984261
954 0.9748869040714534 58990.0000000000000000 144.3418013856812934 55678.0265599999984261
955 0.9748869040714534 58990.0000000000000000 144.3418013856812934 55678.0265599999984261
956 0.9748869040714534 58990.0000000000000000 144.3418013856812934 55678.0265599999984261
957 0.9749449019835286 58994.0000000000000000 144.6759259259259238 55685.5772799999976996
958 0.9750028998956037 59010.0000000000000000 145.0116009280742446 55715.7822079999968992
959 0.9751188957197541 59020.0000000000000000 145.6876456876456984 55734.6792320000022301
960 0.9751188957197541 59020.0000000000000000 145.6876456876456984 55734.6792320000022301
961 0.9751188957197541 59020.0000000000000000 145.6876456876456984 55734.6792320000022301
962 0.9751188957197541 59020.0000000000000000 145.6876456876456984 55734.6792320000022301
963 0.9751188957197541 59020.0000000000000000 145.6876456876456984 55734.6792320000022301
964 0.9751188957197541 59020.0000000000000000 145.6876456876456984 55734.6792320000022301
965 0.9751188957197541 59020.0000000000000000 145.6876456876456984 55734.6792320000022301
966 0.9751188957197541 59020.0000000000000000 145.6876456876456984 55734.6792320000022301
967 0.9751768936318292 59024.0000000000000000 146.0280373831775762 55742.2337919999990845
968 0.9752348915439044 59034.0000000000000000 146.3700234192037613 55761.1214719999989029
969 0.9753508873680548 59054.0000000000000000 147.0588235294117680 55798.9052799999990384
970 0.9754088852801299 59054.0000000000000000 147.4056603773584868 55798.9116159999975935
971 0.9754668831922051 59103.0000000000000000 147.7541371158392565 55891.5082879999972647
972 0.9754668831922051 59103.0000000000000000 147.7541371158392565 55891.5082879999972647
973 0.9754668831922051 59103.0000000000000000 147.7541371158392565 55891.5082879999972647
974 0.9755248811042803 59109.0000000000000000 148.1042654028435948 55902.8560639999996056
975 0.9756408769284306 59113.0000000000000000 148.8095238095237960 55910.4234240000005229
976 0.9757568727525809 59128.0000000000000000 149.5215311004784553 55938.7983040000035544
977 0.9757568727525809 59128.0000000000000000 149.5215311004784553 55938.7983040000035544
978 0.9758728685767313 59160.0000000000000000 150.2403846153846132 55999.3489600000029895
979 0.9758728685767313 59160.0000000000000000 150.2403846153846132 55999.3489600000029895
980 0.9758728685767313 59160.0000000000000000 150.2403846153846132 55999.3489600000029895
981 0.9758728685767313 59160.0000000000000000 150.2403846153846132 55999.3489600000029895
982 0.9759308664888064 59166.0000000000000000 150.6024096385542066 56010.7076799999995274
983 0.9759888644008816 59170.0000000000000000 150.9661835748792384 56018.2809280000001309
984 0.9760468623129568 59174.0000000000000000 151.3317191283292971 56025.8546879999994417
985 0.9760468623129568 59174.0000000000000000 151.3317191283292971 56025.8546879999994417
986 0.9760468623129568 59174.0000000000000000 151.3317191283292971 56025.8546879999994417
987 0.9760468623129568 59174.0000000000000000 151.3317191283292971 56025.8546879999994417
988 0.9761048602250318 59178.0000000000000000 151.6990291262135884 56033.4289599999974598
989 0.9762208560491822 59186.0000000000000000 152.4390243902439011 56048.5790399999968940
990 0.9762208560491822 59186.0000000000000000 152.4390243902439011 56048.5790399999968940
991 0.9762208560491822 59186.0000000000000000 152.4390243902439011 56048.5790399999968940
992 0.9762788539612574 59190.0000000000000000 152.8117359413203076 56056.1548479999983101
993 0.9763368518733325 59194.0000000000000000 153.1862745098039227 56063.7311679999984335
994 0.9763368518733325 59194.0000000000000000 153.1862745098039227 56063.7311679999984335
995 0.9763948497854077 59202.0000000000000000 153.5626535626535656 56078.8848320000033709
996 0.9763948497854077 59202.0000000000000000 153.5626535626535656 56078.8848320000033709
997 0.9763948497854077 59202.0000000000000000 153.5626535626535656 56078.8848320000033709
998 0.9763948497854077 59202.0000000000000000 153.5626535626535656 56078.8848320000033709
999 0.9765108456095580 59206.0000000000000000 154.3209876543209873 56086.4628159999992931
1000 0.9765108456095580 59206.0000000000000000 154.3209876543209873 56086.4628159999992931
1001 0.9765688435216332 59218.0000000000000000 154.7029702970297080 56109.1979199999987031
1002 0.9766268414337084 59218.0000000000000000 155.0868486352357252 56109.1990720000030706
1003 0.9766268414337084 59218.0000000000000000 155.0868486352357252 56109.1990720000030706
1004 0.9766848393457835 59222.0000000000000000 155.4726368159203957 56116.7789760000014212
1005 0.9766848393457835 59222.0000000000000000 155.4726368159203957 56116.7789760000014212
1006 0.9766848393457835 59222.0000000000000000 155.4726368159203957 56116.7789760000014212
1007 0.9767428372578587 59235.0000000000000000 155.8603491271820474 56141.4153280000027735
1008 0.9767428372578587 59235.0000000000000000 155.8603491271820474 56141.4153280000027735
1009 0.9767428372578587 59235.0000000000000000 155.8603491271820474 56141.4153280000027735
1010 0.9767428372578587 59235.0000000000000000 155.8603491271820474 56141.4153280000027735
1011 0.9767428372578587 59235.0000000000000000 155.8603491271820474 56141.4153280000027735
1012 0.9768588330820090 59248.0000000000000000 156.6416040100250768 56166.0586239999975078
1013 0.9768588330820090 59248.0000000000000000 156.6416040100250768 56166.0586239999975078
1014 0.9769748289061594 59258.0000000000000000 157.4307304785894246 56185.0187520000035875
1015 0.9770328268182346 59258.0000000000000000 157.8282828282828234 56185.0190080000029411
1016 0.9770328268182346 59258.0000000000000000 157.8282828282828234 56185.0190080000029411
1017 0.9770328268182346 59258.0000000000000000 157.8282828282828234 56185.0190080000029411
1018 0.9770908247303097 59273.0000000000000000 158.2278481012658347 56213.4628480000028503
1019 0.9771488226423849 59275.0000000000000000 158.6294416243654837 56217.2563200000004144
1020 0.9772648184665352 59289.0000000000000000 159.4387755102040956 56243.8122880000009900
1021 0.9772648184665352 59289.0000000000000000 159.4387755102040956 56243.8122880000009900
1022 0.9773228163786104 59293.0000000000000000 159.8465473145780038 56251.4012799999982235
1023 0.9773808142906856 59305.0000000000000000 160.2564102564102484 56274.1697920000005979
1024 0.9774388122027607 59309.0000000000000000 160.6683804627249401 56281.7608319999999367
1025 0.9774388122027607 59309.0000000000000000 160.6683804627249401 56281.7608319999999367
1026 0.9774968101148359 59320.0000000000000000 161.0824742268041234 56302.6376000000018394
1027 0.9774968101148359 59320.0000000000000000 161.0824742268041234 56302.6376000000018394
1028 0.9774968101148359 59320.0000000000000000 161.0824742268041234 56302.6376000000018394
1029 0.9775548080269111 59347.0000000000000000 161.4987080103359176 56353.8900799999973970
1030 0.9775548080269111 59347.0000000000000000 161.4987080103359176 56353.8900799999973970
1031 0.9775548080269111 59347.0000000000000000 161.4987080103359176 56353.8900799999973970
1032 0.9775548080269111 59347.0000000000000000 161.4987080103359176 56353.8900799999973970
1033 0.9776128059389863 59351.0000000000000000 161.9170984455958546 56361.4864959999977145
1034 0.9776708038510613 59351.0000000000000000 162.3376623376623513 56361.4974399999991874
1035 0.9777867996752116 59374.0000000000000000 163.1853785900783294 56405.1839360000012675
1036 0.9779027954993620 59394.0000000000000000 164.0419947506561584 56443.1853439999977127
1037 0.9779027954993620 59394.0000000000000000 164.0419947506561584 56443.1853439999977127
1038 0.9779027954993620 59394.0000000000000000 164.0419947506561584 56443.1853439999977127
1039 0.9779027954993620 59394.0000000000000000 164.0419947506561584 56443.1853439999977127
1040 0.9779027954993620 59394.0000000000000000 164.0419947506561584 56443.1853439999977127
1041 0.9780767892355875 59433.0000000000000000 165.3439153439153415 56517.3175039999987348
1042 0.9780767892355875 59433.0000000000000000 165.3439153439153415 56517.3175039999987348
1043 0.9781347871476627 59437.0000000000000000 165.7824933687002726 56524.9249280000003637
1044 0.9781347871476627 59437.0000000000000000 165.7824933687002726 56524.9249280000003637
1045 0.9782507829718130 59441.0000000000000000 166.6666666666666572 56532.5329920000003767
1046 0.9782507829718130 59441.0000000000000000 166.6666666666666572 56532.5329920000003767
1047 0.9782507829718130 59441.0000000000000000 166.6666666666666572 56532.5329920000003767
1048 0.9782507829718130 59441.0000000000000000 166.6666666666666572 56532.5329920000003767
1049 0.9782507829718130 59441.0000000000000000 166.6666666666666572 56532.5329920000003767
1050 0.9782507829718130 59441.0000000000000000 166.6666666666666572 56532.5329920000003767
1051 0.9782507829718130 59441.0000000000000000 166.6666666666666572 56532.5329920000003767
1052 0.9782507829718130 59441.0000000000000000 166.6666666666666572 56532.5329920000003767
1053 0.9782507829718130 59441.0000000000000000 166.6666666666666572 56532.5329920000003767
1054 0.9783087808838882 59445.0000000000000000 167.1122994652406533 56540.1414399999994203
1055 0.9783087808838882 59445.0000000000000000 167.1122994652406533 56540.1414399999994203
1056 0.9783087808838882 59445.0000000000000000 167.1122994652406533 56540.1414399999994203
1057 0.9783667787959633 59508.0000000000000000 167.5603217158177074 56659.9825599999967380
1058 0.9783667787959633 59508.0000000000000000 167.5603217158177074 56659.9825599999967380
1059 0.9783667787959633 59508.0000000000000000 167.5603217158177074 56659.9825599999967380
1060 0.9784247767080385 59532.0000000000000000 168.0107526881720332 56705.6847039999993285
1061 0.9784247767080385 59532.0000000000000000 168.0107526881720332 56705.6847039999993285
1062 0.9784247767080385 59532.0000000000000000 168.0107526881720332 56705.6847039999993285
1063 0.9785407725321889 59542.0000000000000000 168.9189189189189051 56724.7357120000015129
1064 0.9785407725321889 59542.0000000000000000 168.9189189189189051 56724.7357120000015129
1065 0.9785407725321889 59542.0000000000000000 168.9189189189189051 56724.7357120000015129
1066 0.9785987704442640 59552.0000000000000000 169.3766937669376773 56743.7891519999975571
1067 0.9786567683563392 59568.0000000000000000 169.8369565217391255 56774.2797760000030394
1068 0.9786567683563392 59568.0000000000000000 169.8369565217391255 56774.2797760000030394
1069 0.9786567683563392 59568.0000000000000000 169.8369565217391255 56774.2797760000030394
1070 0.9786567683563392 59568.0000000000000000 169.8369565217391255 56774.2797760000030394
1071 0.9787727641804895 59574.0000000000000000 170.7650273224043644 56785.7170879999976023
1072 0.9787727641804895 59574.0000000000000000 170.7650273224043644 56785.7170879999976023
1073 0.9788307620925647 59576.0000000000000000 171.2328767123287605 56789.5298239999974612
1074 0.9788307620925647 59576.0000000000000000 171.2328767123287605 56789.5298239999974612
1075 0.9788887600046399 59586.0000000000000000 171.7032967032967008 56808.5941440000024159
1076 0.9788887600046399 59586.0000000000000000 171.7032967032967008 56808.5941440000024159
1077 0.9788887600046399 59586.0000000000000000 171.7032967032967008 56808.5941440000024159
1078 0.9788887600046399 59586.0000000000000000 171.7032967032967008 56808.5941440000024159
1079 0.9788887600046399 59586.0000000000000000 171.7032967032967008 56808.5941440000024159
1080 0.9789467579167150 59588.0000000000000000 172.1763085399448983 56812.4076480000003357
1081 0.9789467579167150 59588.0000000000000000 172.1763085399448983 56812.4076480000003357
1082 0.9789467579167150 59588.0000000000000000 172.1763085399448983 56812.4076480000003357
1083 0.9790047558287902 59588.0000000000000000 172.6519337016574696 56812.4094400000030873
1084 0.9790047558287902 59588.0000000000000000 172.6519337016574696 56812.4094400000030873
1085 0.9790047558287902 59588.0000000000000000 172.6519337016574696 56812.4094400000030873
1086 0.9790047558287902 59588.0000000000000000 172.6519337016574696 56812.4094400000030873
1087 0.9790047558287902 59588.0000000000000000 172.6519337016574696 56812.4094400000030873
1088 0.9790047558287902 59588.0000000000000000 172.6519337016574696 56812.4094400000030873
1089 0.9790047558287902 59588.0000000000000000 172.6519337016574696 56812.4094400000030873
1090 0.9790047558287902 59588.0000000000000000 172.6519337016574696 56812.4094400000030873
1091 0.9790627537408654 59588.0000000000000000 173.1301939058171797 56812.4096960000024410
1092 0.9790627537408654 59588.0000000000000000 173.1301939058171797 56812.4096960000024410
1093 0.9790627537408654 59588.0000000000000000 173.1301939058171797 56812.4096960000024410
1094 0.9790627537408654 59588.0000000000000000 173.1301939058171797 56812.4096960000024410
1095 0.9791207516529405 59592.0000000000000000 173.6111111111111143 56820.0369599999976344
1096 0.9792367474770908 59612.0000000000000000 174.5810055865921697 56858.1769920000006096
1097 0.9792947453891659 59618.0000000000000000 175.0700280112044709 56869.6224960000035935
1098 0.9793527433012411 59620.0000000000000000 175.5617977528089853 56873.4380480000036187
1099 0.9793527433012411 59620.0000000000000000 175.5617977528089853 56873.4380480000036187
1100 0.9793527433012411 59620.0000000000000000 175.5617977528089853 56873.4380480000036187
1101 0.9793527433012411 59620.0000000000000000 175.5617977528089853 56873.4380480000036187
1102 0.9794107412133163 59624.0000000000000000 176.0563380281690229 56881.0694080000030226
1103 0.9794107412133163 59624.0000000000000000 176.0563380281690229 56881.0694080000030226
1104 0.9794107412133163 59624.0000000000000000 176.0563380281690229 56881.0694080000030226
1105 0.9794107412133163 59624.0000000000000000 176.0563380281690229 56881.0694080000030226
1106 0.9794687391253915 59628.0000000000000000 176.5536723163841941 56888.7012800000011339
1107 0.9794687391253915 59628.0000000000000000 176.5536723163841941 56888.7012800000011339
1108 0.9794687391253915 59628.0000000000000000 176.5536723163841941 56888.7012800000011339
1109 0.9795267370374666 59638.0000000000000000 177.0538243626062354 56907.7822400000004563
1110 0.9795267370374666 59638.0000000000000000 177.0538243626062354 56907.7822400000004563
1111 0.9795267370374666 59638.0000000000000000 177.0538243626062354 56907.7822400000004563
1112 0.9795267370374666 59638.0000000000000000 177.0538243626062354 56907.7822400000004563
1113 0.9795847349495418 59640.0000000000000000 177.5568181818181870 56911.5990719999972498
1114 0.9796427328616170 59644.0000000000000000 178.0626780626780601 56919.2329919999974663
1115 0.9797587286857673 59698.0000000000000000 179.0830945558739131 57022.3203520000024582
1116 0.9797587286857673 59698.0000000000000000 179.0830945558739131 57022.3203520000024582
1117 0.9797587286857673 59698.0000000000000000 179.0830945558739131 57022.3203520000024582
1118 0.9797587286857673 59698.0000000000000000 179.0830945558739131 57022.3203520000024582
1119 0.9797587286857673 59698.0000000000000000 179.0830945558739131 57022.3203520000024582
1120 0.9798167265978425 59702.0000000000000000 179.5977011494252906 57029.9616959999984829
1121 0.9798167265978425 59702.0000000000000000 179.5977011494252906 57029.9616959999984829
1122 0.9799327224219928 59702.0000000000000000 180.6358381502890040 57029.9671999999991385
1123 0.9799327224219928 59702.0000000000000000 180.6358381502890040 57029.9671999999991385
1124 0.9799327224219928 59702.0000000000000000 180.6358381502890040 57029.9671999999991385
1125 0.9799907203340680 59706.0000000000000000 181.1594202898550634 57037.6090560000011465
1126 0.9799907203340680 59706.0000000000000000 181.1594202898550634 57037.6090560000011465
1127 0.9800487182461431 59708.0000000000000000 181.6860465116278931 57041.4302400000015041
1128 0.9801067161582183 59714.0000000000000000 182.2157434402332399 57052.8941760000016075
1129 0.9801067161582183 59714.0000000000000000 182.2157434402332399 57052.8941760000016075
1130 0.9801067161582183 59714.0000000000000000 182.2157434402332399 57052.8941760000016075
1131 0.9801067161582183 59714.0000000000000000 182.2157434402332399 57052.8941760000016075
1132 0.9801067161582183 59714.0000000000000000 182.2157434402332399 57052.8941760000016075
1133 0.9801067161582183 59714.0000000000000000 182.2157434402332399 57052.8941760000016075
1134 0.9801067161582183 59714.0000000000000000 182.2157434402332399 57052.8941760000016075
1135 0.9801067161582183 59714.0000000000000000 182.2157434402332399 57052.8941760000016075
1136 0.9801067161582183 59714.0000000000000000 182.2157434402332399 57052.8941760000016075
1137 0.9801067161582183 59714.0000000000000000 182.2157434402332399 57052.8941760000016075
1138 0.9801067161582183 59714.0000000000000000 182.2157434402332399 57052.8941760000016075
1139 0.9802227119823687 59720.0000000000000000 183.2844574780058622 57064.3595199999981560
1140 0.9802227119823687 59720.0000000000000000 183.2844574780058622 57064.3595199999981560
1141 0.9803387078065190 59728.0000000000000000 184.3657817109144617 57079.6483519999965210
1142 0.9803387078065190 59728.0000000000000000 184.3657817109144617 57079.6483519999965210
1143 0.9803387078065190 59728.0000000000000000 184.3657817109144617 57079.6483519999965210
1144 0.9804547036306693 59734.0000000000000000 185.4599406528190002 57091.1163840000008349
1145 0.9805127015427445 59745.0000000000000000 186.0119047619047592 57112.1427519999997457
1146 0.9805127015427445 59745.0000000000000000 186.0119047619047592 57112.1427519999997457
1147 0.9805127015427445 59745.0000000000000000 186.0119047619047592 57112.1427519999997457
1148 0.9805706994548197 59749.0000000000000000 186.5671641791044806 57119.7901120000024093
1149 0.9805706994548197 59749.0000000000000000 186.5671641791044806 57119.7901120000024093
1150 0.9805706994548197 59749.0000000000000000 186.5671641791044806 57119.7901120000024093
1151 0.9805706994548197 59749.0000000000000000 186.5671641791044806 57119.7901120000024093
1152 0.9805706994548197 59749.0000000000000000 186.5671641791044806 57119.7901120000024093
1153 0.9805706994548197 59749.0000000000000000 186.5671641791044806 57119.7901120000024093
1154 0.9805706994548197 59749.0000000000000000 186.5671641791044806 57119.7901120000024093
1155 0.9805706994548197 59749.0000000000000000 186.5671641791044806 57119.7901120000024093
1156 0.9805706994548197 59749.0000000000000000 186.5671641791044806 57119.7901120000024093
1157 0.9806286973668948 59751.0000000000000000 187.1257485029940142 57123.6140480000030948
1158 0.9806286973668948 59751.0000000000000000 187.1257485029940142 57123.6140480000030948
1159 0.9806286973668948 59751.0000000000000000 187.1257485029940142 57123.6140480000030948
1160 0.9806866952789700 59755.0000000000000000 187.6876876876876850 57131.2621759999965434
1161 0.9806866952789700 59755.0000000000000000 187.6876876876876850 57131.2621759999965434
1162 0.9806866952789700 59755.0000000000000000 187.6876876876876850 57131.2621759999965434
1163 0.9806866952789700 59755.0000000000000000 187.6876876876876850 57131.2621759999965434
1164 0.9807446931910451 59799.0000000000000000 188.2530120481927725 57215.3972159999975702
1165 0.9807446931910451 59799.0000000000000000 188.2530120481927725 57215.3972159999975702
1166 0.9807446931910451 59799.0000000000000000 188.2530120481927725 57215.3972159999975702
1167 0.9808026911031202 59815.0000000000000000 188.8217522658610221 57246.0143039999966277
1168 0.9808026911031202 59815.0000000000000000 188.8217522658610221 57246.0143039999966277
1169 0.9808606890151954 59849.0000000000000000 189.3939393939394051 57311.0930240000016056
1170 0.9808606890151954 59849.0000000000000000 189.3939393939394051 57311.0930240000016056
1171 0.9808606890151954 59849.0000000000000000 189.3939393939394051 57311.0930240000016056
1172 0.9808606890151954 59849.0000000000000000 189.3939393939394051 57311.0930240000016056
1173 0.9808606890151954 59849.0000000000000000 189.3939393939394051 57311.0930240000016056
1174 0.9808606890151954 59849.0000000000000000 189.3939393939394051 57311.0930240000016056
1175 0.9808606890151954 59849.0000000000000000 189.3939393939394051 57311.0930240000016056
1176 0.9809186869272706 59851.0000000000000000 189.9696048632218890 57314.9233600000006845
1177 0.9809186869272706 59851.0000000000000000 189.9696048632218890 57314.9233600000006845
1178 0.9809186869272706 59851.0000000000000000 189.9696048632218890 57314.9233600000006845
1179 0.9809186869272706 59851.0000000000000000 189.9696048632218890 57314.9233600000006845
1180 0.9809186869272706 59851.0000000000000000 189.9696048632218890 57314.9233600000006845
1181 0.9809186869272706 59851.0000000000000000 189.9696048632218890 57314.9233600000006845
1182 0.9809766848393457 59855.0000000000000000 190.5487804878048905 57322.5842879999981960
1183 0.9809766848393457 59855.0000000000000000 190.5487804878048905 57322.5842879999981960
1184 0.9809766848393457 59855.0000000000000000 190.5487804878048905 57322.5842879999981960
1185 0.9809766848393457 59855.0000000000000000 190.5487804878048905 57322.5842879999981960
1186 0.9809766848393457 59855.0000000000000000 190.5487804878048905 57322.5842879999981960
1187 0.9809766848393457 59855.0000000000000000 190.5487804878048905 57322.5842879999981960
1188 0.9810346827514209 59855.0000000000000000 191.1314984709480029 57322.5853120000028866
1189 0.9810346827514209 59855.0000000000000000 191.1314984709480029 57322.5853120000028866
1190 0.9810346827514209 59855.0000000000000000 191.1314984709480029 57322.5853120000028866
1191 0.9810346827514209 59855.0000000000000000 191.1314984709480029 57322.5853120000028866
1192 0.9810926806634961 59855.0000000000000000 191.7177914110429526 57322.5867839999991702
1193 0.9810926806634961 59855.0000000000000000 191.7177914110429526 57322.5867839999991702
1194 0.9810926806634961 59855.0000000000000000 191.7177914110429526 57322.5867839999991702
1195 0.9810926806634961 59855.0000000000000000 191.7177914110429526 57322.5867839999991702
1196 0.9811506785755713 59859.0000000000000000 192.3076923076923208 57330.2482240000026650
1197 0.9811506785755713 59859.0000000000000000 192.3076923076923208 57330.2482240000026650
1198 0.9811506785755713 59859.0000000000000000 192.3076923076923208 57330.2482240000026650
1199 0.9811506785755713 59859.0000000000000000 192.3076923076923208 57330.2482240000026650
1200 0.9811506785755713 59859.0000000000000000 192.3076923076923208 57330.2482240000026650
1201 0.9811506785755713 59859.0000000000000000 192.3076923076923208 57330.2482240000026650
1202 0.9812086764876464 59861.0000000000000000 192.9012345679012412 57334.0792000000001281
1203 0.9813246723117968 59865.0000000000000000 194.0993788819875761 57341.7425599999987753
1204 0.9813246723117968 59865.0000000000000000 194.0993788819875761 57341.7425599999987753
1205 0.9813246723117968 59865.0000000000000000 194.0993788819875761 57341.7425599999987753
1206 0.9813246723117968 59865.0000000000000000 194.0993788819875761 57341.7425599999987753
1207 0.9813826702238719 59869.0000000000000000 194.7040498442367493 57349.4052799999990384
1208 0.9813826702238719 59869.0000000000000000 194.7040498442367493 57349.4052799999990384
1209 0.9813826702238719 59869.0000000000000000 194.7040498442367493 57349.4052799999990384
1210 0.9813826702238719 59869.0000000000000000 194.7040498442367493 57349.4052799999990384
1211 0.9813826702238719 59869.0000000000000000 194.7040498442367493 57349.4052799999990384
1212 0.9814406681359471 59871.0000000000000000 195.3125000000000000 57353.2368960000021616
1213 0.9814406681359471 59871.0000000000000000 195.3125000000000000 57353.2368960000021616
1214 0.9815566639600974 59898.0000000000000000 196.5408805031446491 57404.9711999999999534
1215 0.9816146618721726 59902.0000000000000000 197.1608832807571048 57412.6381439999968279
1216 0.9816146618721726 59902.0000000000000000 197.1608832807571048 57412.6381439999968279
1217 0.9816146618721726 59902.0000000000000000 197.1608832807571048 57412.6381439999968279
1218 0.9816146618721726 59902.0000000000000000 197.1608832807571048 57412.6381439999968279
1219 0.9816726597842478 59906.0000000000000000 197.7848101265822720 57420.3055999999996857
1220 0.9818466535204733 59924.0000000000000000 199.6805111821086314 57454.8145280000026105
1221 0.9818466535204733 59924.0000000000000000 199.6805111821086314 57454.8145280000026105
1222 0.9818466535204733 59924.0000000000000000 199.6805111821086314 57454.8145280000026105
1223 0.9819046514325485 59952.0000000000000000 200.3205128205128176 57508.5064320000019507
1224 0.9819046514325485 59952.0000000000000000 200.3205128205128176 57508.5064320000019507
1225 0.9819046514325485 59952.0000000000000000 200.3205128205128176 57508.5064320000019507
1226 0.9819626493446236 59954.0000000000000000 200.9646302250803842 57512.3433599999989383
1227 0.9820206472566988 59958.0000000000000000 201.6129032258064626 57520.0174719999995432
1228 0.9820206472566988 59958.0000000000000000 201.6129032258064626 57520.0174719999995432
1229 0.9820786451687740 59964.0000000000000000 202.2653721682847845 57531.5294080000021495
1230 0.9820786451687740 59964.0000000000000000 202.2653721682847845 57531.5294080000021495
1231 0.9821366430808491 59968.0000000000000000 202.9220779220779320 57539.2047999999995227
1232 0.9821366430808491 59968.0000000000000000 202.9220779220779320 57539.2047999999995227
1233 0.9821946409929243 59981.0000000000000000 203.5830618892508141 57564.1514880000031553
1234 0.9821946409929243 59981.0000000000000000 203.5830618892508141 57564.1514880000031553
1235 0.9821946409929243 59981.0000000000000000 203.5830618892508141 57564.1514880000031553
1236 0.9822526389049995 59995.0000000000000000 204.2483660130718874 57591.0229760000001988
1237 0.9822526389049995 59995.0000000000000000 204.2483660130718874 57591.0229760000001988
1238 0.9822526389049995 59995.0000000000000000 204.2483660130718874 57591.0229760000001988
1239 0.9823106368170745 59995.0000000000000000 204.9180327868852487 57591.0261759999993956
1240 0.9823106368170745 59995.0000000000000000 204.9180327868852487 57591.0261759999993956
1241 0.9823106368170745 59995.0000000000000000 204.9180327868852487 57591.0261759999993956
1242 0.9823106368170745 59995.0000000000000000 204.9180327868852487 57591.0261759999993956
1243 0.9823106368170745 59995.0000000000000000 204.9180327868852487 57591.0261759999993956
1244 0.9823106368170745 59995.0000000000000000 204.9180327868852487 57591.0261759999993956
1245 0.9823106368170745 59995.0000000000000000 204.9180327868852487 57591.0261759999993956
1246 0.9823686347291497 60007.0000000000000000 205.5921052631578902 57614.0642559999978403
1247 0.9824266326412249 60011.0000000000000000 206.2706270627062679 57621.7451520000031451
1248 0.9824266326412249 60011.0000000000000000 206.2706270627062679 57621.7451520000031451
1249 0.9824266326412249 60011.0000000000000000 206.2706270627062679 57621.7451520000031451
1250 0.9824266326412249 60011.0000000000000000 206.2706270627062679 57621.7451520000031451
1251 0.9825426284653752 60025.0000000000000000 207.6411960132890329 57648.6313599999994040
1252 0.9825426284653752 60025.0000000000000000 207.6411960132890329 57648.6313599999994040
1253 0.9825426284653752 60025.0000000000000000 207.6411960132890329 57648.6313599999994040
1254 0.9826006263774504 60042.0000000000000000 208.3333333333333428 57681.2849599999972270
1255 0.9826006263774504 60042.0000000000000000 208.3333333333333428 57681.2849599999972270
1256 0.9826006263774504 60042.0000000000000000 208.3333333333333428 57681.2849599999972270
1257 0.9826586242895256 60077.0000000000000000 209.0301003344481501 57748.5319999999992433
1258 0.9826586242895256 60077.0000000000000000 209.0301003344481501 57748.5319999999992433
1259 0.9826586242895256 60077.0000000000000000 209.0301003344481501 57748.5319999999992433
1260 0.9826586242895256 60077.0000000000000000 209.0301003344481501 57748.5319999999992433
1261 0.9827166222016007 60077.0000000000000000 209.7315436241610769 57748.5588799999968614
1262 0.9827746201136759 60083.0000000000000000 210.4377104377104502 57760.0936639999999898
1263 0.9828906159378262 60093.0000000000000000 211.8644067796610102 57779.3209920000008424
1264 0.9828906159378262 60093.0000000000000000 211.8644067796610102 57779.3209920000008424
1265 0.9828906159378262 60093.0000000000000000 211.8644067796610102 57779.3209920000008424
1266 0.9828906159378262 60093.0000000000000000 211.8644067796610102 57779.3209920000008424
1267 0.9828906159378262 60093.0000000000000000 211.8644067796610102 57779.3209920000008424
1268 0.9828906159378262 60093.0000000000000000 211.8644067796610102 57779.3209920000008424
1269 0.9828906159378262 60093.0000000000000000 211.8644067796610102 57779.3209920000008424
1270 0.9828906159378262 60093.0000000000000000 211.8644067796610102 57779.3209920000008424
1271 0.9829486138499014 60097.0000000000000000 212.5850340136054513 57787.0128960000001825
1272 0.9829486138499014 60097.0000000000000000 212.5850340136054513 57787.0128960000001825
1273 0.9829486138499014 60097.0000000000000000 212.5850340136054513 57787.0128960000001825
1274 0.9829486138499014 60097.0000000000000000 212.5850340136054513 57787.0128960000001825
1275 0.9830066117619766 60097.0000000000000000 213.3105802047781481 57787.0136639999982435
1276 0.9830066117619766 60097.0000000000000000 213.3105802047781481 57787.0136639999982435
1277 0.9830066117619766 60097.0000000000000000 213.3105802047781481 57787.0136639999982435
1278 0.9830066117619766 60097.0000000000000000 213.3105802047781481 57787.0136639999982435
1279 0.9830066117619766 60097.0000000000000000 213.3105802047781481 57787.0136639999982435
1280 0.9830646096740517 60109.0000000000000000 214.0410958904109577 57810.0909119999996619
1281 0.9830646096740517 60109.0000000000000000 214.0410958904109577 57810.0909119999996619
1282 0.9830646096740517 60109.0000000000000000 214.0410958904109577 57810.0909119999996619
1283 0.9831226075861269 60113.0000000000000000 214.7766323024054884 57817.7848640000011073
1284 0.9831226075861269 60113.0000000000000000 214.7766323024054884 57817.7848640000011073
1285 0.9831226075861269 60113.0000000000000000 214.7766323024054884 57817.7848640000011073
1286 0.9831226075861269 60113.0000000000000000 214.7766323024054884 57817.7848640000011073
1287 0.9831226075861269 60113.0000000000000000 214.7766323024054884 57817.7848640000011073
1288 0.9831226075861269 60113.0000000000000000 214.7766323024054884 57817.7848640000011073
1289 0.9831226075861269 60113.0000000000000000 214.7766323024054884 57817.7848640000011073
1290 0.9831226075861269 60113.0000000000000000 214.7766323024054884 57817.7848640000011073
1291 0.9832386034102772 60181.0000000000000000 216.2629757785467177 57948.6269440000032773
1292 0.9832386034102772 60181.0000000000000000 216.2629757785467177 57948.6269440000032773
1293 0.9832386034102772 60181.0000000000000000 216.2629757785467177 57948.6269440000032773
1294 0.9832966013223524 60185.0000000000000000 217.0138888888888857 57956.3301120000032824
1295 0.9832966013223524 60185.0000000000000000 217.0138888888888857 57956.3301120000032824
1296 0.9832966013223524 60185.0000000000000000 217.0138888888888857 57956.3301120000032824
1297 0.9832966013223524 60185.0000000000000000 217.0138888888888857 57956.3301120000032824
1298 0.9832966013223524 60185.0000000000000000 217.0138888888888857 57956.3301120000032824
1299 0.9832966013223524 60185.0000000000000000 217.0138888888888857 57956.3301120000032824
