Simulation.timestep  Simulation.tps  md.compute.ThermodynamicQuantities.kinetic_temperature md.compute.ThermodynamicQuantities.pressure md.compute.ThermodynamicQuantities.kinetic_energy md.compute.ThermodynamicQuantities.potential_energy md.compute.ThermodynamicQuantities.volume
       9100             7.65014                             1.02954                                          -0.00660                                      97484.29228                                        7.08779e+05                                    77934.09403               
       10100            9.26397                             1.02200                                           0.11801                                      96770.77106                                        7.08620e+05                                    76282.97609               
       11100            9.26750                             1.00903                                           0.08315                                      95542.41458                                        7.12661e+05                                    76253.84000               
       12100            9.23170                             1.00387                                           0.04550                                      95053.78555                                        7.17079e+05                                    76220.79879               
       13100            9.47945                             1.00391                                          -0.02355                                      95057.68396                                        7.21066e+05                                    76078.59140               
       14100            9.44886                             1.00232                                           0.06658                                      94906.87417                                        7.26099e+05                                    76040.87482               
       15100            9.22003                             0.99972                                           0.04995                                      94661.34741                                        7.30124e+05                                    75990.44383               
       16100            9.46018                             0.99663                                          -0.01496                                      94368.84418                                        7.35779e+05                                    76167.59271               
       17100            9.48354                             0.98937                                          -0.06868                                      93680.58813                                        7.39631e+05                                    76138.57589               
       18100            9.47647                             0.98657                                          -0.02492                                      93415.54151                                        7.44876e+05                                    76065.42697               
       19100            9.46057                             0.98949                                          -0.04621                                      93692.59191                                        7.48770e+05                                    76013.34244               
       20100            9.43339                             0.99684                                          -0.06246                                      94388.16005                                        7.52901e+05                                    75835.14492               
       21100            9.17454                             0.99222                                           0.03935                                      93950.79492                                        7.56980e+05                                    75603.78651               
       22100            9.40709                             0.99748                                           0.07555                                      94448.59357                                        7.63093e+05                                    75698.96758               
       23100            9.41783                             0.99710                                           0.06938                                      94412.60440                                        7.66807e+05                                    75535.17653               
       24100            9.40461                             0.99218                                           0.01290                                      93947.28465                                        7.70796e+05                                    75573.89948               
       25100            9.41433                             0.98966                                           0.03931                                      93708.53311                                        7.74786e+05                                    75521.70712               
       26100            9.19056                             0.99125                                          -0.10265                                      93858.62435                                        7.80803e+05                                    75914.03480               
       27100            9.17896                             0.99862                                           0.01120                                      94556.52772                                        7.84441e+05                                    75750.21506               
       28100            9.36407                             0.99160                                          -0.02340                                      93892.25224                                        7.86718e+05                                    75443.63709               
       29100            9.39705                             0.98504                                          -0.07077                                      93270.96135                                        7.91992e+05                                    75489.90107               
       30100            9.39616                             0.98395                                          -0.02934                                      93167.61098                                        7.95618e+05                                    75390.11099               
       31100            9.43615                             0.99499                                           0.00979                                      94213.27340                                        7.99140e+05                                    75266.55053               
       32100            9.42168                             0.99175                                           0.05489                                      93905.95969                                        8.04005e+05                                    75359.00269               
       33100            9.40036                             0.99520                                          -0.04042                                      94233.18078                                        8.07019e+05                                    75312.49754               
       34100            9.40150                             0.99208                                          -0.05949                                      93937.19830                                        8.10803e+05                                    75327.56155               
       35100            9.43063                             0.98816                                          -0.03947                                      93566.15778                                        8.15047e+05                                    75387.13775               
       36100            9.39011                             0.98887                                          -0.06314                                      93633.61466                                        8.18784e+05                                    75356.84544               
       37100            9.39243                             0.99381                                          -0.03960                                      94101.51009                                        8.22379e+05                                    75271.37480               
       38100            9.40962                             0.99089                                          -0.08251                                      93824.73284                                        8.26403e+05                                    75542.81545               
       39100            9.39469                             0.98302                                          -0.04239                                      93079.51348                                        8.28869e+05                                    75190.22868               
       40100            9.34937                             0.99451                                          -0.06170                                      94168.05123                                        8.32549e+05                                    75247.72544               
       41100            9.11975                             0.99575                                           0.08146                                      94285.29706                                        8.35610e+05                                    74993.72479               
       42100            9.38608                             0.99826                                          -0.01867                                      94522.72997                                        8.40628e+05                                    75251.52859               
       43100            9.37034                             0.98906                                          -0.05417                                      93651.46705                                        8.42637e+05                                    75052.71766               
       44100            9.15334                             0.98474                                           0.00626                                      93242.11630                                        8.46183e+05                                    75124.09709               
       45100            9.10256                             0.99217                                           0.01772                                      93945.72863                                        8.49255e+05                                    74966.12629               
       46100            9.32889                             0.98751                                           0.03242                                      93504.86266                                        8.51761e+05                                    74705.48431               
       47100            9.33092                             0.98829                                           0.05090                                      93578.91354                                        8.55869e+05                                    74797.08578               
       48100            9.31684                             0.99496                                           0.02876                                      94209.87316                                        8.58721e+05                                    74823.29167               
       49100            9.10750                             0.99127                                          -0.00726                                      93860.44141                                        8.63447e+05                                    74867.81962               
       50100            9.30845                             0.98696                                           0.01234                                      93452.38352                                        8.65730e+05                                    74819.43049               
       51100            9.31677                             0.98921                                          -0.05009                                      93665.46008                                        8.69806e+05                                    74955.66165               
       52100            9.13630                             0.99610                                          -0.06538                                      94317.99182                                        8.73173e+05                                    74998.97096               
       53100            9.31875                             0.99631                                           0.00893                                      94338.18548                                        8.74454e+05                                    74709.36458               
       54100            9.32111                             0.98762                                          -0.06103                                      93515.71440                                        8.76956e+05                                    74665.38145               
       55100            9.10686                             0.99148                                          -0.01332                                      93880.90253                                        8.80298e+05                                    74709.70978               
       56100            9.10087                             1.00279                                           0.06035                                      94951.68997                                        8.82742e+05                                    74411.41033               
       57100            9.07963                             0.99479                                           0.03567                                      94193.89685                                        8.85744e+05                                    74569.13005               
       58100            9.31607                             0.99935                                           0.03434                                      94626.21684                                        8.87314e+05                                    74509.86053               
       59100            9.30684                             0.99158                                           0.05617                                      93890.50870                                        8.90131e+05                                    74510.40884               
       60100            9.30713                             0.99303                                           0.01907                                      94027.11365                                        8.92937e+05                                    74417.64135               
       61100            9.32579                             0.99628                                          -0.00941                                      94335.11006                                        8.96765e+05                                    74627.52811               
       62100            9.30668                             0.99032                                          -0.10414                                      93770.94823                                        8.97878e+05                                    74560.92753               
       63100            9.27740                             0.99338                                          -0.06686                                      94061.07690                                        9.01181e+05                                    74626.29620               
       64100            9.31159                             0.98962                                          -0.01479                                      93705.01759                                        9.03419e+05                                    74500.18190               
       65100            9.29320                             0.99318                                          -0.06822                                      94041.88481                                        9.05571e+05                                    74471.21034               
       66100            9.24836                             0.99063                                           0.06563                                      93800.15465                                        9.08148e+05                                    74351.11243               
       67100            9.27326                             0.99816                                           0.01378                                      94513.52008                                        9.11394e+05                                    74416.90523               
       68100            9.30402                             0.99032                                          -0.00965                                      93770.52152                                        9.14178e+05                                    74528.51266               
       69100            9.29501                             0.99046                                           0.05475                                      93784.18128                                        9.14388e+05                                    74129.79441               
       70100            9.27876                             0.99759                                           0.05439                                      94459.39357                                        9.18147e+05                                    74275.86629               
       71100            9.27075                             1.00093                                          -0.02948                                      94775.12810                                        9.20432e+05                                    74398.64635               
       72100            9.27888                             0.99106                                          -0.03900                                      93841.28583                                        9.22923e+05                                    74439.33265               
       73100            9.04112                             0.98758                                          -0.14464                                      93511.83482                                        9.25283e+05                                    74487.91696               
       74100            9.25198                             0.98993                                          -0.05928                                      93734.07771                                        9.27590e+05                                    74374.43708               
       75100            9.28018                             0.99215                                          -0.09867                                      93943.81663                                        9.29262e+05                                    74225.43439               
       76100            9.22926                             0.99916                                           0.00855                                      94608.32160                                        9.31597e+05                                    74169.21946               
       77100            9.25720                             0.99106                                           0.00977                                      93840.84322                                        9.33363e+05                                    74142.12650               
       78100            9.29018                             0.99180                                          -0.09611                                      93911.32753                                        9.36586e+05                                    74515.39577               
       79100            9.23400                             0.98869                                           0.01132                                      93616.95692                                        9.37144e+05                                    74088.97291               
       80100            9.23297                             0.99608                                           0.01973                                      94315.88021                                        9.39595e+05                                    74145.91657               
       81100            9.24966                             0.99484                                           0.00155                                      94198.48418                                        9.40748e+05                                    74040.00462               
       82100            9.22101                             0.99404                                          -0.00716                                      94123.01839                                        9.43443e+05                                    74123.11043               
       83100            9.24381                             0.99053                                          -0.02602                                      93790.65768                                        9.43191e+05                                    73865.20672               
       84100            9.24276                             0.98898                                          -0.01948                                      93644.16165                                        9.45813e+05                                    74110.38716               
       85100            9.20818                             0.98870                                           0.03553                                      93617.62176                                        9.47354e+05                                    73746.41549               
       86100            9.23111                             0.99477                                           0.02440                                      94192.10063                                        9.50290e+05                                    74021.08871               
       87100            9.47821                             0.99427                                           0.01446                                      94145.20818                                        9.53222e+05                                    74024.57036               
       88100            9.22825                             0.99902                                          -0.02911                                      94594.67280                                        9.54715e+05                                    73999.16350               
       89100            9.20675                             0.99815                                           0.06856                                      94511.95247                                        9.56668e+05                                    73891.67613               
       90100            9.22318                             1.00327                                           0.03885                                      94997.45061                                        9.59420e+05                                    74117.54226               
       91100            9.22509                             0.99165                                          -0.01649                                      93896.97191                                        9.60313e+05                                    73901.77806               
       92100            9.23671                             0.99201                                          -0.05670                                      93931.15484                                        9.63360e+05                                    74224.54404               
       93100            9.21718                             0.99462                                           0.07904                                      94177.67451                                        9.65043e+05                                    73888.26817               
       94100            9.20282                             0.98466                                           0.01992                                      93235.45353                                        9.64519e+05                                    73740.30252               
       95100            9.45117                             0.99949                                           0.07715                                      94639.12302                                        9.67081e+05                                    73799.69952               
       96100            9.21947                             0.99298                                          -0.06411                                      94022.72996                                        9.69768e+05                                    73925.71639               
       97100            9.23097                             0.99463                                          -0.00706                                      94179.12536                                        9.72019e+05                                    73954.51545               
       98100            9.24309                             0.99748                                          -0.00930                                      94449.00690                                        9.72956e+05                                    73816.34076               
       99100            8.99561                             0.99432                                           0.07860                                      94149.22324                                        9.75125e+05                                    73801.18586               
      100100            9.24004                             0.98504                                          -0.04369                                      93271.16825                                        9.76268e+05                                    73925.54307               
      101100            9.22248                             0.98965                                           0.00767                                      93707.28716                                        9.76943e+05                                    73744.70008               
      102100            9.23642                             0.99877                                           0.01314                                      94571.12430                                        9.79823e+05                                    73923.51346               
      103100            9.22085                             0.99506                                          -0.04691                                      94219.78513                                        9.80608e+05                                    73858.20980               
      104100            9.22251                             0.99721                                          -0.06206                                      94423.69385                                        9.82015e+05                                    73896.13161               
      105100            9.22447                             0.99277                                           0.06369                                      94002.56742                                        9.82232e+05                                    73712.21033               
      106100            9.21061                             0.99037                                           0.00046                                      93775.24036                                        9.83772e+05                                    73768.77081               
      107100            9.20601                             0.99024                                          -0.06846                                      93763.19485                                        9.84973e+05                                    73720.90758               
      108100            9.20817                             0.99120                                          -0.03933                                      93853.98345                                        9.87531e+05                                    73757.63789               
      109100            9.21180                             0.99437                                           0.02356                                      94154.62649                                        9.88020e+05                                    73593.39606               
      110100            9.22296                             0.98930                                          -0.02250                                      93673.95487                                        9.89565e+05                                    73730.97935               
      111100            9.19070                             0.98743                                          -0.12128                                      93496.96723                                        9.91805e+05                                    73784.90967               
      112100            9.21008                             0.98906                                           0.04594                                      93651.92248                                        9.92642e+05                                    73627.50366               
      113100            9.20104                             0.99474                                          -0.06162                                      94189.53033                                        9.95353e+05                                    73680.09267               
      114100            9.17540                             0.99464                                           0.04981                                      94179.59624                                        9.94814e+05                                    73451.30444               
      115100            9.18314                             0.99152                                           0.03454                                      93884.76314                                        9.96655e+05                                    73656.80606               
      116100            9.21792                             0.99342                                          -0.00524                                      94064.47300                                        9.97238e+05                                    73530.54021               
      117100            9.44838                             0.98810                                          -0.07431                                      93560.88863                                        9.99460e+05                                    73766.11044               
      118100            9.20083                             0.98788                                          -0.05182                                      93540.22857                                        1.00049e+06                                    73620.06689               
      119100            9.19131                             0.99879                                          -0.02006                                      94572.59219                                        1.00080e+06                                    73514.97365               
      120100            9.19266                             0.99216                                           0.02066                                      93945.08404                                        1.00179e+06                                    73444.47242               
      121100            9.18035                             0.99944                                           0.00445                                      94634.33523                                        1.00431e+06                                    73458.64381               
      122100            9.18303                             0.99099                                           0.03674                                      93834.37998                                        1.00387e+06                                    73212.01247               
      123100            9.17855                             0.99799                                           0.05039                                      94497.35404                                        1.00611e+06                                    73355.93544               
      124100            9.38972                             0.99273                                          -0.00450                                      93999.19549                                        1.00713e+06                                    73414.05634               
      125100            9.14477                             0.99334                                          -0.06245                                      94056.99645                                        1.00783e+06                                    73454.58744               
      126100            9.18453                             0.99071                                          -0.01121                                      93807.44889                                        1.01005e+06                                    73520.25765               
      127100            9.14455                             1.00091                                          -0.00405                                      94773.60219                                        1.01121e+06                                    73481.21658               
      128100            9.14141                             0.99637                                           0.07542                                      94343.94065                                        1.01231e+06                                    73419.72189               
      129100            9.17393                             0.99765                                           0.03372                                      94464.95279                                        1.01278e+06                                    73405.80892               
      130100            9.17395                             0.99445                                          -0.05728                                      94161.51467                                        1.01485e+06                                    73587.25829               
      131100            9.17930                             0.99634                                          -0.10008                                      94341.05553                                        1.01601e+06                                    73601.73977               
      132100            9.16339                             0.99288                                           0.02198                                      94013.12218                                        1.01603e+06                                    73386.24247               
      133100            9.39905                             0.99324                                          -0.06401                                      94047.79840                                        1.01795e+06                                    73590.35281               
      134100            9.15435                             0.99694                                          -0.02337                                      94398.13584                                        1.01958e+06                                    73561.91682               
      135100            9.15179                             0.99143                                          -0.03367                                      93876.05750                                        1.01975e+06                                    73439.21218               
      136100            9.17083                             0.99526                                           0.00816                                      94238.31782                                        1.02097e+06                                    73354.53674               
      137100            9.18713                             0.99922                                          -0.00660                                      94613.77477                                        1.02271e+06                                    73389.31110               
      138100            9.41682                             0.99966                                          -0.07563                                      94654.90904                                        1.02368e+06                                    73569.02347               
      139100            9.38425                             0.99579                                          -0.07130                                      94289.10387                                        1.02405e+06                                    73548.72183               
      140100            9.17688                             0.99507                                           0.03412                                      94220.90925                                        1.02524e+06                                    73428.74676               
      141100            9.15277                             0.99927                                          -0.01766                                      94617.99204                                        1.02507e+06                                    73330.06669               
      142100            9.14454                             0.99698                                           0.04542                                      94401.26485                                        1.02710e+06                                    73353.54343               
      143100            9.36908                             1.00120                                           0.05865                                      94801.38832                                        1.02701e+06                                    73234.15206               
      144100            9.18063                             0.99437                                           0.05096                                      94154.15690                                        1.02752e+06                                    73277.13555               
      145100            9.17303                             0.99708                                           0.03886                                      94411.37443                                        1.02931e+06                                    73324.32544               
      146100            9.12171                             0.99105                                           0.12834                                      93839.80926                                        1.02876e+06                                    73134.21402               
      147100            9.16865                             1.00283                                           0.09323                                      94955.49166                                        1.02944e+06                                    73198.34913               
      148100            9.16612                             0.99370                                           0.06300                                      94091.32928                                        1.03066e+06                                    73347.23599               
      149100            9.16804                             0.98453                                          -0.02356                                      93222.70057                                        1.03138e+06                                    73268.02956               
      150100            8.92851                             0.99804                                           0.05125                                      94501.85221                                        1.03310e+06                                    73341.14453               
      151100            9.16794                             0.99684                                          -0.02800                                      94388.58949                                        1.03419e+06                                    73511.43128               
      152100            9.15596                             0.99221                                          -0.07983                                      93949.49582                                        1.03483e+06                                    73462.94030               
      153100            9.14355                             0.98993                                          -0.04023                                      93733.55387                                        1.03534e+06                                    73421.05994               
      154100            9.17443                             0.99315                                           0.00643                                      94039.04440                                        1.03798e+06                                    73553.78046               
      155100            9.15439                             0.99215                                           0.01135                                      93944.30060                                        1.03712e+06                                    73308.69207               
      156100            9.18368                             0.98893                                          -0.11624                                      93639.65919                                        1.03916e+06                                    73520.50418               
      157100            9.38831                             0.99116                                          -0.01978                                      93850.16113                                        1.03871e+06                                    73269.31397               
      158100            9.14365                             0.99052                                          -0.02280                                      93790.08237                                        1.04030e+06                                    73391.65497               
      159100            9.18345                             0.99415                                          -0.03589                                      94133.25670                                        1.04180e+06                                    73395.59079               
      160100            9.15776                             0.99474                                           0.01734                                      94189.37087                                        1.04205e+06                                    73304.65700               
      161100            9.17777                             0.99006                                          -0.03317                                      93746.06046                                        1.04256e+06                                    73319.06963               
      162100            9.13058                             0.99014                                           0.02644                                      93754.16738                                        1.04261e+06                                    73194.56415               
      163100            9.15146                             0.99905                                          -0.00409                                      94597.94784                                        1.04411e+06                                    73217.46591               
      164100            9.14911                             0.99005                                           0.05099                                      93745.19516                                        1.04457e+06                                    73174.26161               
      165100            9.12696                             0.99751                                           0.05380                                      94451.89314                                        1.04564e+06                                    73144.65176               
      166100            9.11641                             0.99877                                           0.04571                                      94570.90058                                        1.04514e+06                                    73071.85413               
      167100            9.15277                             0.99401                                          -0.02406                                      94120.41780                                        1.04660e+06                                    73234.50035               
      168100            9.13320                             0.99619                                          -0.02459                                      94326.65914                                        1.04740e+06                                    73277.62992               
      169100            9.38752                             0.98486                                          -0.11544                                      93254.01207                                        1.04739e+06                                    73286.20208               
      170100            9.39775                             0.99060                                          -0.12924                                      93797.17603                                        1.04934e+06                                    73378.58311               
      171100            9.40450                             0.98556                                          -0.04458                                      93320.34048                                        1.04895e+06                                    73294.61644               
      172100            9.12981                             0.99819                                           0.01830                                      94516.06916                                        1.05024e+06                                    73218.22486               
      173100            9.11614                             0.99140                                          -0.05085                                      93873.05801                                        1.05050e+06                                    73276.21999               
      174100            9.15766                             0.99523                                          -0.07541                                      94235.60021                                        1.05254e+06                                    73549.27388               
      175100            9.16016                             0.99102                                           0.02153                                      93837.25118                                        1.05282e+06                                    73391.63485               
      176100            9.16203                             0.99107                                          -0.11701                                      93842.38479                                        1.05128e+06                                    73295.07133               
      177100            9.14991                             1.00099                                          -0.03912                                      94780.78995                                        1.05331e+06                                    73341.98701               
      178100            9.13615                             0.98850                                           0.00999                                      93599.03802                                        1.05331e+06                                    73213.80145               
      179100            9.13183                             0.99533                                          -0.00275                                      94245.77242                                        1.05398e+06                                    73224.06143               
      180100            9.15361                             0.99588                                           0.01112                                      94297.35640                                        1.05530e+06                                    73147.91023               
      181100            9.12663                             0.99243                                           0.09541                                      93971.01665                                        1.05515e+06                                    73035.29730               
      182100            9.15549                             1.00388                                           0.04767                                      95054.77064                                        1.05769e+06                                    73358.64126               
      183100            9.12804                             0.99074                                          -0.00364                                      93810.96363                                        1.05598e+06                                    73113.97704               
      184100            9.13652                             0.99037                                           0.00421                                      93775.76415                                        1.05711e+06                                    73241.83782               
      185100            9.14624                             0.98750                                          -0.06999                                      93504.13510                                        1.05727e+06                                    73112.46393               
      186100            9.14688                             0.99351                                          -0.10581                                      94072.59435                                        1.05866e+06                                    73298.58193               
      187100            9.10909                             0.99982                                          -0.03040                                      94670.33943                                        1.05863e+06                                    73125.53898               
      188100            9.35248                             0.99394                                           0.01188                                      94113.94575                                        1.05907e+06                                    73050.82902               
      189100            9.11363                             0.99975                                           0.06656                                      94663.56433                                        1.05964e+06                                    72947.43376               
      190100            9.13972                             0.99660                                           0.01264                                      94365.79863                                        1.05987e+06                                    72984.27456               
      191100            9.11705                             0.99006                                          -0.05739                                      93746.51199                                        1.06132e+06                                    73232.96419               
      192100            9.13103                             0.98591                                           0.04582                                      93352.97556                                        1.06128e+06                                    73127.60977               
      193100            9.13353                             0.99498                                          -0.11348                                      94212.54872                                        1.06281e+06                                    73227.03940               
      194100            9.12401                             0.99047                                          -0.04014                                      93785.45228                                        1.06314e+06                                    73168.26367               
      195100            9.09494                             0.99378                                           0.04779                                      94098.13214                                        1.06261e+06                                    73034.74007               
      196100            9.10572                             0.98921                                           0.00945                                      93665.74874                                        1.06336e+06                                    73005.39602               
      197100            9.32579                             0.99977                                           0.01280                                      94665.57957                                        1.06430e+06                                    72999.46907               
      198100            9.11150                             0.99090                                          -0.00070                                      93825.40880                                        1.06377e+06                                    72863.47647               
      199100            9.10970                             0.99823                                          -0.00907                                      94520.18224                                        1.06567e+06                                    73100.71019               
      200100            9.31612                             0.98903                                          -0.03137                                      93648.71864                                        1.06512e+06                                    73042.51557               
      201100            9.11179                             0.99690                                          -0.05641                                      94394.27288                                        1.06618e+06                                    73107.08073               
      202100            9.14099                             0.99247                                          -0.08005                                      93974.45035                                        1.06677e+06                                    73139.12169               
      203100            9.11415                             0.99036                                           0.08852                                      93774.74503                                        1.06608e+06                                    72871.19735               
      204100            9.09777                             0.99392                                           0.01747                                      94112.02581                                        1.06734e+06                                    73038.63145               
      205100            9.13077                             1.00196                                          -0.02616                                      94872.97364                                        1.06817e+06                                    73184.55565               
      206100            9.12387                             0.99152                                           0.03354                                      93884.48189                                        1.06744e+06                                    72959.08047               
      207100            9.33268                             0.97705                                          -0.02122                                      92514.59545                                        1.06764e+06                                    73089.89101               
      208100            9.12058                             0.98846                                          -0.05000                                      93595.02734                                        1.06754e+06                                    72995.68975               
      209100            9.33118                             0.99219                                           0.02623                                      93947.74563                                        1.06844e+06                                    72932.17583               
      210100            9.12380                             0.99886                                           0.01512                                      94579.76262                                        1.06896e+06                                    72991.60695               
      211100            9.09295                             1.00159                                           0.08002                                      94838.29254                                        1.06878e+06                                    72801.11872               
      212100            9.29819                             0.99880                                           0.00540                                      94573.50954                                        1.06891e+06                                    72837.14850               
      213100            9.11728                             0.99239                                          -0.03492                                      93966.65829                                        1.06997e+06                                    72976.62626               
      214100            9.09426                             0.99569                                           0.00014                                      94279.56781                                        1.07064e+06                                    72875.01976               
      215100            9.13128                             1.00069                                           0.02877                                      94752.37417                                        1.07049e+06                                    72930.79929               
      216100            9.09088                             0.99085                                          -0.01587                                      93821.46976                                        1.07073e+06                                    72974.92369               
      217100            9.10277                             0.99396                                          -0.06045                                      94115.49463                                        1.07132e+06                                    72974.50306               
      218100            9.08596                             0.98794                                          -0.00510                                      93545.44656                                        1.07222e+06                                    72925.81087               
      219100            9.09064                             0.99746                                           0.04817                                      94446.74187                                        1.07195e+06                                    72889.77916               
      220100            9.09862                             1.00149                                           0.04154                                      94828.79899                                        1.07199e+06                                    72923.87807               
      221100            9.11509                             0.99300                                          -0.04932                                      94025.15582                                        1.07221e+06                                    72988.30725               
      222100            9.30198                             0.99142                                          -0.01918                                      93875.31414                                        1.07224e+06                                    73037.64650               
      223100            9.30747                             0.99007                                           0.09108                                      93747.46513                                        1.07279e+06                                    72857.16908               
      224100            9.09534                             0.99963                                          -0.01000                                      94652.05698                                        1.07330e+06                                    72888.25720               
      225100            9.10383                             0.98297                                          -0.00828                                      93075.33923                                        1.07196e+06                                    72758.44413               
      226100            9.12750                             0.97862                                          -0.05459                                      92662.80864                                        1.07306e+06                                    73007.00972               
      227100            9.10241                             0.99855                                          -0.03226                                      94550.41594                                        1.07402e+06                                    72831.45461               
      228100            9.12690                             0.99880                                          -0.01687                                      94573.70105                                        1.07534e+06                                    73068.41149               
      229100            9.12531                             0.99737                                          -0.02988                                      94438.88597                                        1.07549e+06                                    73015.72365               
      230100            9.10398                             0.99725                                          -0.03825                                      94427.45374                                        1.07536e+06                                    73042.58304               
      231100            9.13015                             0.99132                                           0.02809                                      93865.78530                                        1.07606e+06                                    73030.41021               
      232100            9.13168                             0.99090                                          -0.07332                                      93826.19668                                        1.07657e+06                                    73178.85389               
      233100            9.33197                             0.98725                                          -0.00815                                      93480.65703                                        1.07579e+06                                    72900.85949               
      234100            9.35262                             0.98910                                           0.01335                                      93655.36957                                        1.07635e+06                                    72937.03249               
      235100            9.08874                             0.99241                                          -0.02308                                      93968.61650                                        1.07628e+06                                    72880.91885               
      236100            9.10703                             0.98723                                          -0.12742                                      93477.91900                                        1.07638e+06                                    72951.16839               
      237100            9.09977                             0.99159                                          -0.00271                                      93891.15174                                        1.07661e+06                                    72877.91139               
      238100            9.33893                             0.99109                                           0.04140                                      93844.27045                                        1.07703e+06                                    72817.70393               
      239100            9.08543                             0.99762                                           0.00093                                      94461.93542                                        1.07844e+06                                    72893.51783               
      240100            9.12950                             0.99428                                          -0.00612                                      94146.28585                                        1.07855e+06                                    73021.90317               
      241100            9.35028                             0.99411                                           0.03791                                      94130.11973                                        1.07831e+06                                    72970.94384               
      242100            9.09094                             0.99335                                          -0.01489                                      94058.20995                                        1.07870e+06                                    72941.82916               
      243100            9.10256                             0.99001                                           0.07717                                      93741.38702                                        1.07895e+06                                    72828.54958               
      244100            9.10904                             0.99701                                           0.05455                                      94404.36851                                        1.07927e+06                                    72816.90441               
      245100            9.35867                             0.99640                                           0.06384                                      94346.26411                                        1.08008e+06                                    72958.02466               
      246100            9.34322                             0.98706                                          -0.08793                                      93462.44345                                        1.07936e+06                                    72961.61686               
      247100            9.12400                             0.98871                                           0.00013                                      93618.25896                                        1.08065e+06                                    73074.47895               
      248100            9.10122                             0.98768                                           0.11355                                      93521.38642                                        1.07945e+06                                    72720.52079               
      249100            9.06697                             0.99507                                           0.10969                                      94220.57849                                        1.07977e+06                                    72668.18359               
      250100            9.12323                             1.00436                                          -0.00196                                      95100.31361                                        1.08184e+06                                    73049.03927               
      251100            9.13638                             0.99619                                           0.07501                                      94326.64345                                        1.08057e+06                                    72874.23760               
      252100            9.06955                             0.99811                                           0.01203                                      94508.32305                                        1.07996e+06                                    72656.55284               
      253100            9.35696                             0.99547                                          -0.07043                                      94258.18030                                        1.08124e+06                                    72927.37989               
      254100            9.33341                             0.99879                                           0.04505                                      94573.28676                                        1.08073e+06                                    72813.05317               
      255100            9.12439                             0.99398                                           0.06090                                      94117.51534                                        1.08119e+06                                    72722.53313               
      256100            9.33702                             1.00049                                          -0.08263                                      94734.29918                                        1.08213e+06                                    72963.28803               
      257100            9.11456                             0.99638                                           0.01505                                      94344.82015                                        1.08192e+06                                    72766.85214               
      258100            9.10971                             0.98523                                           0.04010                                      93288.84553                                        1.08154e+06                                    72628.80527               
      259100            9.12223                             0.99823                                           0.01673                                      94519.56521                                        1.08316e+06                                    72798.01008               
      260100            9.09491                             0.99481                                           0.05085                                      94196.51664                                        1.08182e+06                                    72633.55805               
      261100            9.31256                             1.00157                                           0.03677                                      94835.77402                                        1.08373e+06                                    72768.00275               
      262100            9.10659                             0.99673                                           0.09531                                      94378.07004                                        1.08298e+06                                    72619.85792               
      263100            9.11174                             0.99567                                          -0.06876                                      94277.45415                                        1.08434e+06                                    72925.61925               
      264100            9.31804                             0.99073                                          -0.08482                                      93809.52910                                        1.08449e+06                                    72971.74323               
      265100            9.07664                             0.99406                                           0.01015                                      94124.89899                                        1.08379e+06                                    72795.81947               
      266100            9.09323                             1.00171                                           0.11656                                      94849.81427                                        1.08438e+06                                    72640.45107               
      267100            9.09478                             0.99447                                           0.01302                                      94163.87105                                        1.08449e+06                                    72745.21248               
      268100            9.09625                             1.00097                                           0.04036                                      94779.24690                                        1.08442e+06                                    72630.56810               
      269100            9.32428                             0.99627                                           0.04421                                      94333.96817                                        1.08482e+06                                    72688.07679               
      270100            9.09682                             0.99847                                          -0.07365                                      94542.34616                                        1.08637e+06                                    72891.98614               
      271100            9.13304                             0.99751                                           0.04692                                      94451.49677                                        1.08663e+06                                    72822.33120               
      272100            9.09930                             0.99076                                           0.01971                                      93812.57735                                        1.08596e+06                                    72720.91118               
      273100            9.07925                             0.99231                                           0.11948                                      93959.52537                                        1.08490e+06                                    72492.32454               
      274100            9.10740                             0.99116                                           0.00324                                      93850.23136                                        1.08596e+06                                    72742.84564               
      275100            9.09102                             0.99996                                           0.01260                                      94684.17584                                        1.08719e+06                                    72688.66754               
      276100            9.11187                             1.00724                                           0.09146                                      95372.81799                                        1.08698e+06                                    72620.14616               
      277100            9.07379                             0.99063                                           0.08623                                      93800.53187                                        1.08710e+06                                    72590.44761               
      278100            9.09084                             0.99001                                          -0.00189                                      93741.57474                                        1.08679e+06                                    72698.47898               
      279100            9.07935                             0.99365                                           0.02256                                      94086.64609                                        1.08690e+06                                    72526.75939               
      280100            9.11332                             0.99489                                          -0.19379                                      94203.17575                                        1.08812e+06                                    72950.28629               
      281100            9.34207                             1.00018                                           0.10290                                      94704.66127                                        1.08816e+06                                    72635.36455               
      282100            9.08011                             0.98885                                           0.03079                                      93631.35332                                        1.08776e+06                                    72630.60436               
      283100            9.07641                             1.00036                                           0.01793                                      94721.33397                                        1.08862e+06                                    72780.10589               
      284100            9.09573                             0.98920                                          -0.00050                                      93664.93560                                        1.08824e+06                                    72743.35955               
      285100            9.11099                             0.99202                                          -0.05881                                      93931.53873                                        1.08899e+06                                    72796.39579               
      286100            9.06112                             0.99068                                           0.00979                                      93804.83988                                        1.08864e+06                                    72684.07462               
      287100            9.08066                             0.99784                                           0.04259                                      94483.38987                                        1.08953e+06                                    72786.07311               
      288100            9.07976                             0.98756                                           0.00706                                      93509.73708                                        1.08921e+06                                    72779.91241               
      289100            9.05720                             0.99707                                           0.00606                                      94409.73612                                        1.08958e+06                                    72755.94416               
      290100            9.06872                             0.98825                                          -0.01520                                      93574.80398                                        1.08991e+06                                    72685.95804               
      291100            9.09457                             0.99185                                          -0.02574                                      93915.34036                                        1.09027e+06                                    72827.58369               
      292100            9.09399                             0.99220                                          -0.01095                                      93949.06276                                        1.09112e+06                                    72888.67148               
      293100            9.08784                             1.00614                                           0.06427                                      95268.85695                                        1.09153e+06                                    72717.29418               
      294100            9.06178                             1.00293                                           0.06739                                      94964.99189                                        1.09075e+06                                    72616.18163               
      295100            9.31350                             0.99412                                          -0.04027                                      94130.31627                                        1.09032e+06                                    72586.56236               
      296100            9.07024                             0.98763                                           0.01526                                      93516.17313                                        1.09107e+06                                    72757.35690               
      297100            9.11317                             0.99367                                          -0.01531                                      94088.27979                                        1.09113e+06                                    72860.33173               
      298100            9.29323                             0.99135                                          -0.01706                                      93868.81568                                        1.09045e+06                                    72651.24550               
      299100            9.06137                             0.99208                                           0.02280                                      93937.15297                                        1.09133e+06                                    72694.46794               
      300100            9.09729                             0.99117                                          -0.02334                                      93851.38222                                        1.09141e+06                                    72647.70713               
      301100            9.08184                             0.99891                                           0.02672                                      94583.97986                                        1.09153e+06                                    72661.44714               
      302100            9.07865                             0.99073                                           0.06990                                      93809.99762                                        1.09170e+06                                    72630.26285               
      303100            9.06983                             0.99678                                           0.00957                                      94382.86578                                        1.09187e+06                                    72730.65698               
      304100            9.05911                             0.99763                                           0.01850                                      94463.51317                                        1.09240e+06                                    72652.68890               
      305100            9.07391                             0.99658                                           0.06505                                      94363.32056                                        1.09281e+06                                    72660.91601               
      306100            9.08989                             0.99940                                           0.00749                                      94630.38371                                        1.09239e+06                                    72686.69913               
      307100            9.08349                             0.98377                                           0.06032                                      93150.63258                                        1.09222e+06                                    72657.29344               
      308100            9.09548                             0.98934                                           0.02616                                      93678.19860                                        1.09259e+06                                    72647.46805               
      309100            9.09544                             0.99165                                          -0.05460                                      93896.69057                                        1.09387e+06                                    72820.14193               
      310100            9.08718                             0.98940                                          -0.06511                                      93683.50352                                        1.09322e+06                                    72692.46016               
      311100            9.28269                             0.98755                                           0.00370                                      93508.99935                                        1.09243e+06                                    72534.00792               
      312100            9.09997                             1.00039                                          -0.01951                                      94724.55951                                        1.09352e+06                                    72713.91701               
      313100            9.06741                             0.99405                                           0.03485                                      94124.34929                                        1.09407e+06                                    72633.68252               
      314100            9.09337                             0.99430                                          -0.08039                                      94148.21009                                        1.09379e+06                                    72757.85173               
      315100            9.07201                             0.99384                                          -0.05227                                      94104.09659                                        1.09361e+06                                    72766.40760               
      316100            9.05965                             1.00123                                           0.01558                                      94803.92705                                        1.09413e+06                                    72691.24839               
      317100            9.10668                             0.98491                                          -0.06793                                      93258.58715                                        1.09382e+06                                    72734.43704               
      318100            9.08216                             0.98596                                           0.03977                                      93358.44569                                        1.09360e+06                                    72669.41098               
      319100            9.07576                             0.99479                                           0.02099                                      94193.88768                                        1.09411e+06                                    72583.71294               
      320100            9.08863                             0.99193                                          -0.03657                                      93923.03067                                        1.09476e+06                                    72803.35538               
      321100            9.32656                             0.99757                                           0.02390                                      94457.46059                                        1.09449e+06                                    72632.07651               
      322100            9.11299                             0.98595                                           0.11195                                      93356.94672                                        1.09514e+06                                    72529.30669               
      323100            9.06330                             0.98847                                          -0.02571                                      93596.09436                                        1.09475e+06                                    72690.69390               
      324100            9.05723                             0.98010                                          -0.05919                                      92802.83398                                        1.09557e+06                                    72792.30306               
      325100            9.11758                             0.99416                                          -0.05609                                      94134.29134                                        1.09632e+06                                    72873.79044               
      326100            9.08268                             0.98741                                          -0.12375                                      93495.26202                                        1.09522e+06                                    72757.45320               
      327100            9.27760                             0.99801                                          -0.06348                                      94498.64022                                        1.09636e+06                                    72742.01732               
      328100            9.31321                             0.99728                                          -0.02558                                      94430.14011                                        1.09589e+06                                    72725.53621               
      329100            9.30317                             0.99745                                          -0.02676                                      94445.60000                                        1.09525e+06                                    72560.40803               
      330100            9.10365                             0.98301                                           0.01773                                      93078.32979                                        1.09533e+06                                    72598.57520               
      331100            9.32307                             0.98593                                          -0.01326                                      93354.93687                                        1.09591e+06                                    72635.29222               
      332100            9.30003                             0.99005                                          -0.07179                                      93745.59610                                        1.09636e+06                                    72666.41762               
      333100            9.07597                             0.99987                                           0.06437                                      94675.38096                                        1.09681e+06                                    72618.41692               
      334100            9.10805                             0.99359                                          -0.05456                                      94080.22153                                        1.09726e+06                                    72874.30421               
      335100            9.31827                             0.98738                                          -0.01802                                      93492.51024                                        1.09769e+06                                    72803.48292               
      336100            9.32122                             0.99217                                          -0.02962                                      93946.46637                                        1.09751e+06                                    72745.68904               
      337100            9.30883                             0.99396                                           0.02152                                      94115.93796                                        1.09749e+06                                    72708.32186               
      338100            9.09256                             0.99463                                          -0.00941                                      94179.15423                                        1.09849e+06                                    72785.54732               
      339100            9.06163                             0.98755                                          -0.02647                                      93508.36695                                        1.09782e+06                                    72675.40754               
      340100            9.11011                             0.98927                                           0.02075                                      93671.93964                                        1.09933e+06                                    72838.73850               
      341100            9.29910                             0.99074                                           0.09659                                      93810.89665                                        1.09806e+06                                    72542.15215               
      342100            9.05412                             0.99206                                           0.12786                                      93935.52838                                        1.09755e+06                                    72440.00760               
      343100            9.12312                             0.99433                                           0.08781                                      94150.66302                                        1.09857e+06                                    72590.81432               
      344100            9.07951                             0.99899                                           0.06309                                      94591.56765                                        1.09832e+06                                    72519.10086               
      345100            9.07845                             0.99254                                          -0.04500                                      93981.40576                                        1.09886e+06                                    72725.96645               
      346100            9.07632                             0.99722                                          -0.03050                                      94424.26368                                        1.09987e+06                                    72780.40096               
      347100            9.33154                             0.99026                                          -0.00012                                      93765.14026                                        1.09955e+06                                    72720.62297               
      348100            9.12594                             0.98926                                          -0.03150                                      93670.16475                                        1.09958e+06                                    72704.59088               
      349100            9.09425                             0.98821                                           0.00510                                      93570.88658                                        1.09936e+06                                    72716.46690               
      350100            9.34933                             0.99250                                          -0.00671                                      93977.07539                                        1.10008e+06                                    72794.61191               
      351100            9.06395                             0.99107                                           0.06130                                      93842.18543                                        1.09967e+06                                    72529.37487               
      352100            9.09513                             0.99508                                          -0.03982                                      94221.66884                                        1.10113e+06                                    72754.28285               
      353100            9.05265                             0.99474                                           0.04289                                      94189.16684                                        1.09956e+06                                    72459.73188               
      354100            9.07785                             0.99329                                           0.06067                                      94052.47551                                        1.10080e+06                                    72608.63005               
      355100            9.08187                             0.99336                                           0.08397                                      94058.58438                                        1.10038e+06                                    72583.05838               
      356100            9.05595                             0.99647                                           0.08347                                      94353.04162                                        1.10069e+06                                    72508.48904               
      357100            9.05074                             0.99570                                           0.03904                                      94280.21611                                        1.10007e+06                                    72437.85838               
      358100            9.07189                             0.99663                                          -0.04870                                      94368.45247                                        1.10133e+06                                    72696.01529               
      359100            9.07898                             0.99109                                           0.06564                                      93843.60772                                        1.10062e+06                                    72499.65739               
      360100            9.06130                             0.99082                                           0.01428                                      93818.54272                                        1.10140e+06                                    72589.34979               
      361100            9.06708                             0.99065                                           0.03058                                      93802.40158                                        1.10182e+06                                    72651.34523               
      362100            9.09456                             0.98508                                          -0.05336                                      93274.58889                                        1.10188e+06                                    72730.95020               
      363100            9.08728                             0.98505                                          -0.07469                                      93271.59769                                        1.10280e+06                                    72835.62641               
      364100            9.03768                             0.99711                                           0.01280                                      94414.18325                                        1.10264e+06                                    72585.08315               
      365100            9.09710                             0.99577                                           0.05798                                      94287.09389                                        1.10292e+06                                    72581.31001               
      366100            9.09740                             0.99419                                           0.02698                                      94137.61967                                        1.10354e+06                                    72707.34577               
      367100            9.10311                             0.99258                                          -0.04279                                      93985.19093                                        1.10322e+06                                    72813.59207               
      368100            9.32794                             0.98190                                          -0.08792                                      92973.50033                                        1.10282e+06                                    72790.89947               
      369100            9.08379                             0.99465                                          -0.06011                                      94181.30461                                        1.10424e+06                                    72806.81485               
      370100            9.28689                             0.99345                                           0.06157                                      94067.00002                                        1.10433e+06                                    72692.85153               
      371100            9.07691                             0.99679                                           0.09749                                      94383.80749                                        1.10301e+06                                    72468.10728               
      372100            9.06255                             0.99002                                           0.02779                                      93742.09310                                        1.10333e+06                                    72513.14294               
      373100            9.07916                             1.00003                                           0.05636                                      94690.13505                                        1.10393e+06                                    72469.13009               
      374100            9.03214                             0.99114                                           0.09441                                      93848.67328                                        1.10359e+06                                    72469.92234               
      375100            9.32736                             0.99116                                          -0.01318                                      93850.21481                                        1.10478e+06                                    72749.70546               
      376100            9.10617                             0.99362                                          -0.10652                                      94082.96262                                        1.10435e+06                                    72922.13949               
      377100            9.32451                             0.98437                                          -0.10076                                      93207.40304                                        1.10390e+06                                    72744.22527               
      378100            9.10626                             0.99091                                           0.01164                                      93827.05861                                        1.10460e+06                                    72714.41637               
      379100            9.07085                             0.99859                                           0.07046                                      94553.85644                                        1.10467e+06                                    72586.48552               
      380100            9.05888                             0.98258                                           0.03391                                      93038.04893                                        1.10462e+06                                    72591.25985               
      381100            9.08392                             0.99577                                          -0.01700                                      94287.38760                                        1.10573e+06                                    72781.27962               
      382100            9.10585                             0.98186                                          -0.06315                                      92969.48119                                        1.10467e+06                                    72693.91352               
      383100            9.06500                             0.99451                                           0.03010                                      94167.41928                                        1.10375e+06                                    72502.72471               
      384100            9.07413                             0.99000                                           0.09447                                      93740.21324                                        1.10479e+06                                    72525.09215               
      385100            9.05069                             0.99174                                           0.03828                                      93905.00904                                        1.10551e+06                                    72565.08561               
      386100            9.11064                             0.98889                                          -0.09265                                      93635.71932                                        1.10599e+06                                    72681.00147               
      387100            9.10986                             0.98738                                          -0.06477                                      93492.42352                                        1.10633e+06                                    72794.97086               
      388100            9.09180                             0.99237                                          -0.06032                                      93964.58972                                        1.10649e+06                                    72613.02801               
      389100            9.30970                             0.99063                                          -0.01095                                      93799.84117                                        1.10669e+06                                    72666.53119               
      390100            9.10823                             0.99542                                          -0.03561                                      94253.87074                                        1.10751e+06                                    72796.26867               
      391100            9.08983                             0.98578                                          -0.13798                                      93340.57880                                        1.10645e+06                                    72729.65042               
      392100            9.05982                             0.99395                                          -0.03834                                      94115.11084                                        1.10770e+06                                    72773.82991               
      393100            9.32310                             0.99597                                           0.06730                                      94306.27652                                        1.10653e+06                                    72503.13614               
      394100            9.07964                             0.99152                                          -0.06066                                      93884.39391                                        1.10723e+06                                    72769.68681               
      395100            9.32872                             0.99296                                          -0.01737                                      94020.80512                                        1.10736e+06                                    72706.04556               
      396100            9.08417                             0.98464                                          -0.10506                                      93232.68353                                        1.10693e+06                                    72657.57187               
      397100            9.11041                             1.00093                                           0.08544                                      94775.56370                                        1.10802e+06                                    72605.90824               
      398100            9.05980                             0.99330                                           0.07110                                      94052.73786                                        1.10716e+06                                    72483.81943               
      399100            9.27843                             0.99619                                           0.05365                                      94326.81358                                        1.10739e+06                                    72499.31246               
      400100            9.30728                             0.99220                                          -0.02769                                      93949.11955                                        1.10807e+06                                    72655.95834               
