frame conversion largest_molecule average_molecule weight_average_molecule
0 0.0000000000000000 9.0000000000000000 4.1473392604045873 4.3209165048543685
1 0.0099214018812009 14.0000000000000000 4.1888990109318067 4.4166990291262138
2 0.0149465275093416 18.0000000000000000 4.2102681491170699 4.4765048543689323
3 0.0202937765751836 23.0000000000000000 4.2332478463865328 4.5484893203883496
4 0.0250612034531633 23.0000000000000000 4.2539483248529706 4.6038524271844663
5 0.0296997809560624 40.0000000000000000 4.2742845760573669 4.6763961165048542
6 0.0346604818966628 40.0000000000000000 4.2962493326214632 4.7411106796116504
7 0.0400077309625048 40.0000000000000000 4.3201798537010943 4.8143378640776699
8 0.0449684319031053 40.0000000000000000 4.3426200755531568 4.8808233009708735
9 0.0494781600309238 40.0000000000000000 4.3632235326013289 4.9424932038834948
10 0.0547609844092256 40.0000000000000000 4.3876090512540893 5.0174601941747570
11 0.0593995619121247 40.0000000000000000 4.4092465753424657 5.0797514563106798
12 0.0640381394150238 40.0000000000000000 4.4310985682819384 5.1543145631067961
13 0.0686122922303827 40.0000000000000000 4.4528602061285190 5.2100815533980587
14 0.0726710475454194 40.0000000000000000 4.4723495901069894 5.2639223300970874
15 0.0767942275479964 40.0000000000000000 4.4923237962316822 5.3402563106796119
16 0.0818193531761371 40.0000000000000000 4.5169099073814198 5.4256621359223303
17 0.0856204097410128 40.0000000000000000 4.5356866060734164 5.4825475728155340
18 0.0912897822445561 40.0000000000000000 4.5639844026940803 5.5747883495145629
19 0.0959927844349955 40.0000000000000000 4.5877280501710374 5.6482951456310682
20 0.1004380878752738 40.0000000000000000 4.6103989114087227 5.7152155339805821
21 0.1043035691276897 40.0000000000000000 4.6302956196504352 5.7736543689320392
22 0.1078469269424043 40.0000000000000000 4.6486857307914500 5.8313165048543691
23 0.1125499291328437 40.0000000000000000 4.6733212341197818 5.9119999999999999
24 0.1170596572606623 40.0000000000000000 4.6971908062750822 5.9968466019417477
25 0.1215049607009406 40.0000000000000000 4.7209592255793487 6.0908893203883494
26 0.1262079628913800 40.0000000000000000 4.7463687974636883 6.1771339805825241
27 0.1305244169565778 40.0000000000000000 4.7699318316538237 6.2720776699029130
28 0.1347764463342353 40.0000000000000000 4.7933730454207000 6.3554019417475729
29 0.1400592707125370 40.0000000000000000 4.8228198981120771 6.4793320388349516
30 0.1448911222780569 48.0000000000000000 4.8500715738717695 6.5849941747572815
31 0.1486277541553923 48.0000000000000000 4.8713583049564892 6.6611728155339804
32 0.1521711119701069 48.0000000000000000 4.8917173252279635 6.7366679611650486
33 0.1563587166602242 48.0000000000000000 4.9159984726995036 6.8083417475728156
34 0.1614482669759052 48.0000000000000000 4.9458358942839586 6.9157126213592237
35 0.1652493235407808 48.0000000000000000 4.9683568727328860 6.9825087378640776
36 0.1698234763561397 48.0000000000000000 4.9957318019556105 7.0887922330097091
37 0.1738178069836361 53.0000000000000000 5.0198845913911416 7.2005436893203880
38 0.1786496585491560 53.0000000000000000 5.0494156404423878 7.3020427184466019
39 0.1819997423012499 53.0000000000000000 5.0700952981019141 7.3964582524271849
40 0.1858007988661255 53.0000000000000000 5.0937648362082610 7.5021825242718450
41 0.1890864579306790 53.0000000000000000 5.1144037499006911 7.5847922330097086
42 0.1925009663703131 57.0000000000000000 5.1360299984043403 7.6691728155339804
43 0.1966241463728901 57.0000000000000000 5.1623897353648758 7.7766679611650487
44 0.1999098054374436 58.0000000000000000 5.1835896610033014 7.8932038834951452
45 0.2035175879396985 61.0000000000000000 5.2070694815174310 8.0444427184466019
46 0.2068676716917923 61.0000000000000000 5.2290634392007149 8.1227961165048548
47 0.2106687282566680 61.0000000000000000 5.2542442050277502 8.2307572815533980
48 0.2136966885710604 61.0000000000000000 5.2744776730848013 8.2983922330097091
49 0.2173688957608556 61.0000000000000000 5.2992262100757328 8.4056077669902916
50 0.2212343770132715 74.0000000000000000 5.3255294506949040 8.5814213592233006
51 0.2254864063909290 74.0000000000000000 5.3547662618532694 8.6922097087378649
52 0.2287720654554825 74.0000000000000000 5.3775791496115612 8.7736699029126211
53 0.2324442726452777 74.0000000000000000 5.4033070337418163 8.9105553398058248
54 0.2348279860842675 78.0000000000000000 5.4201397659341586 9.0123029126213599
55 0.2387578920242237 78.0000000000000000 5.4481211916046037 9.1696621359223300
56 0.2426877979641799 78.0000000000000000 5.4763930242450023 9.3247533980582524
57 0.2470042520293776 78.0000000000000000 5.5077857631759066 9.4944466019417479
58 0.2504831851565520 78.0000000000000000 5.5333505243252539 9.5781436893203882
59 0.2532534467207834 83.0000000000000000 5.5538780087999307 9.7001165048543694
60 0.2562169823476356 83.0000000000000000 5.5760069294066694 9.8485902912621359
61 0.2593737920371086 83.0000000000000000 5.5997738343771744 10.0151456310679610
62 0.2631748486019843 87.0000000000000000 5.6286613622453441 10.2240776699029130
63 0.2673624532921015 153.0000000000000000 5.6608336264509322 10.6164349514563110
64 0.2710346604818967 153.0000000000000000 5.6893504197967300 10.7656543689320383
65 0.2750289911093931 153.0000000000000000 5.7206967031013951 10.9010796116504860
66 0.2780569514237856 153.0000000000000000 5.7446903444583262 11.0960932038834947
67 0.2810204870506378 153.0000000000000000 5.7683691756272397 11.3087533980582524
68 0.2844994201778122 157.0000000000000000 5.7964163515216995 11.5072155339805828
69 0.2882360520551475 157.0000000000000000 5.8268464880521362 11.7270213592233006
70 0.2919082592449427 157.0000000000000000 5.8570648712583022 11.9548116504854374
71 0.2948073701842546 157.0000000000000000 5.8811437968207567 12.1551689320388352
72 0.2979641798737276 157.0000000000000000 5.9075892447462603 12.3262601941747576
73 0.3014431130009019 157.0000000000000000 5.9370100525684775 12.5112388349514561
74 0.3047931967529958 157.0000000000000000 5.9656194977295893 12.6973359223300974
75 0.3077567323798480 157.0000000000000000 5.9911586784550952 12.8648543689320380
76 0.3109135420693210 157.0000000000000000 6.0186050860134630 12.9906796116504850
77 0.3140059270712537 157.0000000000000000 6.0457362885048838 13.0742834951456306
78 0.3173560108233475 157.0000000000000000 6.0754058135145339 13.4258174757281559
79 0.3202551217626595 186.0000000000000000 6.1013174106719745 13.7891572815533987
80 0.3235407808272130 186.0000000000000000 6.1309523809523814 14.0301514563106799
81 0.3267620152042263 186.0000000000000000 6.1602870813397130 14.1984155339805831
82 0.3299188248936993 186.0000000000000000 6.1893087203153545 14.2908427184466014
83 0.3325602370828502 186.0000000000000000 6.2138030888030888 14.4881242718446597
84 0.3361035948975648 186.0000000000000000 6.2469674915089763 14.6978640776699034
85 0.3402267749001417 186.0000000000000000 6.2860072258568502 15.0010873786407775
86 0.3437057080273161 186.0000000000000000 6.3193285560027483 15.1779883495145640
87 0.3464115449040072 246.0000000000000000 6.3454903893543619 15.9766213592233015
88 0.3502126014688829 278.0000000000000000 6.3826095578028950 16.6194174757281559
89 0.3526607395954129 278.0000000000000000 6.4067476114649677 16.7477592233009709
90 0.3558819739724262 278.0000000000000000 6.4387877575515100 16.9012660194174771
91 0.3588455095992785 278.0000000000000000 6.4685490353697750 17.0525359223300974
92 0.3612292230382683 278.0000000000000000 6.4926878466969242 17.1622679611650497
93 0.3647725808529829 278.0000000000000000 6.5289046653144016 17.2995572815533976
94 0.3672207189795130 278.0000000000000000 6.5541641213602118 17.5355805825242719
95 0.3704419533565262 278.0000000000000000 6.5876995497339337 17.9304854368932034
96 0.3739208864837005 278.0000000000000000 6.6243054126363452 18.1451339805825249
97 0.3770776961731735 278.0000000000000000 6.6578756851794392 18.8467417475728141
98 0.3794614096121634 278.0000000000000000 6.6834509966777409 19.0482174757281548
99 0.3826826439891767 278.0000000000000000 6.7183260279691090 19.3509126213592246
100 0.3853884808658678 287.0000000000000000 6.7479035639412999 19.9040776699029109
101 0.3880943177425589 287.0000000000000000 6.7777426826700360 20.0791456310679628
102 0.3908001546192501 287.0000000000000000 6.8078468697123515 20.2491495145631077
103 0.3937636902461023 287.0000000000000000 6.8411264612114771 20.5026019417475744
104 0.3968560752480351 287.0000000000000000 6.8762016663106174 20.7163184466019423
105 0.3998196108748873 287.0000000000000000 6.9101545727780165 20.8915728155339799
106 0.4025254477515784 287.0000000000000000 6.9414492128531382 21.0235184466019405
107 0.4053601340033501 291.0000000000000000 6.9745395449620800 21.3226407766990285
108 0.4076794227547996 291.0000000000000000 7.0018490319773763 21.5267262135922337
109 0.4106429583816518 291.0000000000000000 7.0370572802798428 21.8610174757281541
110 0.4132843705708028 291.0000000000000000 7.0687383331503240 22.5020737864077667
111 0.4157969333848731 291.0000000000000000 7.0991398323775918 22.7690097087378653
112 0.4186960443241850 291.0000000000000000 7.1345450515349658 23.0557669902912608
113 0.4222394021388996 300.0000000000000000 7.1783006244424623 23.4740970873786416
114 0.4248163896405102 300.0000000000000000 7.2104614695340503 23.7190058252427178
115 0.4270068290168793 305.0000000000000000 7.2380256352597261 23.9477902912621374
116 0.4296482412060301 305.0000000000000000 7.2715463684626682 24.1661359223300956
117 0.4320319546450200 305.0000000000000000 7.3020644283121596 24.3329087378640772
118 0.4342868187089293 305.0000000000000000 7.3311695706639339 24.4547262135922345
119 0.4373147790233217 305.0000000000000000 7.3706205633157778 24.7829902912621343
120 0.4400850405875532 305.0000000000000000 7.4070877919687028 25.0454524271844647
121 0.4428553021517846 305.0000000000000000 7.4439176688251623 25.4175844660194166
122 0.4445947687153717 305.0000000000000000 7.4672311796775315 25.9863766990291261
123 0.4473650302796032 305.0000000000000000 7.5046630916297508 26.4365825242718451
124 0.4505862646566164 305.0000000000000000 7.5486632270168856 26.6228038834951448
125 0.4527767040329854 305.0000000000000000 7.5788792088533086 26.7610873786407772
126 0.4552892668470558 305.0000000000000000 7.6138379657007684 27.3010796116504864
127 0.4576729802860456 305.0000000000000000 7.6473033974815872 27.4733203883495136
128 0.4603788171627368 309.0000000000000000 7.6856494746895896 28.1795883495145638
129 0.4629558046643474 322.0000000000000000 7.7225287907869484 28.7768388349514552
130 0.4659837649787398 396.0000000000000000 7.7663168054047533 29.7740271844660178
131 0.4684963277928102 683.0000000000000000 7.8030303030303028 33.5291495145631089
132 0.4708156165442597 683.0000000000000000 7.8372291210129044 33.6685825242718479
133 0.4731993299832496 683.0000000000000000 7.8726916962211080 34.0416155339805826
134 0.4754541940471589 705.0000000000000000 7.9065340211250303 35.6045514563106806
135 0.4783533049864708 709.0000000000000000 7.9504754847474377 36.7307029126213607
136 0.4811235665507022 740.0000000000000000 7.9929227712937667 37.8664854368932069
137 0.4837005540523128 766.0000000000000000 8.0328175692538064 39.0291417475728153
138 0.4862131168663832 818.0000000000000000 8.0721003134796234 40.5531184466019425
139 0.4888545290555341 837.0000000000000000 8.1138139652130068 41.3501980582524240
140 0.4911093931194433 837.0000000000000000 8.1497657931383714 41.9758757281553372
141 0.4932354078082721 837.0000000000000000 8.1839562674802941 43.2649165048543694
142 0.4958123953098827 880.0000000000000000 8.2257858420649121 45.3562252427184447
143 0.4978095606236310 893.0000000000000000 8.2584990378447731 46.0900194174757303
144 0.5003221234377013 893.0000000000000000 8.3000257864878808 46.2723883495145643
145 0.5029635356268523 928.0000000000000000 8.3441348023331177 47.5157902912621353
146 0.5050895503156809 932.0000000000000000 8.3799791720906018 47.8605203883495136
147 0.5072155650045097 936.0000000000000000 8.4161328278206309 48.7571728155339841
148 0.5097281278185801 940.0000000000000000 8.4592641261498027 49.3728776699029126
149 0.5115964437572478 940.0000000000000000 8.4916237963329380 49.7520000000000024
150 0.5141090065713181 940.0000000000000000 8.5355343410236006 50.2020194174757250
151 0.5162350212601469 940.0000000000000000 8.5730456785191098 57.7561941747572831
152 0.5183610359489756 940.0000000000000000 8.6108881754949174 58.0740194174757249
153 0.5210668728256668 944.0000000000000000 8.6595372612321757 59.8413825242718431
154 0.5231928875144956 944.0000000000000000 8.6981488987974593 60.8640776699029118
155 0.5250612034531632 944.0000000000000000 8.7323657080846449 61.0206912621359194
156 0.5269295193918310 944.0000000000000000 8.7668527849652733 61.1636038834951421
157 0.5296353562685221 953.0000000000000000 8.8172853033830982 63.6647300970873786
158 0.5323411931452132 953.0000000000000000 8.8683014189282279 64.7717126213592280
159 0.5344672078340420 953.0000000000000000 8.9088015499584827 65.7282951456310656
160 0.5367220718979513 1353.0000000000000000 8.9521624252537890 78.2049708737864080
161 0.5389125112743203 1353.0000000000000000 8.9946905127846861 79.1312310679611670
162 0.5411673753382296 1357.0000000000000000 9.0388935692221288 79.9967844660194203
163 0.5430356912768973 1357.0000000000000000 9.0758494290145215 81.3382679611650445
164 0.5450972812781858 1362.0000000000000000 9.1169805976490590 84.1711999999999989
165 0.5477386934673367 1362.0000000000000000 9.1702279202279211 84.8300582524271789
166 0.5503156809689473 1552.0000000000000000 9.2227793696275064 95.0931728155339755
167 0.5526349697203968 1557.0000000000000000 9.2705933179723505 102.7034252427184526
168 0.5548254090967659 1641.0000000000000000 9.3162083936324169 108.4510291262135979
169 0.5565004509728128 1671.0000000000000000 9.3513945380592673 119.2999922330097036
170 0.5591418631619637 1699.0000000000000000 9.4074236446003212 122.5325203883495107
171 0.5615255766009535 1758.0000000000000000 9.4585659712018799 125.9629825242718510
172 0.5638448653524031 1838.0000000000000000 9.5088626292466767 130.7011262135922323
173 0.5655199072284499 1838.0000000000000000 9.5455219454329772 133.5481941747572705
174 0.5672593737920371 1853.0000000000000000 9.5838916182819709 135.0562951456310543
175 0.5695786625434867 1900.0000000000000000 9.6355336027540783 140.8742990291262061
176 0.5717046772323154 2116.0000000000000000 9.6833634175691934 154.5444815533980716
177 0.5739595412962247 2116.0000000000000000 9.7346136398003935 159.1081475728155397
178 0.5755701584847314 2116.0000000000000000 9.7715543412264729 159.4272776699029066
179 0.5777605978611003 2120.0000000000000000 9.8222459566676843 160.1129165048543825
180 0.5795644891122278 2129.0000000000000000 9.8643885994483611 162.4904233009708605
181 0.5816260791135163 2133.0000000000000000 9.9129966122574693 164.2892893203883489
182 0.5836876691148047 2147.0000000000000000 9.9620860414732277 166.2530640776699045
183 0.5851694369282309 2147.0000000000000000 9.9976704457213845 167.0268427184466020
184 0.5868444788042778 2151.0000000000000000 10.0382036488382980 167.7815456310679565
185 0.5879396984924623 2151.0000000000000000 10.0648843026891814 168.1053980582524332
186 0.5901945625563716 2249.0000000000000000 10.1202641094167589 175.0851572815533927
187 0.5919340291199587 2249.0000000000000000 10.1634038522260823 175.6443184466019432
188 0.5939956191212472 2282.0000000000000000 10.2150111075848944 178.4312699029126179
189 0.5954129622471331 2319.0000000000000000 10.2507961783439487 181.5901048543689456
190 0.5974745522484216 2323.0000000000000000 10.3032970550576177 186.3575766990291243
191 0.5990207447493879 2327.0000000000000000 10.3430269922879177 187.0557980582524351
192 0.6006313619378946 2388.0000000000000000 10.3847394741087271 194.0990912621359143
193 0.6024996778765623 2388.0000000000000000 10.4335494327390599 194.3829592233009578
194 0.6046256925653910 2401.0000000000000000 10.4896529248818648 197.7253126213592225
195 0.6067517072542198 2830.0000000000000000 10.5463630406290960 231.3292271844660206
196 0.6088132972555083 2840.0000000000000000 10.6019433465085644 233.4829825242718471
197 0.6104239144440149 2874.0000000000000000 10.6457747643459566 241.1362019417475722
198 0.6126787785079242 3003.0000000000000000 10.7077511643379903 253.2011961165048604
199 0.6142249710088906 3007.0000000000000000 10.7506680026720112 254.5271456310679525
200 0.6164154103852596 3039.0000000000000000 10.8120591199193825 264.1141592233009874
201 0.6184125756990079 3079.0000000000000000 10.8686476447746081 281.9983067961164807
202 0.6200231928875145 3092.0000000000000000 10.9147168531705656 284.4819417475728187
203 0.6215693853884808 3131.0000000000000000 10.9593122233571680 293.3332660194174650
204 0.6241463728900914 3165.0000000000000000 11.0344532053479600 300.8556893203883646
205 0.6258858394536787 3165.0000000000000000 11.0857585672464261 302.0914174757281785
206 0.6274964566421853 3174.0000000000000000 11.1336907644413703 303.9756271844660205
207 0.6289782244556114 3174.0000000000000000 11.1781559298489324 306.0769708737864221
208 0.6305244169565778 3191.0000000000000000 11.2249346120313866 309.8456388349514441
209 0.6325215822703260 3321.0000000000000000 11.2859396914446002 323.5027417475728271
210 0.6350341450843964 3358.0000000000000000 11.3636363636363633 329.2144932038834781
211 0.6368380363355238 3585.0000000000000000 11.4200816036899067 354.1013592233009604
212 0.6379332560237083 3589.0000000000000000 11.4546263345195722 355.2269514563107009
213 0.6394150238371344 3589.0000000000000000 11.5016973378595679 358.9955262135922567
214 0.6410256410256411 3593.0000000000000000 11.5533022254127786 364.6064000000000078
215 0.6426362582141477 3593.0000000000000000 11.6053722733008833 366.5808310679611850
216 0.6445689988403557 4148.0000000000000000 11.6684792459670117 430.9215223300971047
217 0.6466950135291843 4152.0000000000000000 11.7386943836615600 449.1078368932039098
218 0.6481123566550703 4152.0000000000000000 11.7859758330281945 459.8971495145631252
219 0.6494008504058756 4152.0000000000000000 11.8292907019478140 468.5107106796116341
220 0.6513335910320835 4268.0000000000000000 11.8948632668144860 485.0783223300970803
221 0.6532019069707512 4268.0000000000000000 11.9589448263050340 488.7732038834951709
222 0.6550702229094189 4336.0000000000000000 12.0237205827418752 499.0430291262135825
223 0.6568741141605463 4340.0000000000000000 12.0869320315433715 522.4281320388349741
224 0.6583558819739724 4361.0000000000000000 12.1393550820290397 527.3406601941748022
225 0.6601597732250999 4365.0000000000000000 12.2037914691943126 528.4046446601942080
226 0.6620280891637675 4369.0000000000000000 12.2712542889820817 533.6858563106795827
227 0.6636387063522742 4379.0000000000000000 12.3300134073932188 537.2601941747573164
228 0.6654425976034016 4387.0000000000000000 12.3964952821105339 541.0432466019417461
229 0.6671176394794486 4426.0000000000000000 12.4588736210567053 568.7600932038834571
230 0.6684061332302539 4448.0000000000000000 12.5072857975519725 572.5507572815533877
231 0.6704032985440020 4497.0000000000000000 12.5830727130570761 643.3139728155339299
232 0.6720783404200490 4497.0000000000000000 12.6473477406679766 646.6793165048543415
233 0.6737533822960958 4501.0000000000000000 12.7122827804107423 648.8964504854368442
234 0.6748486019842804 4501.0000000000000000 12.7551020408163271 653.7587106796116814
235 0.6771678907357299 4520.0000000000000000 12.8467371782079418 681.3232000000000426
236 0.6781986857363742 4520.0000000000000000 12.8878878878878886 689.8036349514562744
237 0.6792294807370184 4533.0000000000000000 12.9293030729062064 691.8177708737864577
238 0.6807756732379848 6360.0000000000000000 12.9919273461150357 952.7591300970873363
239 0.6831593866769746 6440.0000000000000000 13.0896705978039858 975.5295223300970520
240 0.6850921273031826 6564.0000000000000000 13.1700081833060558 1004.1640854368931741
241 0.6865738951166087 6623.0000000000000000 13.2322713257965052 1022.1004271844660707
242 0.6877335394923335 6643.0000000000000000 13.2814111821745406 1031.0307262135922883
243 0.6892797319932998 6684.0000000000000000 13.3475015550487246 1046.6897864077670874
244 0.6905682257441051 6688.0000000000000000 13.4030814074536746 1052.1456000000000586
245 0.6923721169952326 6703.0000000000000000 13.4816753926701569 1060.8302757281553568
246 0.6935317613709574 6707.0000000000000000 13.5326886693294099 1070.1189436893203037
247 0.6950135291843834 6711.0000000000000000 13.5984368398817068 1071.9413902912622234
248 0.6969462698105914 6794.0000000000000000 13.6851615646258509 1096.8736776699029178
249 0.6984924623115578 7332.0000000000000000 13.7553418803418808 1217.3922640776700064
250 0.6993299832495813 7336.0000000000000000 13.7936575958860086 1218.9663533980583452
251 0.7011982991882489 7864.0000000000000000 13.8799051315222073 1342.3269436893203874
252 0.7031310398144569 8027.0000000000000000 13.9702690972222214 1389.3693669902911552
253 0.7050637804406649 8321.0000000000000000 14.0618173875054602 1472.5030058252427807
254 0.7065455482540910 8330.0000000000000000 14.1328210757409440 1477.5375378640776489
255 0.7077696173173560 8340.0000000000000000 14.1920194003527342 1483.8035417475728082
256 0.7093158098183224 8953.0000000000000000 14.2675088652482263 1648.2489320388349370
257 0.7104754541940471 9390.0000000000000000 14.3246550956831324 1782.0908582524270969
258 0.7120216466950136 9403.0000000000000000 14.4015659955257274 1786.8853902912621834
259 0.7134389898208994 9942.0000000000000000 14.4727967625899279 1946.9410019417475723
260 0.7153073057595670 10306.0000000000000000 14.5677755148223582 2060.6975844660196344
261 0.7164669501352918 10312.0000000000000000 14.6273574187684616 2063.3590213592233340
262 0.7178842932611776 10704.0000000000000000 14.7008449417675262 2193.4434951456310046
263 0.7199458832624662 10790.0000000000000000 14.8090637221072008 2229.0188271844658630
264 0.7209766782631104 13945.0000000000000000 14.8637728007388592 3292.9807067961164648
265 0.7222007473263755 14100.0000000000000000 14.9292671614100190 3368.2626951456309143
266 0.7237469398273418 18008.0000000000000000 15.0128264925373127 5085.1488776699025038
267 0.7251642829532277 18089.0000000000000000 15.0902484763244260 5130.6969009708736849
268 0.7261950779538719 18165.0000000000000000 15.1470588235294112 5174.0084349514563655
269 0.7274835717046773 18224.0000000000000000 15.2186761229314413 5208.4168854368936081
270 0.7290297642056436 18714.0000000000000000 15.3055159296243470 5487.9111300970871525
271 0.7305759567066100 18771.0000000000000000 15.3933524629363934 5522.0058252427188563
272 0.7317356010823347 18925.0000000000000000 15.4598943323727180 5612.0676504854372979
273 0.7334750676459220 19009.0000000000000000 15.5607928450568043 5661.7663533980585271
274 0.7348279860842675 19056.0000000000000000 15.6401846452866859 5689.8555805825244533
275 0.7365030279603144 19171.0000000000000000 15.7396088019559901 5759.1785786407763226
276 0.7377915217111197 19374.0000000000000000 15.8169533169533167 5880.6731339805828611
277 0.7395309882747069 19702.0000000000000000 15.9225822409102147 6079.8085747572813489
278 0.7408839067130525 19725.0000000000000000 16.0057185479860777 6098.4937165048540919
279 0.7424945239015591 20675.0000000000000000 16.1058293720290209 6685.5285902912619349
280 0.7434608942146631 20693.0000000000000000 16.1664992466097424 6701.3759844660189628
281 0.7443628398402268 20762.0000000000000000 16.2235383064516121 6751.0892893203881613
282 0.7449426620280891 20796.0000000000000000 16.2604192978024749 6773.2111689320390724
283 0.7459734570287334 20804.0000000000000000 16.3264012173471968 6779.3573436893202597
284 0.7468754026542971 20913.0000000000000000 16.3845762280478482 6850.0264233009711461
285 0.7479706223424817 21000.0000000000000000 16.4557770961145202 6907.8233320388353604
286 0.7490014173431259 21051.0000000000000000 16.5233572895277199 6941.3159611650489751
287 0.7502254864063910 21099.0000000000000000 16.6043332473562018 6973.1416077669900915
288 0.7517072542198170 21109.0000000000000000 16.7034250129735327 6980.4530796116505371
289 0.7528024739080016 21142.0000000000000000 16.7774302840761003 7008.2690019417477743
290 0.7542842417214276 21477.0000000000000000 16.8786051389617207 7229.9615844660193034
291 0.7553150367220719 22894.0000000000000000 16.9497103738809898 8196.6764271844658651
292 0.7565391057853369 22956.0000000000000000 17.0349298756284746 8240.8913864077676408
293 0.7572477773482799 23042.0000000000000000 17.0846602972399140 8302.6974291262140468
294 0.7581497229738435 23046.0000000000000000 17.1483750665956300 8306.3055067961158784
295 0.7593737920371086 23061.0000000000000000 17.2356091030789820 8317.1339650485442689
296 0.7604690117252931 23084.0000000000000000 17.3144163528778918 8333.8013980582527438
297 0.7620152042262595 23333.0000000000000000 17.4269085002707094 8515.3616932038839877
298 0.7633036979770648 23463.0000000000000000 17.5217746325530754 8609.9858174757282541
299 0.7642700682901687 23589.0000000000000000 17.5936048100573927 8702.1425553398057673
300 0.7653652879783533 23808.0000000000000000 17.6757276221856117 8863.2105165048542403
301 0.7662672336039170 23945.0000000000000000 17.7439360529217183 8964.9222058252435090
302 0.7671047545419405 24690.0000000000000000 17.8077455048409412 9520.5557902912623831
303 0.7679422754799640 24747.0000000000000000 17.8720155469183801 9564.4437592233007308
304 0.7694884679809303 25181.0000000000000000 17.9918949133594204 9900.6498330097092548
305 0.7703259889189538 25242.0000000000000000 18.0575035063113596 9950.4767223300968908
306 0.7714856332946786 25336.0000000000000000 18.1491401184099246 10025.5533514563103381
307 0.7722587295451617 25336.0000000000000000 18.2107496463932108 10025.6544466019422543
308 0.7732250998582657 25396.0000000000000000 18.2883522727272734 10074.1963650485431572
309 0.7741914701713697 26385.0000000000000000 18.3666191155492164 10859.7651417475735798
310 0.7749645664218529 26535.0000000000000000 18.4297165760091595 10983.1860349514554400
311 0.7758665120474165 26674.0000000000000000 18.5038804254096014 11098.9506019417476637
312 0.7765751836103595 26710.0000000000000000 18.5625720876585945 11128.8404038834960375
313 0.7775415539234635 26749.0000000000000000 18.6432088039386024 11161.4232388349519169
314 0.7788944723618091 26864.0000000000000000 18.7572843822843822 11257.4555805825239077
315 0.7800541167375338 26911.0000000000000000 18.8561804335090812 11297.7245669902913505
316 0.7807627883004767 27271.0000000000000000 18.9171319424037598 11599.0665165048540075
317 0.7816003092385002 27327.0000000000000000 18.9896755162241888 11646.7572660194182390
318 0.7825022548640639 27707.0000000000000000 19.0684241706161153 11970.9637747572814988
319 0.7837907486148692 27961.0000000000000000 19.1820619785458888 12193.1442485436891729
320 0.7845638448653524 27982.0000000000000000 19.2508971291866011 12211.9138640776691318
321 0.7857234892410772 28016.0000000000000000 19.3550811785929042 12241.6793941747564531
322 0.7866254348666409 28215.0000000000000000 19.4368961352657017 12415.5468271844656556
323 0.7876562298672851 28239.0000000000000000 19.5312500000000000 12436.8043339805826690
324 0.7884937508053086 28440.0000000000000000 19.6085897045385309 12613.5562407766992692
325 0.7896533951810334 28889.0000000000000000 19.7166921898928038 13012.6867728155339137
326 0.7904909161190569 29276.0000000000000000 19.7955104551045515 13362.0837126213591546
327 0.7916505604947816 29820.0000000000000000 19.9056895485466931 13858.8988116504860955
328 0.7930679036206675 29945.0000000000000000 20.0420298879203003 13975.7209941747569246
329 0.7937765751836103 29958.0000000000000000 20.1109028428616057 13987.9956038834952778
330 0.7944852467465533 30100.0000000000000000 20.1802507836990586 14120.4205203883502691
331 0.7951294936219560 30113.0000000000000000 20.2437106918238996 14132.6865553398056363
332 0.7959670145599794 30458.0000000000000000 20.3268077044521647 14456.4548504854374187
333 0.7966112614353821 30494.0000000000000000 20.3911941716819776 14490.8415533980587497
334 0.7977709058111068 30652.0000000000000000 20.5081236062440269 14641.2903300970865530
335 0.7982863033114289 30942.0000000000000000 20.5605237943149142 14918.0563106796107604
336 0.7993815229996134 31131.0000000000000000 20.6727681438664099 15100.5073553398051445
337 0.8001546192500967 31245.0000000000000000 20.7527401676337853 15210.9967689320383215
338 0.8006700167504187 31253.0000000000000000 20.8063994828700700 15218.8559378640784416
339 0.8015075376884422 31269.0000000000000000 20.8941901979876654 15234.5525281553400418
340 0.8024094833140060 31439.0000000000000000 20.9895663514835356 15400.4448466019421176
341 0.8031181548769488 31452.0000000000000000 21.0651178010471192 15413.3798368932039011
342 0.8036335523772710 31478.0000000000000000 21.1204068241469827 15438.8555339805825497
343 0.8041489498775931 31656.0000000000000000 21.1759868421052637 15613.4666407766999328
344 0.8051797448782373 32261.0000000000000000 21.2880291005291014 16225.7160854368939908
345 0.8058239917536399 32436.0000000000000000 21.3586595885865975 16401.3110213592226501
346 0.8069836361293647 32649.0000000000000000 21.4869826435247013 16616.5450097087377799
347 0.8077567323798479 32664.0000000000000000 21.5733914209115270 16632.0116970873787068
348 0.8088519520680325 32902.0000000000000000 21.6970003370407802 16874.4467417475716502
349 0.8095606236309754 34660.0000000000000000 21.7777401894451970 18686.2155339805831318
350 0.8102692951939183 34838.0000000000000000 21.8590831918505941 18878.2280233009696531
351 0.8110423914444015 35115.0000000000000000 21.9485168769178323 19179.1379106796121050
352 0.8116866383198041 35154.0000000000000000 22.0236058843653772 19221.8115572815549967
353 0.8124597345702873 35232.0000000000000000 22.1143936791480584 19307.1201398058256018
354 0.8133616801958511 35428.0000000000000000 22.2212633759061085 19522.0346873786402284
355 0.8143924751964953 35945.0000000000000000 22.3446719888927454 20094.0946796116513724
356 0.8151011467594382 35978.0000000000000000 22.4303135888501757 20131.4298252427179250
357 0.8155521195722201 36047.0000000000000000 22.4851554313657012 20208.6485902912609163
358 0.8165829145728644 36275.0000000000000000 22.6115208991921328 20464.6344233009695017
359 0.8172915861358072 36395.0000000000000000 22.6992242595204523 20600.0369242718443274
360 0.8179358330112099 36428.0000000000000000 22.7795470629865520 20638.4526446601958014
361 0.8186445045741528 36595.0000000000000000 22.8685612788632326 20827.7431766990303004
362 0.8191599020744750 36625.0000000000000000 22.9337370858567873 20861.8691262135907891
363 0.8201262723875790 36903.0000000000000000 23.0569484240687679 21178.9373359223318403
364 0.8207705192629816 37182.0000000000000000 23.1398274622573688 21499.7221126213589741
365 0.8213503414508440 37216.0000000000000000 23.2149296790479625 21539.1033631067948590
366 0.8219301636387063 37262.0000000000000000 23.2905209840810414 21592.3187728155353398
367 0.8228965339518103 37369.0000000000000000 23.4176064023281185 21716.3510834951448487
368 0.8237340548898338 37408.0000000000000000 23.5288742690058470 21761.6839922330109403
369 0.8243783017652364 37695.0000000000000000 23.6151870873074117 22095.8811805825243937
370 0.8250225486406391 37797.0000000000000000 23.7021354933726052 22215.4705242718446243
371 0.8260533436412834 37921.0000000000000000 23.8425925925925917 22361.3218330097079161
372 0.8269552892668470 38062.0000000000000000 23.9668652271035008 22527.6613126213596843
373 0.8277283855173302 38117.0000000000000000 24.0744203440538520 22594.9202796116514946
374 0.8285014817678135 38164.0000000000000000 24.1829451540195350 22650.8309902912624239
375 0.8289524545805953 38204.0000000000000000 24.2467043314500934 22698.3598757281542930
376 0.8300476742687798 38310.0000000000000000 24.4029567854435179 22825.3741514563116652
377 0.8310140445818838 38499.0000000000000000 24.5425085779641634 23050.7403339805823634
378 0.8315294420822059 38623.0000000000000000 24.6175908221797322 23199.3472155339804885
379 0.8317227161448267 38632.0000000000000000 24.6458652373660030 23210.1508815533998131
380 0.8322381136451488 38669.0000000000000000 24.7215821812595991 23254.6034485436903196
381 0.8330112098956320 39005.0000000000000000 24.8360339506172849 23658.9553864077679464
382 0.8341064295838165 39302.0000000000000000 25.0000000000000000 24019.8460427184472792
383 0.8348151011467594 39486.0000000000000000 25.1072542901716069 24244.9035339805814147
384 0.8354593480221620 39561.0000000000000000 25.2055599060297588 24336.9982912621344440
385 0.8361035948975647 39665.0000000000000000 25.3046383647798727 24465.0539961165050045
386 0.8368766911480480 39695.0000000000000000 25.4245655608214847 24503.1971572815527907
387 0.8373276639608298 39784.0000000000000000 25.4950495049504937 24613.0499883495140239
388 0.8381007602113130 39935.0000000000000000 25.6167926780740167 24799.9819961165048881
389 0.8384228836490143 39981.0000000000000000 25.6678628389154717 24857.0888233009718533
390 0.8388094317742559 39996.0000000000000000 25.7294164668265388 24875.7479300970881013
391 0.8396469527122793 40084.0000000000000000 25.8638007231819991 24985.2171961165040557
392 0.8399046514624404 40122.0000000000000000 25.9054325955734406 25032.5824155339796562
393 0.8404200489627626 40206.0000000000000000 25.9890997174000802 25137.3645514563104371
394 0.8409354464630846 40254.0000000000000000 26.0733090319967609 25197.3687456310690322
395 0.8415796933384873 40297.0000000000000000 26.1793411956079716 25251.1712776699023379
396 0.8421595155263497 40326.0000000000000000 26.2755102040816340 25287.4967456310696434
397 0.8430614611519134 41002.0000000000000000 26.4265188834154365 26137.0362873786398268
398 0.8434480092771550 41072.0000000000000000 26.4917695473251023 26226.2407922330094152
399 0.8442211055276382 41129.0000000000000000 26.6232423490488017 26299.0620737864082912
400 0.8448653524030408 41166.0000000000000000 26.7338039867109636 26346.3745398058235878
401 0.8453807499033630 41298.0000000000000000 26.8229166666666679 26515.3944388349518704
402 0.8460894214663058 41381.0000000000000000 26.9464210966931788 26621.9936776699032634
403 0.8466048189666280 41542.0000000000000000 27.0369592608147826 26829.2914796116492653
404 0.8471846411544904 41607.0000000000000000 27.1395446880269802 26913.2981592233008996
405 0.8477644633423528 41693.0000000000000000 27.2429115531104529 27024.5225475728148012
406 0.8486664089679165 41791.0000000000000000 27.4052788420604507 27151.5949203883501468
407 0.8493750805308594 41849.0000000000000000 27.5342172797262634 27226.9458485436880437
408 0.8500193274062621 41926.0000000000000000 27.6524914089347078 27327.1520466019428568
409 0.8507279989692050 42082.0000000000000000 27.7837721191195506 27530.6393631067949173
410 0.8510501224069064 42103.0000000000000000 27.8438581314878881 27558.1007689320395002
411 0.8519520680324700 42271.0000000000000000 28.0134899912967796 27778.2333048543696350
412 0.8530472877206545 42308.0000000000000000 28.2222709338009636 27826.9058019417461765
413 0.8540136580337585 42459.0000000000000000 28.4090909090909101 28025.8802796116506215
414 0.8546579049091612 42717.0000000000000000 28.5350177304964525 28366.7177165048560710
415 0.8548511789717820 42919.0000000000000000 28.5730137594318698 28634.8467106796124426
416 0.8551733024094833 42940.0000000000000000 28.6365658362989315 28662.8560621359210927
417 0.8558175492848860 42970.0000000000000000 28.7645218945487038 28702.9133514563109202
418 0.8562040974101276 43031.0000000000000000 28.8418458781362013 28784.4294679611666652
419 0.8567839195979899 43085.0000000000000000 28.9586144849302727 28856.6783844660203613
420 0.8575570158484731 43501.0000000000000000 29.1157847127996376 29415.5697553398058517
421 0.8579435639737147 43530.0000000000000000 29.1950113378684790 29454.7763106796119246
422 0.8585233861615771 43588.0000000000000000 29.3146630236794188 29533.3395106796124310
423 0.8589743589743589 43661.0000000000000000 29.4084056646870700 29632.2559533980565902
424 0.8594897564746811 43766.0000000000000000 29.5162769371847773 29774.7514563106778951
425 0.8601984280376240 43870.0000000000000000 29.6658986175115196 29916.2656466019434447
426 0.8609070996005669 43936.0000000000000000 29.8170449282075047 30006.3213825242710300
427 0.8611647983507280 43953.0000000000000000 29.8723897911832950 30029.5293980582537188
428 0.8620023192887515 44097.0000000000000000 30.0536881419234376 30226.4771883495159273
429 0.8624532921015333 44111.0000000000000000 30.1522248243559723 30246.1110524271862232
430 0.8629042649143152 44138.0000000000000000 30.2514097744360910 30283.1264466019420070
431 0.8635485117897178 44162.0000000000000000 30.3942398489140686 30316.0819106796116102
432 0.8643860327277413 44255.0000000000000000 30.5819477434679321 30443.8006524271841045
433 0.8650302796031439 44330.0000000000000000 30.7279236276849659 30547.0159689320389589
434 0.8654812524159258 44893.0000000000000000 30.8309386973180075 31322.7754097087381524
435 0.8658033758536271 44928.0000000000000000 30.9049447911665851 31371.6023456310686015
436 0.8661899239788687 45106.0000000000000000 30.9942224362060657 31620.3136776699029724
437 0.8667697461667311 45288.0000000000000000 31.1291102514506761 31875.7862990291250753
438 0.8674139930421337 45408.0000000000000000 31.2803692905733719 32044.9406912621343508
439 0.8679293905424559 45465.0000000000000000 31.4024390243902438 32125.3868271844658011
440 0.8683159386676974 45497.0000000000000000 31.4946183953033270 32170.6107495145624853
441 0.8687669114804794 45593.0000000000000000 31.6028473244968104 32306.3949203883494192
442 0.8690890349181807 45610.0000000000000000 31.6806102362204740 32330.4795805825233401
443 0.8696688571060430 45651.0000000000000000 31.8215521502718737 32388.6047533980599837
444 0.8702486792939054 45735.0000000000000000 31.9637537239324736 32507.8343922330095666
445 0.8705708027316067 45754.0000000000000000 32.0433051269288214 32534.8571495145624795
446 0.8708929261693080 45784.0000000000000000 32.1232534930139693 32577.5123728155340359
447 0.8711506249194692 45878.0000000000000000 32.1875000000000000 32711.3482097087362490
448 0.8714727483571705 45882.0000000000000000 32.2681704260651614 32717.0581281553386361
449 0.8716660224197913 45928.0000000000000000 32.3167670682730943 32782.6466330097100581
450 0.8721814199201133 45960.0000000000000000 32.4470766129032242 32828.3488466019407497
451 0.8728256667955160 46122.0000000000000000 32.6114488348530926 33059.9248310679613496
452 0.8731477902332173 46166.0000000000000000 32.6942610462163543 33122.9951844660172355
453 0.8736631877335395 46393.0000000000000000 32.8276389597144345 33449.1226873786436045
454 0.8741141605463213 46478.0000000000000000 32.9452405322415558 33571.7273320388339926
455 0.8743074346089421 46508.0000000000000000 32.9958995386981044 33615.0557359223312233
456 0.8750161061718851 46697.0000000000000000 33.1829896907216479 33888.5479300970910117
457 0.8755315036722072 46768.0000000000000000 33.3203933747412009 33991.6331029126231442
458 0.8759180517974487 46795.0000000000000000 33.4241952232606465 34030.8721864077670034
459 0.8763690246102307 46850.0000000000000000 33.5461177696717030 34110.8857631067949114
460 0.8766267233603917 46854.0000000000000000 33.6161879895561384 34116.7158834951478639
461 0.8771421208607139 46880.0000000000000000 33.7572102779234413 34154.6841320388339227
462 0.8775930936734957 46951.0000000000000000 33.8815789473684177 34258.1565359223313862
463 0.8779152171111970 46985.0000000000000000 33.9709762532981543 34307.7647999999971944
464 0.8783017652364387 47032.0000000000000000 34.0788777130756984 34376.3965359223293490
465 0.8788171627367607 47127.0000000000000000 34.2238171185539599 34515.3274873786431272
466 0.8791392861744620 47221.0000000000000000 34.3150319829424291 34653.0486834951443598
467 0.8795258342997037 47270.0000000000000000 34.4251336898395692 34725.1492504854395520
468 0.8800412318000258 47310.0000000000000000 34.5730397422126714 34783.9151378640744952
469 0.8806210539878881 47354.0000000000000000 34.7409606044252541 34848.7627650485446793
470 0.8811364514882103 47374.0000000000000000 34.8915989159891566 34878.2241087378642987
471 0.8813941502383713 47382.0000000000000000 34.9674090168386726 34890.2413514563086210
472 0.8816518489885324 48104.0000000000000000 35.0435492651061509 35953.0734446601927630
473 0.8821672464888546 48114.0000000000000000 35.1968288682340074 35968.0276349514533649
474 0.8827470686767169 48158.0000000000000000 35.3708791208791240 36033.8281475728144869
475 0.8830691921144183 48270.0000000000000000 35.4683195592286467 36201.5050407766975695
476 0.8833268908645793 48291.0000000000000000 35.5466593042517971 36233.0078601941713714
477 0.8839067130524417 48332.0000000000000000 35.7241953385127644 36294.5688077669910854
478 0.8840999871150625 48363.0000000000000000 35.7837687604224541 36341.1224699029116891
479 0.8848086586780054 48602.0000000000000000 36.0039149888143157 36700.7875883495144080
480 0.8853884808658679 48648.0000000000000000 36.1860595840359736 36770.2768932038816274
481 0.8857106043035692 48690.0000000000000000 36.2880496054115014 36833.7733747572783614
482 0.8861615771163510 48729.0000000000000000 36.4318053197509926 36892.7908815533955931
483 0.8862904264914315 48752.0000000000000000 36.4730878186968823 36927.6139961165026762
484 0.8866125499291329 48752.0000000000000000 36.5767045454545467 36927.6761941747608944
485 0.8870635227419147 48771.0000000000000000 36.7227609811751279 36956.5727533980607404
486 0.8875789202422368 48822.0000000000000000 36.8911174785100258 37033.9022757281563827
487 0.8883520164927200 49091.0000000000000000 37.1465666474322020 37442.8510912621350144
488 0.8887385646179616 49101.0000000000000000 37.2756224667052720 37458.1291339805829921
489 0.8892539621182838 49180.0000000000000000 37.4490983129726587 37578.7223456310675829
490 0.8895760855559851 49202.0000000000000000 37.5583430571761951 37612.3483805825235322
491 0.8897049349310656 49210.0000000000000000 37.6022196261682211 37624.5777242718468187
492 0.8900270583687669 49503.0000000000000000 37.7123608670181625 38073.1998912621347699
493 0.8902847571189280 49537.0000000000000000 37.8009395184967687 38125.5001320388328168
494 0.8906713052441696 49581.0000000000000000 37.9345904537418974 38193.2472077669881401
495 0.8911222780569514 49622.0000000000000000 38.0917159763313578 38256.4226951456294046
496 0.8913799768071125 49635.0000000000000000 38.1820877817319086 38276.4675572815540363
497 0.8918309496198944 49673.0000000000000000 38.3412745681953524 38335.1075572815534542
498 0.8920886483700554 49697.0000000000000000 38.4328358208955194 38372.1512854368920671
499 0.8924107718077567 49743.0000000000000000 38.5479041916167660 38443.2006368932052283
500 0.8926040458703776 49758.0000000000000000 38.6172765446910589 38466.3837669902932248
501 0.8926684705579178 49758.0000000000000000 38.6404561824729882 38466.3848854368916363
502 0.8929261693080789 49807.0000000000000000 38.7334536702767736 38542.1586796116534970
503 0.8931838680582399 49874.0000000000000000 38.8268998793727391 38645.8721087378653465
504 0.8936348408710217 49965.0000000000000000 38.9915202907328862 38786.9705165048508206
505 0.8938281149336426 49987.0000000000000000 39.0625000000000000 38821.1257941747608129
506 0.8940858136838037 50020.0000000000000000 39.1575425790754252 38872.3819339805850177
507 0.8947944852467465 50067.0000000000000000 39.4213104715247979 38945.4659572815508000
508 0.8948589099342869 50084.0000000000000000 39.4454656862745097 38971.9091106796113309
509 0.8955675814972297 50243.0000000000000000 39.7131400370141918 39219.6219805825239746
510 0.8960185543100117 50333.0000000000000000 39.8853779429987583 39360.1899029126216192
511 0.8962118283726324 50346.0000000000000000 39.9596523898199862 39380.5281398058286868
512 0.8967272258729545 50425.0000000000000000 40.1590767311291330 39504.1508194174748496
513 0.8969849246231156 50493.0000000000000000 40.2595372107567258 39610.7166912621323718
514 0.8973714727483572 50526.0000000000000000 40.4111738857501592 39662.5290407767024590
515 0.8976935961860585 50553.0000000000000000 40.5384130982367736 39704.9207766990293749
516 0.8978868702486793 50578.0000000000000000 40.6151419558359592 39744.1899650485429447
517 0.8981445689988403 50590.0000000000000000 40.7179000632511077 39763.1129631067960872
518 0.8984666924365416 50614.0000000000000000 40.8470812182741128 39800.8417087378620636
519 0.8986599664991625 50646.0000000000000000 40.9249841068022917 39851.1649087378609693
520 0.8989176652493236 50694.0000000000000000 41.0293180369662238 39926.7141126213609823
521 0.8991109393119443 50753.0000000000000000 41.1079182630906743 40019.6540427184445434
522 0.8993686380621054 50779.0000000000000000 41.2131882202304709 40060.6576310679593007
523 0.8998840355624276 50906.0000000000000000 41.4253539253539245 40261.2054213592200540
524 0.9002061590001289 50984.0000000000000000 41.5590703679793450 40384.6295766990297125
525 0.9004638577502899 51024.0000000000000000 41.6666666666666643 40448.0057009708762052
526 0.9007859811879912 51051.0000000000000000 41.8019480519480524 40490.8143067961136694
527 0.9010436799381523 51147.0000000000000000 41.9108072916666643 40643.1179339805821655
528 0.9014946527509342 51176.0000000000000000 42.1026814911706992 40689.2108271844626870
529 0.9018167761886355 51217.0000000000000000 42.2408136482939653 40754.4214834951490047
530 0.9020100502512562 51221.0000000000000000 42.3241288625903991 40760.7948271844652481
531 0.9021388996263369 51221.0000000000000000 42.3798551678736004 40760.7990524271808681
532 0.9025898724391187 51448.0000000000000000 42.5760582010582027 41122.4984388349548681
533 0.9027187218141992 51448.0000000000000000 42.6324503311258312 41122.4996815533959307
534 0.9029119958768200 51468.0000000000000000 42.7173191771731950 41154.4712233009704505
535 0.9030408452519005 51488.0000000000000000 42.7740863787375432 41186.4533281553376582
536 0.9034273933771422 51515.0000000000000000 42.9452968645763846 41229.6567456310658599
537 0.9037495168148435 51581.0000000000000000 43.0890227576974567 41335.3295999999972992
538 0.9041360649400850 51683.0000000000000000 43.2627688172043037 41498.8803262135916157
539 0.9046514624404072 51856.0000000000000000 43.4966216216216210 41776.9529320388319320
540 0.9054245586908903 51952.0000000000000000 43.8521798365122635 41931.7771961165053654
541 0.9058755315036722 52173.0000000000000000 44.0622861054072530 42288.6228660194174154
542 0.9061332302538333 52301.0000000000000000 44.1832532601235428 42496.1734058252404793
543 0.9064553536915346 52365.0000000000000000 44.3353994490358119 42600.2057165048536262
544 0.9067774771292360 52392.0000000000000000 44.4885970974429839 42644.1401009708715719
545 0.9069707511918568 52448.0000000000000000 44.5810249307479225 42735.3118601941750967
546 0.9072284499420178 52572.0000000000000000 44.7048611111111143 42937.4600233009696240
547 0.9076149980672594 52630.0000000000000000 44.8919107391910757 43032.2354174757274450
548 0.9078726968174204 52681.0000000000000000 45.0174825174825202 43115.6418951456289506
549 0.9081948202551218 52713.0000000000000000 45.1754385964912260 43168.0298718446574640
550 0.9083880943177426 52776.0000000000000000 45.2707454289732780 43271.2337553398028831
551 0.9084525190052828 52780.0000000000000000 45.3026038001407443 43277.7923262135955156
552 0.9088390671305244 52844.0000000000000000 45.4946996466431131 43382.8406834951456403
553 0.9090323411931452 52856.0000000000000000 45.5913597733711029 43402.5432388349508983
554 0.9092900399433063 52871.0000000000000000 45.7208806818181799 43427.1800699029117823
555 0.9096121633810076 52949.0000000000000000 45.8838203848895247 43555.3397281553407083
556 0.9099342868187089 53028.0000000000000000 46.0479256080114467 43685.3460349514571135
557 0.9101275608813297 53052.0000000000000000 46.1469534050179178 43724.8903300970850978
558 0.9101919855688700 53056.0000000000000000 46.1800573888091819 43731.4832000000023982
559 0.9106429583816519 53142.0000000000000000 46.4131218457101653 43873.3161786407799809
560 0.9110295065068934 53202.0000000000000000 46.6147719044170898 43972.4274485436908435
561 0.9111583558819740 53237.0000000000000000 46.6823785351704146 44030.2837592233045143
562 0.9114160546321350 53252.0000000000000000 46.8181818181818201 44055.1074951456321287
563 0.9118026027573767 53273.0000000000000000 47.0233747260774280 44089.8643417475759634
564 0.9119314521324572 53281.0000000000000000 47.0921726408193138 44103.1055067961133318
565 0.9125112743203195 53298.0000000000000000 47.4042709867452103 44131.3060504854365718
566 0.9128978224455612 53325.0000000000000000 47.6146449704142043 44176.0547883495164569
567 0.9130266718206417 53347.0000000000000000 47.6851851851851833 44212.5074796116532525
568 0.9131555211957222 53347.0000000000000000 47.7559347181008889 44212.5209009708705707
569 0.9135420693209638 53437.0000000000000000 47.9694485842026808 44361.7170796116479323
570 0.9136709186960443 53454.0000000000000000 48.0410447761194064 44389.9427572815548046
571 0.9139930421337457 53481.0000000000000000 48.2209737827715372 44434.8111067961144727
572 0.9143151655714470 53540.0000000000000000 48.4022556390977456 44532.9135067961178720
573 0.9145084396340678 53597.0000000000000000 48.5116804822908847 44627.7558834951487370
574 0.9146372890091483 53597.0000000000000000 48.5849056603773590 44627.7766990291274851
575 0.9150882618219301 53635.0000000000000000 48.8429438543247372 44691.1035495145624736
576 0.9152815358845510 53652.0000000000000000 48.9543726235741445 44719.4338951456302311
577 0.9153459605720913 53656.0000000000000000 48.9916286149162872 44726.1013281553387060
578 0.9157325086973328 53692.0000000000000000 49.2163608562691124 44786.1247533980567823
579 0.9159902074474939 53705.0000000000000000 49.3673312883435571 44807.8124271844644682
580 0.9163767555727355 53745.0000000000000000 49.5955315870570104 44874.5703611650460516
581 0.9166988790104368 53757.0000000000000000 49.7873163186388226 44894.6276504854395171
582 0.9170854271356784 53796.0000000000000000 50.0194250194250216 44959.7839378640783252
583 0.9171498518232186 53800.0000000000000000 50.0583203732503890 44966.4692660194195923
584 0.9173431258858394 53847.0000000000000000 50.1753702260327330 45045.0623844660221948
585 0.9174719752609199 53855.0000000000000000 50.2537080405932883 45058.4462135922294692
586 0.9177296740110811 53912.0000000000000000 50.4111198120595176 45153.8489320388325723
587 0.9177940986986213 53981.0000000000000000 50.4506269592476499 45269.4195106796105392
588 0.9179229480737019 53985.0000000000000000 50.5298273155416027 45276.1365902912657475
589 0.9182450715114032 54075.0000000000000000 50.7289204097714759 45427.1788582524241065
590 0.9184383455740239 54092.0000000000000000 50.8491311216429693 45455.7466252427184372
591 0.9186316196366447 54113.0000000000000000 50.9699129057798856 45491.0439300970901968
592 0.9187604690117253 54117.0000000000000000 51.0507533703409990 45497.7742446601914708
593 0.9190825924494266 54167.0000000000000000 51.2539808917197419 45581.8653669902923866
594 0.9194047158871279 54337.0000000000000000 51.4588329336530776 45868.1916116504871752
595 0.9195335652622085 54375.0000000000000000 51.5412329863891117 45932.3439067961153341
596 0.9197268393248292 54394.0000000000000000 51.6653290529695042 45964.4444116504819249
597 0.9199201133874501 54419.0000000000000000 51.7900241351568766 46006.6969009708773228
598 0.9200489627625306 54449.0000000000000000 51.8734891216760658 46057.4756815533983172
599 0.9203710862002319 54506.0000000000000000 52.0833333333333357 46153.9254524271818809
600 0.9206287849503930 54572.0000000000000000 52.2524350649350637 46265.7301281553372974
601 0.9208220590130138 54584.0000000000000000 52.3799837266069943 46286.0769087378648692
602 0.9211441824507152 54605.0000000000000000 52.5939542483660105 46321.6962019417478587
603 0.9212730318257957 54853.0000000000000000 52.6800327332242233 46742.4500970873777987
604 0.9215951552634970 54906.0000000000000000 52.8964667214461812 46832.8041786407775362
605 0.9217884293261178 54932.0000000000000000 53.0271828665568350 46877.1618019417510368
606 0.9223682515139802 54987.0000000000000000 53.4232365145228201 46971.0867728155353689
607 0.9224971008890607 55004.0000000000000000 53.5120532003325025 47000.1300660194174270
608 0.9227547996392218 55012.0000000000000000 53.6905754795663057 47013.8087922330087167
609 0.9230769230769231 55041.0000000000000000 53.9154103852596336 47063.3822291262113140
610 0.9231413477644633 55045.0000000000000000 53.9606035205364662 47070.2222757281560916
611 0.9234634712021647 55081.0000000000000000 54.1877104377104359 47131.7959922330119298
612 0.9235923205772452 55149.0000000000000000 54.2790893760539603 47248.1692427184461849
613 0.9237855946398660 55159.0000000000000000 54.4167371090448029 47265.3044038834923413
614 0.9240432933900271 55172.0000000000000000 54.6013570822731111 47287.5971262135935831
615 0.9240432933900271 55172.0000000000000000 54.6013570822731111 47287.5971262135935831
616 0.9244942662028089 55219.0000000000000000 54.9274744027303754 47368.2106563106790418
617 0.9244942662028089 55219.0000000000000000 54.9274744027303754 47368.2106563106790418
618 0.9246231155778895 55223.0000000000000000 55.0213675213675231 47375.0739417475706432
619 0.9247519649529700 55227.0000000000000000 55.1155821917808240 47381.9373514563121716
620 0.9250740883906713 55313.0000000000000000 55.3525365434221825 47529.5390291262156097
621 0.9252029377657518 55313.0000000000000000 55.4478897502153316 47529.5463611650484381
622 0.9255250612034531 55330.0000000000000000 55.6877162629757763 47558.7646912621348747
623 0.9255894858909934 55334.0000000000000000 55.7359307359307365 47565.6406524271878880
624 0.9258471846411545 55352.0000000000000000 55.9296264118158106 47596.5884427184500964
625 0.9260404587037753 55370.0000000000000000 56.0757839721254356 47627.5525436893221922
626 0.9261693080788558 55387.0000000000000000 56.1736474694589845 47656.7981203883464332
627 0.9264914315165571 55405.0000000000000000 56.4198071866783550 47687.7757980582537130
628 0.9267491302667182 55461.0000000000000000 56.6182937554969214 47784.1975456310683512
629 0.9268779796417987 55465.0000000000000000 56.7180616740088084 47791.0905320388337714
630 0.9270068290168793 55488.0000000000000000 56.8181818181818201 47830.7243961165077053
631 0.9271356783919598 55507.0000000000000000 56.9186560565870892 47863.4803417475704919
632 0.9273289524545806 55525.0000000000000000 57.0700354609929050 47894.5245048543656594
633 0.9274578018296611 55570.0000000000000000 57.1714031971580852 47972.1567844660166884
634 0.9277799252673624 55582.0000000000000000 57.4264049955396985 47992.9103378640793380
635 0.9280376240175235 55644.0000000000000000 57.6320501342882707 48099.9996427184451022
636 0.9281664733926041 55652.0000000000000000 57.7354260089686093 48113.8301048543653451
637 0.9283597474552249 55671.0000000000000000 57.8911870503597115 48146.6845359223298146
638 0.9284885968303054 55693.0000000000000000 57.9954954954954971 48184.7390291262126993
639 0.9286174462053859 55707.0000000000000000 58.1001805054151603 48208.9640233009704389
640 0.9287462955804664 55707.0000000000000000 58.2052441229656452 48208.9703300970868440
641 0.9289395696430872 55711.0000000000000000 58.3635539437896611 48215.8957514563080622
642 0.9290684190181677 55719.0000000000000000 58.4695731153496823 48229.7428660194200347
643 0.9293905424558691 55751.0000000000000000 58.7363138686131379 48285.1491262135896250
644 0.9294549671434094 55755.0000000000000000 58.7899543378995446 48292.0774058252427494
645 0.9296482412060302 55759.0000000000000000 58.9514652014652043 48299.0118368932016892
646 0.9297770905811107 55764.0000000000000000 59.0596330275229349 48307.6822524271847215
647 0.9300347893312717 55802.0000000000000000 59.2771639042357279 48373.5310757281549741
648 0.9300992140188120 55806.0000000000000000 59.3317972350230391 48380.4656932038851664
649 0.9302280633938925 55860.0000000000000000 59.4413665743305657 48474.0986873786387150
650 0.9303569127689730 55872.0000000000000000 59.5513413506012981 48494.9247844660203555
651 0.9305501868315939 55880.0000000000000000 59.7170686456400759 48508.8342834951472469
652 0.9306146115191342 55884.0000000000000000 59.7725162488393664 48515.7785941747570178
653 0.9306790362066744 55888.0000000000000000 59.8280669144981445 48522.7234019417446689
654 0.9307434608942147 55897.0000000000000000 59.8837209302325562 48538.3503378640743904
655 0.9308723102692952 55918.0000000000000000 59.9953401677539588 48574.8211728155365563
656 0.9310655843319160 55952.0000000000000000 60.1635514018691566 48633.8985475728186429
657 0.9311300090194563 56005.0000000000000000 60.2198316183348936 48726.0292194174762699
658 0.9311944337069965 56005.0000000000000000 60.2762172284644180 48726.0309592233024887
659 0.9312588583945368 56009.0000000000000000 60.3327085285848170 48732.9908038834983017
660 0.9313877077696173 56031.0000000000000000 60.4460093896713602 48771.2749203883504379
661 0.9315165571446978 56035.0000000000000000 60.5597365945437431 48778.2393631067971000
662 0.9315165571446978 56035.0000000000000000 60.5597365945437431 48778.2393631067971000
663 0.9315809818322381 56039.0000000000000000 60.6167608286252388 48785.2029359223306528
664 0.9319675299574797 56235.0000000000000000 60.9611742424242422 49126.8628660194153781
665 0.9320319546450200 56248.0000000000000000 61.0189573459715646 49149.5752543689304730
666 0.9322252287076408 56260.0000000000000000 61.1929657794676771 49170.5468737864066497
667 0.9324185027702616 56266.0000000000000000 61.3679694947569132 49181.0405747572804103
668 0.9324185027702616 56266.0000000000000000 61.3679694947569132 49181.0405747572804103
669 0.9326117768328823 56302.0000000000000000 61.5439770554493322 49243.9785475728131132
670 0.9328694755830435 56361.0000000000000000 61.7802303262955874 49347.2136854368945933
671 0.9331915990207448 56422.0000000000000000 62.0781099324975898 49454.0602873786410782
672 0.9332560237082850 56427.0000000000000000 62.1380308880308903 49462.8248699029136333
673 0.9335137224584461 56441.0000000000000000 62.3788759689922472 49487.3728466019383632
674 0.9335781471459863 56445.0000000000000000 62.4393792434529615 49494.3868737864104332
675 0.9336425718335266 56514.0000000000000000 62.5000000000000000 49615.3874174757293076
676 0.9338358458961474 56520.0000000000000000 62.6825705939629998 49625.9234330097096972
677 0.9339002705836876 56525.0000000000000000 62.7436647173489277 49634.7032388349543908
678 0.9341579693338488 56593.0000000000000000 62.9892367906066539 49754.1381747572813765
679 0.9342868187089293 56607.0000000000000000 63.1127450980392126 49778.7546252427200670
680 0.9343512433964696 56649.0000000000000000 63.1746810598626070 49852.6185165048518684
681 0.9344156680840098 56675.0000000000000000 63.2367387033398813 49898.3777087378621218
682 0.9347377915217111 56687.0000000000000000 63.5488647581441271 49919.5181514563082601
683 0.9347377915217111 56687.0000000000000000 63.5488647581441271 49919.5181514563082601
684 0.9347377915217111 56687.0000000000000000 63.5488647581441271 49919.5181514563082601
685 0.9349310655843319 56704.0000000000000000 63.7376237623762378 49949.4604271844655159
686 0.9351243396469527 56727.0000000000000000 63.9275074478649472 49989.9837980582524324
687 0.9353176137095736 56742.0000000000000000 64.1185258964143401 50016.4223533980548382
688 0.9356397371472749 56773.0000000000000000 64.4394394394394396 50071.0813980582533986
689 0.9357041618348151 56773.0000000000000000 64.5040080160320599 50071.0835106796148466
690 0.9357041618348151 56773.0000000000000000 64.5040080160320599 50071.0835106796148466
691 0.9357685865223554 56786.0000000000000000 64.5687061183550668 50094.0131883495123475
692 0.9359618605849762 56803.0000000000000000 64.7635814889335961 50124.0077514563090517
693 0.9359618605849762 56803.0000000000000000 64.7635814889335961 50124.0077514563090517
694 0.9360907099600567 56811.0000000000000000 64.8941532258064484 50138.1262757281583617
695 0.9360907099600567 56811.0000000000000000 64.8941532258064484 50138.1262757281583617
696 0.9363484087102177 56874.0000000000000000 65.1568825910931224 50249.3616932038858067
697 0.9364772580852982 56957.0000000000000000 65.2890466531440126 50396.0291262135942816
698 0.9366061074603789 56965.0000000000000000 65.4217479674796749 50410.1859262135913013
699 0.9366705321479191 56971.0000000000000000 65.4883011190234043 50420.8046446601947537
700 0.9368638062105399 57089.0000000000000000 65.6887755102040813 50629.7725669902938535
701 0.9369926555856204 57093.0000000000000000 65.8231083844580809 50636.8732116504834266
702 0.9371859296482412 57122.0000000000000000 66.0256410256410220 50688.3202951456332812
703 0.9373792037108620 57131.0000000000000000 66.2294238683127503 50704.2931417475701892
704 0.9375080530859425 57137.0000000000000000 66.3659793814432959 50714.9430524271811009
705 0.9375724777734828 57141.0000000000000000 66.4344685242518125 50722.0435728155352990
706 0.9378301765236439 57238.0000000000000000 66.7098445595854912 50894.2707728155364748
707 0.9380234505862647 57252.0000000000000000 66.9178794178794192 50919.1685126213560579
708 0.9382167246488855 57274.0000000000000000 67.1272158498435800 50958.3046368932045880
709 0.9382167246488855 57274.0000000000000000 67.1272158498435800 50958.3046368932045880
710 0.9384099987115062 57291.0000000000000000 67.3378661087866135 50988.5568155339788063
711 0.9384744233990465 57300.0000000000000000 67.4083769633507899 51004.5760466019419255
712 0.9386032727741270 57304.0000000000000000 67.5498426023085017 51011.7093436893192120
713 0.9388609715242882 57320.0000000000000000 67.8345626975764020 51040.1972970873757731
714 0.9389253962118284 57329.0000000000000000 67.9061181434599206 51056.2246368932028417
715 0.9390542455869089 57355.0000000000000000 68.0496828752642671 51102.5358446601967444
716 0.9392475196495297 57369.0000000000000000 68.2661717921527043 51127.4844737864113995
717 0.9393763690246102 57384.0000000000000000 68.4112646121147776 51154.2211572815504042
718 0.9396340677747713 57401.0000000000000000 68.7033084311632933 51184.5326757281582104
719 0.9398917665249323 57430.0000000000000000 68.9978563772775999 51236.2593708737840643
720 0.9398917665249323 57430.0000000000000000 68.9978563772775999 51236.2593708737840643
721 0.9399561912124726 57521.0000000000000000 69.0718884120171737 51398.6245747572829714
722 0.9400206159000128 57525.0000000000000000 69.1460794844253428 51405.7728155339791556
723 0.9400850405875532 57568.0000000000000000 69.2204301075268802 51482.6217475728190038
724 0.9400850405875532 57568.0000000000000000 69.2204301075268802 51482.6217475728190038
725 0.9402138899626337 57591.0000000000000000 69.3696120689655231 51523.7608854368954781
726 0.9402138899626337 57591.0000000000000000 69.3696120689655231 51523.7608854368954781
727 0.9402138899626337 57591.0000000000000000 69.3696120689655231 51523.7608854368954781
728 0.9403427393377142 57601.0000000000000000 69.5194384449244041 51541.6539805825232179
729 0.9404715887127948 57618.0000000000000000 69.6699134199134136 51572.0778718446599669
730 0.9406004380878753 57635.0000000000000000 69.8210412147505366 51602.5107417475737748
731 0.9408581368380363 57659.0000000000000000 70.1252723311546902 51645.4911533980557579
732 0.9409225615255766 57663.0000000000000000 70.2017448200654286 51652.6565436893215519
733 0.9410514109006571 57672.0000000000000000 70.3551912568306079 51668.7804116504848935
734 0.9412446849632780 57767.0000000000000000 70.5866228070175481 51839.0232077669934370
735 0.9413735343383585 57771.0000000000000000 70.7417582417582480 51846.2022679611618514
736 0.9416312330885195 57781.0000000000000000 71.0540838852097068 51864.1636815534002380
737 0.9417600824636001 57794.0000000000000000 71.2112831858407134 51887.5015922330130707
738 0.9420822059013014 57824.0000000000000000 71.6073414905450534 51941.3860504854383180
739 0.9421466305888416 57828.0000000000000000 71.6870824053452083 51948.5719456310689566
740 0.9424687540265430 57878.0000000000000000 72.0884658454647251 52038.4209864077638485
741 0.9425331787140833 57882.0000000000000000 72.1692825112107670 52045.6135922330067842
742 0.9426620280891638 57896.0000000000000000 72.3314606741572987 52070.7908504854349303
743 0.9428553021517846 57902.0000000000000000 72.5760992108230027 52081.5849786407779902
744 0.9429841515268651 57912.0000000000000000 72.7401129943502838 52099.5746951456312672
745 0.9431774255894859 57920.0000000000000000 72.9875283446712046 52113.9703456310671754
746 0.9434351243396469 57932.0000000000000000 73.3200455580865622 52135.5655611650508945
747 0.9434995490271872 57955.0000000000000000 73.4036488027365976 52176.9616310679630260
748 0.9436283984022678 57991.0000000000000000 73.5714285714285694 52241.7833165048577939
749 0.9437572477773483 58016.0000000000000000 73.7399770904925589 52286.8274796116529615
750 0.9437572477773483 58016.0000000000000000 73.7399770904925589 52286.8274796116529615
751 0.9440149465275094 58125.0000000000000000 74.0794016110471745 52483.3861436893203063
752 0.9442082205901301 58142.0000000000000000 74.3360277136258674 52514.0879067961141118
753 0.9442726452776704 58146.0000000000000000 74.4219653179190743 52521.3133203883480746
754 0.9445947687153717 58181.0000000000000000 74.8546511627907023 52584.5542990291287424
755 0.9446591934029120 58185.0000000000000000 74.9417927823050007 52591.7845592232988565
756 0.9447236180904522 58189.0000000000000000 75.0291375291375289 52599.0153165048541268
757 0.9449168921530731 58206.0000000000000000 75.2923976608187075 52629.7508815533947200
758 0.9451101662156939 58225.0000000000000000 75.5575117370892002 52664.1129165048550931
759 0.9452390155907744 58238.0000000000000000 75.7352941176470580 52687.6301514563092496
760 0.9452390155907744 58238.0000000000000000 75.7352941176470580 52687.6301514563092496
761 0.9453678649658549 58248.0000000000000000 75.9139150943396288 52705.7242563106774469
762 0.9454967143409354 58269.0000000000000000 76.0933806146572067 52743.7289475728175603
763 0.9454967143409354 58269.0000000000000000 76.0933806146572067 52743.7289475728175603
764 0.9454967143409354 58269.0000000000000000 76.0933806146572067 52743.7289475728175603
765 0.9455611390284757 58281.0000000000000000 76.1834319526627155 52765.4525359223334817
766 0.9456255637160160 58285.0000000000000000 76.2736966824644611 52772.6952233009724296
767 0.9459476871537174 58308.0000000000000000 76.7282479141835552 52814.3525436893178266
768 0.9461409612163381 58314.0000000000000000 77.0035885167464045 52825.2284427184495144
769 0.9463986599664992 58327.0000000000000000 77.3737980769230802 52848.7869980582545395
770 0.9464630846540394 58327.0000000000000000 77.4669073405535471 52848.7876194174750708
771 0.9467852080917407 58376.0000000000000000 77.9358353510895938 52937.6036815533952904
772 0.9469784821543615 58427.0000000000000000 78.2199270959902861 53030.1687766990289674
773 0.9471073315294420 58435.0000000000000000 78.4104750304506695 53044.6909359223282081
774 0.9474938796546837 58493.0000000000000000 78.9877300613496942 53150.0292194174762699
775 0.9476227290297642 58576.0000000000000000 79.1820418204182062 53300.9045281553408131
776 0.9476871537173045 58580.0000000000000000 79.2795566502463060 53308.1838757281584549
777 0.9477515784048447 58584.0000000000000000 79.3773119605425421 53315.4637203883467009
778 0.9478804277799253 58592.0000000000000000 79.5735475896168083 53330.0249009708713857
779 0.9480092771550058 58657.0000000000000000 79.7707558859975165 53448.3719611650449224
780 0.9482025512176266 58677.0000000000000000 80.0684079601990106 53484.8212660194185446
781 0.9483958252802474 58696.0000000000000000 80.3682896379525573 53519.4604582524261787
782 0.9484602499677877 58757.0000000000000000 80.4687500000000000 53630.6979262135937461
783 0.9484602499677877 58757.0000000000000000 80.4687500000000000 53630.6979262135937461
784 0.9485890993428682 58791.0000000000000000 80.6704260651629141 53692.7725514563135221
785 0.9487179487179487 58801.0000000000000000 80.8731155778894504 53711.0384621359189623
786 0.9489112227805695 58829.0000000000000000 81.1790668348045443 53762.1967999999978929
787 0.9489112227805695 58829.0000000000000000 81.1790668348045443 53762.1967999999978929
788 0.9490400721556500 58837.0000000000000000 81.3843236409608153 53776.8188737864111317
789 0.9492333462182708 58851.0000000000000000 81.6941624365482255 53802.4129708737891633
790 0.9494266202808916 58876.0000000000000000 82.0063694267515899 53848.1262757281583617
791 0.9494266202808916 58876.0000000000000000 82.0063694267515899 53848.1262757281583617
792 0.9495554696559722 58885.0000000000000000 82.2158365261813486 53864.5893126213559299
793 0.9495554696559722 58885.0000000000000000 82.2158365261813486 53864.5893126213559299
794 0.9495554696559722 58885.0000000000000000 82.2158365261813486 53864.5893126213559299
795 0.9496198943435125 58889.0000000000000000 82.3209718670076711 53871.9070601941712084
796 0.9496843190310527 58929.0000000000000000 82.4263764404609418 53945.0895067961173481
797 0.9498775930936735 58998.0000000000000000 82.7442159383033413 54071.4512621359244804
798 0.9500064424687540 59007.0000000000000000 82.9574742268041234 54087.9484116504827398
799 0.9500708671562943 59011.0000000000000000 83.0645161290322562 54095.2813203883488313
800 0.9502641412189151 59021.0000000000000000 83.3873056994818711 54113.6183766990288859
801 0.9503285659064553 59025.0000000000000000 83.4954604409857382 54120.9530252427211963
802 0.9505218399690761 59031.0000000000000000 83.8216145833333286 54131.9566135922359535
803 0.9506506893441566 59058.0000000000000000 84.0404699738903389 54181.4767378640754032
804 0.9506506893441566 59058.0000000000000000 84.0404699738903389 54181.4767378640754032
805 0.9509083880943178 59101.0000000000000000 84.4816272965879307 54260.3901048543702927
806 0.9509728127818580 59105.0000000000000000 84.5926412614980308 54267.7346951456274837
807 0.9511016621569386 59141.0000000000000000 84.8155467720685152 54333.8444582524243742
808 0.9511016621569386 59141.0000000000000000 84.8155467720685152 54333.8444582524243742
809 0.9512305115320191 59176.0000000000000000 85.0396301188903578 54398.1620038834953448
810 0.9513593609070996 59184.0000000000000000 85.2649006622516623 54412.8703223300981335
811 0.9514882102821801 59194.0000000000000000 85.4913678618857915 54431.2583300970873097
812 0.9516170596572606 59200.0000000000000000 85.7190412782956059 54442.2928000000028987
813 0.9517459090323412 59331.0000000000000000 85.9479305740988053 54683.2506252427192521
814 0.9518747584074218 59336.0000000000000000 86.1780455153949134 54692.4687067961131106
815 0.9518747584074218 59336.0000000000000000 86.1780455153949134 54692.4687067961131106
816 0.9519391830949619 59340.0000000000000000 86.2935656836461078 54699.8425009708735161
817 0.9520036077825023 59344.0000000000000000 86.4093959731543606 54707.2167922330118017
818 0.9522613065326633 59397.0000000000000000 86.8758434547908251 54804.9544854368941742
819 0.9523257312202036 59401.0000000000000000 86.9932432432432421 54812.3358601941727102
820 0.9523901559077439 59405.0000000000000000 87.1109607577807878 54819.7177320388364024
821 0.9526478546579049 59422.0000000000000000 87.5850340136054371 54851.1021203883501585
822 0.9529055534080659 59455.0000000000000000 88.0642954856361087 54912.0322330097114900
823 0.9529055534080659 59455.0000000000000000 88.0642954856361087 54912.0322330097114900
824 0.9529055534080659 59455.0000000000000000 88.0642954856361087 54912.0322330097114900
825 0.9530344027831466 59520.0000000000000000 88.3058984910836813 55032.1006135922361864
826 0.9530988274706867 59529.0000000000000000 88.4271978021977958 55048.7430990291250055
827 0.9530988274706867 59529.0000000000000000 88.4271978021977958 55048.7430990291250055
828 0.9531632521582271 59542.0000000000000000 88.5488308115543390 55072.7858796116488520
829 0.9533565262208479 59565.0000000000000000 88.9157458563535954 55115.3366213592234999
830 0.9534853755959284 59571.0000000000000000 89.1620498614958450 55126.4402485436876304
831 0.9534853755959284 59571.0000000000000000 89.1620498614958450 55126.4402485436876304
832 0.9534853755959284 59571.0000000000000000 89.1620498614958450 55126.4402485436876304
833 0.9536786496585492 59588.0000000000000000 89.5340751043115404 55157.9057242718481575
834 0.9538074990336297 59592.0000000000000000 89.7838214783821513 55165.3130718446627725
835 0.9538719237211699 59597.0000000000000000 89.9092178770949744 55174.5700815534000867
836 0.9539363484087102 59655.0000000000000000 90.0349650349650403 55281.9604038834950188
837 0.9539363484087102 59655.0000000000000000 90.0349650349650403 55281.9604038834950188
838 0.9540651977837907 59718.0000000000000000 90.2875175315568015 55398.7326601941749686
839 0.9540651977837907 59718.0000000000000000 90.2875175315568015 55398.7326601941749686
840 0.9541296224713310 59722.0000000000000000 90.4143258426966270 55406.1539262135920580
841 0.9543873212214921 59760.0000000000000000 90.9251412429378547 55476.6696543689322425
842 0.9545805952841129 59769.0000000000000000 91.3120567375886480 55493.3821048543686629
843 0.9546450199716532 59773.0000000000000000 91.4417613636363598 55500.8097087378628203
844 0.9547738693467337 59781.0000000000000000 91.7022792022792004 55515.6664077669920516
845 0.9549027187218142 59789.0000000000000000 91.9642857142857082 55530.5250951456328039
846 0.9549671434093545 59798.0000000000000000 92.0958512160228935 55547.2427961165012675
847 0.9549671434093545 59798.0000000000000000 92.0958512160228935 55547.2427961165012675
848 0.9550315680968947 59802.0000000000000000 92.2277936962750715 55554.6740038834977895
849 0.9551604174719752 59819.0000000000000000 92.4928160919540261 55586.2603650485471007
850 0.9552248421595155 59824.0000000000000000 92.6258992805755383 55595.5526368932041805
851 0.9553536915345960 59828.0000000000000000 92.8932178932178942 55602.9873242718458641
852 0.9556113902847572 59851.0000000000000000 93.4325108853410740 55645.7426796116487822
853 0.9556758149722974 59855.0000000000000000 93.5683139534883708 55653.1804737864076742
854 0.9556758149722974 59855.0000000000000000 93.5683139534883708 55653.1804737864076742
855 0.9557402396598377 59859.0000000000000000 93.7045123726346390 55660.6187650485444465
856 0.9558690890349182 59887.0000000000000000 93.9781021897810263 55712.6963417475708411
857 0.9559335137224585 59905.0000000000000000 94.1154970760233880 55746.1865475728191086
858 0.9560623630975390 59913.0000000000000000 94.3914956011730197 55761.0760543689320912
859 0.9561267877850792 59926.0000000000000000 94.5301027900146806 55785.2739262135946774
860 0.9561267877850792 59926.0000000000000000 94.5301027900146806 55785.2739262135946774
861 0.9561267877850792 59926.0000000000000000 94.5301027900146806 55785.2739262135946774
862 0.9562556371601598 59935.0000000000000000 94.8085419734904207 55802.0305553398065967
863 0.9564489112227805 59952.0000000000000000 95.2292899408284086 55833.6882796116478858
864 0.9565777605978611 59969.0000000000000000 95.5118694362017777 55865.3538640776678221
865 0.9566421852854013 59977.0000000000000000 95.6537890044576500 55880.2587805825241958
866 0.9567066099729417 59981.0000000000000000 95.7961309523809490 55887.7122330097117811
867 0.9567710346604819 59985.0000000000000000 95.9388971684053615 55895.1661825242699706
868 0.9570287334106430 60050.0000000000000000 96.5142428785607223 56016.3221902912628138
869 0.9571575827857235 60067.0000000000000000 96.8045112781954913 56048.0395339805836556
870 0.9572220074732638 60071.0000000000000000 96.9503012048192829 56055.5041708737844601
871 0.9574152815358845 60119.0000000000000000 97.3903177004538634 56145.0986718446583836
872 0.9574797062234248 60125.0000000000000000 97.5378787878787818 56156.3053203883464448
873 0.9575441309109651 60127.0000000000000000 97.6858877086494743 56160.0412427184492117
874 0.9576085555985053 60132.0000000000000000 97.8343465045592637 56169.3813592232982046
875 0.9576729802860456 60175.0000000000000000 97.9832572298325744 56249.7130407766962890
876 0.9578018296611261 60183.0000000000000000 98.2824427480915972 56264.6695300970895914
877 0.9578018296611261 60183.0000000000000000 98.2824427480915972 56264.6695300970895914
878 0.9578662543486665 60185.0000000000000000 98.4327217125382248 56268.4090563106801710
879 0.9579306790362067 60189.0000000000000000 98.5834609494640119 56275.8883572815539083
880 0.9580595284112872 60206.0000000000000000 98.8863287250383962 56307.6793631067994284
881 0.9582528024739080 60232.0000000000000000 99.3441358024691397 56356.3167533980595181
882 0.9583816518489885 60240.0000000000000000 99.6517027863777116 56371.2875339805832482
883 0.9585105012240691 60248.0000000000000000 99.9611801242236027 56386.2603029126184992
884 0.9586393505991496 60271.0000000000000000 100.2725856697819324 56429.3136621359226410
885 0.9586393505991496 60271.0000000000000000 100.2725856697819324 56429.3136621359226410
886 0.9586393505991496 60271.0000000000000000 100.2725856697819324 56429.3136621359226410
887 0.9586393505991496 60271.0000000000000000 100.2725856697819324 56429.3136621359226410
888 0.9586393505991496 60271.0000000000000000 100.2725856697819324 56429.3136621359226410
889 0.9587037752866898 60275.0000000000000000 100.4290171606864277 56436.8036504854389932
890 0.9588326246617704 60280.0000000000000000 100.7433489827856050 56446.1670058252420858
891 0.9588970493493106 60284.0000000000000000 100.9012539184952999 56453.6581126213568496
892 0.9588970493493106 60284.0000000000000000 100.9012539184952999 56453.6581126213568496
893 0.9590903234119315 60314.0000000000000000 101.3779527559055111 56509.8511067961153458
894 0.9591547480994718 60318.0000000000000000 101.5378548895899087 56517.3464388349530054
895 0.9592835974745523 60328.0000000000000000 101.8591772151898738 56536.0867572815550375
896 0.9592835974745523 60328.0000000000000000 101.8591772151898738 56536.0867572815550375
897 0.9592835974745523 60328.0000000000000000 101.8591772151898738 56536.0867572815550375
898 0.9592835974745523 60328.0000000000000000 101.8591772151898738 56536.0867572815550375
899 0.9592835974745523 60328.0000000000000000 101.8591772151898738 56536.0867572815550375
900 0.9593480221620925 60334.0000000000000000 102.0206022187004749 56547.3323650485472172
901 0.9595412962247133 60351.0000000000000000 102.5079617834394838 56579.2008233009692049
902 0.9595412962247133 60351.0000000000000000 102.5079617834394838 56579.2008233009692049
903 0.9595412962247133 60351.0000000000000000 102.5079617834394838 56579.2008233009692049
904 0.9596701455997938 60357.0000000000000000 102.8354632587859356 56590.4509669902909081
905 0.9596701455997938 60357.0000000000000000 102.8354632587859356 56590.4509669902909081
906 0.9597989949748744 60365.0000000000000000 103.1650641025641022 56605.4528155339794466
907 0.9599278443499549 60374.0000000000000000 103.4967845659163999 56622.3321941747562960
908 0.9599922690374951 60379.0000000000000000 103.6634460547504091 56631.7106796116495389
909 0.9600566937250354 60385.0000000000000000 103.8306451612903203 56642.9657941747573204
910 0.9601211184125757 60389.0000000000000000 103.9983844911147060 56650.4699495145614492
911 0.9601211184125757 60389.0000000000000000 103.9983844911147060 56650.4699495145614492
912 0.9601855431001159 60410.0000000000000000 104.1666666666666714 56689.8693747572833672
913 0.9602499677876563 60419.0000000000000000 104.3354943273906059 56706.7607145631045569
914 0.9602499677876563 60419.0000000000000000 104.3354943273906059 56706.7607145631045569
915 0.9602499677876563 60419.0000000000000000 104.3354943273906059 56706.7607145631045569
916 0.9605720912253576 60440.0000000000000000 105.1879084967320210 56746.1853048543707700
917 0.9605720912253576 60440.0000000000000000 105.1879084967320210 56746.1853048543707700
918 0.9605720912253576 60440.0000000000000000 105.1879084967320210 56746.1853048543707700
919 0.9605720912253576 60440.0000000000000000 105.1879084967320210 56746.1853048543707700
920 0.9605720912253576 60440.0000000000000000 105.1879084967320210 56746.1853048543707700
921 0.9605720912253576 60440.0000000000000000 105.1879084967320210 56746.1853048543707700
922 0.9606365159128978 60444.0000000000000000 105.3600654664484466 56753.6962951456298470
923 0.9607653652879784 60474.0000000000000000 105.7060755336617461 56810.0393165048517403
924 0.9608297899755186 60491.0000000000000000 105.8799342105263150 56841.9789825242696679
925 0.9608297899755186 60491.0000000000000000 105.8799342105263150 56841.9789825242696679
926 0.9608942146630589 60495.0000000000000000 106.0543657331136700 56849.4963106796130887
927 0.9608942146630589 60495.0000000000000000 106.0543657331136700 56849.4963106796130887
928 0.9608942146630589 60495.0000000000000000 106.0543657331136700 56849.4963106796130887
929 0.9608942146630589 60495.0000000000000000 106.0543657331136700 56849.4963106796130887
930 0.9610874887256797 60509.0000000000000000 106.5811258278145743 56875.8106873786382494
931 0.9611519134132199 60526.0000000000000000 106.7578772802653333 56907.7688388349488378
932 0.9612807627883004 60534.0000000000000000 107.1131447587354444 56922.8126912621373776
933 0.9612807627883004 60534.0000000000000000 107.1131447587354444 56922.8126912621373776
934 0.9613451874758407 60538.0000000000000000 107.2916666666666714 56930.3353631067948299
935 0.9614096121633811 60542.0000000000000000 107.4707846410684482 56937.8585320388374384
936 0.9614740368509213 60563.0000000000000000 107.6505016722408072 56977.3577786407768144
937 0.9616028862260018 60577.0000000000000000 108.0117449664429472 57003.7008621359200333
938 0.9616028862260018 60577.0000000000000000 108.0117449664429472 57003.7008621359200333
939 0.9617317356010824 60598.0000000000000000 108.3754208754208719 57043.2250563106790651
940 0.9617961602886226 60602.0000000000000000 108.5581787521079207 57050.7556815533971530
941 0.9619250096637031 60610.0000000000000000 108.9255499153976245 57065.8184233009742456
942 0.9619894343512434 60614.0000000000000000 109.1101694915254257 57073.3505398058259743
943 0.9620538590387837 60647.0000000000000000 109.2954159592529777 57135.4946019417475327
944 0.9621827084138642 60656.0000000000000000 109.6678023850085140 57152.4528310679597780
945 0.9621827084138642 60656.0000000000000000 109.6678023850085140 57152.4528310679597780
946 0.9621827084138642 60656.0000000000000000 109.6678023850085140 57152.4528310679597780
947 0.9622471331014044 60667.0000000000000000 109.8549488054607508 57173.1818718446593266
948 0.9622471331014044 60667.0000000000000000 109.8549488054607508 57173.1818718446593266
949 0.9623115577889447 60671.0000000000000000 110.0427350427350461 57180.7210718446585815
950 0.9623759824764850 60675.0000000000000000 110.2311643835616479 57188.2607689320357167
951 0.9624404071640252 60679.0000000000000000 110.4202401372212705 57195.8009631067980081
952 0.9624404071640252 60679.0000000000000000 110.4202401372212705 57195.8009631067980081
953 0.9624404071640252 60679.0000000000000000 110.4202401372212705 57195.8009631067980081
954 0.9625048318515655 60683.0000000000000000 110.6099656357388312 57203.3416543689309037
955 0.9625692565391057 60687.0000000000000000 110.8003442340791764 57210.8828427184489556
956 0.9626336812266461 60693.0000000000000000 110.9913793103448256 57222.1953708737855777
957 0.9626336812266461 60693.0000000000000000 110.9913793103448256 57222.1953708737855777
958 0.9626336812266461 60693.0000000000000000 110.9913793103448256 57222.1953708737855777
959 0.9626981059141864 60695.0000000000000000 111.1830742659758187 57225.9665864077687729
960 0.9626981059141864 60695.0000000000000000 111.1830742659758187 57225.9665864077687729
961 0.9626981059141864 60695.0000000000000000 111.1830742659758187 57225.9665864077687729
962 0.9626981059141864 60695.0000000000000000 111.1830742659758187 57225.9665864077687729
963 0.9628269552892669 60703.0000000000000000 111.5684575389948066 57241.0524427184500382
964 0.9628913799768071 60716.0000000000000000 111.7621527777777715 57265.5693825242706225
965 0.9629558046643474 60727.0000000000000000 111.9565217391304373 57286.3189281553422916
966 0.9630202293518877 60727.0000000000000000 112.1515679442508713 57286.3200466019407031
967 0.9630846540394279 60732.0000000000000000 112.3472949389179689 57295.7533669902913971
968 0.9632135034145084 60740.0000000000000000 112.7408056042031461 57310.8484194174743607
969 0.9633423527895890 60757.0000000000000000 113.1370826010544874 57342.9301902912629885
970 0.9634067774771292 60770.0000000000000000 113.3362676056338074 57367.4689398058253573
971 0.9634712021646695 60774.0000000000000000 113.5361552028218739 57375.0209398058286752
972 0.9634712021646695 60774.0000000000000000 113.5361552028218739 57375.0209398058286752
973 0.9635356268522097 60783.0000000000000000 113.7367491166077684 57392.0140582524254569
974 0.9635356268522097 60783.0000000000000000 113.7367491166077684 57392.0140582524254569
975 0.9636000515397500 60792.0000000000000000 113.9380530973451329 57409.0096932038868545
976 0.9636000515397500 60792.0000000000000000 113.9380530973451329 57409.0096932038868545
977 0.9636644762272903 60805.0000000000000000 114.1400709219858101 57433.5625786407763371
978 0.9637289009148305 60809.0000000000000000 114.3428063943161703 57441.1189281553379260
979 0.9637933256023709 60813.0000000000000000 114.5462633451957259 57448.6757747572846711
980 0.9637933256023709 60813.0000000000000000 114.5462633451957259 57448.6757747572846711
981 0.9639221749774514 60830.0000000000000000 114.9553571428571388 57480.7961009708742495
982 0.9639221749774514 60830.0000000000000000 114.9553571428571388 57480.7961009708742495
983 0.9640510243525319 60848.0000000000000000 115.3673835125448051 57514.8156737864046590
984 0.9640510243525319 60848.0000000000000000 115.3673835125448051 57514.8156737864046590
985 0.9640510243525319 60848.0000000000000000 115.3673835125448051 57514.8156737864046590
986 0.9640510243525319 60848.0000000000000000 115.3673835125448051 57514.8156737864046590
987 0.9641154490400722 60852.0000000000000000 115.5745062836624726 57522.3773669902948313
988 0.9641798737276124 60861.0000000000000000 115.7823741007194229 57539.3922951456333976
989 0.9643087231026930 60869.0000000000000000 116.2003610108303207 57554.5194097087369300
990 0.9643087231026930 60869.0000000000000000 116.2003610108303207 57554.5194097087369300
991 0.9643087231026930 60869.0000000000000000 116.2003610108303207 57554.5194097087369300
992 0.9643087231026930 60869.0000000000000000 116.2003610108303207 57554.5194097087369300
993 0.9643087231026930 60869.0000000000000000 116.2003610108303207 57554.5194097087369300
994 0.9643087231026930 60869.0000000000000000 116.2003610108303207 57554.5194097087369300
995 0.9643087231026930 60869.0000000000000000 116.2003610108303207 57554.5194097087369300
996 0.9643087231026930 60869.0000000000000000 116.2003610108303207 57554.5194097087369300
997 0.9643731477902332 60873.0000000000000000 116.4104882459312904 57562.0837126213591546
998 0.9644375724777735 60875.0000000000000000 116.6213768115942031 57565.8661126213628449
999 0.9645019971653137 60879.0000000000000000 116.8330308529945540 57573.4311611650482519
1000 0.9645019971653137 60879.0000000000000000 116.8330308529945540 57573.4311611650482519
1001 0.9645019971653137 60879.0000000000000000 116.8330308529945540 57573.4311611650482519
1002 0.9645019971653137 60879.0000000000000000 116.8330308529945540 57573.4311611650482519
1003 0.9645664218528540 60883.0000000000000000 117.0454545454545467 57580.9967067961188150
1004 0.9646952712279345 60928.0000000000000000 117.4726277372262757 57666.1297864077641862
1005 0.9647596959154748 60932.0000000000000000 117.6873857404021919 57673.7014213592265151
1006 0.9650173946656359 60953.0000000000000000 118.5543278084714558 57713.4599611650482984
1007 0.9651462440407164 60961.0000000000000000 118.9926062846580379 57728.6099417475707014
1008 0.9652750934157970 60969.0000000000000000 119.4341372912801518 57743.7619106796119013
1009 0.9653395181033372 60973.0000000000000000 119.6561338289962890 57751.3386407766956836
1010 0.9655327921659580 61030.0000000000000000 120.3271028037383132 57859.3415922330095782
1011 0.9655327921659580 61030.0000000000000000 120.3271028037383132 57859.3415922330095782
1012 0.9655327921659580 61030.0000000000000000 120.3271028037383132 57859.3415922330095782
1013 0.9655972168534983 61034.0000000000000000 120.5524344569288360 57866.9259029126187670
1014 0.9657260662285788 61064.0000000000000000 121.0056390977443641 57923.8151922330071102
1015 0.9659193402911996 61072.0000000000000000 121.6918714555765604 57939.0017398058262188
1016 0.9659193402911996 61072.0000000000000000 121.6918714555765604 57939.0017398058262188
1017 0.9659837649787398 61076.0000000000000000 121.9223484848484844 57946.5912699029140640
1018 0.9660481896662801 61080.0000000000000000 122.1537001897533230 57954.1812970873797894
1019 0.9660481896662801 61080.0000000000000000 122.1537001897533230 57954.1812970873797894
1020 0.9661126143538203 61082.0000000000000000 122.3859315589353542 57957.9765592233015923
1021 0.9662414637289010 61095.0000000000000000 122.8530534351145036 57982.6476893203871441
1022 0.9663058884164412 61105.0000000000000000 123.0879541108986643 58001.6286601941756089
1023 0.9663058884164412 61105.0000000000000000 123.0879541108986643 58001.6286601941756089
1024 0.9663703131039815 61109.0000000000000000 123.3237547892720301 58009.2222912621364230
1025 0.9665635871666023 61130.0000000000000000 124.0366088631984525 58049.0951922330132220
1026 0.9666280118541425 61136.0000000000000000 124.2760617760617805 58060.4902990291229798
1027 0.9668212859167633 61157.0000000000000000 125.0000000000000000 58100.3808155339793302
1028 0.9669501352918438 61161.0000000000000000 125.4873294346978554 58107.9831456310712383
1029 0.9669501352918438 61161.0000000000000000 125.4873294346978554 58107.9831456310712383
1030 0.9670145599793841 61165.0000000000000000 125.7324218750000000 58115.5837359223296517
1031 0.9670145599793841 61165.0000000000000000 125.7324218750000000 58115.5837359223296517
1032 0.9670789846669243 61169.0000000000000000 125.9784735812133079 58123.1848233009732212
1033 0.9670789846669243 61169.0000000000000000 125.9784735812133079 58123.1848233009732212
1034 0.9670789846669243 61169.0000000000000000 125.9784735812133079 58123.1848233009732212
1035 0.9672722587295451 61220.0000000000000000 126.7224409448818960 58220.1255922330092289
1036 0.9672722587295451 61220.0000000000000000 126.7224409448818960 58220.1255922330092289
1037 0.9672722587295451 61220.0000000000000000 126.7224409448818960 58220.1255922330092289
1038 0.9672722587295451 61220.0000000000000000 126.7224409448818960 58220.1255922330092289
1039 0.9674011081046257 61231.0000000000000000 127.2233201581027657 58241.0479378640811774
1040 0.9674011081046257 61231.0000000000000000 127.2233201581027657 58241.0479378640811774
1041 0.9674655327921660 61235.0000000000000000 127.4752475247524757 58248.6572271844634088
1042 0.9675299574797063 61239.0000000000000000 127.7281746031746081 58256.2670135922307963
1043 0.9675299574797063 61239.0000000000000000 127.7281746031746081 58256.2670135922307963
1044 0.9676588068547868 61265.0000000000000000 128.2370517928286802 58305.7391067961143563
1045 0.9678520809174076 61280.0000000000000000 129.0080160320641198 58334.2927689320422360
1046 0.9679165056049478 61284.0000000000000000 129.2670682730923772 58341.9081475728162332
1047 0.9679165056049478 61284.0000000000000000 129.2670682730923772 58341.9081475728162332
1048 0.9679165056049478 61284.0000000000000000 129.2670682730923772 58341.9081475728162332
1049 0.9680453549800283 61292.0000000000000000 129.7883064516128968 58357.1403961165051442
1050 0.9681097796675686 61296.0000000000000000 130.0505050505050519 58364.7572660194200580
1051 0.9681097796675686 61296.0000000000000000 130.0505050505050519 58364.7572660194200580
1052 0.9681097796675686 61296.0000000000000000 130.0505050505050519 58364.7572660194200580
1053 0.9681097796675686 61296.0000000000000000 130.0505050505050519 58364.7572660194200580
1054 0.9681742043551089 61300.0000000000000000 130.3137651821862448 58372.3746330097055761
1055 0.9681742043551089 61300.0000000000000000 130.3137651821862448 58372.3746330097055761
1056 0.9681742043551089 61300.0000000000000000 130.3137651821862448 58372.3746330097055761
1057 0.9681742043551089 61300.0000000000000000 130.3137651821862448 58372.3746330097055761
1058 0.9681742043551089 61300.0000000000000000 130.3137651821862448 58372.3746330097055761
1059 0.9682386290426491 61315.0000000000000000 130.5780933062880251 58400.9416233009687858
1060 0.9682386290426491 61315.0000000000000000 130.5780933062880251 58400.9416233009687858
1061 0.9682386290426491 61315.0000000000000000 130.5780933062880251 58400.9416233009687858
1062 0.9684319031052699 61332.0000000000000000 131.3775510204081627 58433.3282019417456468
1063 0.9684319031052699 61332.0000000000000000 131.3775510204081627 58433.3282019417456468
1064 0.9684319031052699 61332.0000000000000000 131.3775510204081627 58433.3282019417456468
1065 0.9684319031052699 61332.0000000000000000 131.3775510204081627 58433.3282019417456468
1066 0.9684319031052699 61332.0000000000000000 131.3775510204081627 58433.3282019417456468
1067 0.9684319031052699 61332.0000000000000000 131.3775510204081627 58433.3282019417456468
1068 0.9684319031052699 61332.0000000000000000 131.3775510204081627 58433.3282019417456468
1069 0.9685607524803505 61338.0000000000000000 131.9159836065573757 58444.7612116504824371
1070 0.9686251771678908 61342.0000000000000000 132.1868583162217590 58452.3837980582538876
1071 0.9686251771678908 61342.0000000000000000 132.1868583162217590 58452.3837980582538876
1072 0.9686251771678908 61342.0000000000000000 132.1868583162217590 58452.3837980582538876
1073 0.9686251771678908 61342.0000000000000000 132.1868583162217590 58452.3837980582538876
1074 0.9686251771678908 61342.0000000000000000 132.1868583162217590 58452.3837980582538876
1075 0.9686251771678908 61342.0000000000000000 132.1868583162217590 58452.3837980582538876
1076 0.9686896018554310 61346.0000000000000000 132.4588477366255006 58460.0068815533959423
1077 0.9687540265429713 61350.0000000000000000 132.7319587628865918 58467.6304621359231533
1078 0.9687540265429713 61350.0000000000000000 132.7319587628865918 58467.6304621359231533
1079 0.9688828759180518 61372.0000000000000000 133.2815734989648035 58509.5651262135943398
1080 0.9688828759180518 61372.0000000000000000 133.2815734989648035 58509.5651262135943398
1081 0.9688828759180518 61372.0000000000000000 133.2815734989648035 58509.5651262135943398
1082 0.9689473006055921 61376.0000000000000000 133.5580912863070466 58517.1919378640741343
1083 0.9689473006055921 61376.0000000000000000 133.5580912863070466 58517.1919378640741343
1084 0.9689473006055921 61376.0000000000000000 133.5580912863070466 58517.1919378640741343
1085 0.9689473006055921 61376.0000000000000000 133.5580912863070466 58517.1919378640741343
1086 0.9689473006055921 61376.0000000000000000 133.5580912863070466 58517.1919378640741343
1087 0.9689473006055921 61376.0000000000000000 133.5580912863070466 58517.1919378640741343
1088 0.9690117252931323 61380.0000000000000000 133.8357588357588384 58524.8192466019390849
1089 0.9690117252931323 61380.0000000000000000 133.8357588357588384 58524.8192466019390849
1090 0.9690117252931323 61380.0000000000000000 133.8357588357588384 58524.8192466019390849
1091 0.9690117252931323 61380.0000000000000000 133.8357588357588384 58524.8192466019390849
1092 0.9690761499806726 61397.0000000000000000 134.1145833333333428 58557.2374213592265733
1093 0.9692049993557531 61410.0000000000000000 134.6757322175732270 58582.0357747572779772
1094 0.9693982734183739 61422.0000000000000000 135.5263157894736707 58604.9317436893179547
1095 0.9694626981059142 61426.0000000000000000 135.8122362869198412 58612.5647689320394420
1096 0.9694626981059142 61426.0000000000000000 135.8122362869198412 58612.5647689320394420
1097 0.9695271227934544 61439.0000000000000000 136.0993657505285341 58637.3737165048514726
1098 0.9695271227934544 61439.0000000000000000 136.0993657505285341 58637.3737165048514726
1099 0.9695271227934544 61439.0000000000000000 136.0993657505285341 58637.3737165048514726
1100 0.9695271227934544 61439.0000000000000000 136.0993657505285341 58637.3737165048514726
1101 0.9696559721685349 61475.0000000000000000 136.6772823779193118 58706.0975067961189779
1102 0.9696559721685349 61475.0000000000000000 136.6772823779193118 58706.0975067961189779
1103 0.9697203968560753 61479.0000000000000000 136.9680851063829721 58713.7371184466028353
1104 0.9697203968560753 61479.0000000000000000 136.9680851063829721 58713.7371184466028353
1105 0.9697203968560753 61479.0000000000000000 136.9680851063829721 58713.7371184466028353
1106 0.9697203968560753 61479.0000000000000000 136.9680851063829721 58713.7371184466028353
1107 0.9697203968560753 61479.0000000000000000 136.9680851063829721 58713.7371184466028353
1108 0.9697203968560753 61479.0000000000000000 136.9680851063829721 58713.7371184466028353
1109 0.9697848215436156 61483.0000000000000000 137.2601279317697163 58721.3772271844645729
1110 0.9697848215436156 61483.0000000000000000 137.2601279317697163 58721.3772271844645729
1111 0.9697848215436156 61483.0000000000000000 137.2601279317697163 58721.3772271844645729
1112 0.9698492462311558 61487.0000000000000000 137.5534188034187935 58729.0178330097114667
1113 0.9701069449813169 61525.0000000000000000 138.7392241379310462 58801.6180038834936568
1114 0.9701069449813169 61525.0000000000000000 138.7392241379310462 58801.6180038834936568
1115 0.9701069449813169 61525.0000000000000000 138.7392241379310462 58801.6180038834936568
1116 0.9701069449813169 61525.0000000000000000 138.7392241379310462 58801.6180038834936568
1117 0.9701713696688571 61529.0000000000000000 139.0388768898488081 58809.2638291262119310
1118 0.9701713696688571 61529.0000000000000000 139.0388768898488081 58809.2638291262119310
1119 0.9702357943563974 61533.0000000000000000 139.3398268398268272 58816.9101514563080855
1120 0.9703002190439376 61537.0000000000000000 139.6420824295010732 58824.5569708737893961
1121 0.9703002190439376 61537.0000000000000000 139.6420824295010732 58824.5569708737893961
1122 0.9703646437314779 61554.0000000000000000 139.9456521739130324 58857.0580660194173106
1123 0.9704290684190182 61558.0000000000000000 140.2505446623093803 58864.7074951456306735
1124 0.9704290684190182 61558.0000000000000000 140.2505446623093803 58864.7074951456306735
1125 0.9706223424816389 61571.0000000000000000 141.1732456140350962 58889.5714951456320705
1126 0.9707511918567195 61594.0000000000000000 141.7951541850220281 58933.5702213592230692
1127 0.9707511918567195 61594.0000000000000000 141.7951541850220281 58933.5702213592230692
1128 0.9707511918567195 61594.0000000000000000 141.7951541850220281 58933.5702213592230692
1129 0.9708156165442597 61600.0000000000000000 142.1081677704194135 58945.0518213592222310
1130 0.9708800412318001 61604.0000000000000000 142.4225663716814267 58952.7069669902921305
1131 0.9708800412318001 61604.0000000000000000 142.4225663716814267 58952.7069669902921305
1132 0.9708800412318001 61604.0000000000000000 142.4225663716814267 58952.7069669902921305
1133 0.9708800412318001 61604.0000000000000000 142.4225663716814267 58952.7069669902921305
1134 0.9710088906068806 61617.0000000000000000 143.0555555555555429 58977.5889242718476453
1135 0.9711377399819611 61625.0000000000000000 143.6941964285714164 58992.9039378640809446
1136 0.9711377399819611 61625.0000000000000000 143.6941964285714164 58992.9039378640809446
1137 0.9711377399819611 61625.0000000000000000 143.6941964285714164 58992.9039378640809446
1138 0.9711377399819611 61625.0000000000000000 143.6941964285714164 58992.9039378640809446
1139 0.9712665893570416 61633.0000000000000000 144.3385650224215340 59008.2209398058257648
1140 0.9712665893570416 61633.0000000000000000 144.3385650224215340 59008.2209398058257648
1141 0.9712665893570416 61633.0000000000000000 144.3385650224215340 59008.2209398058257648
1142 0.9712665893570416 61633.0000000000000000 144.3385650224215340 59008.2209398058257648
1143 0.9713310140445819 61637.0000000000000000 144.6629213483145975 59015.8801864077686332
1144 0.9713310140445819 61637.0000000000000000 144.6629213483145975 59015.8801864077686332
1145 0.9713954387321222 61641.0000000000000000 144.9887387387387321 59023.5399300970893819
1146 0.9715242881072027 61654.0000000000000000 145.6447963800904972 59048.4359611650506849
1147 0.9715887127947429 61658.0000000000000000 145.9750566893424093 59056.0978174757256056
1148 0.9716531374822832 61662.0000000000000000 146.3068181818181870 59063.7601708737856825
1149 0.9716531374822832 61662.0000000000000000 146.3068181818181870 59063.7601708737856825
1150 0.9716531374822832 61662.0000000000000000 146.3068181818181870 59063.7601708737856825
1151 0.9716531374822832 61662.0000000000000000 146.3068181818181870 59063.7601708737856825
1152 0.9717175621698235 61666.0000000000000000 146.6400911161731244 59071.4230213592236396
1153 0.9718464115449040 61682.0000000000000000 147.3112128146453017 59102.0766601941722911
1154 0.9719108362324442 61686.0000000000000000 147.6490825688073301 59109.7419961165069253
1155 0.9719108362324442 61686.0000000000000000 147.6490825688073301 59109.7419961165069253
1156 0.9719108362324442 61686.0000000000000000 147.6490825688073301 59109.7419961165069253
1157 0.9719108362324442 61686.0000000000000000 147.6490825688073301 59109.7419961165069253
1158 0.9719108362324442 61686.0000000000000000 147.6490825688073301 59109.7419961165069253
1159 0.9719108362324442 61686.0000000000000000 147.6490825688073301 59109.7419961165069253
1160 0.9719108362324442 61686.0000000000000000 147.6490825688073301 59109.7419961165069253
1161 0.9719108362324442 61686.0000000000000000 147.6490825688073301 59109.7419961165069253
1162 0.9719108362324442 61686.0000000000000000 147.6490825688073301 59109.7419961165069253
1163 0.9719108362324442 61686.0000000000000000 147.6490825688073301 59109.7419961165069253
1164 0.9719108362324442 61686.0000000000000000 147.6490825688073301 59109.7419961165069253
1165 0.9719108362324442 61686.0000000000000000 147.6490825688073301 59109.7419961165069253
1166 0.9719108362324442 61686.0000000000000000 147.6490825688073301 59109.7419961165069253
1167 0.9720396856075249 61696.0000000000000000 148.3294930875576085 59128.9073242718441179
1168 0.9720396856075249 61696.0000000000000000 148.3294930875576085 59128.9073242718441179
1169 0.9720396856075249 61696.0000000000000000 148.3294930875576085 59128.9073242718441179
1170 0.9720396856075249 61696.0000000000000000 148.3294930875576085 59128.9073242718441179
1171 0.9720396856075249 61696.0000000000000000 148.3294930875576085 59128.9073242718441179
1172 0.9720396856075249 61696.0000000000000000 148.3294930875576085 59128.9073242718441179
1173 0.9721685349826054 61704.0000000000000000 149.0162037037036953 59144.2419728155364282
1174 0.9722329596701456 61708.0000000000000000 149.3619489559164606 59151.9100427184457658
1175 0.9722329596701456 61708.0000000000000000 149.3619489559164606 59151.9100427184457658
1176 0.9722329596701456 61708.0000000000000000 149.3619489559164606 59151.9100427184457658
1177 0.9722329596701456 61708.0000000000000000 149.3619489559164606 59151.9100427184457658
1178 0.9722329596701456 61708.0000000000000000 149.3619489559164606 59151.9100427184457658
1179 0.9722329596701456 61708.0000000000000000 149.3619489559164606 59151.9100427184457658
1180 0.9722329596701456 61708.0000000000000000 149.3619489559164606 59151.9100427184457658
1181 0.9722329596701456 61708.0000000000000000 149.3619489559164606 59151.9100427184457658
1182 0.9722329596701456 61708.0000000000000000 149.3619489559164606 59151.9100427184457658
1183 0.9722329596701456 61708.0000000000000000 149.3619489559164606 59151.9100427184457658
1184 0.9722329596701456 61708.0000000000000000 149.3619489559164606 59151.9100427184457658
1185 0.9722329596701456 61708.0000000000000000 149.3619489559164606 59151.9100427184457658
1186 0.9722329596701456 61708.0000000000000000 149.3619489559164606 59151.9100427184457658
1187 0.9722329596701456 61708.0000000000000000 149.3619489559164606 59151.9100427184457658
1188 0.9723618090452262 61716.0000000000000000 150.0582750582750577 59167.2476737864053575
1189 0.9724262337327664 61722.0000000000000000 150.4088785046728844 59178.7520155339807388
1190 0.9724906584203067 61726.0000000000000000 150.7611241217798579 59186.4223223300941754
1191 0.9724906584203067 61726.0000000000000000 150.7611241217798579 59186.4223223300941754
1192 0.9724906584203067 61726.0000000000000000 150.7611241217798579 59186.4223223300941754
1193 0.9724906584203067 61726.0000000000000000 150.7611241217798579 59186.4223223300941754
1194 0.9724906584203067 61726.0000000000000000 150.7611241217798579 59186.4223223300941754
1195 0.9724906584203067 61726.0000000000000000 150.7611241217798579 59186.4223223300941754
1196 0.9725550831078469 61726.0000000000000000 151.1150234741784004 59186.4230679611646337
1197 0.9725550831078469 61726.0000000000000000 151.1150234741784004 59186.4230679611646337
1198 0.9725550831078469 61726.0000000000000000 151.1150234741784004 59186.4230679611646337
1199 0.9725550831078469 61726.0000000000000000 151.1150234741784004 59186.4230679611646337
1200 0.9726195077953872 61730.0000000000000000 151.4705882352941160 59194.0938718446632265
1201 0.9726839324829275 61736.0000000000000000 151.8278301886792576 59205.6008233009706601
1202 0.9726839324829275 61736.0000000000000000 151.8278301886792576 59205.6008233009706601
1203 0.9726839324829275 61736.0000000000000000 151.8278301886792576 59205.6008233009706601
1204 0.9726839324829275 61736.0000000000000000 151.8278301886792576 59205.6008233009706601
1205 0.9726839324829275 61736.0000000000000000 151.8278301886792576 59205.6008233009706601
1206 0.9726839324829275 61736.0000000000000000 151.8278301886792576 59205.6008233009706601
1207 0.9726839324829275 61736.0000000000000000 151.8278301886792576 59205.6008233009706601
1208 0.9727483571704677 61746.0000000000000000 152.1867612293144134 59224.7809398058234365
1209 0.9727483571704677 61746.0000000000000000 152.1867612293144134 59224.7809398058234365
1210 0.9727483571704677 61746.0000000000000000 152.1867612293144134 59224.7809398058234365
1211 0.9728127818580080 61750.0000000000000000 152.5473933649289222 59232.4542291262114304
1212 0.9728772065455482 61754.0000000000000000 152.9097387173396783 59240.1280155339773046
1213 0.9729416312330885 61754.0000000000000000 153.2738095238095184 59240.1291339805829921
1214 0.9729416312330885 61754.0000000000000000 153.2738095238095184 59240.1291339805829921
1215 0.9730060559206288 61758.0000000000000000 153.6396181384248223 59247.8034174757267465
1216 0.9730060559206288 61758.0000000000000000 153.6396181384248223 59247.8034174757267465
1217 0.9730060559206288 61758.0000000000000000 153.6396181384248223 59247.8034174757267465
1218 0.9730060559206288 61758.0000000000000000 153.6396181384248223 59247.8034174757267465
1219 0.9731993299832495 61772.0000000000000000 154.7475961538461604 59274.6671378640749026
1220 0.9731993299832495 61772.0000000000000000 154.7475961538461604 59274.6671378640749026
1221 0.9731993299832495 61772.0000000000000000 154.7475961538461604 59274.6671378640749026
1222 0.9731993299832495 61772.0000000000000000 154.7475961538461604 59274.6671378640749026
1223 0.9731993299832495 61772.0000000000000000 154.7475961538461604 59274.6671378640749026
1224 0.9732637546707898 61776.0000000000000000 155.1204819277108413 59282.3436582524300320
1225 0.9733281793583302 61776.0000000000000000 155.4951690821256136 59282.3472932038857834
1226 0.9733281793583302 61776.0000000000000000 155.4951690821256136 59282.3472932038857834
1227 0.9733281793583302 61776.0000000000000000 155.4951690821256136 59282.3472932038857834
1228 0.9733281793583302 61776.0000000000000000 155.4951690821256136 59282.3472932038857834
1229 0.9733926040458704 61789.0000000000000000 155.8716707021791876 59307.2975999999980559
1230 0.9733926040458704 61789.0000000000000000 155.8716707021791876 59307.2975999999980559
1231 0.9733926040458704 61789.0000000000000000 155.8716707021791876 59307.2975999999980559
1232 0.9734570287334107 61806.0000000000000000 156.2500000000000000 59339.9317902912589489
1233 0.9735214534209509 61810.0000000000000000 156.6301703163017010 59347.6125359223296982
1234 0.9735214534209509 61810.0000000000000000 156.6301703163017010 59347.6125359223296982
1235 0.9735214534209509 61810.0000000000000000 156.6301703163017010 59347.6125359223296982
1236 0.9735858781084912 61820.0000000000000000 157.0121951219512084 59366.8156427184439963
1237 0.9735858781084912 61820.0000000000000000 157.0121951219512084 59366.8156427184439963
1238 0.9735858781084912 61820.0000000000000000 157.0121951219512084 59366.8156427184439963
1239 0.9735858781084912 61820.0000000000000000 157.0121951219512084 59366.8156427184439963
1240 0.9735858781084912 61820.0000000000000000 157.0121951219512084 59366.8156427184439963
1241 0.9735858781084912 61820.0000000000000000 157.0121951219512084 59366.8156427184439963
1242 0.9736503027960315 61825.0000000000000000 157.3960880195598975 59376.4187495145597495
1243 0.9736503027960315 61825.0000000000000000 157.3960880195598975 59376.4187495145597495
1244 0.9736503027960315 61825.0000000000000000 157.3960880195598975 59376.4187495145597495
1245 0.9736503027960315 61825.0000000000000000 157.3960880195598975 59376.4187495145597495
1246 0.9737147274835717 61829.0000000000000000 157.7818627450980387 59384.1018563106772490
1247 0.9737147274835717 61829.0000000000000000 157.7818627450980387 59384.1018563106772490
1248 0.9737791521711120 61833.0000000000000000 158.1695331695331674 59391.7854601941726287
1249 0.9737791521711120 61833.0000000000000000 158.1695331695331674 59391.7854601941726287
1250 0.9737791521711120 61833.0000000000000000 158.1695331695331674 59391.7854601941726287
1251 0.9737791521711120 61833.0000000000000000 158.1695331695331674 59391.7854601941726287
1252 0.9738435768586522 61835.0000000000000000 158.5591133004926121 59395.6275106796092587
1253 0.9738435768586522 61835.0000000000000000 158.5591133004926121 59395.6275106796092587
1254 0.9738435768586522 61835.0000000000000000 158.5591133004926121 59395.6275106796092587
1255 0.9739080015461925 61844.0000000000000000 158.9506172839506064 59412.9172970873769373
1256 0.9739080015461925 61844.0000000000000000 158.9506172839506064 59412.9172970873769373
1257 0.9739724262337328 61848.0000000000000000 159.3440594059405839 59420.6027650485411868
1258 0.9739724262337328 61848.0000000000000000 159.3440594059405839 59420.6027650485411868
1259 0.9739724262337328 61848.0000000000000000 159.3440594059405839 59420.6027650485411868
1260 0.9739724262337328 61848.0000000000000000 159.3440594059405839 59420.6027650485411868
1261 0.9739724262337328 61848.0000000000000000 159.3440594059405839 59420.6027650485411868
1262 0.9740368509212730 61848.0000000000000000 159.7394540942927961 59420.6035106796116452
1263 0.9740368509212730 61848.0000000000000000 159.7394540942927961 59420.6035106796116452
1264 0.9740368509212730 61848.0000000000000000 159.7394540942927961 59420.6035106796116452
1265 0.9741012756088133 61854.0000000000000000 160.1368159203980213 59432.1324582524248399
1266 0.9741012756088133 61854.0000000000000000 160.1368159203980213 59432.1324582524248399
1267 0.9741012756088133 61854.0000000000000000 160.1368159203980213 59432.1324582524248399
1268 0.9741012756088133 61854.0000000000000000 160.1368159203980213 59432.1324582524248399
1269 0.9741657002963535 61858.0000000000000000 160.5361596009975074 59439.8191689320374280
1270 0.9742301249838938 61862.0000000000000000 160.9375000000000000 59447.5063766990278964
1271 0.9742301249838938 61862.0000000000000000 160.9375000000000000 59447.5063766990278964
1272 0.9742301249838938 61862.0000000000000000 160.9375000000000000 59447.5063766990278964
1273 0.9742301249838938 61862.0000000000000000 160.9375000000000000 59447.5063766990278964
1274 0.9742945496714341 61866.0000000000000000 161.3408521303258283 59455.1940815533962450
1275 0.9742945496714341 61866.0000000000000000 161.3408521303258283 59455.1940815533962450
1276 0.9743589743589743 61868.0000000000000000 161.7462311557789008 59459.0381825242729974
1277 0.9743589743589743 61868.0000000000000000 161.7462311557789008 59459.0381825242729974
1278 0.9744233990465146 61873.0000000000000000 162.1536523929470945 59468.6487456310715061
1279 0.9744233990465146 61873.0000000000000000 162.1536523929470945 59468.6487456310715061
1280 0.9745522484215952 61916.0000000000000000 162.9746835443037867 59551.3111145631046384
1281 0.9746166731091355 61920.0000000000000000 163.3883248730964510 59559.0055300970852841
1282 0.9746166731091355 61920.0000000000000000 163.3883248730964510 59559.0055300970852841
1283 0.9747455224842160 61930.0000000000000000 164.2219387755102105 59578.2430601941741770
1284 0.9747455224842160 61930.0000000000000000 164.2219387755102105 59578.2430601941741770
1285 0.9747455224842160 61930.0000000000000000 164.2219387755102105 59578.2430601941741770
1286 0.9748099471717562 61934.0000000000000000 164.6419437340153422 59585.9392155339810415
1287 0.9748099471717562 61934.0000000000000000 164.6419437340153422 59585.9392155339810415
1288 0.9748099471717562 61934.0000000000000000 164.6419437340153422 59585.9392155339810415
1289 0.9748099471717562 61934.0000000000000000 164.6419437340153422 59585.9392155339810415
1290 0.9748099471717562 61934.0000000000000000 164.6419437340153422 59585.9392155339810415
1291 0.9748099471717562 61934.0000000000000000 164.6419437340153422 59585.9392155339810415
1292 0.9748743718592965 61938.0000000000000000 165.0641025641025692 59593.6358679611657863
1293 0.9748743718592965 61938.0000000000000000 165.0641025641025692 59593.6358679611657863
1294 0.9748743718592965 61938.0000000000000000 165.0641025641025692 59593.6358679611657863
1295 0.9748743718592965 61938.0000000000000000 165.0641025641025692 59593.6358679611657863
1296 0.9749387965468368 61972.0000000000000000 165.4884318766066826 59659.0616388349517365
1297 0.9749387965468368 61972.0000000000000000 165.4884318766066826 59659.0616388349517365
1298 0.9749387965468368 61972.0000000000000000 165.4884318766066826 59659.0616388349517365
1299 0.9749387965468368 61972.0000000000000000 165.4884318766066826 59659.0616388349517365
1300 0.9749387965468368 61972.0000000000000000 165.4884318766066826 59659.0616388349517365
1301 0.9749387965468368 61972.0000000000000000 165.4884318766066826 59659.0616388349517365
1302 0.9749387965468368 61972.0000000000000000 165.4884318766066826 59659.0616388349517365
1303 0.9750032212343770 61978.0000000000000000 165.9149484536082468 59670.6137009708763799
1304 0.9750032212343770 61978.0000000000000000 165.9149484536082468 59670.6137009708763799
1305 0.9751320706094575 61992.0000000000000000 166.7746113989637422 59697.5725203883484937
1306 0.9751320706094575 61992.0000000000000000 166.7746113989637422 59697.5725203883484937
1307 0.9751320706094575 61992.0000000000000000 166.7746113989637422 59697.5725203883484937
1308 0.9751964952969978 61996.0000000000000000 167.2077922077922096 59705.2763805825234158
1309 0.9751964952969978 61996.0000000000000000 167.2077922077922096 59705.2763805825234158
1310 0.9751964952969978 61996.0000000000000000 167.2077922077922096 59705.2763805825234158
1311 0.9751964952969978 61996.0000000000000000 167.2077922077922096 59705.2763805825234158
1312 0.9753253446720783 62004.0000000000000000 168.0809399477806778 59720.6855922330069006
1313 0.9753253446720783 62004.0000000000000000 168.0809399477806778 59720.6855922330069006
1314 0.9753253446720783 62004.0000000000000000 168.0809399477806778 59720.6855922330069006
1315 0.9753253446720783 62004.0000000000000000 168.0809399477806778 59720.6855922330069006
1316 0.9753897693596186 62004.0000000000000000 168.5209424083769534 59720.6872077669904684
1317 0.9753897693596186 62004.0000000000000000 168.5209424083769534 59720.6872077669904684
1318 0.9756474681097796 62020.0000000000000000 170.3042328042328108 59751.5115961165065528
1319 0.9756474681097796 62020.0000000000000000 170.3042328042328108 59751.5115961165065528
1320 0.9757763174848602 62037.0000000000000000 171.2101063829787222 59784.2694058252454852
1321 0.9757763174848602 62037.0000000000000000 171.2101063829787222 59784.2694058252454852
1322 0.9757763174848602 62037.0000000000000000 171.2101063829787222 59784.2694058252454852
1323 0.9758407421724005 62041.0000000000000000 171.6666666666666572 59791.9788582524270169
1324 0.9759051668599408 62045.0000000000000000 172.1256684491978604 59799.6888077669937047
1325 0.9759695915474810 62049.0000000000000000 172.5871313672922156 59807.3992543689309969
1326 0.9759695915474810 62049.0000000000000000 172.5871313672922156 59807.3992543689309969
1327 0.9760340162350213 62053.0000000000000000 173.0510752688172147 59815.1101980582534452
1328 0.9760340162350213 62053.0000000000000000 173.0510752688172147 59815.1101980582534452
1329 0.9760340162350213 62053.0000000000000000 173.0510752688172147 59815.1101980582534452
1330 0.9760340162350213 62053.0000000000000000 173.0510752688172147 59815.1101980582534452
1331 0.9760340162350213 62053.0000000000000000 173.0510752688172147 59815.1101980582534452
1332 0.9760340162350213 62053.0000000000000000 173.0510752688172147 59815.1101980582534452
1333 0.9760340162350213 62053.0000000000000000 173.0510752688172147 59815.1101980582534452
1334 0.9760340162350213 62053.0000000000000000 173.0510752688172147 59815.1101980582534452
1335 0.9760984409225615 62057.0000000000000000 173.5175202156334251 59822.8216388349537738
1336 0.9761628656101018 62061.0000000000000000 173.9864864864864842 59830.5335766990319826
1337 0.9762917149851823 62070.0000000000000000 174.9320652173913118 59847.8871766990268952
1338 0.9762917149851823 62070.0000000000000000 174.9320652173913118 59847.8871766990268952
1339 0.9763561396727226 62074.0000000000000000 175.4087193460490539 59855.6007300970886718
1340 0.9763561396727226 62074.0000000000000000 175.4087193460490539 59855.6007300970886718
1341 0.9763561396727226 62074.0000000000000000 175.4087193460490539 59855.6007300970886718
1342 0.9764849890478031 62076.0000000000000000 176.3698630136986196 59859.4585631067966460
1343 0.9764849890478031 62076.0000000000000000 176.3698630136986196 59859.4585631067966460
1344 0.9764849890478031 62076.0000000000000000 176.3698630136986196 59859.4585631067966460
1345 0.9764849890478031 62076.0000000000000000 176.3698630136986196 59859.4585631067966460
1346 0.9765494137353434 62078.0000000000000000 176.8543956043955916 59863.3157126213627635
1347 0.9765494137353434 62078.0000000000000000 176.8543956043955916 59863.3157126213627635
1348 0.9766138384228836 62082.0000000000000000 177.3415977961432475 59871.0302601941730245
1349 0.9766138384228836 62082.0000000000000000 177.3415977961432475 59871.0302601941730245
1350 0.9766782631104239 62086.0000000000000000 177.8314917127071908 59878.7453048543684417
1351 0.9767426877979641 62095.0000000000000000 178.3240997229916900 59896.1052737864083610
1352 0.9767426877979641 62095.0000000000000000 178.3240997229916900 59896.1052737864083610
1353 0.9767426877979641 62095.0000000000000000 178.3240997229916900 59896.1052737864083610
1354 0.9767426877979641 62095.0000000000000000 178.3240997229916900 59896.1052737864083610
1355 0.9767426877979641 62095.0000000000000000 178.3240997229916900 59896.1052737864083610
1356 0.9768071124855044 62095.0000000000000000 178.8194444444444571 59896.1055223300936632
1357 0.9769359618605850 62116.0000000000000000 179.8184357541899487 59936.6201009708747733
1358 0.9769359618605850 62116.0000000000000000 179.8184357541899487 59936.6201009708747733
1359 0.9770003865481253 62116.0000000000000000 180.3221288515406115 59936.6217165048510651
1360 0.9770003865481253 62116.0000000000000000 180.3221288515406115 59936.6217165048510651
1361 0.9770648112356655 62120.0000000000000000 180.8286516853932540 59944.3409864077693783
1362 0.9770648112356655 62120.0000000000000000 180.8286516853932540 59944.3409864077693783
1363 0.9770648112356655 62120.0000000000000000 180.8286516853932540 59944.3409864077693783
1364 0.9771936606107461 62137.0000000000000000 181.8502824858757094 59977.1516116504863021
1365 0.9771936606107461 62137.0000000000000000 181.8502824858757094 59977.1516116504863021
1366 0.9771936606107461 62137.0000000000000000 181.8502824858757094 59977.1516116504863021
1367 0.9771936606107461 62137.0000000000000000 181.8502824858757094 59977.1516116504863021
1368 0.9771936606107461 62137.0000000000000000 181.8502824858757094 59977.1516116504863021
1369 0.9772580852982863 62141.0000000000000000 182.3654390934844116 59984.8734912621366675
1370 0.9772580852982863 62141.0000000000000000 182.3654390934844116 59984.8734912621366675
1371 0.9772580852982863 62141.0000000000000000 182.3654390934844116 59984.8734912621366675
1372 0.9772580852982863 62141.0000000000000000 182.3654390934844116 59984.8734912621366675
1373 0.9773869346733668 62151.0000000000000000 183.4045584045584008 60004.1801786407741020
1374 0.9774513593609071 62155.0000000000000000 183.9285714285714164 60011.9037980582506862
1375 0.9774513593609071 62155.0000000000000000 183.9285714285714164 60011.9037980582506862
1376 0.9774513593609071 62155.0000000000000000 183.9285714285714164 60011.9037980582506862
1377 0.9774513593609071 62155.0000000000000000 183.9285714285714164 60011.9037980582506862
1378 0.9775157840484474 62159.0000000000000000 184.4555873925501430 60019.6279145631051506
1379 0.9775157840484474 62159.0000000000000000 184.4555873925501430 60019.6279145631051506
1380 0.9775157840484474 62159.0000000000000000 184.4555873925501430 60019.6279145631051506
1381 0.9775802087359876 62176.0000000000000000 184.9856321839080522 60052.4575223300998914
1382 0.9775802087359876 62176.0000000000000000 184.9856321839080522 60052.4575223300998914
1383 0.9776446334235279 62193.0000000000000000 185.5187319884726094 60085.2961087378644152
1384 0.9776446334235279 62193.0000000000000000 185.5187319884726094 60085.2961087378644152
1385 0.9777090581110681 62197.0000000000000000 186.0549132947977000 60093.0249475728123798
1386 0.9777090581110681 62197.0000000000000000 186.0549132947977000 60093.0249475728123798
1387 0.9777734827986084 62197.0000000000000000 186.5942028985507193 60093.0265631067959475
1388 0.9777734827986084 62197.0000000000000000 186.5942028985507193 60093.0265631067959475
1389 0.9777734827986084 62197.0000000000000000 186.5942028985507193 60093.0265631067959475
1390 0.9777734827986084 62197.0000000000000000 186.5942028985507193 60093.0265631067959475
1391 0.9777734827986084 62197.0000000000000000 186.5942028985507193 60093.0265631067959475
1392 0.9777734827986084 62197.0000000000000000 186.5942028985507193 60093.0265631067959475
1393 0.9777734827986084 62197.0000000000000000 186.5942028985507193 60093.0265631067959475
1394 0.9777734827986084 62197.0000000000000000 186.5942028985507193 60093.0265631067959475
1395 0.9777734827986084 62197.0000000000000000 186.5942028985507193 60093.0265631067959475
1396 0.9777734827986084 62197.0000000000000000 186.5942028985507193 60093.0265631067959475
1397 0.9777734827986084 62197.0000000000000000 186.5942028985507193 60093.0265631067959475
1398 0.9778379074861487 62201.0000000000000000 187.1366279069767415 60100.7558990291290684
1399 0.9778379074861487 62201.0000000000000000 187.1366279069767415 60100.7558990291290684
1400 0.9778379074861487 62201.0000000000000000 187.1366279069767415 60100.7558990291290684
1401 0.9779023321736889 62207.0000000000000000 187.6822157434402243 60112.3506485436882940
1402 0.9779023321736889 62207.0000000000000000 187.6822157434402243 60112.3506485436882940
1403 0.9779667568612292 62211.0000000000000000 188.2309941520467760 60120.0812271844624775
1404 0.9779667568612292 62211.0000000000000000 188.2309941520467760 60120.0812271844624775
1405 0.9779667568612292 62211.0000000000000000 188.2309941520467760 60120.0812271844624775
1406 0.9780311815487694 62224.0000000000000000 188.7829912023460395 60145.2072233009675983
1407 0.9780311815487694 62224.0000000000000000 188.7829912023460395 60145.2072233009675983
1408 0.9781600309238501 62232.0000000000000000 189.8967551622418739 60160.6731029126240173
1409 0.9782888802989306 62241.0000000000000000 191.0237388724035554 60178.0745165048574563
1410 0.9782888802989306 62241.0000000000000000 191.0237388724035554 60178.0745165048574563
1411 0.9783533049864708 62245.0000000000000000 191.5922619047618980 60185.8093203883472597
1412 0.9784177296740111 62249.0000000000000000 192.1641791044776255 60193.5446213592222193
1413 0.9784821543615514 62262.0000000000000000 192.7395209580838298 60218.6859650485421298
1414 0.9784821543615514 62262.0000000000000000 192.7395209580838298 60218.6859650485421298
1415 0.9784821543615514 62262.0000000000000000 192.7395209580838298 60218.6859650485421298
1416 0.9784821543615514 62262.0000000000000000 192.7395209580838298 60218.6859650485421298
1417 0.9784821543615514 62262.0000000000000000 192.7395209580838298 60218.6859650485421298
1418 0.9784821543615514 62262.0000000000000000 192.7395209580838298 60218.6859650485421298
1419 0.9784821543615514 62262.0000000000000000 192.7395209580838298 60218.6859650485421298
1420 0.9785465790490916 62293.0000000000000000 193.3183183183183189 60278.6509203883470036
1421 0.9785465790490916 62293.0000000000000000 193.3183183183183189 60278.6509203883470036
1422 0.9785465790490916 62293.0000000000000000 193.3183183183183189 60278.6509203883470036
1423 0.9785465790490916 62293.0000000000000000 193.3183183183183189 60278.6509203883470036
1424 0.9785465790490916 62293.0000000000000000 193.3183183183183189 60278.6509203883470036
1425 0.9785465790490916 62293.0000000000000000 193.3183183183183189 60278.6509203883470036
1426 0.9785465790490916 62293.0000000000000000 193.3183183183183189 60278.6509203883470036
1427 0.9785465790490916 62293.0000000000000000 193.3183183183183189 60278.6509203883470036
1428 0.9785465790490916 62293.0000000000000000 193.3183183183183189 60278.6509203883470036
1429 0.9785465790490916 62293.0000000000000000 193.3183183183183189 60278.6509203883470036
1430 0.9785465790490916 62293.0000000000000000 193.3183183183183189 60278.6509203883470036
1431 0.9785465790490916 62293.0000000000000000 193.3183183183183189 60278.6509203883470036
1432 0.9786110037366319 62321.0000000000000000 193.9006024096385659 60332.8397825242718682
1433 0.9786110037366319 62321.0000000000000000 193.9006024096385659 60332.8397825242718682
1434 0.9786110037366319 62321.0000000000000000 193.9006024096385659 60332.8397825242718682
1435 0.9786110037366319 62321.0000000000000000 193.9006024096385659 60332.8397825242718682
1436 0.9786110037366319 62321.0000000000000000 193.9006024096385659 60332.8397825242718682
1437 0.9786110037366319 62321.0000000000000000 193.9006024096385659 60332.8397825242718682
1438 0.9786110037366319 62321.0000000000000000 193.9006024096385659 60332.8397825242718682
