Simulation.timestep  Simulation.tps  md.compute.ThermodynamicQuantities.kinetic_temperature md.compute.ThermodynamicQuantities.pressure md.compute.ThermodynamicQuantities.kinetic_energy md.compute.ThermodynamicQuantities.potential_energy md.compute.ThermodynamicQuantities.volume
       9100             8.43786                             1.00772                                          -0.04619                                      9.44735e+04                                        6.80401e+05                                    7.69180e+04               
       10100            9.33890                             1.00195                                        -8.22479e-04                                    9.39328e+04                                        6.80378e+05                                    7.59402e+04               
       11100            9.33510                             1.00514                                          -0.00712                                      9.42316e+04                                        6.81257e+05                                    7.58462e+04               
       12100            9.30950                             1.00096                                           0.02167                                      9.38403e+04                                        6.83157e+05                                    7.56082e+04               
       13100            9.33977                             0.99775                                           0.02253                                      9.35394e+04                                        6.84436e+05                                    7.56441e+04               
       14100            9.28576                             0.99938                                           0.02949                                      9.36917e+04                                        6.85707e+05                                    7.55404e+04               
Simulation.timestep  Simulation.tps  md.compute.ThermodynamicQuantities.kinetic_temperature md.compute.ThermodynamicQuantities.pressure md.compute.ThermodynamicQuantities.kinetic_energy md.compute.ThermodynamicQuantities.potential_energy md.compute.ThermodynamicQuantities.volume
      397100            7.10185                             1.01402                                          -0.04806                                      9.50646e+04                                        1.00594e+06                                    7.18144e+04               
      398100            8.34095                             1.00146                                          -0.00275                                      9.38873e+04                                        1.00254e+06                                    7.12481e+04               
      399100            8.36137                             0.99706                                           0.07713                                      9.34746e+04                                        1.00185e+06                                    7.10712e+04               
      400100            7.96605                             0.99600                                          -0.01254                                      9.33747e+04                                        1.00252e+06                                    7.13188e+04               
      401100            8.30381                             0.99780                                         5.36145e-05                                    9.35439e+04                                        1.00191e+06                                    7.11536e+04               
      402100            8.55223                             0.99287                                           0.03439                                      9.30820e+04                                        1.00341e+06                                    7.13080e+04               
      403100            8.33969                             0.99217                                          -0.09375                                      9.30163e+04                                        1.00273e+06                                    7.11885e+04               
      404100            8.30520                             0.99611                                           0.02746                                      9.33856e+04                                        1.00334e+06                                    7.12299e+04               
      405100            7.43923                             0.99578                                          -0.06779                                      9.33542e+04                                        1.00325e+06                                    7.11867e+04               
      406100            7.21301                             0.98948                                          -0.05603                                      9.27641e+04                                        1.00397e+06                                    7.11992e+04               
      407100            7.22202                             0.99892                                           0.04356                                      9.36490e+04                                        1.00385e+06                                    7.11670e+04               
      408100            7.19304                             1.00037                                          -0.04048                                      9.37849e+04                                        1.00505e+06                                    7.14044e+04               
      409100            7.15294                             0.99409                                           0.06127                                      9.31963e+04                                        1.00488e+06                                    7.11719e+04               
      410100            7.33919                             0.99347                                          -0.01001                                      9.31380e+04                                        1.00502e+06                                    7.12629e+04               
      411100            7.05010                             0.99237                                           0.04584                                      9.30346e+04                                        1.00417e+06                                    7.10594e+04               
      412100            7.15539                             1.00069                                          -0.06593                                      9.38150e+04                                        1.00519e+06                                    7.11608e+04               
      413100            7.18605                             0.99611                                          -0.00544                                      9.33854e+04                                        1.00578e+06                                    7.11363e+04               
      414100            7.17731                             0.99485                                          -0.09925                                      9.32669e+04                                        1.00569e+06                                    7.13032e+04               
      415100            7.17754                             0.99445                                          -0.05133                                      9.32294e+04                                        1.00607e+06                                    7.13233e+04               
      416100            7.33689                             0.99836                                          -0.03485                                      9.35966e+04                                        1.00713e+06                                    7.12684e+04               
      417100            7.14440                             0.99584                                           0.00181                                      9.33602e+04                                        1.00659e+06                                    7.10775e+04               
      418100            7.15320                             0.99238                                          -0.01549                                      9.30359e+04                                        1.00724e+06                                    7.11906e+04               
      419100            7.12095                             0.99243                                           0.02283                                      9.30403e+04                                        1.00693e+06                                    7.10657e+04               
      420100            7.13828                             1.00194                                           0.01915                                      9.39319e+04                                        1.00804e+06                                    7.11797e+04               
      421100            7.12916                             0.98879                                           0.05052                                      9.26989e+04                                        1.00712e+06                                    7.09995e+04               
      422100            7.11113                             0.99407                                          -0.02408                                      9.31944e+04                                        1.00786e+06                                    7.11526e+04               
      423100            7.21125                             0.98949                                          -0.05334                                      9.27649e+04                                        1.00857e+06                                    7.11796e+04               
      424100            7.22552                             0.98643                                           0.00162                                      9.24779e+04                                        1.00869e+06                                    7.11640e+04               
      425100            7.21137                             0.98483                                          -0.09831                                      9.23283e+04                                        1.00856e+06                                    7.13082e+04               
      426100            7.10993                             0.99199                                           0.00937                                      9.29988e+04                                        1.00958e+06                                    7.11692e+04               
      427100            7.17765                             0.99068                                           0.03747                                      9.28761e+04                                        1.00873e+06                                    7.10231e+04               
      428100            7.20273                             0.99306                                           0.01813                                      9.30998e+04                                        1.00927e+06                                    7.10994e+04               
      429100            7.19620                             0.99765                                           0.04052                                      9.35298e+04                                        1.01037e+06                                    7.12002e+04               
      430100            7.15679                             0.99425                                           0.01222                                      9.32113e+04                                        1.01038e+06                                    7.11147e+04               
      431100            7.22119                             1.00153                                          -0.00297                                      9.38933e+04                                        1.01054e+06                                    7.11917e+04               
      432100            7.51247                             0.98564                                          -0.12194                                      9.24040e+04                                        1.01159e+06                                    7.11956e+04               
      433100            7.73712                             0.99743                                           0.06056                                      9.35094e+04                                        1.01125e+06                                    7.10544e+04               
      434100            7.72716                             1.00413                                          -0.02569                                      9.41370e+04                                        1.01117e+06                                    7.10640e+04               
      435100            7.77554                             0.99559                                           0.00258                                      9.33368e+04                                        1.01226e+06                                    7.12717e+04               
      436100            7.67889                             0.99567                                           0.05440                                      9.33443e+04                                        1.01211e+06                                    7.11039e+04               
      437100            7.73016                             0.99465                                          -0.00130                                      9.32480e+04                                        1.01206e+06                                    7.10122e+04               
      438100            8.07642                             1.00059                                           0.06488                                      9.38056e+04                                        1.01300e+06                                    7.11385e+04               
      439100            8.10100                             0.99709                                          -0.02203                                      9.34770e+04                                        1.01322e+06                                    7.11372e+04               
      440100            8.36139                             0.98346                                          -0.09700                                      9.21991e+04                                        1.01279e+06                                    7.11703e+04               
      441100            8.14587                             0.99423                                           0.01661                                      9.32088e+04                                        1.01353e+06                                    7.11065e+04               
      442100            8.37106                             0.99622                                           0.01546                                      9.33953e+04                                        1.01383e+06                                    7.11145e+04               
      443100            8.33870                             0.99428                                          -0.00146                                      9.32139e+04                                        1.01322e+06                                    7.09464e+04               
      444100            8.42948                             0.99741                                           0.03352                                      9.35075e+04                                        1.01436e+06                                    7.10838e+04               
      445100            8.39358                             0.99314                                          -0.03599                                      9.31070e+04                                        1.01552e+06                                    7.11933e+04               
      446100            8.39133                             0.99606                                           0.06285                                      9.33805e+04                                        1.01372e+06                                    7.08183e+04               
      447100            8.38723                             0.99644                                          -0.04612                                      9.34162e+04                                        1.01513e+06                                    7.10808e+04               
      448100            8.40358                             0.99669                                          -0.04389                                      9.34393e+04                                        1.01637e+06                                    7.12051e+04               
      449100            8.49213                             0.98599                                          -0.05711                                      9.24370e+04                                        1.01590e+06                                    7.11755e+04               
      450100            8.48350                             0.98554                                          -0.04633                                      9.23940e+04                                        1.01590e+06                                    7.09820e+04               
      451100            8.43927                             0.99479                                          -0.00564                                      9.32611e+04                                        1.01521e+06                                    7.09442e+04               
      452100            8.48689                             0.99715                                          -0.00440                                      9.34833e+04                                        1.01652e+06                                    7.09990e+04               
      453100            8.47343                             1.00214                                           0.04775                                      9.39502e+04                                        1.01722e+06                                    7.09536e+04               
      454100            8.50071                             1.00079                                           0.05858                                      9.38240e+04                                        1.01775e+06                                    7.09876e+04               
      455100            8.45639                             0.99635                                           0.03691                                      9.34076e+04                                        1.01731e+06                                    7.09805e+04               
      456100            8.67577                             0.99178                                           0.07755                                      9.29791e+04                                        1.01700e+06                                    7.09529e+04               
      457100            8.46791                             0.99759                                          -0.02578                                      9.35239e+04                                        1.01796e+06                                    7.10966e+04               
      458100            8.49091                             0.99984                                           0.02929                                      9.37354e+04                                        1.01887e+06                                    7.09799e+04               
      459100            8.45951                             0.99817                                           0.04664                                      9.35782e+04                                        1.01780e+06                                    7.08673e+04               
      460100            8.43669                             0.99455                                          -0.04045                                      9.32387e+04                                        1.01858e+06                                    7.10408e+04               
      461100            8.45799                             0.99104                                          -0.02308                                      9.29099e+04                                        1.01912e+06                                    7.10365e+04               
      462100            8.47071                             0.98814                                           0.00663                                      9.26379e+04                                        1.01856e+06                                    7.09527e+04               
      463100            8.48265                             0.99117                                           0.04033                                      9.29220e+04                                        1.01944e+06                                    7.10539e+04               
      464100            8.47499                             0.99270                                           0.03564                                      9.30658e+04                                        1.01999e+06                                    7.09119e+04               
      465100            8.68926                             0.99894                                           0.07122                                      9.36507e+04                                        1.01992e+06                                    7.08723e+04               
      466100            8.43398                             1.00126                                           0.04121                                      9.38682e+04                                        1.02048e+06                                    7.09491e+04               
      467100            8.45120                             0.99911                                           0.01726                                      9.36665e+04                                        1.02038e+06                                    7.09625e+04               
      468100            8.49280                             0.99455                                           0.03423                                      9.32386e+04                                        1.01999e+06                                    7.09851e+04               
      469100            8.47165                             0.98897                                           0.05454                                      9.27158e+04                                        1.01989e+06                                    7.08662e+04               
      470100            8.44849                             0.99129                                           0.03114                                      9.29334e+04                                        1.02102e+06                                    7.09831e+04               
      471100            8.46242                             0.98790                                          -0.04190                                      9.26153e+04                                        1.02025e+06                                    7.08522e+04               
      472100            8.67541                             0.98984                                           0.02710                                      9.27971e+04                                        1.02136e+06                                    7.10236e+04               
      473100            8.64543                             0.99200                                           0.01519                                      9.30000e+04                                        1.02125e+06                                    7.10333e+04               
      474100            8.39444                             1.00018                                          -0.00830                                      9.37670e+04                                        1.02189e+06                                    7.10462e+04               
      475100            8.45919                             0.98978                                           0.02270                                      9.27920e+04                                        1.02118e+06                                    7.07638e+04               
      476100            8.44151                             0.99866                                           0.00977                                      9.36248e+04                                        1.02284e+06                                    7.10069e+04               
      477100            8.42379                             0.99247                                          -0.07145                                      9.30437e+04                                        1.02296e+06                                    7.11368e+04               
      478100            8.47253                             0.99643                                           0.08725                                      9.34149e+04                                        1.02225e+06                                    7.08377e+04               
      479100            8.50143                             0.98819                                           0.02254                                      9.26428e+04                                        1.02331e+06                                    7.09976e+04               
      480100            8.45987                             0.99488                                          -0.01437                                      9.32703e+04                                        1.02410e+06                                    7.11256e+04               
      481100            8.40379                             1.00087                                          -0.04451                                      9.38318e+04                                        1.02353e+06                                    7.09551e+04               
      482100            8.41875                             0.99841                                          -0.00251                                      9.36009e+04                                        1.02370e+06                                    7.08244e+04               
      483100            8.48553                             0.99593                                          -0.02043                                      9.33685e+04                                        1.02507e+06                                    7.11084e+04               
      484100            8.46756                             0.99594                                          -0.10224                                      9.33695e+04                                        1.02576e+06                                    7.13423e+04               
      485100            8.40674                             0.98807                                           0.01871                                      9.26316e+04                                        1.02478e+06                                    7.09758e+04               
      486100            8.44138                             0.99577                                          -0.04849                                      9.33538e+04                                        1.02484e+06                                    7.10556e+04               
      487100            8.47281                             0.99743                                           0.06244                                      9.35087e+04                                        1.02508e+06                                    7.08492e+04               
      488100            8.48726                             0.99253                                           0.01548                                      9.30493e+04                                        1.02615e+06                                    7.10812e+04               
      489100            8.52695                             0.99728                                           0.03621                                      9.34947e+04                                        1.02579e+06                                    7.09326e+04               
      490100            8.47085                             0.99339                                           0.03000                                      9.31300e+04                                        1.02513e+06                                    7.07626e+04               
      491100            8.44317                             0.99995                                           0.08044                                      9.37450e+04                                        1.02686e+06                                    7.09782e+04               
      492100            8.40572                             0.99190                                          -0.05710                                      9.29908e+04                                        1.02622e+06                                    7.08701e+04               
      493100            8.46206                             0.98710                                           0.05417                                      9.25402e+04                                        1.02564e+06                                    7.08361e+04               
      494100            8.43791                             0.98653                                          -0.01059                                      9.24876e+04                                        1.02660e+06                                    7.09908e+04               
      495100            8.46922                             0.98576                                          -0.00162                                      9.24149e+04                                        1.02741e+06                                    7.10310e+04               
      496100            8.44977                             0.99302                                           0.00713                                      9.30958e+04                                        1.02715e+06                                    7.09550e+04               
      497100            8.42968                             0.99775                                           0.05729                                      9.35387e+04                                        1.02598e+06                                    7.06466e+04               
      498100            8.66256                             0.99000                                          -0.03708                                      9.28128e+04                                        1.02794e+06                                    7.09770e+04               
      499100            8.42306                             0.99658                                          -0.03375                                      9.34292e+04                                        1.02865e+06                                    7.10833e+04               
      500100            8.43649                             0.99094                                           0.02848                                      9.29003e+04                                        1.02785e+06                                    7.08975e+04               
      501100            8.41741                             0.99507                                          -0.01296                                      9.32878e+04                                        1.02763e+06                                    7.08185e+04               
      502100            8.59252                             0.99476                                           0.07111                                      9.32587e+04                                        1.02831e+06                                    7.08784e+04               
      503100            8.67037                             0.99278                                           0.00768                                      9.30734e+04                                        1.02931e+06                                    7.09864e+04               
      504100            8.83525                             0.99838                                           0.02679                                      9.35980e+04                                        1.02940e+06                                    7.09369e+04               
      505100            8.69146                             0.98814                                          -0.01545                                      9.26382e+04                                        1.02975e+06                                    7.10177e+04               
      506100            8.85202                             0.99005                                           0.14348                                      9.28172e+04                                        1.02767e+06                                    7.05374e+04               
      507100            8.79169                             0.99833                                           0.11648                                      9.35935e+04                                        1.02869e+06                                    7.06582e+04               
      508100            8.63442                             0.99735                                           0.06059                                      9.35017e+04                                        1.03005e+06                                    7.09030e+04               
      509100            8.64773                             0.99395                                           0.00237                                      9.31832e+04                                        1.03001e+06                                    7.09556e+04               
      510100            8.84752                             0.99193                                           0.00914                                      9.29930e+04                                        1.03111e+06                                    7.10507e+04               
      511100            8.70316                             0.98851                                          -0.06705                                      9.26725e+04                                        1.03043e+06                                    7.09666e+04               
      512100            8.71907                             0.99893                                          -0.04650                                      9.36494e+04                                        1.03055e+06                                    7.09149e+04               
      513100            8.70737                             0.99839                                          -0.09133                                      9.35992e+04                                        1.03125e+06                                    7.10812e+04               
      514100            8.71756                             0.98979                                          -0.05486                                      9.27928e+04                                        1.03090e+06                                    7.09495e+04               
      515100            8.76904                             0.99016                                           0.05866                                      9.28277e+04                                        1.03074e+06                                    7.07618e+04               
      516100            8.75520                             0.99691                                           0.02607                                      9.34604e+04                                        1.03184e+06                                    7.09861e+04               
      517100            8.71992                             0.98695                                          -0.06362                                      9.25269e+04                                        1.03151e+06                                    7.10062e+04               
      518100            8.64328                             0.99834                                           0.01955                                      9.35942e+04                                        1.03190e+06                                    7.09758e+04               
      519100            8.68548                             0.99840                                           0.02770                                      9.36004e+04                                        1.03163e+06                                    7.08983e+04               
      520100            8.75506                             1.00276                                           0.01877                                      9.40092e+04                                        1.03302e+06                                    7.09377e+04               
      521100            8.73690                             1.00098                                          -0.03316                                      9.38416e+04                                        1.03315e+06                                    7.09442e+04               
      522100            8.70104                             0.99720                                          -0.01665                                      9.34879e+04                                        1.03332e+06                                    7.09821e+04               
      523100            8.70419                             0.99353                                           0.01879                                      9.31434e+04                                        1.03315e+06                                    7.08862e+04               
      524100            8.79614                             0.99413                                          -0.04485                                      9.31999e+04                                        1.03293e+06                                    7.09179e+04               
      525100            8.69921                             0.99892                                          -0.01124                                      9.36485e+04                                        1.03413e+06                                    7.10523e+04               
      526100            8.70996                             0.99344                                          -0.01208                                      9.31346e+04                                        1.03492e+06                                    7.11154e+04               
      527100            8.77461                             0.99604                                          -0.00907                                      9.33789e+04                                        1.03370e+06                                    7.09061e+04               
      528100            8.69838                             0.99444                                           0.12049                                      9.32285e+04                                        1.03340e+06                                    7.06699e+04               
      529100            8.71244                             0.99747                                           0.10207                                      9.35126e+04                                        1.03377e+06                                    7.06576e+04               
      530100            8.79055                             0.99398                                           0.08634                                      9.31852e+04                                        1.03372e+06                                    7.07298e+04               
      531100            8.76453                             0.99847                                           0.00982                                      9.36070e+04                                        1.03497e+06                                    7.09519e+04               
      532100            8.66942                             0.99726                                          -0.04232                                      9.34935e+04                                        1.03461e+06                                    7.08564e+04               
      533100            8.69928                             0.99310                                           0.14934                                      9.31027e+04                                        1.03394e+06                                    7.06281e+04               
      534100            8.72828                             0.99431                                           0.08449                                      9.32168e+04                                        1.03499e+06                                    7.06990e+04               
      535100            8.77493                             0.99845                                          -0.07759                                      9.36045e+04                                        1.03531e+06                                    7.09519e+04               
      536100            8.74355                             0.99735                                           0.03238                                      9.35019e+04                                        1.03582e+06                                    7.09052e+04               
      537100            8.85717                             0.99092                                          -0.03124                                      9.28984e+04                                        1.03571e+06                                    7.08757e+04               
      538100            8.70208                             0.99011                                          -0.02060                                      9.28224e+04                                        1.03599e+06                                    7.09006e+04               
      539100            8.71998                             0.98770                                          -0.01487                                      9.25971e+04                                        1.03600e+06                                    7.08752e+04               
      540100            8.92131                             0.99241                                           0.03929                                      9.30387e+04                                        1.03558e+06                                    7.07987e+04               
      541100            8.74887                             0.98780                                          -0.04476                                      9.26064e+04                                        1.03685e+06                                    7.08939e+04               
      542100            8.78968                             1.00590                                           0.08456                                      9.43030e+04                                        1.03755e+06                                    7.08358e+04               
      543100            8.78198                             0.99749                                           0.08237                                      9.35144e+04                                        1.03703e+06                                    7.07321e+04               
      544100            8.78164                             1.00629                                           0.01015                                      9.43400e+04                                        1.03802e+06                                    7.09293e+04               
      545100            8.72604                             0.99665                                           0.02305                                      9.34362e+04                                        1.03680e+06                                    7.07331e+04               
      546100            8.72737                             0.99282                                           0.02749                                      9.30768e+04                                        1.03768e+06                                    7.07937e+04               
      547100            8.71588                             0.99193                                           0.04299                                      9.29935e+04                                        1.03690e+06                                    7.06304e+04               
      548100            8.84105                             0.99165                                          -0.07441                                      9.29668e+04                                        1.03851e+06                                    7.09025e+04               
      549100            8.78253                             0.99449                                           0.04022                                      9.32339e+04                                        1.03791e+06                                    7.08214e+04               
      550100            8.86014                             1.00144                                           0.11909                                      9.38847e+04                                        1.03837e+06                                    7.07880e+04               
      551100            8.88801                             0.99478                                           0.05770                                      9.32604e+04                                        1.03792e+06                                    7.06844e+04               
      552100            8.86591                             0.99007                                          -0.02683                                      9.28195e+04                                        1.03888e+06                                    7.09515e+04               
      553100            8.86287                             0.98839                                          -0.03919                                      9.26614e+04                                        1.03861e+06                                    7.08621e+04               
      554100            8.88287                             0.98532                                          -0.01231                                      9.23735e+04                                        1.03894e+06                                    7.08987e+04               
      555100            8.87934                             0.99250                                          -0.01959                                      9.30467e+04                                        1.03936e+06                                    7.09396e+04               
      556100            8.82220                             0.99232                                          -0.09638                                      9.30304e+04                                        1.03840e+06                                    7.07873e+04               
      557100            9.09055                             0.98409                                          -0.01998                                      9.22584e+04                                        1.03877e+06                                    7.08115e+04               
      558100            8.95022                             0.98908                                          -0.08052                                      9.27260e+04                                        1.04058e+06                                    7.10702e+04               
      559100            8.82374                             0.99729                                          -0.05684                                      9.34960e+04                                        1.04030e+06                                    7.09504e+04               
      560100            8.89229                             0.99662                                          -0.03183                                      9.34333e+04                                        1.03997e+06                                    7.09086e+04               
      561100            8.78219                             0.99774                                           0.07857                                      9.35385e+04                                        1.03971e+06                                    7.07387e+04               
      562100            8.87512                             0.99334                                          -0.00826                                      9.31257e+04                                        1.03971e+06                                    7.07514e+04               
      563100            8.87729                             0.99474                                          -0.01631                                      9.32572e+04                                        1.03974e+06                                    7.07715e+04               
      564100            8.85330                             0.99216                                           0.04160                                      9.30153e+04                                        1.03941e+06                                    7.06231e+04               
      565100            8.88717                             0.98918                                           0.00609                                      9.27360e+04                                        1.04075e+06                                    7.08317e+04               
      566100            8.84429                             0.99273                                           0.00346                                      9.30688e+04                                        1.04070e+06                                    7.08637e+04               
      567100            9.02464                             0.98798                                          -0.06452                                      9.26231e+04                                        1.04052e+06                                    7.08199e+04               
      568100            8.88766                             0.98506                                          -0.06320                                      9.23490e+04                                        1.04018e+06                                    7.08344e+04               
      569100            8.86551                             0.99231                                           0.00192                                      9.30289e+04                                        1.04085e+06                                    7.07661e+04               
      570100            8.84772                             0.99596                                           0.00539                                      9.33711e+04                                        1.04117e+06                                    7.07929e+04               
      571100            9.08178                             0.99437                                          -0.01959                                      9.32219e+04                                        1.04066e+06                                    7.07405e+04               
      572100            9.05986                             0.99815                                          -0.08786                                      9.35763e+04                                        1.04179e+06                                    7.09410e+04               
      573100            8.78718                             0.99004                                           0.03645                                      9.28160e+04                                        1.04166e+06                                    7.08176e+04               
      574100            8.88246                             1.00050                                           0.03111                                      9.37968e+04                                        1.04194e+06                                    7.07727e+04               
      575100            8.89953                             0.99124                                          -0.01864                                      9.29291e+04                                        1.04116e+06                                    7.07864e+04               
      576100            8.85030                             0.98679                                          -0.06203                                      9.25116e+04                                        1.04186e+06                                    7.07895e+04               
      577100            8.87676                             0.99105                                           0.02903                                      9.29114e+04                                        1.04152e+06                                    7.06971e+04               
      578100            8.85344                             0.98299                                          -0.02940                                      9.21549e+04                                        1.04226e+06                                    7.08259e+04               
      579100            8.86136                             0.98777                                          -0.00205                                      9.26038e+04                                        1.04280e+06                                    7.09235e+04               
      580100            9.08562                             1.00209                                           0.00116                                      9.39455e+04                                        1.04330e+06                                    7.08735e+04               
      581100            8.86444                             0.99569                                          -0.06708                                      9.33458e+04                                        1.04306e+06                                    7.08724e+04               
      582100            8.89760                             0.99313                                           0.00730                                      9.31062e+04                                        1.04355e+06                                    7.08412e+04               
      583100            8.87111                             0.99829                                           0.01126                                      9.35895e+04                                        1.04410e+06                                    7.08807e+04               
      584100            9.08732                             0.99537                                           0.01434                                      9.33161e+04                                        1.04241e+06                                    7.05994e+04               
      585100            8.82697                             0.99549                                          -0.01116                                      9.33272e+04                                        1.04319e+06                                    7.06378e+04               
      586100            8.85700                             0.98649                                          -0.04304                                      9.24833e+04                                        1.04338e+06                                    7.07616e+04               
      587100            8.85812                             0.99563                                          -0.06465                                      9.33403e+04                                        1.04433e+06                                    7.10208e+04               
      588100            8.81898                             0.98428                                          -0.04585                                      9.22763e+04                                        1.04443e+06                                    7.08920e+04               
      589100            8.90226                             0.99331                                           0.07193                                      9.31233e+04                                        1.04385e+06                                    7.05008e+04               
      590100            8.84473                             0.99467                                           0.01849                                      9.32500e+04                                        1.04463e+06                                    7.07774e+04               
      591100            8.85196                             0.98869                                          -0.01032                                      9.26893e+04                                        1.04447e+06                                    7.07517e+04               
      592100            8.91273                             0.99592                                          -0.01724                                      9.33671e+04                                        1.04530e+06                                    7.07825e+04               
      593100            8.96139                             0.99356                                          -0.08757                                      9.31466e+04                                        1.04570e+06                                    7.09009e+04               
      594100            8.84903                             0.99463                                           0.01318                                      9.32465e+04                                        1.04464e+06                                    7.06107e+04               
      595100            8.92087                             0.99551                                          -0.02963                                      9.33294e+04                                        1.04563e+06                                    7.08288e+04               
      596100            8.82460                             0.98904                                          -0.05328                                      9.27222e+04                                        1.04517e+06                                    7.07335e+04               
      597100            8.91876                             0.99640                                           0.01478                                      9.34126e+04                                        1.04546e+06                                    7.06096e+04               
      598100            8.91326                             0.99993                                           0.02201                                      9.37437e+04                                        1.04678e+06                                    7.08236e+04               
      599100            8.90813                             1.00127                                           0.09867                                      9.38694e+04                                        1.04648e+06                                    7.06120e+04               
      600100            8.90541                             1.00056                                           0.11198                                      9.38021e+04                                        1.04637e+06                                    7.06925e+04               
      601100            8.86212                             0.99253                                          -0.02717                                      9.30497e+04                                        1.04587e+06                                    7.07270e+04               
      602100            8.91736                             0.99614                                          -0.00104                                      9.33878e+04                                        1.04727e+06                                    7.07736e+04               
      603100            8.91573                             0.99008                                           0.00399                                      9.28202e+04                                        1.04696e+06                                    7.08567e+04               
      604100            8.88827                             0.99274                                          -0.02099                                      9.30691e+04                                        1.04639e+06                                    7.07843e+04               
      605100            8.89205                             0.99838                                          -0.01399                                      9.35980e+04                                        1.04695e+06                                    7.08028e+04               
      606100            8.93328                             0.98823                                          -0.02826                                      9.26468e+04                                        1.04650e+06                                    7.07862e+04               
      607100            8.89543                             0.99618                                           0.01418                                      9.33920e+04                                        1.04694e+06                                    7.07662e+04               
      608100            8.92671                             0.99632                                          -0.08105                                      9.34051e+04                                        1.04672e+06                                    7.08467e+04               
      609100            9.12422                             0.99485                                          -0.02334                                      9.32669e+04                                        1.04770e+06                                    7.07709e+04               
      610100            8.87332                             0.99476                                          -0.07210                                      9.32584e+04                                        1.04864e+06                                    7.09981e+04               
      611100            9.10580                             0.98745                                          -0.04181                                      9.25731e+04                                        1.04664e+06                                    7.07116e+04               
      612100            8.89348                             0.99564                                           0.03914                                      9.33410e+04                                        1.04714e+06                                    7.06582e+04               
      613100            8.92210                             1.00019                                          -0.07768                                      9.37679e+04                                        1.04808e+06                                    7.08554e+04               
      614100            8.93173                             1.00075                                          -0.03459                                      9.38206e+04                                        1.04791e+06                                    7.06846e+04               
      615100            8.90932                             0.99936                                           0.07837                                      9.36897e+04                                        1.04795e+06                                    7.06958e+04               
      616100            8.82767                             1.00081                                           0.01634                                      9.38260e+04                                        1.04884e+06                                    7.08266e+04               
      617100            8.92264                             0.99386                                          -0.04214                                      9.31746e+04                                        1.04929e+06                                    7.07872e+04               
      618100            8.89906                             0.99408                                           0.10635                                      9.31953e+04                                        1.04770e+06                                    7.05811e+04               
      619100            9.05488                             0.99971                                           0.07762                                      9.37224e+04                                        1.04849e+06                                    7.07340e+04               
      620100            8.93111                             0.99552                                          -0.00397                                      9.33298e+04                                        1.04870e+06                                    7.07410e+04               
      621100            8.90516                             0.99165                                           0.05855                                      9.29671e+04                                        1.04941e+06                                    7.07848e+04               
      622100            8.89504                             0.99164                                          -0.03718                                      9.29660e+04                                        1.04946e+06                                    7.07485e+04               
      623100            8.92800                             0.99105                                           0.04895                                      9.29113e+04                                        1.04911e+06                                    7.07459e+04               
      624100            9.10388                             0.99206                                          -0.03339                                      9.30058e+04                                        1.04954e+06                                    7.08603e+04               
      625100            8.91757                             0.99393                                           0.02878                                      9.31810e+04                                        1.04970e+06                                    7.08620e+04               
      626100            9.10819                             0.99750                                          -0.01254                                      9.35158e+04                                        1.04997e+06                                    7.07695e+04               
      627100            8.89361                             0.98991                                          -0.00741                                      9.28040e+04                                        1.05053e+06                                    7.09199e+04               
      628100            8.92917                             0.98853                                          -0.05968                                      9.26745e+04                                        1.04985e+06                                    7.08344e+04               
      629100            8.91046                             0.99222                                          -0.15492                                      9.30209e+04                                        1.05096e+06                                    7.10372e+04               
      630100            8.87422                             0.97875                                          -0.11618                                      9.17580e+04                                        1.04866e+06                                    7.06417e+04               
      631100            8.91013                             0.99723                                          -0.00207                                      9.34900e+04                                        1.05059e+06                                    7.08344e+04               
      632100            8.87853                             0.99766                                           0.00567                                      9.35310e+04                                        1.05105e+06                                    7.08671e+04               
      633100            8.89558                             0.99110                                          -0.07416                                      9.29158e+04                                        1.04988e+06                                    7.07826e+04               
      634100            8.90148                             1.00229                                           0.03745                                      9.39645e+04                                        1.05122e+06                                    7.08667e+04               
      635100            8.92755                             1.00386                                          -0.00841                                      9.41123e+04                                        1.05132e+06                                    7.08356e+04               
      636100            8.92395                             0.98688                                          -0.06866                                      9.25201e+04                                        1.05056e+06                                    7.07979e+04               
      637100            8.89353                             1.00140                                           0.00583                                      9.38813e+04                                        1.05003e+06                                    7.06401e+04               
      638100            8.88094                             0.99778                                           0.00152                                      9.35419e+04                                        1.05079e+06                                    7.07351e+04               
      639100            8.89025                             0.99041                                           0.02199                                      9.28511e+04                                        1.04952e+06                                    7.06205e+04               
      640100            8.91281                             0.99616                                           0.03518                                      9.33902e+04                                        1.05075e+06                                    7.07033e+04               
      641100            8.88287                             0.99777                                          -0.04084                                      9.35409e+04                                        1.05128e+06                                    7.07527e+04               
      642100            8.89684                             0.99155                                          -0.11210                                      9.29580e+04                                        1.05105e+06                                    7.07929e+04               
      643100            8.89796                             0.99468                                           0.02118                                      9.32508e+04                                        1.05206e+06                                    7.08886e+04               
      644100            8.92837                             0.99090                                          -0.10350                                      9.28966e+04                                        1.05220e+06                                    7.08504e+04               
      645100            8.95097                             0.99266                                          -0.03704                                      9.30617e+04                                        1.05203e+06                                    7.08432e+04               
      646100            8.97432                             0.99094                                          -0.02542                                      9.29004e+04                                        1.05121e+06                                    7.06231e+04               
      647100            8.70667                             0.99284                                          -0.08660                                      9.30791e+04                                        1.05176e+06                                    7.06818e+04               
      648100            8.94544                             0.99928                                           0.05041                                      9.36825e+04                                        1.05215e+06                                    7.05920e+04               
      649100            8.92097                             1.00100                                           0.08113                                      9.38434e+04                                        1.05200e+06                                    7.05600e+04               
      650100            8.95652                             1.00494                                           0.11641                                      9.42132e+04                                        1.05272e+06                                    7.07143e+04               
      651100            8.98196                             0.99613                                           0.01148                                      9.33870e+04                                        1.05364e+06                                    7.10061e+04               
      652100            9.12315                             0.98735                                          -0.02280                                      9.25637e+04                                        1.05139e+06                                    7.05425e+04               
      653100            8.90491                             0.99074                                          -0.04552                                      9.28817e+04                                        1.05243e+06                                    7.07316e+04               
      654100            9.14120                             0.99383                                          -0.05955                                      9.31713e+04                                        1.05257e+06                                    7.08014e+04               
      655100            8.92898                             0.98836                                          -0.02082                                      9.26584e+04                                        1.05193e+06                                    7.06486e+04               
      656100            8.94217                             0.98746                                          -0.06081                                      9.25746e+04                                        1.05215e+06                                    7.06404e+04               
      657100            8.93492                             0.99754                                          -0.03351                                      9.35197e+04                                        1.05241e+06                                    7.07312e+04               
      658100            8.92426                             0.99252                                          -0.08787                                      9.30489e+04                                        1.05398e+06                                    7.08865e+04               
      659100            9.21458                             0.99441                                           0.05575                                      9.32256e+04                                        1.05375e+06                                    7.06855e+04               
      660100            8.94359                             0.99042                                          -0.03907                                      9.28515e+04                                        1.05307e+06                                    7.06748e+04               
      661100            8.93707                             0.98960                                           0.06887                                      9.27754e+04                                        1.05261e+06                                    7.05002e+04               
      662100            8.94506                             0.99099                                           0.12067                                      9.29055e+04                                        1.05299e+06                                    7.05205e+04               
      663100            9.01191                             0.99543                                           0.02960                                      9.33215e+04                                        1.05355e+06                                    7.06198e+04               
      664100            8.98426                             0.99344                                           0.05375                                      9.31348e+04                                        1.05404e+06                                    7.05937e+04               
      665100            9.27098                             0.99240                                          -0.07439                                      9.30374e+04                                        1.05407e+06                                    7.07757e+04               
      666100            8.97965                             0.98820                                          -0.10160                                      9.26433e+04                                        1.05536e+06                                    7.08611e+04               
      667100            8.98631                             0.99926                                           0.06415                                      9.36805e+04                                        1.05398e+06                                    7.05284e+04               
      668100            9.01041                             1.00310                                           0.09830                                      9.40402e+04                                        1.05410e+06                                    7.05608e+04               
      669100            9.21067                             0.99296                                           0.00236                                      9.30902e+04                                        1.05424e+06                                    7.05764e+04               
      670100            9.00299                             1.00311                                           0.00329                                      9.40420e+04                                        1.05413e+06                                    7.06106e+04               
      671100            9.00761                             0.99252                                          -0.01483                                      9.30492e+04                                        1.05522e+06                                    7.07010e+04               
      672100            9.02771                             0.99096                                           0.01996                                      9.29021e+04                                        1.05424e+06                                    7.05701e+04               
      673100            8.95266                             0.99118                                           0.05062                                      9.29232e+04                                        1.05525e+06                                    7.08025e+04               
      674100            8.98443                             0.99335                                           0.03893                                      9.31265e+04                                        1.05470e+06                                    7.05013e+04               
      675100            8.99841                             1.00257                                           0.06947                                      9.39912e+04                                        1.05470e+06                                    7.04471e+04               
      676100            9.01496                             0.99687                                           0.07922                                      9.34570e+04                                        1.05596e+06                                    7.07531e+04               
      677100            9.01867                             1.00319                                           0.07626                                      9.40488e+04                                        1.05672e+06                                    7.08820e+04               
      678100            8.99739                             0.99573                                           0.01925                                      9.33498e+04                                        1.05587e+06                                    7.06493e+04               
      679100            9.18714                             0.98810                                           0.06922                                      9.26341e+04                                        1.05510e+06                                    7.06205e+04               
      680100            9.01256                             0.99448                                          -0.03714                                      9.32321e+04                                        1.05668e+06                                    7.08064e+04               
      681100            9.20981                             0.98787                                          -0.05451                                      9.26128e+04                                        1.05555e+06                                    7.07218e+04               
      682100            8.96925                             0.99095                                          -0.00167                                      9.29014e+04                                        1.05591e+06                                    7.07589e+04               
      683100            8.98091                             0.98864                                          -0.10261                                      9.26854e+04                                        1.05493e+06                                    7.05843e+04               
      684100            9.21329                             0.99648                                          -0.06622                                      9.34197e+04                                        1.05595e+06                                    7.07532e+04               
      685100            8.95483                             0.99350                                           0.01032                                      9.31407e+04                                        1.05568e+06                                    7.05986e+04               
      686100            9.00205                             0.99242                                           0.03206                                      9.30390e+04                                        1.05556e+06                                    7.05687e+04               
      687100            9.27105                             0.99234                                          -0.03997                                      9.30320e+04                                        1.05700e+06                                    7.08583e+04               
      688100            8.99770                             0.98993                                          -0.03484                                      9.28063e+04                                        1.05630e+06                                    7.07171e+04               
      689100            9.22972                             0.99666                                           0.01111                                      9.34367e+04                                        1.05577e+06                                    7.04862e+04               
      690100            8.94975                             1.00177                                          -0.01945                                      9.39156e+04                                        1.05797e+06                                    7.07587e+04               
      691100            9.03011                             1.00386                                           0.04110                                      9.41122e+04                                        1.05693e+06                                    7.05816e+04               
      692100            8.99511                             0.99892                                           0.09000                                      9.36483e+04                                        1.05661e+06                                    7.05140e+04               
      693100            9.03252                             0.99854                                          -0.01625                                      9.36130e+04                                        1.05792e+06                                    7.07357e+04               
      694100            9.05037                             0.99430                                          -0.04620                                      9.32158e+04                                        1.05882e+06                                    7.09132e+04               
      695100            8.98782                             0.99445                                          -0.04167                                      9.32297e+04                                        1.05712e+06                                    7.06658e+04               
      696100            9.01025                             0.98970                                          -0.11653                                      9.27845e+04                                        1.05757e+06                                    7.07826e+04               
      697100            8.89807                             0.99763                                           0.06225                                      9.35277e+04                                        1.05740e+06                                    7.05658e+04               
      698100            8.95812                             0.99854                                           0.00861                                      9.36128e+04                                        1.05744e+06                                    7.05702e+04               
      699100            9.03415                             0.99936                                           0.06171                                      9.36898e+04                                        1.05772e+06                                    7.05324e+04               
      700100            8.99036                             0.98795                                          -0.03304                                      9.26200e+04                                        1.05797e+06                                    7.07592e+04               
      701100            8.99687                             0.98668                                          -0.03136                                      9.25012e+04                                        1.05806e+06                                    7.06414e+04               
      702100            8.94804                             1.00242                                           0.03259                                      9.39769e+04                                        1.05791e+06                                    7.05467e+04               
      703100            9.22450                             0.99067                                          -0.00387                                      9.28755e+04                                        1.05875e+06                                    7.06273e+04               
      704100            9.00774                             1.00313                                           0.07129                                      9.40437e+04                                        1.05892e+06                                    7.05347e+04               
      705100            8.98130                             0.99680                                           0.04035                                      9.34497e+04                                        1.05815e+06                                    7.05207e+04               
      706100            8.96401                             1.00262                                           0.02327                                      9.39959e+04                                        1.05883e+06                                    7.05766e+04               
      707100            9.00598                             0.99609                                           0.07104                                      9.33831e+04                                        1.05927e+06                                    7.06079e+04               
      708100            9.04986                             0.98592                                          -0.03798                                      9.24297e+04                                        1.05985e+06                                    7.08103e+04               
      709100            8.98495                             0.98915                                          -0.00808                                      9.27331e+04                                        1.05841e+06                                    7.05904e+04               
      710100            9.11106                             0.99851                                           0.04674                                      9.36102e+04                                        1.05842e+06                                    7.04618e+04               
      711100            9.12612                             0.99546                                          -0.01187                                      9.33242e+04                                        1.05899e+06                                    7.06828e+04               
      712100            9.07997                             0.99867                                           0.03411                                      9.36257e+04                                        1.05966e+06                                    7.06914e+04               
      713100            9.04040                             0.99222                                           0.00997                                      9.30211e+04                                        1.05994e+06                                    7.07121e+04               
      714100            9.10668                             0.99364                                          -0.06333                                      9.31536e+04                                        1.05940e+06                                    7.07737e+04               
      715100            9.12167                             0.99900                                           0.01262                                      9.36567e+04                                        1.06008e+06                                    7.06981e+04               
      716100            9.36671                             0.99555                                          -0.04302                                      9.33328e+04                                        1.05915e+06                                    7.06823e+04               
      717100            9.09411                             0.99552                                           0.06613                                      9.33303e+04                                        1.05805e+06                                    7.03625e+04               
      718100            9.20248                             0.99176                                          -0.00598                                      9.29774e+04                                        1.05891e+06                                    7.04313e+04               
      719100            9.06463                             0.99198                                          -0.06690                                      9.29978e+04                                        1.06112e+06                                    7.08615e+04               
      720100            9.07877                             0.99050                                           0.01283                                      9.28590e+04                                        1.05917e+06                                    7.04299e+04               
      721100            9.11829                             0.98548                                           0.03978                                      9.23884e+04                                        1.06009e+06                                    7.05478e+04               
      722100            9.06724                             0.99167                                           0.00503                                      9.29694e+04                                        1.05996e+06                                    7.06258e+04               
      723100            9.25874                             0.98805                                           0.01853                                      9.26299e+04                                        1.06057e+06                                    7.06249e+04               
      724100            9.09963                             0.99900                                           0.05080                                      9.36564e+04                                        1.06006e+06                                    7.04656e+04               
      725100            9.10871                             1.00133                                          -0.03598                                      9.38750e+04                                        1.06073e+06                                    7.06761e+04               
      726100            9.12946                             0.99821                                           0.08368                                      9.35819e+04                                        1.06137e+06                                    7.06351e+04               
      727100            9.11506                             0.99509                                           0.03730                                      9.32892e+04                                        1.06095e+06                                    7.05705e+04               
      728100            9.09470                             1.00191                                           0.08573                                      9.39294e+04                                        1.06099e+06                                    7.05411e+04               
      729100            9.13143                             0.99461                                          -0.03360                                      9.32449e+04                                        1.06139e+06                                    7.05748e+04               
      730100            9.05478                             1.00210                                           0.02418                                      9.39472e+04                                        1.06145e+06                                    7.05958e+04               
      731100            9.08488                             0.99270                                          -0.04379                                      9.30659e+04                                        1.06129e+06                                    7.06389e+04               
      732100            9.08067                             0.99775                                           0.05654                                      9.35395e+04                                        1.06081e+06                                    7.04210e+04               
      733100            9.36457                             0.99145                                          -0.03581                                      9.29488e+04                                        1.06161e+06                                    7.06617e+04               
      734100            9.32826                             0.98916                                           0.01542                                      9.27334e+04                                        1.06097e+06                                    7.05039e+04               
      735100            9.05718                             0.99953                                           0.08914                                      9.37062e+04                                        1.06210e+06                                    7.06259e+04               
      736100            9.12760                             0.99340                                          -0.00275                                      9.31308e+04                                        1.06180e+06                                    7.06070e+04               
      737100            9.04200                             1.00169                                          -0.03754                                      9.39089e+04                                        1.06194e+06                                    7.07469e+04               
      738100            9.07764                             0.99527                                           0.05216                                      9.33066e+04                                        1.06170e+06                                    7.05119e+04               
      739100            9.05146                             0.99971                                           0.05362                                      9.37224e+04                                        1.06231e+06                                    7.06244e+04               
      740100            9.08123                             0.99731                                           0.03474                                      9.34979e+04                                        1.06228e+06                                    7.06237e+04               
      741100            9.11515                             0.99116                                           0.01956                                      9.29210e+04                                        1.06245e+06                                    7.06493e+04               
      742100            9.12500                             0.99508                                          -0.01736                                      9.32886e+04                                        1.06222e+06                                    7.05498e+04               
      743100            9.02123                             0.99649                                           0.13284                                      9.34212e+04                                        1.06298e+06                                    7.04952e+04               
      744100            9.33884                             0.99656                                           0.06523                                      9.34271e+04                                        1.06255e+06                                    7.05390e+04               
      745100            9.36645                             0.99154                                           0.06317                                      9.29566e+04                                        1.06182e+06                                    7.05593e+04               
      746100            9.16325                             0.99522                                           0.02476                                      9.33021e+04                                        1.06328e+06                                    7.07586e+04               
      747100            9.10742                             0.99661                                          -0.04369                                      9.34318e+04                                        1.06307e+06                                    7.06452e+04               
      748100            9.18310                             0.99835                                          -0.01168                                      9.35956e+04                                        1.06385e+06                                    7.07087e+04               
      749100            9.13483                             0.99515                                           0.11356                                      9.32957e+04                                        1.06302e+06                                    7.05758e+04               
      750100            9.13457                             0.99123                                          -0.01598                                      9.29280e+04                                        1.06257e+06                                    7.05049e+04               
      751100            9.40019                             0.99333                                           0.03469                                      9.31248e+04                                        1.06402e+06                                    7.07775e+04               
      752100            9.11350                             0.99057                                           0.05465                                      9.28660e+04                                        1.06287e+06                                    7.05013e+04               
      753100            9.16198                             0.98867                                          -0.03496                                      9.26875e+04                                        1.06436e+06                                    7.07513e+04               
      754100            9.17574                             0.99674                                           0.01589                                      9.34445e+04                                        1.06374e+06                                    7.06438e+04               
      755100            9.12484                             0.99371                                          -0.00142                                      9.31607e+04                                        1.06315e+06                                    7.05776e+04               
      756100            9.15673                             0.99436                                          -0.08111                                      9.32213e+04                                        1.06417e+06                                    7.07413e+04               
      757100            9.14506                             0.99323                                          -0.04606                                      9.31158e+04                                        1.06408e+06                                    7.07163e+04               
      758100            9.07663                             0.98974                                           0.02736                                      9.27885e+04                                        1.06335e+06                                    7.06432e+04               
      759100            9.16755                             0.99852                                           0.02695                                      9.36110e+04                                        1.06360e+06                                    7.05691e+04               
      760100            9.32727                             0.99253                                           0.00838                                      9.30496e+04                                        1.06361e+06                                    7.05839e+04               
      761100            9.10838                             0.99163                                           0.06512                                      9.29654e+04                                        1.06338e+06                                    7.04745e+04               
      762100            9.13201                             0.99965                                           0.03969                                      9.37169e+04                                        1.06439e+06                                    7.05427e+04               
      763100            9.27031                             0.99313                                          -0.06083                                      9.31057e+04                                        1.06474e+06                                    7.06596e+04               
      764100            9.09616                             0.99024                                           0.04759                                      9.28346e+04                                        1.06476e+06                                    7.06250e+04               
      765100            9.13617                             0.99326                                           0.02482                                      9.31182e+04                                        1.06315e+06                                    7.04706e+04               
      766100            9.12245                             0.99950                                           0.02397                                      9.37027e+04                                        1.06380e+06                                    7.05210e+04               
      767100            9.12857                             0.98857                                          -0.03818                                      9.26785e+04                                        1.06442e+06                                    7.06640e+04               
      768100            9.12585                             0.99785                                          -0.09098                                      9.35483e+04                                        1.06562e+06                                    7.07210e+04               
      769100            9.11354                             1.00210                                          -0.00145                                      9.39469e+04                                        1.06437e+06                                    7.04882e+04               
      770100            9.08971                             1.00343                                           0.00992                                      9.40715e+04                                        1.06518e+06                                    7.05845e+04               
      771100            9.18534                             0.99458                                          -0.00344                                      9.32419e+04                                        1.06545e+06                                    7.05923e+04               
      772100            9.11511                             1.00198                                           0.05724                                      9.39356e+04                                        1.06483e+06                                    7.04514e+04               
      773100            9.17112                             0.99994                                           0.03334                                      9.37444e+04                                        1.06525e+06                                    7.06156e+04               
      774100            9.31238                             0.99750                                           0.08181                                      9.35153e+04                                        1.06580e+06                                    7.05819e+04               
      775100            9.11120                             0.99665                                          -0.07103                                      9.34363e+04                                        1.06600e+06                                    7.07117e+04               
      776100            9.37995                             0.99949                                           0.00320                                      9.37025e+04                                        1.06626e+06                                    7.07039e+04               
      777100            9.16801                             0.99592                                           0.00335                                      9.33672e+04                                        1.06537e+06                                    7.05760e+04               
      778100            9.15711                             1.00267                                          -0.03064                                      9.40006e+04                                        1.06623e+06                                    7.05744e+04               
      779100            9.09356                             0.99812                                           0.05595                                      9.35739e+04                                        1.06643e+06                                    7.05435e+04               
      780100            9.10535                             1.00338                                           0.03776                                      9.40668e+04                                        1.06658e+06                                    7.06647e+04               
      781100            9.09406                             1.00186                                           0.00026                                      9.39247e+04                                        1.06581e+06                                    7.05285e+04               
      782100            9.12393                             0.99775                                          -0.00854                                      9.35393e+04                                        1.06612e+06                                    7.05859e+04               
      783100            9.14006                             0.98845                                          -0.05818                                      9.26672e+04                                        1.06640e+06                                    7.05948e+04               
      784100            9.10890                             0.99239                                          -0.02994                                      9.30367e+04                                        1.06561e+06                                    7.04567e+04               
      785100            9.11973                             0.98259                                          -0.12866                                      9.21179e+04                                        1.06580e+06                                    7.05870e+04               
      786100            9.11404                             0.99107                                          -0.02319                                      9.29132e+04                                        1.06589e+06                                    7.05850e+04               
      787100            9.10470                             0.99664                                           0.02440                                      9.34350e+04                                        1.06616e+06                                    7.05319e+04               
      788100            9.08811                             0.99209                                           0.01825                                      9.30089e+04                                        1.06569e+06                                    7.03937e+04               
      789100            9.10294                             0.99619                                           0.13030                                      9.33929e+04                                        1.06528e+06                                    7.03634e+04               
      790100            9.11999                             0.99181                                          -0.00111                                      9.29825e+04                                        1.06666e+06                                    7.05361e+04               
      791100            9.18669                             0.99404                                          -0.13906                                      9.31910e+04                                        1.06715e+06                                    7.07770e+04               
      792100            9.14576                             0.98676                                          -0.07273                                      9.25092e+04                                        1.06759e+06                                    7.07985e+04               
      793100            9.15480                             0.98733                                          -0.07058                                      9.25626e+04                                        1.06701e+06                                    7.06334e+04               
      794100            9.14449                             0.99313                                          -0.08073                                      9.31059e+04                                        1.06754e+06                                    7.06196e+04               
      795100            9.11584                             0.99832                                           0.05803                                      9.35928e+04                                        1.06822e+06                                    7.06875e+04               
      796100            9.37587                             0.99388                                          -0.00347                                      9.31759e+04                                        1.06731e+06                                    7.06152e+04               
      797100            9.14074                             0.99530                                           0.06807                                      9.33098e+04                                        1.06738e+06                                    7.04903e+04               
      798100            9.14507                             1.00081                                           0.05523                                      9.38259e+04                                        1.06723e+06                                    7.03963e+04               
      799100            9.14798                             0.99360                                           0.04452                                      9.31503e+04                                        1.06696e+06                                    7.04281e+04               
      800100            9.13061                             1.00450                                           0.01110                                      9.41722e+04                                        1.06771e+06                                    7.05179e+04               
      801100            9.13928                             0.98200                                          -0.00689                                      9.20627e+04                                        1.06734e+06                                    7.05512e+04               
      802100            9.17066                             0.99981                                           0.00154                                      9.37322e+04                                        1.06821e+06                                    7.06277e+04               
      803100            9.14779                             0.99864                                          -0.03708                                      9.36227e+04                                        1.06824e+06                                    7.05324e+04               
      804100            9.13344                             1.00188                                           0.05155                                      9.39261e+04                                        1.06776e+06                                    7.04666e+04               
      805100            9.12489                             0.99599                                           0.00130                                      9.33742e+04                                        1.06803e+06                                    7.05675e+04               
      806100            9.31634                             0.99961                                           0.07984                                      9.37138e+04                                        1.06673e+06                                    7.02359e+04               
      807100            9.14670                             1.00302                                           0.05133                                      9.40331e+04                                        1.06828e+06                                    7.04816e+04               
      808100            9.10654                             0.98621                                           0.06695                                      9.24568e+04                                        1.06735e+06                                    7.03191e+04               
      809100            9.11344                             1.00015                                           0.00453                                      9.37639e+04                                        1.06867e+06                                    7.04890e+04               
      810100            9.36675                             0.99907                                           0.02971                                      9.36627e+04                                        1.06816e+06                                    7.05312e+04               
      811100            9.13952                             0.99184                                           0.05454                                      9.29850e+04                                        1.06782e+06                                    7.03935e+04               
      812100            9.12502                             0.99509                                           0.05009                                      9.32896e+04                                        1.06861e+06                                    7.04693e+04               
      813100            9.38615                             0.99908                                           0.07286                                      9.36637e+04                                        1.06794e+06                                    7.04214e+04               
      814100            9.15702                             0.99013                                          -0.04721                                      9.28251e+04                                        1.06859e+06                                    7.05558e+04               
      815100            9.15304                             0.99124                                           0.01973                                      9.29288e+04                                        1.06878e+06                                    7.05329e+04               
      816100            9.34282                             0.99798                                           0.04026                                      9.35604e+04                                        1.06845e+06                                    7.05916e+04               
      817100            9.16674                             0.99753                                          -0.07752                                      9.35187e+04                                        1.07044e+06                                    7.08103e+04               
      818100            9.11826                             1.00060                                           0.03056                                      9.38066e+04                                        1.06936e+06                                    7.06557e+04               
      819100            9.10582                             0.99399                                          -0.02911                                      9.31863e+04                                        1.06871e+06                                    7.05127e+04               
      820100            9.32388                             0.99797                                           0.04924                                      9.35594e+04                                        1.06858e+06                                    7.04593e+04               
      821100            9.15285                             0.99243                                          -0.03741                                      9.30406e+04                                        1.06813e+06                                    7.04311e+04               
      822100            9.13180                             0.99493                                           0.00191                                      9.32746e+04                                        1.06832e+06                                    7.05699e+04               
      823100            9.11702                             0.99524                                           0.00482                                      9.33035e+04                                        1.06916e+06                                    7.05437e+04               
      824100            9.31908                             0.99226                                          -0.00628                                      9.30247e+04                                        1.06857e+06                                    7.04348e+04               
      825100            9.11797                             0.99775                                          -0.01475                                      9.35392e+04                                        1.06999e+06                                    7.06382e+04               
      826100            9.10609                             0.99158                                          -0.03315                                      9.29603e+04                                        1.06906e+06                                    7.05313e+04               
      827100            9.14037                             0.99602                                          -0.05246                                      9.33771e+04                                        1.06995e+06                                    7.07737e+04               
      828100            9.36219                             0.99196                                          -0.02794                                      9.29961e+04                                        1.06884e+06                                    7.04567e+04               
      829100            9.09741                             0.98962                                           0.05404                                      9.27768e+04                                        1.06941e+06                                    7.05471e+04               
      830100            9.10144                             0.99360                                          -0.04378                                      9.31503e+04                                        1.06924e+06                                    7.05237e+04               
      831100            9.12977                             0.99635                                           0.00829                                      9.34079e+04                                        1.07019e+06                                    7.06513e+04               
      832100            9.08759                             1.00236                                          -0.03861                                      9.39715e+04                                        1.07013e+06                                    7.06225e+04               
      833100            9.06861                             1.00545                                          -0.00842                                      9.42612e+04                                        1.07006e+06                                    7.05410e+04               
      834100            9.14673                             0.99263                                          -0.05652                                      9.30593e+04                                        1.06933e+06                                    7.04777e+04               
      835100            9.33292                             0.98826                                          -0.05261                                      9.26497e+04                                        1.06859e+06                                    7.03845e+04               
      836100            9.15424                             0.99758                                          -0.04764                                      9.35232e+04                                        1.07093e+06                                    7.06719e+04               
      837100            9.35925                             0.99579                                           0.02880                                      9.33552e+04                                        1.07001e+06                                    7.05639e+04               
      838100            9.12002                             0.99345                                           0.05666                                      9.31364e+04                                        1.06991e+06                                    7.04262e+04               
      839100            9.30439                             0.99656                                           0.00779                                      9.34272e+04                                        1.06960e+06                                    7.04379e+04               
      840100            9.39193                             0.99926                                           0.03819                                      9.36805e+04                                        1.06975e+06                                    7.04238e+04               
      841100            9.15359                             0.99959                                          -0.00443                                      9.37120e+04                                        1.06997e+06                                    7.05248e+04               
      842100            9.11074                             0.99443                                           0.13697                                      9.32281e+04                                        1.07064e+06                                    7.04611e+04               
      843100            9.09605                             0.99567                                           0.03198                                      9.33442e+04                                        1.06958e+06                                    7.03701e+04               
      844100            9.15293                             0.99032                                           0.02989                                      9.28426e+04                                        1.06983e+06                                    7.04440e+04               
      845100            9.15061                             0.99444                                          -0.00468                                      9.32286e+04                                        1.07034e+06                                    7.05075e+04               
      846100            9.34151                             0.99463                                          -0.03359                                      9.32470e+04                                        1.06942e+06                                    7.04238e+04               
      847100            9.09191                             0.99604                                           0.06662                                      9.33788e+04                                        1.07079e+06                                    7.05339e+04               
      848100            9.40237                             0.98932                                          -0.04328                                      9.27491e+04                                        1.07033e+06                                    7.05822e+04               
      849100            9.12156                             0.99307                                           0.02427                                      9.31003e+04                                        1.07063e+06                                    7.05585e+04               
      850100            9.08914                             0.99568                                          -0.04350                                      9.33446e+04                                        1.07092e+06                                    7.05494e+04               
      851100            9.14291                             0.98531                                          -0.04276                                      9.23726e+04                                        1.07064e+06                                    7.05121e+04               
      852100            9.15400                             0.99724                                          -0.03786                                      9.34913e+04                                        1.07164e+06                                    7.06245e+04               
      853100            9.31263                             0.99258                                          -0.02384                                      9.30545e+04                                        1.07190e+06                                    7.05715e+04               
      854100            9.11139                             0.99343                                          -0.04865                                      9.31337e+04                                        1.07149e+06                                    7.06524e+04               
      855100            9.12253                             0.99268                                           0.06894                                      9.30635e+04                                        1.07066e+06                                    7.03127e+04               
      856100            9.14007                             0.99760                                          -0.00471                                      9.35253e+04                                        1.07119e+06                                    7.03958e+04               
      857100            9.14105                             0.99386                                          -0.01751                                      9.31739e+04                                        1.07244e+06                                    7.05903e+04               
      858100            9.07388                             1.00091                                           0.07495                                      9.38352e+04                                        1.07169e+06                                    7.04356e+04               
      859100            9.13058                             0.99718                                          -0.03610                                      9.34856e+04                                        1.07341e+06                                    7.06503e+04               
      860100            9.14365                             0.98858                                          -0.02787                                      9.26790e+04                                        1.07117e+06                                    7.05107e+04               
      861100            9.30879                             0.99192                                           0.09363                                      9.29922e+04                                        1.07143e+06                                    7.04175e+04               
      862100            9.08164                             0.99831                                        -1.98793e-04                                    9.35912e+04                                        1.07202e+06                                    7.05131e+04               
      863100            9.13446                             0.98973                                          -0.07972                                      9.27875e+04                                        1.07202e+06                                    7.05237e+04               
      864100            9.11205                             0.99721                                          -0.05795                                      9.34880e+04                                        1.07255e+06                                    7.06252e+04               
      865100            9.13218                             0.99077                                          -0.06990                                      9.28844e+04                                        1.07250e+06                                    7.06507e+04               
      866100            9.16407                             0.98761                                           0.03342                                      9.25884e+04                                        1.07190e+06                                    7.04683e+04               
      867100            9.12537                             0.98175                                          -0.07009                                      9.20392e+04                                        1.07157e+06                                    7.05141e+04               
      868100            9.09320                             0.99300                                           0.01153                                      9.30939e+04                                        1.07211e+06                                    7.04942e+04               
      869100            9.18150                             0.99538                                           0.00373                                      9.33172e+04                                        1.07360e+06                                    7.07038e+04               
      870100            9.01862                             0.99714                                           0.02254                                      9.34818e+04                                        1.07284e+06                                    7.04890e+04               
      871100            9.11798                             1.00001                                           0.07664                                      9.37511e+04                                        1.07232e+06                                    7.03912e+04               
      872100            9.27645                             0.99667                                           0.02742                                      9.34379e+04                                        1.07362e+06                                    7.05805e+04               
      873100            9.08067                             0.98767                                          -0.01439                                      9.25943e+04                                        1.07207e+06                                    7.04389e+04               
      874100            9.12046                             0.99845                                          -0.06443                                      9.36051e+04                                        1.07326e+06                                    7.05307e+04               
      875100            9.12287                             0.99328                                          -0.01893                                      9.31204e+04                                        1.07331e+06                                    7.06067e+04               
      876100            9.14725                             0.98986                                          -0.04636                                      9.27989e+04                                        1.07282e+06                                    7.05575e+04               
      877100            9.30373                             0.99561                                          -0.03548                                      9.33386e+04                                        1.07273e+06                                    7.05489e+04               
      878100            9.06233                             0.98821                                          -0.03579                                      9.26448e+04                                        1.07248e+06                                    7.03947e+04               
      879100            9.13470                             0.98549                                           0.05217                                      9.23896e+04                                        1.07392e+06                                    7.06070e+04               
      880100            9.14876                             0.99185                                           0.02924                                      9.29863e+04                                        1.07286e+06                                    7.04722e+04               
      881100            9.12193                             0.99378                                          -0.08165                                      9.31673e+04                                        1.07348e+06                                    7.06028e+04               
      882100            9.09678                             0.99778                                           0.03251                                      9.35418e+04                                        1.07292e+06                                    7.04545e+04               
      883100            9.15797                             0.99641                                           0.00566                                      9.34130e+04                                        1.07373e+06                                    7.05857e+04               
      884100            9.09122                             1.00503                                           0.06431                                      9.42220e+04                                        1.07378e+06                                    7.04668e+04               
      885100            9.11766                             1.00290                                           0.03900                                      9.40217e+04                                        1.07392e+06                                    7.04397e+04               
      886100            9.36098                             0.99315                                           0.03592                                      9.31076e+04                                        1.07309e+06                                    7.04995e+04               
      887100            9.12681                             0.98905                                          -0.03779                                      9.27232e+04                                        1.07428e+06                                    7.06747e+04               
      888100            9.10833                             0.99127                                          -0.03961                                      9.29320e+04                                        1.07350e+06                                    7.06186e+04               
      889100            9.36768                             0.99289                                          -0.02286                                      9.30832e+04                                        1.07449e+06                                    7.06860e+04               
      890100            9.36753                             0.99539                                           0.02860                                      9.33183e+04                                        1.07401e+06                                    7.05457e+04               
      891100            9.11515                             0.98819                                          -0.00884                                      9.26429e+04                                        1.07341e+06                                    7.05511e+04               
      892100            9.16212                             0.99431                                           0.05960                                      9.32168e+04                                        1.07336e+06                                    7.04660e+04               
      893100            9.12777                             0.99858                                           0.00452                                      9.36168e+04                                        1.07449e+06                                    7.06719e+04               
      894100            9.12893                             1.00216                                           0.03076                                      9.39525e+04                                        1.07488e+06                                    7.06603e+04               
      895100            9.10574                             1.00008                                           0.01566                                      9.37573e+04                                        1.07467e+06                                    7.05956e+04               
      896100            9.36786                             0.98913                                           0.00460                                      9.27310e+04                                        1.07385e+06                                    7.05018e+04               
      897100            9.14735                             0.98422                                          -0.04755                                      9.22702e+04                                        1.07300e+06                                    7.05029e+04               
      898100            9.06523                             0.99207                                          -0.00800                                      9.30062e+04                                        1.07374e+06                                    7.04623e+04               
      899100            9.14034                             0.99243                                          -0.01700                                      9.30404e+04                                        1.07382e+06                                    7.04931e+04               
      900100            9.16139                             0.99729                                           0.00209                                      9.34961e+04                                        1.07552e+06                                    7.06837e+04               
      901100            9.13998                             0.99864                                           0.04716                                      9.36228e+04                                        1.07474e+06                                    7.04588e+04               
      902100            9.37272                             0.99814                                           0.01186                                      9.35760e+04                                        1.07460e+06                                    7.04474e+04               
      903100            9.35612                             0.99699                                           0.06163                                      9.34679e+04                                        1.07488e+06                                    7.04708e+04               
      904100            9.12374                             1.00376                                           0.12843                                      9.41026e+04                                        1.07513e+06                                    7.04161e+04               
      905100            9.13769                             0.99153                                           0.01011                                      9.29558e+04                                        1.07408e+06                                    7.03814e+04               
      906100            9.09969                             0.99501                                          -0.02886                                      9.32820e+04                                        1.07510e+06                                    7.05893e+04               
      907100            9.11615                             0.99211                                          -0.04041                                      9.30106e+04                                        1.07483e+06                                    7.05219e+04               
      908100            9.06074                             0.98578                                          -0.03957                                      9.24169e+04                                        1.07430e+06                                    7.05429e+04               
      909100            9.31597                             0.98743                                          -0.13714                                      9.25720e+04                                        1.07487e+06                                    7.05717e+04               
      910100            9.14743                             0.99843                                          -0.01731                                      9.36031e+04                                        1.07528e+06                                    7.05739e+04               
      911100            9.16855                             0.99794                                          -0.03313                                      9.35568e+04                                        1.07527e+06                                    7.06274e+04               
      912100            9.12512                             0.99360                                           0.01689                                      9.31504e+04                                        1.07499e+06                                    7.05142e+04               
      913100            9.34869                             0.99897                                           0.00566                                      9.36533e+04                                        1.07497e+06                                    7.05338e+04               
      914100            9.14490                             0.99392                                          -0.05840                                      9.31805e+04                                        1.07438e+06                                    7.03718e+04               
      915100            9.13587                             0.98534                                           0.03011                                      9.23759e+04                                        1.07439e+06                                    7.04529e+04               
      916100            9.11267                             0.98891                                           0.10959                                      9.27104e+04                                        1.07469e+06                                    7.03374e+04               
      917100            9.11041                             0.99174                                           0.06716                                      9.29758e+04                                        1.07524e+06                                    7.04251e+04               
      918100            9.35878                             0.99565                                           0.01675                                      9.33419e+04                                        1.07501e+06                                    7.05322e+04               
      919100            9.35590                             0.99304                                          -0.00457                                      9.30980e+04                                        1.07468e+06                                    7.04855e+04               
      920100            9.15026                             0.98862                                           0.02324                                      9.26836e+04                                        1.07539e+06                                    7.05350e+04               
      921100            9.11699                             0.99288                                          -0.01012                                      9.30828e+04                                        1.07542e+06                                    7.04773e+04               
      922100            9.35877                             0.99026                                           0.04442                                      9.28366e+04                                        1.07552e+06                                    7.05647e+04               
      923100            9.33941                             0.98570                                          -0.04401                                      9.24096e+04                                        1.07444e+06                                    7.05408e+04               
      924100            9.12799                             0.98827                                          -0.02201                                      9.26505e+04                                        1.07513e+06                                    7.05508e+04               
      925100            9.10484                             0.98786                                          -0.07427                                      9.26119e+04                                        1.07496e+06                                    7.04133e+04               
      926100            9.11626                             0.98091                                          -0.07885                                      9.19606e+04                                        1.07452e+06                                    7.05162e+04               
      927100            9.12625                             0.99163                                          -0.00790                                      9.29652e+04                                        1.07477e+06                                    7.04292e+04               
      928100            9.10771                             1.00196                                          -0.01954                                      9.39341e+04                                        1.07579e+06                                    7.04242e+04               
      929100            9.11690                             0.99495                                           0.01939                                      9.32769e+04                                        1.07555e+06                                    7.04776e+04               
      930100            9.13198                             0.99704                                          -0.05522                                      9.34723e+04                                        1.07639e+06                                    7.06853e+04               
      931100            9.13368                             0.99266                                          -0.00759                                      9.30619e+04                                        1.07668e+06                                    7.06200e+04               
      932100            9.11132                             0.99724                                           0.03473                                      9.34917e+04                                        1.07552e+06                                    7.03886e+04               
      933100            9.13822                             0.99845                                           0.05032                                      9.36043e+04                                        1.07658e+06                                    7.05194e+04               
      934100            9.11003                             0.99059                                           0.03757                                      9.28674e+04                                        1.07532e+06                                    7.04162e+04               
      935100            9.16158                             0.99410                                          -0.03729                                      9.31969e+04                                        1.07603e+06                                    7.04994e+04               
      936100            9.12802                             1.00157                                           0.01015                                      9.38968e+04                                        1.07510e+06                                    7.03716e+04               
      937100            9.13259                             0.99702                                          -0.03532                                      9.34707e+04                                        1.07536e+06                                    7.03378e+04               
      938100            9.13559                             0.98834                                          -0.04698                                      9.26569e+04                                        1.07538e+06                                    7.04131e+04               
      939100            9.10751                             0.99984                                           0.00929                                      9.37350e+04                                        1.07661e+06                                    7.04174e+04               
      940100            9.15024                             0.99802                                           0.04864                                      9.35645e+04                                        1.07622e+06                                    7.05026e+04               
      941100            9.13105                             0.99758                                          -0.03371                                      9.35227e+04                                        1.07686e+06                                    7.05985e+04               
      942100            9.09982                             0.98669                                          -0.04903                                      9.25021e+04                                        1.07644e+06                                    7.04935e+04               
      943100            9.15627                             0.99565                                          -0.00576                                      9.33425e+04                                        1.07691e+06                                    7.06435e+04               
      944100            9.08949                             0.99140                                          -0.00917                                      9.29442e+04                                        1.07637e+06                                    7.04875e+04               
      945100            9.10477                             0.98941                                           0.03243                                      9.27568e+04                                        1.07756e+06                                    7.06737e+04               
      946100            9.15274                             0.98775                                           0.01659                                      9.26016e+04                                        1.07641e+06                                    7.03659e+04               
      947100            9.15074                             0.99788                                           0.00747                                      9.35509e+04                                        1.07682e+06                                    7.05580e+04               
      948100            9.15354                             0.99124                                          -0.03252                                      9.29290e+04                                        1.07687e+06                                    7.05766e+04               
      949100            9.11053                             0.98604                                           0.03938                                      9.24414e+04                                        1.07516e+06                                    7.03351e+04               
      950100            9.14352                             0.99918                                           0.03973                                      9.36728e+04                                        1.07686e+06                                    7.05271e+04               
      951100            9.14475                             1.00122                                           0.00664                                      9.38646e+04                                        1.07765e+06                                    7.06739e+04               
      952100            9.10826                             0.99489                                          -0.03758                                      9.32710e+04                                        1.07608e+06                                    7.04490e+04               
      953100            9.08972                             0.98831                                          -0.00642                                      9.26539e+04                                        1.07579e+06                                    7.03346e+04               
      954100            9.35732                             0.99108                                           0.00313                                      9.29142e+04                                        1.07569e+06                                    7.03348e+04               
      955100            9.07852                             0.99453                                          -0.00936                                      9.32367e+04                                        1.07579e+06                                    7.04605e+04               
      956100            9.32886                             0.98350                                          -0.00155                                      9.22033e+04                                        1.07499e+06                                    7.02857e+04               
      957100            9.04223                             0.99209                                          -0.01597                                      9.30087e+04                                        1.07567e+06                                    7.04034e+04               
      958100            9.11777                             0.99337                                           0.04336                                      9.31283e+04                                        1.07727e+06                                    7.05399e+04               
      959100            9.11217                             0.98991                                          -0.01195                                      9.28036e+04                                        1.07605e+06                                    7.04550e+04               
      960100            9.08369                             0.99980                                           0.05084                                      9.37310e+04                                        1.07720e+06                                    7.04309e+04               
      961100            9.10029                             1.00429                                           0.05883                                      9.41524e+04                                        1.07706e+06                                    7.03013e+04               
      962100            9.10334                             0.99929                                          -0.03014                                      9.36838e+04                                        1.07743e+06                                    7.04373e+04               
      963100            9.01946                             0.99992                                           0.07459                                      9.37423e+04                                        1.07708e+06                                    7.03338e+04               
      964100            9.08403                             0.99717                                           0.03475                                      9.34850e+04                                        1.07685e+06                                    7.04469e+04               
      965100            9.30046                             0.98791                                          -0.01270                                      9.26162e+04                                        1.07593e+06                                    7.03443e+04               
      966100            9.12114                             1.00141                                           0.03612                                      9.38825e+04                                        1.07778e+06                                    7.04507e+04               
      967100            9.14167                             0.99729                                          -0.02916                                      9.34964e+04                                        1.07758e+06                                    7.05092e+04               
      968100            9.34578                             0.99673                                          -0.01559                                      9.34437e+04                                        1.07678e+06                                    7.04290e+04               
      969100            9.11266                             0.99058                                          -0.03543                                      9.28666e+04                                        1.07738e+06                                    7.05198e+04               
      970100            9.11853                             0.98929                                           0.00164                                      9.27458e+04                                        1.07753e+06                                    7.05121e+04               
      971100            9.14729                             0.99905                                          -0.10036                                      9.36606e+04                                        1.07696e+06                                    7.05330e+04               
      972100            9.11667                             0.99471                                          -0.09647                                      9.32541e+04                                        1.07846e+06                                    7.06402e+04               
      973100            9.10099                             1.00113                                           0.00807                                      9.38557e+04                                        1.07709e+06                                    7.03505e+04               
      974100            9.10966                             0.99539                                          -0.03069                                      9.33175e+04                                        1.07668e+06                                    7.03251e+04               
      975100            9.10373                             0.99814                                           0.02817                                      9.35759e+04                                        1.07824e+06                                    7.05638e+04               
      976100            9.09539                             0.98867                                          -0.04739                                      9.26878e+04                                        1.07748e+06                                    7.03907e+04               
      977100            9.14355                             0.99701                                          -0.00904                                      9.34700e+04                                        1.07824e+06                                    7.04517e+04               
      978100            9.13526                             1.00337                                          -0.01912                                      9.40662e+04                                        1.07891e+06                                    7.06622e+04               
      979100            9.16030                             0.99640                                          -0.01084                                      9.34125e+04                                        1.07889e+06                                    7.05157e+04               
      980100            9.09855                             0.98651                                          -0.02510                                      9.24852e+04                                        1.07730e+06                                    7.04335e+04               
      981100            9.09802                             0.99104                                           0.04320                                      9.29097e+04                                        1.07707e+06                                    7.03612e+04               
      982100            9.16318                             0.99453                                          -0.04712                                      9.32371e+04                                        1.07881e+06                                    7.06188e+04               
      983100            9.09867                             0.99378                                           0.03018                                      9.31668e+04                                        1.07730e+06                                    7.04028e+04               
      984100            9.12347                             1.00063                                           0.10379                                      9.38089e+04                                        1.07819e+06                                    7.03831e+04               
      985100            9.16339                             0.99877                                           0.02782                                      9.36350e+04                                        1.07937e+06                                    7.05169e+04               
      986100            9.15591                             0.99910                                          -0.00609                                      9.36657e+04                                        1.07894e+06                                    7.06116e+04               
      987100            9.16618                             0.98765                                          -0.03434                                      9.25920e+04                                        1.07786e+06                                    7.05140e+04               
      988100            9.14588                             0.99395                                          -0.01702                                      9.31826e+04                                        1.07790e+06                                    7.04230e+04               
      989100            9.38337                             0.99280                                          -0.09910                                      9.30746e+04                                        1.07859e+06                                    7.06514e+04               
      990100            9.11973                             0.99305                                          -0.07234                                      9.30987e+04                                        1.07792e+06                                    7.05054e+04               
      991100            9.12153                             1.00038                                           0.07369                                      9.37857e+04                                        1.07855e+06                                    7.03959e+04               
      992100            9.06570                             1.00251                                           0.07491                                      9.39857e+04                                        1.07849e+06                                    7.02804e+04               
      993100            8.36677                             0.99878                                           0.05827                                      9.36355e+04                                        1.07875e+06                                    7.04133e+04               
      994100            8.73917                             0.99415                                          -0.05611                                      9.32018e+04                                        1.07823e+06                                    7.04450e+04               
      995100            9.14597                             0.99126                                          -0.11680                                      9.29309e+04                                        1.07961e+06                                    7.08099e+04               
      996100            9.07322                             0.99298                                          -0.01714                                      9.30922e+04                                        1.07912e+06                                    7.06365e+04               
      997100            9.33468                             0.98891                                          -0.00793                                      9.27105e+04                                        1.07844e+06                                    7.05050e+04               
      998100            9.03808                             0.98962                                          -0.03064                                      9.27770e+04                                        1.07684e+06                                    7.02068e+04               
      999100            9.11634                             0.99112                                           0.07131                                      9.29172e+04                                        1.07782e+06                                    7.01865e+04               
      1000100           9.31823                             1.00128                                          -0.09186                                      9.38699e+04                                        1.07940e+06                                    7.05053e+04               
      1001100           9.12625                             0.99330                                           0.03389                                      9.31216e+04                                        1.07842e+06                                    7.03450e+04               
      1002100           9.30851                             0.99533                                           0.07635                                      9.33125e+04                                        1.07833e+06                                    7.03467e+04               
      1003100           9.31399                             0.99881                                          -0.05359                                      9.36388e+04                                        1.07925e+06                                    7.05457e+04               
      1004100           9.12825                             1.00008                                           0.02337                                      9.37571e+04                                        1.07936e+06                                    7.05079e+04               
      1005100           9.30694                             0.99437                                          -0.04322                                      9.32226e+04                                        1.07793e+06                                    7.03580e+04               
      1006100           9.15777                             0.99290                                           0.07317                                      9.30840e+04                                        1.07933e+06                                    7.04478e+04               
      1007100           9.14275                             0.99196                                          -0.03016                                      9.29967e+04                                        1.07883e+06                                    7.04242e+04               
      1008100           9.12923                             0.99053                                          -0.04556                                      9.28620e+04                                        1.07863e+06                                    7.04292e+04               
      1009100           9.33932                             0.99419                                          -0.04120                                      9.32050e+04                                        1.07905e+06                                    7.04688e+04               
      1010100           9.13528                             0.99194                                           0.00910                                      9.29942e+04                                        1.07845e+06                                    7.03676e+04               
      1011100           9.08466                             0.99524                                          -0.01370                                      9.33037e+04                                        1.07871e+06                                    7.03254e+04               
      1012100           9.14323                             0.99153                                           0.04087                                      9.29555e+04                                        1.08004e+06                                    7.05826e+04               
      1013100           9.05314                             0.99947                                          -0.04859                                      9.37002e+04                                        1.07988e+06                                    7.05461e+04               
      1014100           9.08605                             0.99267                                          -0.00684                                      9.30624e+04                                        1.07938e+06                                    7.04447e+04               
      1015100           9.11034                             1.00185                                           0.06429                                      9.39236e+04                                        1.08040e+06                                    7.05550e+04               
      1016100           9.09577                             0.98894                                          -0.07175                                      9.27131e+04                                        1.07959e+06                                    7.05198e+04               
      1017100           9.11415                             0.99103                                          -0.03833                                      9.29090e+04                                        1.07830e+06                                    7.03211e+04               
      1018100           9.06126                             0.98626                                          -0.03456                                      9.24620e+04                                        1.07849e+06                                    7.04078e+04               
      1019100           9.35160                             0.99782                                          -0.00842                                      9.35455e+04                                        1.07974e+06                                    7.04790e+04               
      1020100           9.10149                             1.00052                                           0.11293                                      9.37991e+04                                        1.07929e+06                                    7.03916e+04               
      1021100           9.14839                             1.00269                                          -0.02085                                      9.40018e+04                                        1.07986e+06                                    7.04969e+04               
      1022100           9.11588                             0.99254                                           0.02027                                      9.30507e+04                                        1.07870e+06                                    7.02848e+04               
      1023100           9.13708                             0.99746                                           0.09626                                      9.35118e+04                                        1.07931e+06                                    7.03089e+04               
      1024100           9.11506                             0.98805                                           0.11955                                      9.26300e+04                                        1.07897e+06                                    7.02612e+04               
      1025100           9.10597                             0.99248                                          -0.01557                                      9.30452e+04                                        1.07965e+06                                    7.05250e+04               
      1026100           9.13041                             0.98763                                           0.03055                                      9.25900e+04                                        1.07948e+06                                    7.04708e+04               
      1027100           9.11009                             0.99488                                          -0.04095                                      9.32700e+04                                        1.07979e+06                                    7.05235e+04               
      1028100           9.11944                             0.99318                                          -0.01473                                      9.31102e+04                                        1.07899e+06                                    7.03456e+04               
      1029100           9.09325                             0.99692                                           0.01075                                      9.34613e+04                                        1.07917e+06                                    7.04640e+04               
      1030100           9.10523                             0.98828                                          -0.01775                                      9.26510e+04                                        1.08009e+06                                    7.05123e+04               
      1031100           9.33940                             0.98027                                          -0.06934                                      9.19008e+04                                        1.07934e+06                                    7.04635e+04               
      1032100           9.14322                             0.99684                                           0.07212                                      9.34536e+04                                        1.07982e+06                                    7.03998e+04               
      1033100           9.13088                             0.99452                                           0.02760                                      9.32365e+04                                        1.07985e+06                                    7.04205e+04               
      1034100           9.14296                             0.99839                                           0.03183                                      9.35992e+04                                        1.08030e+06                                    7.03766e+04               
      1035100           9.31582                             0.99817                                          -0.06418                                      9.35787e+04                                        1.08057e+06                                    7.04978e+04               
      1036100           9.07275                             1.00275                                           0.05561                                      9.40080e+04                                        1.08090e+06                                    7.04318e+04               
      1037100           9.11517                             0.99660                                          -0.02565                                      9.34315e+04                                        1.08142e+06                                    7.05521e+04               
      1038100           9.11745                             0.99038                                           0.00148                                      9.28480e+04                                        1.08048e+06                                    7.04437e+04               
      1039100           9.06722                             0.99403                                           0.05736                                      9.31906e+04                                        1.07988e+06                                    7.03123e+04               
      1040100           9.10383                             0.99729                                           0.02599                                      9.34955e+04                                        1.07988e+06                                    7.03980e+04               
      1041100           9.10680                             0.99643                                           0.02652                                      9.34156e+04                                        1.08037e+06                                    7.04645e+04               
      1042100           9.07653                             0.98906                                           0.00891                                      9.27246e+04                                        1.07995e+06                                    7.04076e+04               
      1043100           9.15122                             0.99617                                           0.04643                                      9.33909e+04                                        1.07954e+06                                    7.02374e+04               
      1044100           9.33352                             0.99290                                           0.06572                                      9.30847e+04                                        1.07996e+06                                    7.03531e+04               
      1045100           9.11782                             1.00680                                          -0.00196                                      9.43871e+04                                        1.08105e+06                                    7.04611e+04               
      1046100           9.13055                             0.99786                                           0.07401                                      9.35492e+04                                        1.07995e+06                                    7.02509e+04               
      1047100           9.29935                             0.99967                                           0.06367                                      9.37188e+04                                        1.08064e+06                                    7.04770e+04               
      1048100           9.08905                             0.99993                                          -0.08440                                      9.37436e+04                                        1.08145e+06                                    7.06177e+04               
      1049100           9.12320                             0.99824                                          -0.03203                                      9.35852e+04                                        1.08172e+06                                    7.05840e+04               
      1050100           9.11544                             1.00180                                          -0.02263                                      9.39184e+04                                        1.08084e+06                                    7.03517e+04               
      1051100           9.25446                             0.99870                                           0.03004                                      9.36278e+04                                        1.08011e+06                                    7.02963e+04               
      1052100           9.04781                             0.99687                                          -0.02066                                      9.34570e+04                                        1.08077e+06                                    7.04546e+04               
      1053100           9.14859                             1.00070                                          -0.02344                                      9.38158e+04                                        1.08147e+06                                    7.05788e+04               
      1054100           9.14978                             0.99054                                          -0.03241                                      9.28635e+04                                        1.08098e+06                                    7.04523e+04               
      1055100           9.13068                             0.99544                                          -0.02815                                      9.33223e+04                                        1.08071e+06                                    7.05430e+04               
      1056100           9.11376                             0.99343                                          -0.04462                                      9.31343e+04                                        1.08196e+06                                    7.06615e+04               
      1057100           9.09298                             0.99637                                          -0.05488                                      9.34101e+04                                        1.08201e+06                                    7.05802e+04               
      1058100           9.12615                             0.99650                                           0.05902                                      9.34219e+04                                        1.08082e+06                                    7.03717e+04               
      1059100           9.11945                             0.99206                                          -0.00270                                      9.30060e+04                                        1.08088e+06                                    7.04723e+04               
      1060100           9.14128                             0.99109                                          -0.11687                                      9.29149e+04                                        1.08176e+06                                    7.05660e+04               
      1061100           9.15913                             1.00431                                           0.00127                                      9.41537e+04                                        1.08143e+06                                    7.03528e+04               
      1062100           9.32698                             1.00506                                           0.02534                                      9.42245e+04                                        1.08227e+06                                    7.06052e+04               
      1063100           9.12721                             1.00384                                           0.01070                                      9.41101e+04                                        1.08188e+06                                    7.04462e+04               
      1064100           9.12742                             0.99919                                          -0.02092                                      9.36738e+04                                        1.08153e+06                                    7.04039e+04               
      1065100           9.13811                             0.99746                                          -0.05233                                      9.35120e+04                                        1.08180e+06                                    7.05502e+04               
      1066100           9.08779                             0.99693                                          -0.00328                                      9.34626e+04                                        1.08169e+06                                    7.04821e+04               
      1067100           9.12882                             0.99817                                           0.00899                                      9.35788e+04                                        1.08205e+06                                    7.05637e+04               
      1068100           9.11720                             1.00348                                          -0.01020                                      9.40760e+04                                        1.08321e+06                                    7.06427e+04               
      1069100           9.10371                             1.00408                                           0.02257                                      9.41325e+04                                        1.08269e+06                                    7.05038e+04               
      1070100           9.31634                             0.99452                                           0.04183                                      9.32367e+04                                        1.08162e+06                                    7.04172e+04               
      1071100           9.06752                             0.99738                                           0.04012                                      9.35040e+04                                        1.08136e+06                                    7.04111e+04               
      1072100           9.11391                             0.99772                                           0.05562                                      9.35359e+04                                        1.08143e+06                                    7.03396e+04               
      1073100           9.13386                             0.99874                                           0.07403                                      9.36321e+04                                        1.08119e+06                                    7.04536e+04               
      1074100           9.08078                             0.99460                                           0.00547                                      9.32437e+04                                        1.08157e+06                                    7.04106e+04               
      1075100           9.12232                             0.99726                                          -0.04395                                      9.34934e+04                                        1.08222e+06                                    7.05855e+04               
      1076100           9.11034                             0.99069                                          -0.05421                                      9.28769e+04                                        1.08173e+06                                    7.05970e+04               
      1077100           9.14705                             0.98939                                           0.03949                                      9.27555e+04                                        1.08007e+06                                    7.03634e+04               
      1078100           9.13891                             0.99334                                          -0.03210                                      9.31254e+04                                        1.08146e+06                                    7.04295e+04               
      1079100           9.12881                             0.99471                                           0.02158                                      9.32544e+04                                        1.08103e+06                                    7.03642e+04               
      1080100           9.12174                             0.99531                                          -0.02035                                      9.33100e+04                                        1.08115e+06                                    7.04110e+04               
      1081100           9.09642                             0.99376                                           0.05658                                      9.31646e+04                                        1.08084e+06                                    7.03948e+04               
      1082100           9.09873                             0.99359                                           0.00423                                      9.31495e+04                                        1.08162e+06                                    7.04135e+04               
      1083100           9.13679                             0.99564                                           0.01622                                      9.33410e+04                                        1.08177e+06                                    7.03818e+04               
      1084100           9.14237                             0.99148                                          -0.03323                                      9.29516e+04                                        1.08206e+06                                    7.05266e+04               
      1085100           9.07879                             0.99050                                           0.04055                                      9.28592e+04                                        1.08053e+06                                    7.02362e+04               
      1086100           9.07905                             0.99502                                           0.03453                                      9.32833e+04                                        1.08170e+06                                    7.04744e+04               
      1087100           9.11982                             0.99734                                           0.01341                                      9.35009e+04                                        1.08119e+06                                    7.03018e+04               
      1088100           9.08673                             0.99716                                           0.00976                                      9.34835e+04                                        1.08291e+06                                    7.04750e+04               
      1089100           9.14550                             0.99727                                          -0.02194                                      9.34943e+04                                        1.08187e+06                                    7.04032e+04               
      1090100           9.11720                             0.98194                                           0.02812                                      9.20566e+04                                        1.08180e+06                                    7.04835e+04               
      1091100           9.09902                             0.99385                                          -0.03290                                      9.31736e+04                                        1.08135e+06                                    7.02939e+04               
      1092100           9.09422                             0.99410                                           0.06077                                      9.31969e+04                                        1.08066e+06                                    7.01749e+04               
      1093100           9.10391                             1.00058                                           0.09587                                      9.38048e+04                                        1.08229e+06                                    7.03935e+04               
      1094100           9.05786                             0.99641                                           0.04801                                      9.34133e+04                                        1.08144e+06                                    7.03284e+04               
      1095100           9.12390                             0.99530                                          -0.02272                                      9.33096e+04                                        1.08143e+06                                    7.04452e+04               
      1096100           9.11483                             0.98880                                           0.07591                                      9.27002e+04                                        1.08218e+06                                    7.03389e+04               
      1097100           9.11656                             0.99583                                           0.03563                                      9.33594e+04                                        1.08260e+06                                    7.04028e+04               
      1098100           9.08359                             1.00305                                           0.05437                                      9.40357e+04                                        1.08086e+06                                    7.01725e+04               
      1099100           9.10707                             1.00087                                           0.05306                                      9.38314e+04                                        1.08155e+06                                    7.01718e+04               
      1100100           9.13296                             0.99512                                          -0.05202                                      9.32928e+04                                        1.08243e+06                                    7.04577e+04               
      1101100           9.11169                             0.99333                                          -0.03310                                      9.31249e+04                                        1.08202e+06                                    7.04155e+04               
      1102100           9.10399                             0.99612                                           0.01870                                      9.33861e+04                                        1.08170e+06                                    7.03835e+04               
      1103100           9.14161                             0.99768                                           0.07500                                      9.35323e+04                                        1.08251e+06                                    7.03769e+04               
      1104100           9.10522                             0.99058                                           0.08028                                      9.28669e+04                                        1.08193e+06                                    7.03859e+04               
      1105100           9.06111                             1.00197                                           0.05175                                      9.39352e+04                                        1.08050e+06                                    7.01557e+04               
      1106100           9.34909                             0.99509                                          -0.04072                                      9.32894e+04                                        1.08198e+06                                    7.03342e+04               
      1107100           9.33204                             0.99523                                          -0.09157                                      9.33030e+04                                        1.08285e+06                                    7.05974e+04               
      1108100           9.06184                             0.99328                                          -0.06407                                      9.31204e+04                                        1.08172e+06                                    7.03768e+04               
      1109100           9.13496                             0.99342                                           0.08434                                      9.31331e+04                                        1.08204e+06                                    7.03502e+04               
      1110100           9.07863                             0.99416                                           0.00114                                      9.32026e+04                                        1.08205e+06                                    7.04103e+04               
      1111100           9.13012                             0.98986                                        -1.68526e-04                                    9.27995e+04                                        1.08314e+06                                    7.06230e+04               
      1112100           9.12490                             0.99360                                          -0.04900                                      9.31497e+04                                        1.08257e+06                                    7.05665e+04               
      1113100           9.11801                             0.99286                                           0.02968                                      9.30808e+04                                        1.08152e+06                                    7.02900e+04               
      1114100           9.12509                             1.00037                                          -0.03815                                      9.37850e+04                                        1.08282e+06                                    7.04932e+04               
      1115100           9.12991                             1.00022                                           0.02417                                      9.37710e+04                                        1.08205e+06                                    7.03742e+04               
      1116100           9.09165                             1.00032                                          -0.01609                                      9.37804e+04                                        1.08274e+06                                    7.04870e+04               
      1117100           9.11453                             0.99613                                          -0.06075                                      9.33869e+04                                        1.08287e+06                                    7.05188e+04               
      1118100           9.35445                             0.99500                                           0.00917                                      9.32809e+04                                        1.08255e+06                                    7.04522e+04               
      1119100           9.31725                             0.98962                                           0.01876                                      9.27769e+04                                        1.08138e+06                                    7.02726e+04               
      1120100           9.15640                             0.99191                                          -0.09553                                      9.29916e+04                                        1.08338e+06                                    7.07217e+04               
      1121100           9.11489                             0.99572                                           0.03324                                      9.33489e+04                                        1.08273e+06                                    7.05689e+04               
      1122100           9.13954                             0.99407                                          -0.02665                                      9.31943e+04                                        1.08304e+06                                    7.04584e+04               
      1123100           9.13150                             1.00446                                          -0.06432                                      9.41679e+04                                        1.08313e+06                                    7.04805e+04               
      1124100           9.15092                             0.99810                                          -0.01928                                      9.35716e+04                                        1.08320e+06                                    7.04971e+04               
      1125100           9.33582                             0.99180                                          -0.00594                                      9.29808e+04                                        1.08266e+06                                    7.03099e+04               
      1126100           9.09572                             0.99292                                           0.10226                                      9.30866e+04                                        1.08260e+06                                    7.02948e+04               
      1127100           9.07565                             0.99166                                          -0.02320                                      9.29679e+04                                        1.08282e+06                                    7.04419e+04               
      1128100           9.12519                             0.99316                                           0.00111                                      9.31091e+04                                        1.08222e+06                                    7.03475e+04               
      1129100           9.10488                             1.00029                                          -0.01245                                      9.37768e+04                                        1.08264e+06                                    7.04777e+04               
      1130100           9.14131                             1.00260                                          -0.06343                                      9.39941e+04                                        1.08347e+06                                    7.05243e+04               
      1131100           9.12045                             0.98812                                          -0.04342                                      9.26361e+04                                        1.08276e+06                                    7.06024e+04               
      1132100           9.12804                             0.99319                                        -4.25490e-04                                    9.31112e+04                                        1.08263e+06                                    7.04325e+04               
      1133100           9.07780                             0.99093                                          -0.08894                                      9.28995e+04                                        1.08171e+06                                    7.03594e+04               
      1134100           9.08174                             0.99520                                          -0.11358                                      9.33001e+04                                        1.08288e+06                                    7.05047e+04               
      1135100           9.14279                             0.98953                                          -0.01963                                      9.27687e+04                                        1.08291e+06                                    7.03942e+04               
      1136100           9.08469                             0.98592                                          -0.07064                                      9.24297e+04                                        1.08285e+06                                    7.04397e+04               
      1137100           9.13881                             0.98910                                          -0.05718                                      9.27277e+04                                        1.08296e+06                                    7.05941e+04               
      1138100           9.35648                             0.98340                                           0.00169                                      9.21942e+04                                        1.08238e+06                                    7.04907e+04               
      1139100           9.00982                             1.00315                                           0.06404                                      9.40457e+04                                        1.08204e+06                                    7.01728e+04               
      1140100           9.13655                             1.00206                                           0.05517                                      9.39436e+04                                        1.08295e+06                                    7.02109e+04               
      1141100           9.11065                             0.99907                                           0.05327                                      9.36632e+04                                        1.08294e+06                                    7.03460e+04               
      1142100           9.13314                             0.99971                                           0.02465                                      9.37225e+04                                        1.08236e+06                                    7.02483e+04               
      1143100           9.17198                             0.99554                                           0.06783                                      9.33319e+04                                        1.08279e+06                                    7.02980e+04               
      1144100           9.15358                             0.99594                                           0.06936                                      9.33696e+04                                        1.08355e+06                                    7.03708e+04               
      1145100           9.18492                             1.00004                                           0.02554                                      9.37537e+04                                        1.08269e+06                                    7.03433e+04               
      1146100           9.38360                             0.99273                                           0.01403                                      9.30689e+04                                        1.08246e+06                                    7.03499e+04               
      1147100           9.15951                             1.00129                                          -0.03771                                      9.38709e+04                                        1.08535e+06                                    7.07433e+04               
      1148100           9.13666                             0.98917                                          -0.05367                                      9.27346e+04                                        1.08408e+06                                    7.05259e+04               
      1149100           9.19242                             0.99648                                          -0.09557                                      9.34198e+04                                        1.08328e+06                                    7.05106e+04               
      1150100           9.19700                             0.99303                                          -0.00429                                      9.30965e+04                                        1.08413e+06                                    7.05877e+04               
      1151100           9.16249                             0.99755                                           0.02454                                      9.35202e+04                                        1.08419e+06                                    7.04217e+04               
      1152100           9.13536                             0.99383                                          -0.03532                                      9.31712e+04                                        1.08339e+06                                    7.04759e+04               
      1153100           9.18926                             0.98977                                          -0.13978                                      9.27913e+04                                        1.08398e+06                                    7.06049e+04               
      1154100           9.09566                             0.98948                                          -0.07627                                      9.27639e+04                                        1.08303e+06                                    7.04485e+04               
      1155100           9.38472                             0.99382                                          -0.03016                                      9.31706e+04                                        1.08373e+06                                    7.04367e+04               
      1156100           9.36876                             0.99463                                          -0.01852                                      9.32465e+04                                        1.08388e+06                                    7.05011e+04               
      1157100           9.16511                             0.99273                                          -0.01969                                      9.30684e+04                                        1.08326e+06                                    7.04005e+04               
      1158100           9.15413                             0.99311                                           0.09788                                      9.31036e+04                                        1.08366e+06                                    7.03443e+04               
      1159100           9.13001                             0.99512                                           0.05117                                      9.32927e+04                                        1.08407e+06                                    7.04520e+04               
      1160100           9.16555                             0.99629                                           0.10522                                      9.34018e+04                                        1.08287e+06                                    7.02933e+04               
      1161100           9.38733                             0.99052                                           0.01098                                      9.28616e+04                                        1.08339e+06                                    7.03785e+04               
Simulation.timestep  Simulation.tps  md.compute.ThermodynamicQuantities.kinetic_temperature md.compute.ThermodynamicQuantities.pressure md.compute.ThermodynamicQuantities.kinetic_energy md.compute.ThermodynamicQuantities.potential_energy md.compute.ThermodynamicQuantities.volume
      1161100           7.92260                             0.99975                                          -0.10245                                      9.37262e+04                                        1.08151e+06                                    7.03770e+04               
      1162100           9.11005                             0.99093                                          -0.09088                                      9.28997e+04                                        1.08060e+06                                    7.02946e+04               
      1163100           9.10150                             0.99303                                           0.02003                                      9.30969e+04                                        1.07940e+06                                    7.00574e+04               
      1164100           9.07774                             0.99535                                          -0.03150                                      9.33139e+04                                        1.07960e+06                                    7.00640e+04               
      1165100           9.11004                             0.99572                                          -0.15715                                      9.33487e+04                                        1.08056e+06                                    7.02842e+04               
      1166100           9.13967                             0.99152                                          -0.09522                                      9.29547e+04                                        1.08069e+06                                    7.03517e+04               
      1167100           9.12150                             0.99324                                           0.01103                                      9.31165e+04                                        1.08012e+06                                    7.02536e+04               
      1168100           9.09319                             0.99099                                          -0.00253                                      9.29057e+04                                        1.08044e+06                                    7.02364e+04               
      1169100           9.12117                             0.99922                                           0.02109                                      9.36769e+04                                        1.08003e+06                                    7.00900e+04               
      1170100           9.11290                             1.00124                                           0.03338                                      9.38664e+04                                        1.08015e+06                                    7.00503e+04               
      1171100           9.13249                             1.00046                                           0.08842                                      9.37936e+04                                        1.08061e+06                                    7.00182e+04               
      1172100           9.09692                             0.99325                                           0.00473                                      9.31167e+04                                        1.08048e+06                                    7.00681e+04               
      1173100           9.09250                             0.98911                                          -0.02587                                      9.27288e+04                                        1.08121e+06                                    7.02606e+04               
      1174100           9.36877                             0.99260                                          -0.01525                                      9.30565e+04                                        1.08112e+06                                    7.02689e+04               
      1175100           9.12657                             0.99346                                           0.02070                                      9.31368e+04                                        1.08016e+06                                    7.02022e+04               
      1176100           9.05139                             0.99576                                          -0.01817                                      9.33526e+04                                        1.08071e+06                                    7.02071e+04               
      1177100           9.14785                             1.00074                                          -0.09920                                      9.38192e+04                                        1.08158e+06                                    7.03278e+04               
      1178100           9.41321                             0.99057                                          -0.02131                                      9.28661e+04                                        1.08130e+06                                    7.02906e+04               
      1179100           9.17671                             0.99366                                           0.02016                                      9.31553e+04                                        1.08083e+06                                    7.02336e+04               
      1180100           9.18744                             1.00246                                           0.04996                                      9.39808e+04                                        1.08204e+06                                    7.02816e+04               
      1181100           9.14945                             0.99002                                          -0.01367                                      9.28143e+04                                        1.08093e+06                                    7.01491e+04               
      1182100           9.17944                             1.00757                                           0.08172                                      9.44599e+04                                        1.08156e+06                                    7.02159e+04               
      1183100           9.42543                             1.00143                                           0.04872                                      9.38838e+04                                        1.08191e+06                                    7.03153e+04               
      1184100           9.18378                             0.98525                                          -0.00527                                      9.23673e+04                                        1.08053e+06                                    7.02047e+04               
      1185100           9.16403                             0.99549                                          -0.03102                                      9.33275e+04                                        1.08081e+06                                    7.02206e+04               
      1186100           9.19639                             0.99430                                          -0.01135                                      9.32160e+04                                        1.08099e+06                                    7.02451e+04               
      1187100           9.15303                             0.99388                                          -0.06301                                      9.31760e+04                                        1.08092e+06                                    7.02119e+04               
      1188100           9.38153                             0.99044                                          -0.03520                                      9.28540e+04                                        1.07949e+06                                    7.00631e+04               
      1189100           9.15996                             0.99026                                           0.07842                                      9.28372e+04                                        1.08082e+06                                    7.01039e+04               
      1190100           9.17982                             0.98872                                          -0.10089                                      9.26925e+04                                        1.08121e+06                                    7.03224e+04               
      1191100           9.14626                             0.99159                                          -0.07204                                      9.29613e+04                                        1.07983e+06                                    7.01245e+04               
      1192100           9.14912                             0.99852                                          -0.03276                                      9.36109e+04                                        1.08131e+06                                    7.04324e+04               
      1193100           9.16837                             1.00041                                           0.07227                                      9.37882e+04                                        1.08116e+06                                    7.01573e+04               
      1194100           9.18119                             0.99963                                          -0.05250                                      9.37153e+04                                        1.08118e+06                                    7.02324e+04               
      1195100           9.35845                             0.99557                                          -0.07311                                      9.33344e+04                                        1.08156e+06                                    7.02544e+04               
      1196100           9.38792                             0.99731                                           0.00227                                      9.34976e+04                                        1.08037e+06                                    7.00660e+04               
      1197100           9.17471                             0.98907                                           0.04351                                      9.27256e+04                                        1.08043e+06                                    7.00651e+04               
      1198100           9.16285                             0.99029                                           0.04874                                      9.28397e+04                                        1.08067e+06                                    7.00781e+04               
      1199100           9.16253                             0.99191                                          -0.07447                                      9.29918e+04                                        1.08098e+06                                    7.02236e+04               
      1200100           9.16395                             0.99813                                           0.04518                                      9.35749e+04                                        1.08136e+06                                    7.01901e+04               
      1201100           9.13531                             1.00337                                           0.04864                                      9.40656e+04                                        1.08234e+06                                    7.02385e+04               
      1202100           9.17428                             0.99771                                           0.03761                                      9.35350e+04                                        1.08175e+06                                    7.01871e+04               
      1203100           9.13479                             0.99993                                          -0.01005                                      9.37434e+04                                        1.08140e+06                                    7.01079e+04               
      1204100           7.95263                             1.00086                                           0.07048                                      9.38310e+04                                        1.08113e+06                                    7.00775e+04               
      1205100           7.88017                             0.99512                                           0.03803                                      9.32924e+04                                        1.08075e+06                                    7.00742e+04               
      1206100           7.87916                             0.99485                                          -0.00785                                      9.32673e+04                                        1.08173e+06                                    7.02422e+04               
      1207100           8.13404                             0.99973                                           0.03340                                      9.37251e+04                                        1.08174e+06                                    7.02285e+04               
      1208100           7.99252                             0.99281                                           0.08384                                      9.30763e+04                                        1.08122e+06                                    7.01908e+04               
      1209100           8.34816                             0.99339                                          -0.01212                                      9.31300e+04                                        1.08209e+06                                    7.03317e+04               
      1210100           8.93617                             0.99573                                          -0.04533                                      9.33496e+04                                        1.08173e+06                                    7.01841e+04               
      1211100           9.37679                             0.99738                                           0.02187                                      9.35044e+04                                        1.08117e+06                                    7.01452e+04               
      1212100           9.16248                             0.99584                                           0.02944                                      9.33596e+04                                        1.08184e+06                                    7.02178e+04               
      1213100           9.37768                             0.99537                                          -0.01403                                      9.33155e+04                                        1.08184e+06                                    7.02124e+04               
      1214100           9.15242                             0.99683                                        -3.57037e-04                                    9.34526e+04                                        1.08150e+06                                    7.02486e+04               
      1215100           9.16142                             1.00288                                          -0.05152                                      9.40203e+04                                        1.08253e+06                                    7.03274e+04               
      1216100           9.37318                             0.99067                                          -0.00178                                      9.28752e+04                                        1.08107e+06                                    7.02487e+04               
      1217100           9.18421                             0.99782                                          -0.00939                                      9.35457e+04                                        1.08170e+06                                    7.02211e+04               
      1218100           9.17476                             0.99019                                          -0.04239                                      9.28305e+04                                        1.08196e+06                                    7.02838e+04               
      1219100           9.19139                             0.98980                                           0.03650                                      9.27936e+04                                        1.08224e+06                                    7.03157e+04               
      1220100           9.19073                             0.99654                                          -0.09269                                      9.34256e+04                                        1.08204e+06                                    7.03608e+04               
      1221100           9.14988                             0.99515                                          -0.02483                                      9.32952e+04                                        1.08242e+06                                    7.04778e+04               
      1222100           9.40583                             0.99022                                          -0.07308                                      9.28327e+04                                        1.08237e+06                                    7.03568e+04               
      1223100           9.14923                             0.99555                                          -0.04278                                      9.33328e+04                                        1.08323e+06                                    7.05011e+04               
      1224100           9.18577                             0.99271                                          -0.05444                                      9.30663e+04                                        1.08158e+06                                    7.02352e+04               
      1225100           9.19110                             0.99152                                          -0.01491                                      9.29550e+04                                        1.08146e+06                                    7.02040e+04               
      1226100           9.16719                             0.99583                                           0.01400                                      9.33593e+04                                        1.08227e+06                                    7.03556e+04               
      1227100           9.16711                             0.98948                                           0.02469                                      9.27635e+04                                        1.08146e+06                                    7.01451e+04               
      1228100           9.14492                             0.99096                                           0.07423                                      9.29025e+04                                        1.08158e+06                                    7.01581e+04               
      1229100           9.18996                             0.99508                                           0.02070                                      9.32883e+04                                        1.08158e+06                                    7.01497e+04               
      1230100           9.16967                             0.98876                                          -0.02038                                      9.26960e+04                                        1.08259e+06                                    7.03435e+04               
      1231100           9.18342                             0.99232                                          -0.05554                                      9.30304e+04                                        1.08262e+06                                    7.03363e+04               
      1232100           9.18055                             0.98950                                          -0.07590                                      9.27655e+04                                        1.08146e+06                                    7.02194e+04               
      1233100           9.17135                             0.99095                                        -3.16274e-04                                    9.29017e+04                                        1.08173e+06                                    7.02474e+04               
      1234100           8.03919                             0.99266                                           0.04848                                      9.30621e+04                                        1.08238e+06                                    7.01312e+04               
      1235100           7.95236                             0.99588                                           0.01091                                      9.33638e+04                                        1.08326e+06                                    7.03849e+04               
      1236100           7.98763                             0.99238                                           0.05239                                      9.30361e+04                                        1.08214e+06                                    7.01037e+04               
      1237100           7.91616                             0.99237                                          -0.10933                                      9.30347e+04                                        1.08235e+06                                    7.03356e+04               
      1238100           7.95149                             0.99475                                           0.05975                                      9.32578e+04                                        1.08144e+06                                    7.00049e+04               
      1239100           8.10682                             0.99756                                           0.02851                                      9.35215e+04                                        1.08230e+06                                    7.01585e+04               
      1240100           8.77889                             0.99522                                           0.01710                                      9.33022e+04                                        1.08226e+06                                    7.02319e+04               
      1241100           9.19228                             0.99452                                           0.04214                                      9.32365e+04                                        1.08249e+06                                    7.01419e+04               
      1242100           9.16306                             0.99828                                           0.00612                                      9.35890e+04                                        1.08291e+06                                    7.02552e+04               
      1243100           9.15079                             0.99423                                           0.07755                                      9.32093e+04                                        1.08278e+06                                    7.02128e+04               
      1244100           9.20467                             0.99340                                          -0.03865                                      9.31310e+04                                        1.08295e+06                                    7.03407e+04               
      1245100           9.16383                             0.99693                                          -0.01323                                      9.34623e+04                                        1.08309e+06                                    7.03115e+04               
      1246100           9.15682                             0.99551                                           0.10474                                      9.33293e+04                                        1.08268e+06                                    7.01230e+04               
      1247100           9.16846                             0.99622                                           0.04373                                      9.33954e+04                                        1.08312e+06                                    7.01630e+04               
      1248100           9.19233                             0.99357                                          -0.14581                                      9.31469e+04                                        1.08230e+06                                    7.03081e+04               
      1249100           9.16925                             0.99981                                          -0.07054                                      9.37318e+04                                        1.08358e+06                                    7.04330e+04               
      1250100           7.89918                             0.99539                                           0.01334                                      9.33175e+04                                        1.08220e+06                                    7.02030e+04               
      1251100           7.93411                             0.99303                                           0.00964                                      9.30969e+04                                        1.08292e+06                                    7.02684e+04               
      1252100           7.96820                             0.99452                                           0.01679                                      9.32364e+04                                        1.08309e+06                                    7.02173e+04               
      1253100           8.23116                             1.00312                                          -0.00264                                      9.40429e+04                                        1.08329e+06                                    7.02495e+04               
      1254100           7.87592                             0.99475                                           0.02781                                      9.32574e+04                                        1.08238e+06                                    7.00586e+04               
      1255100           7.84744                             0.99510                                           0.01934                                      9.32904e+04                                        1.08268e+06                                    7.01599e+04               
      1256100           8.70746                             0.99037                                          -0.03285                                      9.28470e+04                                        1.08348e+06                                    7.03885e+04               
      1257100           9.15905                             0.99531                                          -0.05515                                      9.33103e+04                                        1.08283e+06                                    7.02283e+04               
      1258100           9.20616                             0.98566                                          -0.01312                                      9.24058e+04                                        1.08293e+06                                    7.02415e+04               
      1259100           9.41915                             0.99279                                          -0.01711                                      9.30739e+04                                        1.08324e+06                                    7.03143e+04               
      1260100           9.18966                             0.99855                                           0.00132                                      9.36145e+04                                        1.08378e+06                                    7.02946e+04               
      1261100           9.19283                             0.99734                                          -0.04583                                      9.35002e+04                                        1.08288e+06                                    7.01298e+04               
      1262100           9.20067                             0.99580                                           0.01425                                      9.33567e+04                                        1.08278e+06                                    7.01192e+04               
      1263100           9.18425                             0.99802                                           0.06199                                      9.35640e+04                                        1.08323e+06                                    7.00378e+04               
      1264100           9.15923                             0.99109                                          -0.01834                                      9.29149e+04                                        1.08286e+06                                    7.02510e+04               
      1265100           9.18227                             0.99875                                          -0.09043                                      9.36333e+04                                        1.08347e+06                                    7.03172e+04               
      1266100           9.15780                             0.99895                                           0.02736                                      9.36518e+04                                        1.08350e+06                                    7.01651e+04               
      1267100           9.13636                             0.99921                                           0.01187                                      9.36757e+04                                        1.08296e+06                                    7.00876e+04               
      1268100           9.39537                             0.99546                                           0.01207                                      9.33240e+04                                        1.08236e+06                                    7.00467e+04               
      1269100           9.19490                             0.99244                                           0.07808                                      9.30410e+04                                        1.08339e+06                                    7.02370e+04               
      1270100           9.20043                             0.99488                                          -0.04057                                      9.32703e+04                                        1.08194e+06                                    7.00728e+04               
      1271100           9.16575                             0.98934                                          -0.00960                                      9.27504e+04                                        1.08362e+06                                    7.03558e+04               
      1272100           9.41422                             0.99237                                          -0.04240                                      9.30348e+04                                        1.08288e+06                                    7.02218e+04               
      1273100           9.17782                             0.98901                                           0.01368                                      9.27198e+04                                        1.08265e+06                                    7.00589e+04               
      1274100           9.25182                             1.00285                                           0.05182                                      9.40174e+04                                        1.08422e+06                                    7.02515e+04               
      1275100           9.27087                             0.99801                                          -0.03122                                      9.35636e+04                                        1.08380e+06                                    7.01943e+04               
      1276100           9.26970                             0.99103                                           0.01725                                      9.29089e+04                                        1.08400e+06                                    7.03524e+04               
      1277100           9.31851                             0.99670                                          -0.09617                                      9.34407e+04                                        1.08371e+06                                    7.03949e+04               
      1278100           9.31123                             0.99369                                          -0.06886                                      9.31584e+04                                        1.08335e+06                                    7.03640e+04               
      1279100           9.31704                             0.99047                                           0.02549                                      9.28566e+04                                        1.08315e+06                                    7.01958e+04               
      1280100           9.32584                             1.00200                                          -0.08555                                      9.39380e+04                                        1.08448e+06                                    7.04133e+04               
      1281100           9.30043                             0.99511                                           0.02843                                      9.32919e+04                                        1.08429e+06                                    7.01905e+04               
      1282100           9.34258                             1.00247                                          -0.03404                                      9.39812e+04                                        1.08430e+06                                    7.04290e+04               
      1283100           9.30814                             0.99375                                          -0.03313                                      9.31644e+04                                        1.08336e+06                                    7.02623e+04               
      1284100           9.29888                             0.98736                                          -0.02470                                      9.25646e+04                                        1.08384e+06                                    7.02109e+04               
      1285100           9.31755                             0.99093                                           0.03612                                      9.29000e+04                                        1.08345e+06                                    7.01211e+04               
      1286100           9.31287                             0.99372                                           0.04076                                      9.31613e+04                                        1.08433e+06                                    7.03405e+04               
      1287100           9.32146                             0.98757                                          -0.06593                                      9.25852e+04                                        1.08407e+06                                    7.03956e+04               
      1288100           9.30776                             0.99760                                           0.00494                                      9.35249e+04                                        1.08400e+06                                    7.02220e+04               
      1289100           9.28452                             0.99676                                          -0.02567                                      9.34463e+04                                        1.08402e+06                                    7.02076e+04               
      1290100           9.29393                             1.00002                                           0.07230                                      9.37522e+04                                        1.08416e+06                                    7.01377e+04               
      1291100           9.29741                             0.99599                                          -0.02196                                      9.33737e+04                                        1.08351e+06                                    7.02205e+04               
      1292100           9.32494                             0.99038                                           0.03127                                      9.28484e+04                                        1.08391e+06                                    7.01352e+04               
      1293100           9.32196                             0.99788                                          -0.07210                                      9.35510e+04                                        1.08429e+06                                    7.03243e+04               
      1294100           9.30216                             0.99759                                          -0.02479                                      9.35241e+04                                        1.08414e+06                                    7.01843e+04               
      1295100           9.28311                             0.99568                                          -0.03937                                      9.33449e+04                                        1.08398e+06                                    7.02886e+04               
      1296100           9.53433                             0.99503                                           0.03982                                      9.32842e+04                                        1.08362e+06                                    7.01111e+04               
      1297100           9.30211                             0.98926                                           0.03400                                      9.27428e+04                                        1.08326e+06                                    7.00730e+04               
      1298100           9.31473                             0.99887                                           0.08339                                      9.36437e+04                                        1.08308e+06                                    7.00116e+04               
      1299100           9.31484                             0.99827                                          -0.03786                                      9.35881e+04                                        1.08286e+06                                    7.00738e+04               
      1300100           9.31473                             0.98714                                          -0.05932                                      9.25446e+04                                        1.08345e+06                                    7.02944e+04               
      1301100           9.30450                             0.99551                                          -0.04397                                      9.33291e+04                                        1.08512e+06                                    7.04674e+04               
      1302100           9.31098                             0.99756                                          -0.00649                                      9.35215e+04                                        1.08431e+06                                    7.02933e+04               
      1303100           9.48601                             0.99714                                           0.01132                                      9.34818e+04                                        1.08440e+06                                    7.01983e+04               
      1304100           9.29985                             0.98849                                           0.02583                                      9.26707e+04                                        1.08468e+06                                    7.02763e+04               
      1305100           9.31120                             0.98376                                           0.06460                                      9.22277e+04                                        1.08349e+06                                    7.01231e+04               
      1306100           9.30212                             0.99075                                          -0.06818                                      9.28831e+04                                        1.08383e+06                                    7.02609e+04               
      1307100           9.26644                             0.99193                                          -0.05213                                      9.29930e+04                                        1.08279e+06                                    7.01810e+04               
      1308100           9.33406                             0.99122                                           0.01668                                      9.29269e+04                                        1.08308e+06                                    7.00057e+04               
      1309100           9.33818                             1.00603                                           0.12125                                      9.43150e+04                                        1.08436e+06                                    7.00629e+04               
      1310100           9.33838                             1.00037                                           0.04975                                      9.37847e+04                                        1.08375e+06                                    7.01437e+04               
