Simulation.timestep  Simulation.tps  md.compute.ThermodynamicQuantities.kinetic_temperature md.compute.ThermodynamicQuantities.pressure md.compute.ThermodynamicQuantities.kinetic_energy md.compute.ThermodynamicQuantities.potential_energy md.compute.ThermodynamicQuantities.volume
       9100             8.19022                             1.00752                                          -0.07322                                      9.44548e+04                                        6.80998e+05                                    7.69518e+04               
       10100            9.28318                             1.00197                                           0.03468                                      9.39348e+04                                        6.79870e+05                                    7.58198e+04               
       11100            9.32971                             1.00233                                          -0.00480                                      9.39682e+04                                        6.81748e+05                                    7.58435e+04               
       12100            9.33550                             1.00228                                           0.04523                                      9.39637e+04                                        6.82953e+05                                    7.56183e+04               
       13100            9.34115                             1.00383                                           0.08555                                      9.41094e+04                                        6.84772e+05                                    7.57143e+04               
       14100            9.32378                             1.00173                                           0.07297                                      9.39126e+04                                        6.85554e+05                                    7.54108e+04               
Simulation.timestep  Simulation.tps  md.compute.ThermodynamicQuantities.kinetic_temperature md.compute.ThermodynamicQuantities.pressure md.compute.ThermodynamicQuantities.kinetic_energy md.compute.ThermodynamicQuantities.potential_energy md.compute.ThermodynamicQuantities.volume
      396100            7.15164                             1.01253                                          -0.15728                                      9.49248e+04                                        1.00546e+06                                    7.18575e+04               
      397100            8.56535                             1.01069                                           0.06937                                      9.47524e+04                                        1.00321e+06                                    7.13144e+04               
      398100            8.38280                             1.00272                                           0.02419                                      9.40046e+04                                        1.00211e+06                                    7.11565e+04               
      399100            8.36896                             0.99555                                           0.04708                                      9.33326e+04                                        1.00243e+06                                    7.11306e+04               
      400100            8.37635                             0.99430                                           0.00197                                      9.32152e+04                                        1.00336e+06                                    7.12974e+04               
      401100            8.35733                             0.99236                                           0.06483                                      9.30338e+04                                        1.00449e+06                                    7.13314e+04               
      402100            8.36184                             0.99744                                           0.01281                                      9.35100e+04                                        1.00421e+06                                    7.12410e+04               
      403100            8.34867                             0.99188                                           0.00083                                      9.29891e+04                                        1.00362e+06                                    7.10901e+04               
      404100            7.99444                             0.98826                                           0.02643                                      9.26495e+04                                        1.00476e+06                                    7.12235e+04               
      405100            7.25931                             0.98713                                          -0.10794                                      9.25438e+04                                        1.00456e+06                                    7.12215e+04               
      406100            7.24203                             0.98592                                          -0.10604                                      9.24303e+04                                        1.00516e+06                                    7.13168e+04               
      407100            7.25782                             0.99539                                           0.04901                                      9.33177e+04                                        1.00570e+06                                    7.12493e+04               
      408100            7.22927                             0.99331                                           0.02936                                      9.31224e+04                                        1.00587e+06                                    7.12298e+04               
      409100            7.20151                             0.99892                                           0.04461                                      9.36483e+04                                        1.00610e+06                                    7.10857e+04               
      410100            7.20242                             0.99193                                          -0.08155                                      9.29930e+04                                        1.00675e+06                                    7.12745e+04               
      411100            7.16840                             0.98897                                           0.02167                                      9.27163e+04                                        1.00550e+06                                    7.10003e+04               
      412100            7.17893                             0.99826                                          -0.01853                                      9.35866e+04                                        1.00708e+06                                    7.11927e+04               
      413100            7.31464                             0.99902                                           0.04819                                      9.36581e+04                                        1.00759e+06                                    7.12053e+04               
      414100            7.18507                             0.98665                                          -0.10119                                      9.24986e+04                                        1.00738e+06                                    7.11775e+04               
      415100            7.21347                             0.99409                                          -0.00652                                      9.31963e+04                                        1.00773e+06                                    7.12047e+04               
      416100            7.18040                             0.99805                                           0.03687                                      9.35673e+04                                        1.00797e+06                                    7.10755e+04               
      417100            7.16666                             0.99343                                           0.11522                                      9.31344e+04                                        1.00788e+06                                    7.09623e+04               
      418100            7.18430                             0.99262                                           0.04393                                      9.30585e+04                                        1.00882e+06                                    7.11438e+04               
      419100            7.12412                             0.99490                                           0.00609                                      9.32722e+04                                        1.00955e+06                                    7.11579e+04               
      420100            7.25158                             1.00259                                          -0.00824                                      9.39927e+04                                        1.00954e+06                                    7.10396e+04               
      421100            7.18573                             0.99665                                          -0.04129                                      9.34355e+04                                        1.00876e+06                                    7.09982e+04               
      422100            7.36691                             0.99505                                          -0.00837                                      9.32855e+04                                        1.01069e+06                                    7.12064e+04               
      423100            7.18626                             0.99214                                          -0.03797                                      9.30133e+04                                        1.00986e+06                                    7.11232e+04               
      424100            7.17206                             0.99187                                          -0.01632                                      9.29880e+04                                        1.01050e+06                                    7.12012e+04               
      425100            7.22038                             0.98378                                          -0.09384                                      9.22294e+04                                        1.01028e+06                                    7.11640e+04               
      426100            7.10458                             0.99037                                          -0.07725                                      9.28473e+04                                        1.01165e+06                                    7.12212e+04               
      427100            7.16716                             0.99137                                          -0.03978                                      9.29414e+04                                        1.01154e+06                                    7.10768e+04               
      428100            7.12092                             0.99471                                          -0.00112                                      9.32537e+04                                        1.01057e+06                                    7.09661e+04               
      429100            7.13782                             0.99585                                           0.02678                                      9.33611e+04                                        1.01319e+06                                    7.12182e+04               
      430100            7.14876                             0.99989                                           0.02598                                      9.37400e+04                                        1.01281e+06                                    7.11054e+04               
      431100            7.24545                             0.99737                                           0.07410                                      9.35039e+04                                        1.01319e+06                                    7.11515e+04               
      432100            7.68399                             0.99009                                          -0.06546                                      9.28211e+04                                        1.01290e+06                                    7.11408e+04               
      433100            7.64600                             0.99405                                           0.03337                                      9.31923e+04                                        1.01376e+06                                    7.11496e+04               
      434100            7.84043                             0.99615                                          -0.01466                                      9.33891e+04                                        1.01317e+06                                    7.10632e+04               
      435100            7.71893                             0.98629                                          -0.03237                                      9.24649e+04                                        1.01435e+06                                    7.12631e+04               
      436100            7.69778                             0.98903                                          -0.03826                                      9.27213e+04                                        1.01491e+06                                    7.12616e+04               
      437100            7.86859                             0.99610                                           0.03054                                      9.33844e+04                                        1.01448e+06                                    7.10539e+04               
      438100            8.07200                             0.99819                                           0.10186                                      9.35799e+04                                        1.01497e+06                                    7.10337e+04               
      439100            8.04476                             0.99683                                          -0.06845                                      9.34529e+04                                        1.01576e+06                                    7.12258e+04               
      440100            8.16779                             0.98600                                          -0.13089                                      9.24376e+04                                        1.01551e+06                                    7.12924e+04               
      441100            8.44836                             0.99357                                           0.07685                                      9.31472e+04                                        1.01603e+06                                    7.11931e+04               
      442100            8.43179                             0.99774                                          -0.02785                                      9.35385e+04                                        1.01634e+06                                    7.11924e+04               
      443100            8.43347                             0.99217                                           0.09681                                      9.30158e+04                                        1.01542e+06                                    7.09118e+04               
      444100            8.43063                             0.99637                                          -0.03754                                      9.34101e+04                                        1.01645e+06                                    7.11578e+04               
      445100            8.43196                             0.99461                                          -0.01592                                      9.32451e+04                                        1.01647e+06                                    7.11000e+04               
      446100            8.46183                             0.99509                                           0.09530                                      9.32894e+04                                        1.01589e+06                                    7.08756e+04               
      447100            8.37811                             0.99494                                          -0.04775                                      9.32759e+04                                        1.01666e+06                                    7.10109e+04               
      448100            8.51551                             0.99618                                          -0.07076                                      9.33920e+04                                        1.01799e+06                                    7.12845e+04               
      449100            8.54585                             0.98767                                          -0.10090                                      9.25942e+04                                        1.01759e+06                                    7.13437e+04               
      450100            8.55746                             0.98800                                           0.04025                                      9.26246e+04                                        1.01707e+06                                    7.09677e+04               
      451100            8.75660                             0.98815                                           0.01836                                      9.26386e+04                                        1.01705e+06                                    7.08479e+04               
      452100            8.71097                             0.99921                                           0.05665                                      9.36760e+04                                        1.01819e+06                                    7.10013e+04               
      453100            8.46239                             1.00064                                           0.10123                                      9.38096e+04                                        1.01785e+06                                    7.08123e+04               
      454100            8.54382                             0.99822                                           0.07360                                      9.35829e+04                                        1.01864e+06                                    7.09785e+04               
      455100            8.53278                             0.99501                                           0.03714                                      9.32822e+04                                        1.01872e+06                                    7.10893e+04               
      456100            8.70003                             0.99359                                          -0.02041                                      9.31487e+04                                        1.01861e+06                                    7.09459e+04               
      457100            8.54386                             0.98797                                           0.02389                                      9.26221e+04                                        1.01957e+06                                    7.10683e+04               
      458100            8.48555                             0.99383                                           0.02638                                      9.31712e+04                                        1.01941e+06                                    7.09420e+04               
      459100            8.51863                             0.99542                                           0.00421                                      9.33205e+04                                        1.01984e+06                                    7.09362e+04               
      460100            8.53658                             0.99875                                           0.00240                                      9.36329e+04                                        1.02051e+06                                    7.10965e+04               
      461100            8.51690                             0.99184                                           0.06147                                      9.29849e+04                                        1.02055e+06                                    7.08981e+04               
      462100            8.56369                             0.98412                                           0.10834                                      9.22612e+04                                        1.01973e+06                                    7.08848e+04               
      463100            8.57366                             0.99736                                           0.01265                                      9.35027e+04                                        1.02088e+06                                    7.10312e+04               
      464100            8.73206                             0.99153                                          -0.00203                                      9.29559e+04                                        1.02123e+06                                    7.09067e+04               
      465100            8.50184                             0.99999                                           0.04765                                      9.37491e+04                                        1.02134e+06                                    7.08579e+04               
      466100            8.71602                             0.99858                                           0.08266                                      9.36166e+04                                        1.02173e+06                                    7.08305e+04               
      467100            8.72139                             0.99341                                           0.04117                                      9.31319e+04                                        1.02226e+06                                    7.10688e+04               
      468100            8.71419                             0.98660                                          -0.05080                                      9.24933e+04                                        1.02174e+06                                    7.09635e+04               
      469100            8.73445                             0.98427                                           0.01376                                      9.22752e+04                                        1.02135e+06                                    7.08543e+04               
      470100            8.50827                             0.98973                                           0.00469                                      9.27867e+04                                        1.02241e+06                                    7.09325e+04               
      471100            8.48313                             0.98169                                          -0.00808                                      9.20336e+04                                        1.02190e+06                                    7.07814e+04               
      472100            8.56608                             0.99523                                          -0.02638                                      9.33027e+04                                        1.02331e+06                                    7.10825e+04               
      473100            8.52114                             0.98606                                          -0.02740                                      9.24435e+04                                        1.02338e+06                                    7.10612e+04               
      474100            8.46658                             0.99148                                          -0.02352                                      9.29517e+04                                        1.02350e+06                                    7.10019e+04               
      475100            8.54770                             0.98718                                           0.02712                                      9.25482e+04                                        1.02227e+06                                    7.07591e+04               
      476100            8.54715                             0.99400                                          -0.00355                                      9.31877e+04                                        1.02505e+06                                    7.10541e+04               
      477100            8.49392                             0.99539                                          -0.10984                                      9.33178e+04                                        1.02475e+06                                    7.11538e+04               
      478100            8.51066                             1.00133                                           0.06807                                      9.38743e+04                                        1.02497e+06                                    7.09339e+04               
      479100            8.55379                             0.99343                                           0.05399                                      9.31344e+04                                        1.02451e+06                                    7.09589e+04               
      480100            8.54303                             1.00128                                           0.00876                                      9.38696e+04                                        1.02591e+06                                    7.11086e+04               
      481100            8.67621                             0.99275                                           0.00724                                      9.30707e+04                                        1.02468e+06                                    7.09519e+04               
      482100            8.51295                             0.98857                                          -0.10276                                      9.26789e+04                                        1.02486e+06                                    7.08174e+04               
      483100            8.46394                             0.98842                                          -0.02209                                      9.26647e+04                                        1.02648e+06                                    7.11331e+04               
      484100            8.54504                             0.99344                                          -0.03987                                      9.31346e+04                                        1.02727e+06                                    7.12979e+04               
      485100            8.51217                             0.99191                                           0.01988                                      9.29913e+04                                        1.02606e+06                                    7.08862e+04               
      486100            8.51770                             0.99402                                          -0.01533                                      9.31897e+04                                        1.02641e+06                                    7.09716e+04               
      487100            8.63521                             0.99966                                           0.03576                                      9.37182e+04                                        1.02689e+06                                    7.09345e+04               
      488100            8.51591                             0.99549                                          -0.04714                                      9.33269e+04                                        1.02654e+06                                    7.10040e+04               
      489100            8.51057                             0.99883                                          -0.04219                                      9.36407e+04                                        1.02725e+06                                    7.10509e+04               
      490100            8.46376                             0.99022                                           0.03235                                      9.28334e+04                                        1.02599e+06                                    7.07942e+04               
      491100            8.57024                             0.98838                                          -0.02335                                      9.26603e+04                                        1.02740e+06                                    7.10018e+04               
      492100            8.50208                             0.98910                                           0.01383                                      9.27283e+04                                        1.02767e+06                                    7.09070e+04               
      493100            8.50653                             0.99239                                           0.01779                                      9.30365e+04                                        1.02758e+06                                    7.08910e+04               
      494100            8.51972                             0.99305                                          -0.06777                                      9.30989e+04                                        1.02782e+06                                    7.10270e+04               
      495100            8.48672                             0.99013                                           0.00138                                      9.28246e+04                                        1.02791e+06                                    7.09623e+04               
      496100            8.50299                             0.99008                                          -0.02160                                      9.28198e+04                                        1.02872e+06                                    7.09394e+04               
      497100            8.49005                             0.99552                                           0.09449                                      9.33302e+04                                        1.02760e+06                                    7.06184e+04               
      498100            8.52381                             0.99439                                          -0.00407                                      9.32239e+04                                        1.02945e+06                                    7.09681e+04               
      499100            8.51462                             1.00781                                          -0.05369                                      9.44819e+04                                        1.02967e+06                                    7.10659e+04               
      500100            8.47098                             0.99235                                          -0.02920                                      9.30324e+04                                        1.02826e+06                                    7.07457e+04               
      501100            8.47236                             0.98973                                           0.04677                                      9.27874e+04                                        1.02900e+06                                    7.07397e+04               
      502100            8.66736                             0.99459                                           0.10819                                      9.32424e+04                                        1.02886e+06                                    7.07103e+04               
      503100            8.71476                             0.99468                                          -0.03157                                      9.32508e+04                                        1.02973e+06                                    7.08890e+04               
      504100            8.71484                             0.99181                                           0.03703                                      9.29820e+04                                        1.03041e+06                                    7.09026e+04               
      505100            8.67382                             0.99049                                          -0.00438                                      9.28582e+04                                        1.03037e+06                                    7.09700e+04               
      506100            8.73230                             0.99270                                           0.13018                                      9.30653e+04                                        1.02962e+06                                    7.06312e+04               
      507100            8.68721                             0.99518                                           0.12728                                      9.32981e+04                                        1.02952e+06                                    7.04973e+04               
      508100            8.67812                             0.99556                                           0.06410                                      9.33340e+04                                        1.03122e+06                                    7.07861e+04               
      509100            8.71311                             0.99441                                          -0.01169                                      9.32259e+04                                        1.03209e+06                                    7.10378e+04               
      510100            8.81936                             0.99908                                          -0.09384                                      9.36640e+04                                        1.03225e+06                                    7.11057e+04               
      511100            8.75757                             0.99355                                          -0.08669                                      9.31452e+04                                        1.03148e+06                                    7.09433e+04               
      512100            8.72153                             0.99742                                          -0.01354                                      9.35081e+04                                        1.03203e+06                                    7.09734e+04               
      513100            8.78856                             0.99561                                          -0.00931                                      9.33385e+04                                        1.03336e+06                                    7.11525e+04               
      514100            8.74200                             0.99292                                          -0.02490                                      9.30860e+04                                        1.03214e+06                                    7.09383e+04               
      515100            8.72459                             0.99130                                           0.03060                                      9.29340e+04                                        1.03278e+06                                    7.09849e+04               
      516100            8.98916                             0.99139                                          -0.02165                                      9.29431e+04                                        1.03261e+06                                    7.10137e+04               
      517100            8.74270                             0.98753                                          -0.04015                                      9.25810e+04                                        1.03238e+06                                    7.09636e+04               
      518100            8.80257                             0.99457                                           0.01875                                      9.32413e+04                                        1.03377e+06                                    7.09821e+04               
      519100            8.92318                             0.99131                                           0.04343                                      9.29351e+04                                        1.03344e+06                                    7.08750e+04               
      520100            8.69995                             1.00662                                           0.00552                                      9.43703e+04                                        1.03432e+06                                    7.09370e+04               
      521100            8.75453                             0.99751                                           0.03087                                      9.35161e+04                                        1.03466e+06                                    7.09871e+04               
      522100            8.80489                             0.99918                                           0.02564                                      9.36735e+04                                        1.03536e+06                                    7.10798e+04               
      523100            8.80460                             0.99528                                           0.02592                                      9.33072e+04                                        1.03396e+06                                    7.08097e+04               
      524100            8.82356                             0.99311                                          -0.04595                                      9.31043e+04                                        1.03378e+06                                    7.09248e+04               
      525100            8.81284                             0.99539                                           0.03820                                      9.33178e+04                                        1.03525e+06                                    7.09833e+04               
      526100            8.79202                             0.98907                                           0.01970                                      9.27253e+04                                        1.03625e+06                                    7.10996e+04               
      527100            8.78966                             0.99266                                          -0.02762                                      9.30623e+04                                        1.03591e+06                                    7.08317e+04               
      528100            8.74455                             0.99729                                           0.08333                                      9.34958e+04                                        1.03502e+06                                    7.06910e+04               
      529100            8.76498                             0.99909                                           0.07894                                      9.36648e+04                                        1.03429e+06                                    7.05220e+04               
      530100            9.06861                             0.98580                                           0.01452                                      9.24183e+04                                        1.03555e+06                                    7.07204e+04               
      531100            8.75519                             1.00106                                          -0.00331                                      9.38497e+04                                        1.03630e+06                                    7.09791e+04               
      532100            8.77265                             0.99670                                           0.02761                                      9.34404e+04                                        1.03638e+06                                    7.08638e+04               
      533100            9.01955                             0.99230                                        -9.40275e-04                                    9.30285e+04                                        1.03595e+06                                    7.07171e+04               
      534100            8.74937                             0.99502                                           0.04372                                      9.32832e+04                                        1.03664e+06                                    7.07612e+04               
      535100            8.81957                             0.99782                                           0.02341                                      9.35456e+04                                        1.03669e+06                                    7.08533e+04               
      536100            8.79700                             0.99476                                           0.04490                                      9.32591e+04                                        1.03838e+06                                    7.09537e+04               
      537100            8.77237                             0.99614                                          -0.10637                                      9.33883e+04                                        1.03686e+06                                    7.08041e+04               
      538100            8.82930                             0.99232                                          -0.03546                                      9.30297e+04                                        1.03768e+06                                    7.09316e+04               
      539100            8.73641                             0.99090                                          -0.02589                                      9.28969e+04                                        1.03761e+06                                    7.08448e+04               
      540100            8.81982                             0.99245                                           0.03575                                      9.30420e+04                                        1.03768e+06                                    7.07842e+04               
      541100            8.79067                             0.99350                                          -0.06734                                      9.31408e+04                                        1.03702e+06                                    7.07356e+04               
      542100            8.79732                             1.00311                                           0.00519                                      9.40416e+04                                        1.03932e+06                                    7.08563e+04               
      543100            9.00766                             0.99840                                           0.06051                                      9.35996e+04                                        1.03829e+06                                    7.08468e+04               
      544100            8.75247                             1.00680                                          -0.01182                                      9.43873e+04                                        1.03908e+06                                    7.08686e+04               
      545100            8.80163                             0.99223                                          -0.03934                                      9.30217e+04                                        1.03855e+06                                    7.08218e+04               
      546100            8.77210                             0.98683                                          -0.05909                                      9.25155e+04                                        1.03912e+06                                    7.08263e+04               
      547100            8.73580                             0.99157                                           0.01821                                      9.29597e+04                                        1.03797e+06                                    7.06547e+04               
      548100            8.89377                             0.99025                                          -0.07575                                      9.28357e+04                                        1.03921e+06                                    7.08856e+04               
      549100            8.89223                             0.99430                                           0.00327                                      9.32159e+04                                        1.03927e+06                                    7.06989e+04               
      550100            8.93392                             0.99941                                           0.07173                                      9.36947e+04                                        1.04019e+06                                    7.08178e+04               
      551100            8.90472                             0.99558                                           0.11471                                      9.33357e+04                                        1.03939e+06                                    7.06029e+04               
      552100            8.85249                             0.99387                                          -0.05214                                      9.31751e+04                                        1.03999e+06                                    7.10229e+04               
      553100            9.14348                             0.98544                                          -0.00289                                      9.23852e+04                                        1.03984e+06                                    7.08913e+04               
      554100            8.93419                             0.98989                                          -0.04723                                      9.28020e+04                                        1.04007e+06                                    7.08799e+04               
      555100            9.07826                             0.98951                                          -0.05612                                      9.27663e+04                                        1.04081e+06                                    7.10578e+04               
      556100            8.93096                             0.98903                                          -0.00382                                      9.27217e+04                                        1.04096e+06                                    7.09886e+04               
      557100            9.08073                             0.98927                                          -0.07928                                      9.27444e+04                                        1.03968e+06                                    7.07725e+04               
      558100            8.96482                             0.99363                                          -0.04504                                      9.31525e+04                                        1.04268e+06                                    7.11968e+04               
      559100            8.93791                             0.99941                                          -0.01978                                      9.36949e+04                                        1.04176e+06                                    7.10356e+04               
      560100            8.92852                             0.99316                                           0.07706                                      9.31087e+04                                        1.04130e+06                                    7.08053e+04               
      561100            9.14012                             1.00012                                           0.12428                                      9.37614e+04                                        1.04157e+06                                    7.06963e+04               
      562100            8.94668                             0.99532                                          -0.00556                                      9.33109e+04                                        1.04137e+06                                    7.07771e+04               
      563100            8.91490                             0.99213                                           0.01406                                      9.30122e+04                                        1.04084e+06                                    7.06590e+04               
      564100            9.09796                             0.99832                                           0.04219                                      9.35923e+04                                        1.04113e+06                                    7.06728e+04               
      565100            8.96197                             0.99397                                           0.10101                                      9.31845e+04                                        1.04183e+06                                    7.06739e+04               
      566100            8.83882                             0.99420                                           0.04926                                      9.32067e+04                                        1.04189e+06                                    7.07717e+04               
      567100            9.09438                             0.99408                                           0.04982                                      9.31948e+04                                        1.04209e+06                                    7.06799e+04               
      568100            8.89278                             0.99114                                          -0.01601                                      9.29190e+04                                        1.04210e+06                                    7.07801e+04               
      569100            9.06973                             0.99364                                           0.08924                                      9.31537e+04                                        1.04351e+06                                    7.07185e+04               
      570100            8.89292                             0.99658                                          -0.01450                                      9.34289e+04                                        1.04292e+06                                    7.07336e+04               
      571100            8.86695                             0.99431                                           0.02610                                      9.32170e+04                                        1.04194e+06                                    7.06951e+04               
      572100            8.92416                             0.99470                                          -0.00800                                      9.32534e+04                                        1.04423e+06                                    7.09992e+04               
      573100            8.82692                             0.99024                                           0.02675                                      9.28352e+04                                        1.04421e+06                                    7.08722e+04               
      574100            8.94022                             1.00329                                           0.02190                                      9.40585e+04                                        1.04435e+06                                    7.07842e+04               
      575100            8.89217                             0.99281                                          -0.02789                                      9.30760e+04                                        1.04324e+06                                    7.06986e+04               
      576100            8.90708                             0.99629                                          -0.04665                                      9.34018e+04                                        1.04480e+06                                    7.09166e+04               
      577100            8.88443                             0.99583                                          -0.05557                                      9.33587e+04                                        1.04491e+06                                    7.08721e+04               
      578100            8.91448                             0.99215                                          -0.04674                                      9.30139e+04                                        1.04422e+06                                    7.07948e+04               
      579100            8.86522                             0.98662                                          -0.01660                                      9.24953e+04                                        1.04521e+06                                    7.07377e+04               
      580100            8.85312                             1.00519                                           0.04346                                      9.42363e+04                                        1.04475e+06                                    7.07334e+04               
      581100            8.94112                             0.99564                                          -0.00793                                      9.33413e+04                                        1.04545e+06                                    7.08091e+04               
      582100            8.83485                             1.00221                                           0.03315                                      9.39574e+04                                        1.04520e+06                                    7.07966e+04               
      583100            8.91175                             1.00297                                           0.01088                                      9.40287e+04                                        1.04586e+06                                    7.08235e+04               
      584100            8.88758                             0.99855                                           0.09339                                      9.36136e+04                                        1.04471e+06                                    7.04965e+04               
      585100            8.87217                             0.99141                                           0.01804                                      9.29446e+04                                        1.04512e+06                                    7.06227e+04               
      586100            8.88693                             0.98603                                           0.01860                                      9.24408e+04                                        1.04476e+06                                    7.05774e+04               
      587100            8.88644                             0.99280                                          -0.09552                                      9.30750e+04                                        1.04564e+06                                    7.07857e+04               
      588100            8.93740                             0.98854                                          -0.09911                                      9.26754e+04                                        1.04647e+06                                    7.08996e+04               
      589100            8.92324                             1.00045                                           0.06566                                      9.37926e+04                                        1.04594e+06                                    7.05450e+04               
      590100            8.98155                             0.99119                                          -0.01748                                      9.29239e+04                                        1.04623e+06                                    7.07321e+04               
      591100            8.96693                             0.99413                                           0.01564                                      9.31999e+04                                        1.04685e+06                                    7.09142e+04               
      592100            8.93941                             0.99876                                           0.08745                                      9.36334e+04                                        1.04701e+06                                    7.07570e+04               
      593100            8.94870                             0.99832                                          -0.04660                                      9.35923e+04                                        1.04825e+06                                    7.09932e+04               
      594100            8.91019                             0.99328                                           0.12122                                      9.31204e+04                                        1.04575e+06                                    7.04882e+04               
      595100            8.97568                             0.99146                                           0.01047                                      9.29491e+04                                        1.04738e+06                                    7.07527e+04               
      596100            8.93626                             0.99140                                          -0.00188                                      9.29433e+04                                        1.04660e+06                                    7.06609e+04               
      597100            8.90595                             0.99755                                          -0.05097                                      9.35201e+04                                        1.04668e+06                                    7.06511e+04               
      598100            8.97194                             0.99979                                           0.02542                                      9.37303e+04                                        1.04828e+06                                    7.08106e+04               
      599100            8.90689                             1.00140                                          -0.00198                                      9.38811e+04                                        1.04781e+06                                    7.06067e+04               
      600100            8.91645                             1.00192                                          -0.01569                                      9.39296e+04                                        1.04799e+06                                    7.07141e+04               
      601100            9.12458                             0.98887                                          -0.02380                                      9.27070e+04                                        1.04792e+06                                    7.07293e+04               
      602100            8.93601                             1.00449                                          -0.07923                                      9.41708e+04                                        1.04832e+06                                    7.08268e+04               
      603100            8.92703                             0.99548                                          -0.04849                                      9.33258e+04                                        1.04852e+06                                    7.08079e+04               
      604100            8.93394                             0.99520                                           0.01994                                      9.32998e+04                                        1.04834e+06                                    7.07106e+04               
      605100            8.97767                             0.99612                                           0.12818                                      9.33858e+04                                        1.04957e+06                                    7.07534e+04               
      606100            9.13728                             0.99003                                          -0.12636                                      9.28155e+04                                        1.04888e+06                                    7.08367e+04               
      607100            8.97269                             0.99416                                           0.04118                                      9.32021e+04                                        1.04969e+06                                    7.08645e+04               
      608100            8.97401                             0.99011                                           0.02500                                      9.28230e+04                                        1.04871e+06                                    7.07929e+04               
      609100            8.97027                             0.99470                                           0.03220                                      9.32531e+04                                        1.04919e+06                                    7.07149e+04               
      610100            9.19317                             0.99488                                          -0.08796                                      9.32700e+04                                        1.05092e+06                                    7.09827e+04               
      611100            8.94326                             0.98798                                          -0.04555                                      9.26231e+04                                        1.04879e+06                                    7.06314e+04               
      612100            8.93870                             0.99374                                          -0.03858                                      9.31629e+04                                        1.04985e+06                                    7.07045e+04               
      613100            8.89732                             0.99444                                           0.04310                                      9.32284e+04                                        1.05073e+06                                    7.08322e+04               
      614100            9.10437                             0.99997                                           0.02446                                      9.37474e+04                                        1.05074e+06                                    7.07537e+04               
      615100            8.94198                             0.99813                                           0.01801                                      9.35746e+04                                        1.05051e+06                                    7.07726e+04               
      616100            8.96734                             1.00082                                           0.06429                                      9.38266e+04                                        1.05099e+06                                    7.06924e+04               
      617100            9.14601                             0.99984                                          -0.00345                                      9.37349e+04                                        1.05071e+06                                    7.07393e+04               
      618100            8.92215                             0.99232                                           0.06695                                      9.30300e+04                                        1.05008e+06                                    7.06126e+04               
      619100            8.93536                             0.99579                                           0.00692                                      9.33551e+04                                        1.05112e+06                                    7.07452e+04               
      620100            8.94098                             0.99149                                           0.10835                                      9.29522e+04                                        1.05077e+06                                    7.06819e+04               
      621100            8.91893                             0.99706                                           0.02022                                      9.34746e+04                                        1.05128e+06                                    7.07688e+04               
      622100            9.16014                             0.99633                                           0.03506                                      9.34061e+04                                        1.05162e+06                                    7.07734e+04               
      623100            8.97930                             0.98596                                           0.01695                                      9.24336e+04                                        1.05110e+06                                    7.07039e+04               
      624100            8.96827                             0.98670                                          -0.06263                                      9.25035e+04                                        1.05161e+06                                    7.08665e+04               
      625100            8.93593                             0.99281                                          -0.00507                                      9.30756e+04                                        1.05152e+06                                    7.07552e+04               
      626100            8.91813                             1.00008                                           0.00267                                      9.37573e+04                                        1.05169e+06                                    7.06998e+04               
      627100            8.94857                             0.99142                                          -0.03195                                      9.29461e+04                                        1.05239e+06                                    7.08295e+04               
      628100            8.96245                             0.99066                                          -0.06527                                      9.28748e+04                                        1.05200e+06                                    7.08458e+04               
      629100            8.95290                             0.99474                                          -0.08333                                      9.32567e+04                                        1.05280e+06                                    7.09734e+04               
      630100            8.93535                             0.98255                                          -0.03638                                      9.21144e+04                                        1.05093e+06                                    7.06372e+04               
      631100            8.94663                             0.99526                                          -0.02588                                      9.33060e+04                                        1.05253e+06                                    7.06477e+04               
      632100            8.90108                             0.99665                                           0.04075                                      9.34360e+04                                        1.05380e+06                                    7.08383e+04               
      633100            8.95958                             0.98850                                          -0.03361                                      9.26715e+04                                        1.05342e+06                                    7.08290e+04               
      634100            8.96101                             0.99885                                           0.09834                                      9.36426e+04                                        1.05374e+06                                    7.07270e+04               
      635100            8.95253                             0.99884                                           0.01854                                      9.36411e+04                                        1.05481e+06                                    7.09086e+04               
      636100            8.93940                             0.99102                                          -0.05617                                      9.29083e+04                                        1.05338e+06                                    7.08781e+04               
      637100            8.98080                             0.99388                                           0.06062                                      9.31761e+04                                        1.05366e+06                                    7.07060e+04               
      638100            8.94981                             0.99746                                           0.03762                                      9.35119e+04                                        1.05329e+06                                    7.05952e+04               
      639100            8.94142                             0.98595                                           0.02757                                      9.24329e+04                                        1.05327e+06                                    7.06734e+04               
      640100            8.91270                             0.99424                                          -0.01226                                      9.32099e+04                                        1.05372e+06                                    7.05814e+04               
      641100            8.93575                             0.99505                                          -0.00258                                      9.32861e+04                                        1.05313e+06                                    7.06131e+04               
      642100            8.94952                             0.99400                                          -0.01142                                      9.31877e+04                                        1.05380e+06                                    7.07637e+04               
      643100            8.94547                             0.99067                                          -0.00872                                      9.28749e+04                                        1.05479e+06                                    7.08601e+04               
      644100            8.97190                             0.99071                                          -0.17153                                      9.28791e+04                                        1.05433e+06                                    7.08362e+04               
      645100            9.03228                             0.99218                                           0.00332                                      9.30173e+04                                        1.05538e+06                                    7.08649e+04               
      646100            8.97278                             0.99076                                          -0.02283                                      9.28837e+04                                        1.05337e+06                                    7.06181e+04               
      647100            8.99587                             0.99316                                          -0.03879                                      9.31083e+04                                        1.05407e+06                                    7.07700e+04               
      648100            8.98928                             0.99822                                           0.01533                                      9.35833e+04                                        1.05527e+06                                    7.07314e+04               
      649100            9.23806                             0.99762                                           0.01007                                      9.35273e+04                                        1.05506e+06                                    7.05985e+04               
      650100            8.94698                             1.00074                                          -0.00598                                      9.38194e+04                                        1.05519e+06                                    7.06335e+04               
      651100            8.98620                             0.98692                                          -0.07141                                      9.25240e+04                                        1.05548e+06                                    7.07772e+04               
      652100            8.98201                             0.99040                                          -0.00935                                      9.28498e+04                                        1.05493e+06                                    7.06084e+04               
      653100            8.99638                             0.99160                                          -0.10123                                      9.29627e+04                                        1.05538e+06                                    7.06660e+04               
      654100            8.94403                             0.99787                                          -0.06462                                      9.35500e+04                                        1.05543e+06                                    7.07691e+04               
      655100            8.96478                             0.99046                                          -0.02386                                      9.28554e+04                                        1.05523e+06                                    7.05925e+04               
      656100            9.11546                             0.98838                                          -0.11584                                      9.26603e+04                                        1.05530e+06                                    7.07023e+04               
      657100            9.19651                             0.99378                                           0.04367                                      9.31667e+04                                        1.05636e+06                                    7.08299e+04               
      658100            9.01641                             0.99327                                          -0.07200                                      9.31191e+04                                        1.05664e+06                                    7.07956e+04               
      659100            8.94838                             0.99358                                           0.01927                                      9.31483e+04                                        1.05577e+06                                    7.06910e+04               
      660100            8.96822                             0.98658                                           0.02264                                      9.24915e+04                                        1.05574e+06                                    7.06757e+04               
      661100            8.97719                             0.98825                                           0.03955                                      9.26484e+04                                        1.05536e+06                                    7.04859e+04               
      662100            8.99013                             0.98947                                           0.05502                                      9.27629e+04                                        1.05563e+06                                    7.05500e+04               
      663100            9.05251                             0.99526                                           0.00083                                      9.33056e+04                                        1.05685e+06                                    7.06811e+04               
      664100            9.03644                             0.99197                                           0.02761                                      9.29974e+04                                        1.05662e+06                                    7.05967e+04               
      665100            9.30525                             0.99187                                          -0.09878                                      9.29878e+04                                        1.05663e+06                                    7.07302e+04               
      666100            9.04517                             0.99555                                          -0.00641                                      9.33325e+04                                        1.05674e+06                                    7.07613e+04               
      667100            8.98649                             1.00180                                           0.09150                                      9.39190e+04                                        1.05682e+06                                    7.04980e+04               
      668100            9.17986                             0.99751                                           0.06657                                      9.35162e+04                                        1.05676e+06                                    7.05341e+04               
      669100            9.02888                             0.99433                                           0.00395                                      9.32182e+04                                        1.05698e+06                                    7.06484e+04               
      670100            9.06814                             0.99941                                           0.01584                                      9.36949e+04                                        1.05768e+06                                    7.07118e+04               
      671100            8.99102                             1.00706                                          -0.04237                                      9.44119e+04                                        1.05787e+06                                    7.07459e+04               
      672100            9.04981                             0.99479                                           0.00552                                      9.32612e+04                                        1.05630e+06                                    7.04985e+04               
      673100            9.01545                             0.99353                                           0.01641                                      9.31433e+04                                        1.05755e+06                                    7.06947e+04               
      674100            9.04225                             0.99445                                           0.07281                                      9.32297e+04                                        1.05700e+06                                    7.05133e+04               
      675100            9.04765                             0.99666                                           0.00019                                      9.34369e+04                                        1.05688e+06                                    7.04363e+04               
      676100            9.07743                             0.99762                                           0.02210                                      9.35270e+04                                        1.05827e+06                                    7.07242e+04               
      677100            9.06517                             1.00576                                           0.03657                                      9.42897e+04                                        1.05946e+06                                    7.08630e+04               
      678100            9.01697                             0.99662                                          -0.03275                                      9.34332e+04                                        1.05793e+06                                    7.06623e+04               
      679100            9.02241                             0.98558                                          -0.07966                                      9.23983e+04                                        1.05819e+06                                    7.06906e+04               
      680100            9.02495                             0.99151                                          -0.08965                                      9.29536e+04                                        1.05917e+06                                    7.07752e+04               
      681100            9.01783                             0.99127                                          -0.05372                                      9.29315e+04                                        1.05771e+06                                    7.05867e+04               
      682100            9.03176                             0.98750                                           0.00058                                      9.25781e+04                                        1.05788e+06                                    7.05031e+04               
      683100            8.98197                             0.98906                                          -0.00864                                      9.27246e+04                                        1.05716e+06                                    7.04926e+04               
      684100            9.03353                             0.99418                                          -0.03464                                      9.32040e+04                                        1.05883e+06                                    7.06923e+04               
      685100            9.05523                             0.98773                                           0.07699                                      9.26001e+04                                        1.05893e+06                                    7.05337e+04               
      686100            9.04802                             0.99621                                           0.00164                                      9.33946e+04                                        1.05844e+06                                    7.06116e+04               
      687100            9.04915                             0.99622                                          -0.09540                                      9.33957e+04                                        1.05908e+06                                    7.07656e+04               
      688100            9.24477                             0.98236                                          -0.06652                                      9.20966e+04                                        1.05921e+06                                    7.07298e+04               
      689100            9.02963                             0.98608                                           0.06165                                      9.24455e+04                                        1.05833e+06                                    7.04717e+04               
      690100            9.00938                             1.00247                                           0.02599                                      9.39818e+04                                        1.06033e+06                                    7.07581e+04               
      691100            9.02248                             1.00286                                           0.08180                                      9.40181e+04                                        1.05926e+06                                    7.04668e+04               
      692100            9.03598                             1.00062                                           0.05887                                      9.38084e+04                                        1.05886e+06                                    7.04450e+04               
      693100            9.00617                             0.99708                                          -0.02341                                      9.34767e+04                                        1.05990e+06                                    7.07323e+04               
      694100            9.28067                             0.99589                                          -0.05414                                      9.33648e+04                                        1.05993e+06                                    7.07458e+04               
      695100            9.02276                             0.99331                                          -0.09033                                      9.31230e+04                                        1.05887e+06                                    7.06205e+04               
      696100            9.08187                             0.98927                                          -0.05330                                      9.27443e+04                                        1.06057e+06                                    7.07270e+04               
      697100            9.07284                             0.99099                                           0.07780                                      9.29056e+04                                        1.05976e+06                                    7.04701e+04               
      698100            9.02214                             0.99648                                           0.13198                                      9.34204e+04                                        1.05928e+06                                    7.04124e+04               
      699100            9.25857                             0.99484                                           0.05997                                      9.32665e+04                                        1.05951e+06                                    7.04653e+04               
      700100            8.96743                             0.98657                                          -0.04191                                      9.24909e+04                                        1.05998e+06                                    7.06949e+04               
      701100            9.05106                             0.98898                                           0.02119                                      9.27166e+04                                        1.06016e+06                                    7.06193e+04               
      702100            9.01896                             0.99381                                          -0.01869                                      9.31695e+04                                        1.06007e+06                                    7.04944e+04               
      703100            9.25728                             0.99064                                          -0.02076                                      9.28728e+04                                        1.06002e+06                                    7.05473e+04               
      704100            9.05167                             0.99668                                           0.06490                                      9.34385e+04                                        1.06060e+06                                    7.05567e+04               
      705100            9.03297                             0.99749                                           0.05385                                      9.35150e+04                                        1.06041e+06                                    7.04963e+04               
      706100            8.97063                             0.99065                                           0.12190                                      9.28731e+04                                        1.06086e+06                                    7.04121e+04               
      707100            9.08737                             0.99734                                           0.12655                                      9.35005e+04                                        1.06150e+06                                    7.05586e+04               
      708100            9.10415                             0.99224                                          -0.00885                                      9.30223e+04                                        1.06166e+06                                    7.08382e+04               
      709100            9.04518                             0.98865                                          -0.01978                                      9.26864e+04                                        1.06056e+06                                    7.05210e+04               
      710100            9.06059                             0.99641                                           0.00194                                      9.34130e+04                                        1.06102e+06                                    7.04724e+04               
      711100            9.12324                             0.99310                                           0.02414                                      9.31032e+04                                        1.06239e+06                                    7.07595e+04               
      712100            9.10562                             0.99932                                           0.02637                                      9.36865e+04                                        1.06278e+06                                    7.07004e+04               
      713100            9.15022                             0.99581                                           0.02387                                      9.33573e+04                                        1.06215e+06                                    7.06803e+04               
      714100            9.16328                             0.99589                                          -0.01097                                      9.33644e+04                                        1.06230e+06                                    7.07676e+04               
      715100            9.15535                             0.99910                                           0.10718                                      9.36659e+04                                        1.06165e+06                                    7.04974e+04               
      716100            9.11846                             0.98489                                          -0.04262                                      9.23336e+04                                        1.06156e+06                                    7.06086e+04               
      717100            9.10133                             0.98750                                           0.09920                                      9.25780e+04                                        1.06063e+06                                    7.02810e+04               
      718100            9.10999                             0.99151                                           0.00274                                      9.29543e+04                                        1.06132e+06                                    7.04813e+04               
      719100            9.14660                             0.99273                                          -0.08209                                      9.30681e+04                                        1.06379e+06                                    7.08590e+04               
      720100            9.08838                             0.99545                                           0.02982                                      9.33230e+04                                        1.06113e+06                                    7.04003e+04               
      721100            9.15491                             0.98706                                          -0.04924                                      9.25368e+04                                        1.06214e+06                                    7.05710e+04               
      722100            9.12379                             0.99323                                          -0.00621                                      9.31153e+04                                        1.06148e+06                                    7.04792e+04               
      723100            9.36591                             0.99422                                           0.06633                                      9.32083e+04                                        1.06312e+06                                    7.07231e+04               
      724100            9.12754                             0.99792                                           0.04378                                      9.35546e+04                                        1.06363e+06                                    7.06019e+04               
      725100            9.11983                             0.99573                                           0.05886                                      9.33499e+04                                        1.06192e+06                                    7.04334e+04               
      726100            9.12494                             0.99492                                          -0.01270                                      9.32735e+04                                        1.06434e+06                                    7.07086e+04               
      727100            9.16063                             0.99735                                           0.03722                                      9.35018e+04                                        1.06378e+06                                    7.06295e+04               
      728100            9.11098                             0.99738                                           0.06224                                      9.35040e+04                                        1.06203e+06                                    7.04089e+04               
      729100            9.10548                             1.00058                                        -8.21846e-04                                    9.38047e+04                                        1.06320e+06                                    7.05253e+04               
      730100            9.16372                             1.00068                                           0.07261                                      9.38136e+04                                        1.06425e+06                                    7.06773e+04               
      731100            9.16285                             0.99529                                          -0.07001                                      9.33084e+04                                        1.06304e+06                                    7.06711e+04               
      732100            9.13624                             0.99860                                           0.05562                                      9.36190e+04                                        1.06254e+06                                    7.03970e+04               
      733100            9.06178                             0.99104                                          -0.03791                                      9.29101e+04                                        1.06267e+06                                    7.05113e+04               
      734100            9.12644                             0.99185                                           0.01870                                      9.29859e+04                                        1.06315e+06                                    7.04984e+04               
      735100            9.18491                             0.99591                                          -0.01245                                      9.33669e+04                                        1.06476e+06                                    7.06616e+04               
      736100            9.09054                             0.99649                                          -0.01646                                      9.34213e+04                                        1.06385e+06                                    7.06119e+04               
      737100            9.14086                             0.99043                                          -0.10626                                      9.28525e+04                                        1.06500e+06                                    7.07661e+04               
      738100            9.05006                             1.00114                                          -0.02313                                      9.38569e+04                                        1.06370e+06                                    7.06088e+04               
      739100            9.11705                             0.99478                                          -0.05059                                      9.32607e+04                                        1.06526e+06                                    7.06267e+04               
      740100            9.10637                             0.99663                                          -0.02816                                      9.34343e+04                                        1.06415e+06                                    7.05620e+04               
      741100            9.10138                             0.98768                                          -0.04935                                      9.25946e+04                                        1.06441e+06                                    7.05908e+04               
      742100            9.13864                             0.99628                                          -0.00633                                      9.34011e+04                                        1.06394e+06                                    7.05896e+04               
      743100            9.12006                             1.00525                                           0.05303                                      9.42419e+04                                        1.06454e+06                                    7.03737e+04               
      744100            9.35088                             1.00117                                           0.07284                                      9.38594e+04                                        1.06452e+06                                    7.04229e+04               
      745100            9.06742                             0.99784                                           0.01904                                      9.35480e+04                                        1.06383e+06                                    7.04473e+04               
      746100            9.15809                             0.99257                                           0.03668                                      9.30534e+04                                        1.06529e+06                                    7.05784e+04               
      747100            9.41856                             0.99507                                          -0.01271                                      9.32878e+04                                        1.06448e+06                                    7.05490e+04               
      748100            9.40305                             1.00118                                          -0.02965                                      9.38608e+04                                        1.06577e+06                                    7.06930e+04               
      749100            9.18193                             0.99518                                           0.06923                                      9.32979e+04                                        1.06517e+06                                    7.05948e+04               
      750100            9.15173                             0.99874                                           0.06847                                      9.36315e+04                                        1.06471e+06                                    7.05007e+04               
      751100            9.18738                             1.00263                                          -0.02035                                      9.39968e+04                                        1.06588e+06                                    7.07327e+04               
      752100            9.15687                             0.99167                                           0.02491                                      9.29694e+04                                        1.06422e+06                                    7.04343e+04               
      753100            9.18792                             0.99071                                           0.05296                                      9.28791e+04                                        1.06549e+06                                    7.06905e+04               
      754100            9.16778                             0.99728                                           0.01984                                      9.34950e+04                                        1.06567e+06                                    7.06188e+04               
      755100            9.14517                             0.98855                                           0.01564                                      9.26764e+04                                        1.06517e+06                                    7.05377e+04               
      756100            9.16551                             0.98515                                          -0.05138                                      9.23579e+04                                        1.06604e+06                                    7.07239e+04               
      757100            9.14573                             0.99037                                          -0.05877                                      9.28472e+04                                        1.06533e+06                                    7.07507e+04               
      758100            9.16515                             0.98707                                          -0.05302                                      9.25383e+04                                        1.06475e+06                                    7.05843e+04               
      759100            9.39698                             0.99146                                           0.03533                                      9.29497e+04                                        1.06558e+06                                    7.05365e+04               
      760100            9.16118                             0.99393                                           0.04003                                      9.31809e+04                                        1.06543e+06                                    7.04958e+04               
      761100            9.40119                             0.99612                                           0.05168                                      9.33860e+04                                        1.06562e+06                                    7.04361e+04               
      762100            9.16675                             0.99997                                           0.03685                                      9.37469e+04                                        1.06631e+06                                    7.06353e+04               
      763100            9.21209                             0.99211                                          -0.01331                                      9.30106e+04                                        1.06668e+06                                    7.06979e+04               
      764100            9.20989                             0.99053                                          -0.02096                                      9.28625e+04                                        1.06654e+06                                    7.06911e+04               
      765100            9.40164                             0.98283                                           0.03255                                      9.21399e+04                                        1.06514e+06                                    7.04320e+04               
      766100            9.18912                             0.99629                                          -0.01856                                      9.34018e+04                                        1.06625e+06                                    7.05891e+04               
      767100            9.18231                             0.99076                                          -0.05606                                      9.28836e+04                                        1.06588e+06                                    7.05966e+04               
      768100            9.18288                             0.99708                                           0.04748                                      9.34767e+04                                        1.06655e+06                                    7.06078e+04               
      769100            9.17205                             1.00094                                           0.05044                                      9.38379e+04                                        1.06610e+06                                    7.04730e+04               
      770100            9.17434                             0.99835                                          -0.05207                                      9.35951e+04                                        1.06675e+06                                    7.06196e+04               
      771100            9.19666                             0.99306                                           0.03599                                      9.30989e+04                                        1.06727e+06                                    7.06553e+04               
      772100            9.17521                             1.00789                                           0.00330                                      9.44897e+04                                        1.06716e+06                                    7.06053e+04               
      773100            9.16369                             0.99997                                           0.00513                                      9.37476e+04                                        1.06671e+06                                    7.05385e+04               
      774100            9.19395                             0.99423                                           0.03135                                      9.32087e+04                                        1.06724e+06                                    7.05351e+04               
      775100            9.20225                             0.99818                                          -0.06556                                      9.35791e+04                                        1.06702e+06                                    7.06653e+04               
      776100            9.15183                             0.99496                                           0.00058                                      9.32777e+04                                        1.06797e+06                                    7.08201e+04               
      777100            9.16445                             0.99331                                           0.01532                                      9.31224e+04                                        1.06687e+06                                    7.05953e+04               
      778100            9.20746                             1.00168                                           0.03855                                      9.39075e+04                                        1.06808e+06                                    7.06188e+04               
      779100            9.17099                             1.00201                                           0.09272                                      9.39382e+04                                        1.06793e+06                                    7.05371e+04               
      780100            9.18413                             0.99975                                          -0.02938                                      9.37266e+04                                        1.06740e+06                                    7.06551e+04               
      781100            9.39205                             0.99238                                         8.73291e-05                                    9.30353e+04                                        1.06687e+06                                    7.04288e+04               
      782100            9.41438                             0.99523                                          -0.00334                                      9.33028e+04                                        1.06754e+06                                    7.05589e+04               
      783100            9.17942                             0.99362                                          -0.06399                                      9.31519e+04                                        1.06730e+06                                    7.05799e+04               
      784100            9.19990                             0.98813                                           0.03614                                      9.26373e+04                                        1.06681e+06                                    7.03982e+04               
      785100            9.17719                             0.98807                                           0.05893                                      9.26313e+04                                        1.06708e+06                                    7.04835e+04               
      786100            9.16837                             0.98591                                           0.02338                                      9.24289e+04                                        1.06787e+06                                    7.05990e+04               
      787100            9.17557                             0.99289                                          -0.08726                                      9.30832e+04                                        1.06792e+06                                    7.06030e+04               
      788100            9.16676                             0.99262                                           0.02606                                      9.30585e+04                                        1.06730e+06                                    7.04970e+04               
      789100            9.15121                             0.99077                                           0.03535                                      9.28846e+04                                        1.06720e+06                                    7.03771e+04               
      790100            9.18887                             0.98979                                           0.03959                                      9.27929e+04                                        1.06837e+06                                    7.05578e+04               
      791100            9.19467                             0.98527                                          -0.08427                                      9.23693e+04                                        1.06860e+06                                    7.07018e+04               
      792100            9.20177                             0.98800                                          -0.04002                                      9.26252e+04                                        1.06832e+06                                    7.07026e+04               
      793100            9.18662                             0.99203                                          -0.03855                                      9.30025e+04                                        1.06790e+06                                    7.06221e+04               
      794100            9.18779                             0.99279                                          -0.02960                                      9.30744e+04                                        1.06859e+06                                    7.05564e+04               
      795100            9.18539                             0.99568                                          -0.00486                                      9.33454e+04                                        1.06950e+06                                    7.07117e+04               
      796100            9.20754                             0.99423                                          -0.03923                                      9.32087e+04                                        1.06915e+06                                    7.06967e+04               
      797100            9.16630                             0.99668                                           0.05427                                      9.34389e+04                                        1.06795e+06                                    7.03243e+04               
      798100            9.15083                             1.00089                                           0.04048                                      9.38335e+04                                        1.06868e+06                                    7.04100e+04               
      799100            9.15906                             0.99514                                           0.00255                                      9.32942e+04                                        1.06758e+06                                    7.03606e+04               
      800100            9.15114                             1.00141                                           0.05503                                      9.38821e+04                                        1.06840e+06                                    7.04167e+04               
      801100            9.14362                             0.98698                                           0.00400                                      9.25297e+04                                        1.06914e+06                                    7.05741e+04               
      802100            9.12997                             0.99640                                          -0.01298                                      9.34122e+04                                        1.06995e+06                                    7.06438e+04               
      803100            9.17862                             1.00181                                           0.01758                                      9.39194e+04                                        1.07010e+06                                    7.06116e+04               
      804100            9.15163                             0.99967                                           0.10387                                      9.37195e+04                                        1.06856e+06                                    7.03610e+04               
      805100            9.18425                             0.99872                                           0.04744                                      9.36301e+04                                        1.06873e+06                                    7.04847e+04               
      806100            9.14830                             0.99739                                           0.10204                                      9.35050e+04                                        1.06888e+06                                    7.03071e+04               
      807100            9.17574                             0.99941                                           0.10541                                      9.36942e+04                                        1.06915e+06                                    7.04799e+04               
      808100            9.16446                             0.99342                                           0.05200                                      9.31329e+04                                        1.06845e+06                                    7.03648e+04               
      809100            9.12494                             1.00442                                           0.09130                                      9.41639e+04                                        1.06938e+06                                    7.04448e+04               
      810100            9.17296                             0.99875                                           0.06356                                      9.36332e+04                                        1.07005e+06                                    7.05445e+04               
      811100            9.14957                             0.99716                                           0.02851                                      9.34842e+04                                        1.06934e+06                                    7.04869e+04               
      812100            9.14864                             0.99681                                          -0.02158                                      9.34510e+04                                        1.06895e+06                                    7.04172e+04               
      813100            9.16310                             0.99654                                           0.05408                                      9.34252e+04                                        1.06939e+06                                    7.04302e+04               
      814100            9.16553                             0.99030                                          -0.03618                                      9.28409e+04                                        1.07038e+06                                    7.06132e+04               
      815100            9.19666                             0.99777                                          -0.02865                                      9.35414e+04                                        1.07073e+06                                    7.06330e+04               
      816100            9.17702                             0.99562                                          -0.02270                                      9.33393e+04                                        1.06968e+06                                    7.04593e+04               
      817100            9.15266                             1.00072                                          -0.02956                                      9.38173e+04                                        1.07092e+06                                    7.06668e+04               
      818100            9.15477                             0.99483                                           0.04023                                      9.32655e+04                                        1.07108e+06                                    7.06161e+04               
      819100            9.15329                             0.99502                                           0.02213                                      9.32835e+04                                        1.06996e+06                                    7.05272e+04               
      820100            9.20801                             0.99443                                           0.00978                                      9.32278e+04                                        1.07051e+06                                    7.04896e+04               
      821100            9.41661                             0.98814                                           0.00305                                      9.26380e+04                                        1.07039e+06                                    7.05406e+04               
      822100            9.18103                             0.98867                                          -0.07300                                      9.26878e+04                                        1.07004e+06                                    7.06210e+04               
      823100            9.17094                             0.99576                                          -0.02983                                      9.33528e+04                                        1.06921e+06                                    7.04168e+04               
      824100            9.16638                             0.99206                                          -0.00445                                      9.30057e+04                                        1.07002e+06                                    7.04198e+04               
      825100            9.17212                             0.99482                                          -0.05279                                      9.32639e+04                                        1.07128e+06                                    7.06239e+04               
      826100            9.12936                             0.99370                                          -0.09358                                      9.31590e+04                                        1.07072e+06                                    7.06390e+04               
      827100            9.15318                             0.99519                                          -0.10377                                      9.32991e+04                                        1.07128e+06                                    7.07071e+04               
      828100            9.18447                             0.99417                                           0.02696                                      9.32032e+04                                        1.07070e+06                                    7.04929e+04               
      829100            9.15259                             0.99056                                           0.06549                                      9.28653e+04                                        1.07136e+06                                    7.06293e+04               
      830100            9.18176                             0.99390                                          -0.01101                                      9.31780e+04                                        1.07077e+06                                    7.05806e+04               
      831100            9.20441                             0.99651                                          -0.04835                                      9.34227e+04                                        1.07124e+06                                    7.06359e+04               
      832100            9.19934                             0.99602                                          -0.00649                                      9.33770e+04                                        1.07137e+06                                    7.05540e+04               
      833100            9.40466                             0.99967                                           0.07953                                      9.37193e+04                                        1.07096e+06                                    7.05123e+04               
      834100            9.19719                             0.99321                                          -0.02889                                      9.31131e+04                                        1.07147e+06                                    7.05983e+04               
      835100            9.18763                             0.99395                                          -0.00637                                      9.31826e+04                                        1.07046e+06                                    7.04232e+04               
      836100            9.15720                             0.99777                                           0.04363                                      9.35413e+04                                        1.07284e+06                                    7.06985e+04               
      837100            9.40350                             0.99627                                          -0.05662                                      9.34003e+04                                        1.07216e+06                                    7.06853e+04               
      838100            9.14621                             0.99601                                           0.01098                                      9.33761e+04                                        1.07104e+06                                    7.04891e+04               
      839100            9.16948                             0.99762                                           0.01644                                      9.35269e+04                                        1.07119e+06                                    7.04922e+04               
      840100            9.14971                             1.00097                                           0.02602                                      9.38407e+04                                        1.07119e+06                                    7.04620e+04               
      841100            9.37101                             0.99558                                          -0.01673                                      9.33355e+04                                        1.07218e+06                                    7.05704e+04               
      842100            9.16149                             0.99229                                           0.05087                                      9.30271e+04                                        1.07185e+06                                    7.03853e+04               
      843100            9.14928                             0.99536                                           0.04462                                      9.33147e+04                                        1.07064e+06                                    7.03542e+04               
      844100            9.13552                             0.99414                                        -1.00014e-04                                    9.32010e+04                                        1.07104e+06                                    7.04501e+04               
      845100            9.13840                             0.99924                                           0.00149                                      9.36788e+04                                        1.07205e+06                                    7.06852e+04               
      846100            9.16047                             0.99464                                           0.04143                                      9.32475e+04                                        1.07135e+06                                    7.04284e+04               
      847100            9.16099                             0.99707                                           0.02767                                      9.34752e+04                                        1.07222e+06                                    7.05447e+04               
      848100            9.16756                             0.99450                                           0.04498                                      9.32344e+04                                        1.07166e+06                                    7.05117e+04               
      849100            9.41719                             0.98679                                          -0.01056                                      9.25120e+04                                        1.07135e+06                                    7.04830e+04               
      850100            9.17109                             0.98744                                          -0.03121                                      9.25729e+04                                        1.07184e+06                                    7.05296e+04               
      851100            9.17803                             0.98765                                           0.00506                                      9.25922e+04                                        1.07200e+06                                    7.06094e+04               
      852100            9.16196                             0.99892                                          -0.04593                                      9.36486e+04                                        1.07206e+06                                    7.06030e+04               
      853100            9.18440                             0.99294                                          -0.03172                                      9.30877e+04                                        1.07279e+06                                    7.06665e+04               
      854100            9.14879                             0.98724                                          -0.09329                                      9.25539e+04                                        1.07337e+06                                    7.07838e+04               
      855100            9.12423                             0.99886                                           0.03790                                      9.36431e+04                                        1.07171e+06                                    7.03382e+04               
      856100            9.15408                             0.99125                                           0.07227                                      9.29300e+04                                        1.07200e+06                                    7.03371e+04               
      857100            9.19915                             0.99443                                          -0.03959                                      9.32280e+04                                        1.07274e+06                                    7.05833e+04               
      858100            9.14572                             0.99840                                           0.02975                                      9.35998e+04                                        1.07327e+06                                    7.05369e+04               
      859100            9.13240                             1.00109                                           0.01369                                      9.38521e+04                                        1.07333e+06                                    7.04923e+04               
      860100            9.38900                             0.98746                                           0.01292                                      9.25743e+04                                        1.07228e+06                                    7.04577e+04               
      861100            9.17284                             0.99148                                           0.01669                                      9.29515e+04                                        1.07254e+06                                    7.04929e+04               
      862100            9.17055                             0.99672                                           0.01685                                      9.34427e+04                                        1.07253e+06                                    7.04685e+04               
      863100            9.16776                             0.99425                                           0.04401                                      9.32108e+04                                        1.07276e+06                                    7.05036e+04               
      864100            9.15438                             0.99766                                           0.04067                                      9.35307e+04                                        1.07347e+06                                    7.05524e+04               
      865100            9.18897                             0.99582                                          -0.03981                                      9.33583e+04                                        1.07368e+06                                    7.06588e+04               
      866100            9.18403                             0.99535                                          -0.01021                                      9.33137e+04                                        1.07288e+06                                    7.04460e+04               
      867100            9.18280                             0.99127                                          -0.00198                                      9.29319e+04                                        1.07226e+06                                    7.04213e+04               
      868100            9.12558                             0.99411                                          -0.00124                                      9.31977e+04                                        1.07312e+06                                    7.05223e+04               
      869100            9.13761                             0.99447                                          -0.09323                                      9.32315e+04                                        1.07386e+06                                    7.06221e+04               
      870100            9.16311                             0.99610                                           0.10617                                      9.33841e+04                                        1.07257e+06                                    7.02284e+04               
      871100            9.17845                             1.00078                                           0.03706                                      9.38227e+04                                        1.07350e+06                                    7.04193e+04               
      872100            9.15528                             0.99667                                           0.04448                                      9.34375e+04                                        1.07331e+06                                    7.04000e+04               
      873100            9.14197                             0.99030                                           0.06445                                      9.28407e+04                                        1.07228e+06                                    7.02920e+04               
      874100            9.17132                             0.99373                                           0.08978                                      9.31625e+04                                        1.07320e+06                                    7.03586e+04               
      875100            9.38293                             0.99151                                          -0.04071                                      9.29538e+04                                        1.07422e+06                                    7.06491e+04               
      876100            9.15104                             0.99206                                          -0.09346                                      9.30061e+04                                        1.07363e+06                                    7.05555e+04               
      877100            9.17214                             0.99633                                          -0.03159                                      9.34058e+04                                        1.07390e+06                                    7.05781e+04               
      878100            9.11058                             0.98597                                          -0.00359                                      9.24348e+04                                        1.07302e+06                                    7.03432e+04               
      879100            9.16230                             0.99130                                          -0.01650                                      9.29342e+04                                        1.07452e+06                                    7.05330e+04               
      880100            9.16402                             0.99528                                          -0.01254                                      9.33072e+04                                        1.07411e+06                                    7.05357e+04               
      881100            9.13442                             0.99938                                          -0.02083                                      9.36915e+04                                        1.07477e+06                                    7.06460e+04               
      882100            9.15012                             0.99640                                           0.03829                                      9.34126e+04                                        1.07492e+06                                    7.05196e+04               
      883100            9.19962                             0.99584                                          -0.06420                                      9.33598e+04                                        1.07431e+06                                    7.06001e+04               
      884100            9.16760                             0.99985                                           0.06359                                      9.37359e+04                                        1.07460e+06                                    7.04584e+04               
      885100            9.38804                             0.99769                                           0.09224                                      9.35331e+04                                        1.07478e+06                                    7.03866e+04               
      886100            9.16796                             0.99158                                           0.04113                                      9.29604e+04                                        1.07427e+06                                    7.03584e+04               
      887100            9.18526                             0.99822                                          -0.01399                                      9.35828e+04                                        1.07488e+06                                    7.05388e+04               
      888100            9.12651                             0.98937                                           0.01713                                      9.27533e+04                                        1.07441e+06                                    7.04498e+04               
      889100            9.41705                             0.99642                                          -0.01632                                      9.34144e+04                                        1.07547e+06                                    7.05848e+04               
      890100            9.19161                             1.00198                                           0.03993                                      9.39361e+04                                        1.07437e+06                                    7.04943e+04               
      891100            9.17473                             0.98826                                           0.03934                                      9.26491e+04                                        1.07393e+06                                    7.04338e+04               
      892100            9.14740                             1.00018                                          -0.02732                                      9.37671e+04                                        1.07440e+06                                    7.04521e+04               
      893100            9.17778                             1.00151                                           0.04919                                      9.38911e+04                                        1.07501e+06                                    7.04231e+04               
      894100            9.16345                             1.00011                                          -0.00396                                      9.37607e+04                                        1.07622e+06                                    7.06405e+04               
      895100            9.13857                             0.99963                                          -0.04553                                      9.37150e+04                                        1.07532e+06                                    7.05460e+04               
      896100            9.14241                             0.99590                                          -0.04526                                      9.33659e+04                                        1.07470e+06                                    7.04482e+04               
      897100            9.16787                             0.98236                                           0.01734                                      9.20964e+04                                        1.07499e+06                                    7.04508e+04               
      898100            9.17997                             0.99768                                           0.00609                                      9.35322e+04                                        1.07443e+06                                    7.03326e+04               
      899100            9.13832                             0.99127                                           0.02716                                      9.29315e+04                                        1.07489e+06                                    7.03786e+04               
      900100            9.18606                             1.00119                                          -0.02370                                      9.38613e+04                                        1.07520e+06                                    7.04732e+04               
      901100            9.13664                             0.99619                                          -0.01828                                      9.33925e+04                                        1.07475e+06                                    7.03713e+04               
      902100            9.16697                             0.99367                                           0.06307                                      9.31563e+04                                        1.07551e+06                                    7.04386e+04               
      903100            9.15216                             0.99944                                           0.02966                                      9.36978e+04                                        1.07517e+06                                    7.03935e+04               
      904100            9.16051                             0.99999                                           0.08449                                      9.37495e+04                                        1.07574e+06                                    7.04052e+04               
      905100            9.39900                             0.99408                                          -0.01520                                      9.31952e+04                                        1.07452e+06                                    7.03795e+04               
      906100            9.13014                             0.99590                                           0.01942                                      9.33656e+04                                        1.07532e+06                                    7.05310e+04               
      907100            9.15969                             0.99615                                          -0.00332                                      9.33894e+04                                        1.07538e+06                                    7.03928e+04               
      908100            9.15061                             0.98896                                          -0.00743                                      9.27146e+04                                        1.07522e+06                                    7.05443e+04               
      909100            9.16556                             0.99199                                          -0.05212                                      9.29989e+04                                        1.07614e+06                                    7.06210e+04               
      910100            9.18944                             0.99842                                           0.06588                                      9.36019e+04                                        1.07640e+06                                    7.05740e+04               
      911100            9.18490                             0.99373                                           0.02596                                      9.31619e+04                                        1.07639e+06                                    7.04985e+04               
      912100            9.14752                             0.99568                                          -0.02922                                      9.33449e+04                                        1.07618e+06                                    7.05233e+04               
      913100            9.16462                             1.00194                                          -0.04188                                      9.39320e+04                                        1.07583e+06                                    7.05370e+04               
      914100            9.15520                             0.99063                                           0.15289                                      9.28711e+04                                        1.07545e+06                                    7.03291e+04               
      915100            9.16464                             0.98966                                          -0.02167                                      9.27809e+04                                        1.07516e+06                                    7.04291e+04               
      916100            9.12459                             0.99187                                           0.05887                                      9.29875e+04                                        1.07530e+06                                    7.03168e+04               
      917100            9.12194                             0.99496                                          -0.03759                                      9.32778e+04                                        1.07560e+06                                    7.04312e+04               
      918100            9.18296                             0.99690                                           0.01066                                      9.34590e+04                                        1.07578e+06                                    7.04655e+04               
      919100            9.16201                             0.99482                                           0.02214                                      9.32644e+04                                        1.07501e+06                                    7.03269e+04               
      920100            9.18239                             0.99213                                           0.03228                                      9.30122e+04                                        1.07646e+06                                    7.04429e+04               
      921100            9.18516                             0.99589                                          -0.01265                                      9.33648e+04                                        1.07630e+06                                    7.05210e+04               
      922100            9.17068                             0.99648                                          -0.01361                                      9.34201e+04                                        1.07668e+06                                    7.05332e+04               
      923100            9.38127                             0.98880                                          -0.11540                                      9.27001e+04                                        1.07656e+06                                    7.06853e+04               
      924100            9.13864                             0.99396                                          -0.07793                                      9.31840e+04                                        1.07600e+06                                    7.05720e+04               
      925100            9.16806                             0.99796                                          -0.07880                                      9.35588e+04                                        1.07577e+06                                    7.05497e+04               
      926100            9.17641                             0.98125                                          -0.02803                                      9.19926e+04                                        1.07552e+06                                    7.05120e+04               
      927100            9.16548                             0.98772                                           0.05681                                      9.25991e+04                                        1.07615e+06                                    7.04494e+04               
      928100            9.12901                             0.99546                                           0.03980                                      9.33244e+04                                        1.07719e+06                                    7.05138e+04               
      929100            9.17430                             0.99401                                          -0.01275                                      9.31888e+04                                        1.07646e+06                                    7.04784e+04               
      930100            9.13570                             0.98839                                           0.02657                                      9.26617e+04                                        1.07637e+06                                    7.04887e+04               
      931100            9.13405                             0.99050                                          -0.07415                                      9.28592e+04                                        1.07695e+06                                    7.06220e+04               
      932100            9.18190                             0.99738                                           0.00360                                      9.35044e+04                                        1.07568e+06                                    7.03096e+04               
      933100            9.13793                             0.99667                                           0.06603                                      9.34374e+04                                        1.07656e+06                                    7.03534e+04               
      934100            9.09458                             0.99408                                          -0.00339                                      9.31949e+04                                        1.07559e+06                                    7.02945e+04               
      935100            9.18874                             0.99065                                          -0.03342                                      9.28739e+04                                        1.07604e+06                                    7.04454e+04               
      936100            9.12680                             0.99778                                           0.07506                                      9.35418e+04                                        1.07656e+06                                    7.03867e+04               
      937100            9.15263                             0.99332                                           0.05931                                      9.31236e+04                                        1.07696e+06                                    7.03983e+04               
      938100            9.16883                             0.99351                                          -0.02758                                      9.31414e+04                                        1.07587e+06                                    7.03910e+04               
      939100            9.13438                             1.00335                                           0.06582                                      9.40637e+04                                        1.07727e+06                                    7.04200e+04               
      940100            9.16201                             0.99980                                           0.02662                                      9.37310e+04                                        1.07694e+06                                    7.04251e+04               
      941100            9.14661                             0.99645                                           0.00431                                      9.34171e+04                                        1.07680e+06                                    7.05040e+04               
      942100            9.15714                             0.99440                                          -0.05688                                      9.32252e+04                                        1.07640e+06                                    7.04314e+04               
      943100            9.14786                             1.00149                                          -0.01764                                      9.38901e+04                                        1.07759e+06                                    7.06787e+04               
      944100            9.15244                             0.98905                                          -0.03013                                      9.27230e+04                                        1.07733e+06                                    7.05565e+04               
      945100            9.13428                             0.98900                                          -0.07628                                      9.27191e+04                                        1.07872e+06                                    7.07675e+04               
      946100            9.33057                             0.99846                                           0.04072                                      9.36053e+04                                        1.07670e+06                                    7.03775e+04               
      947100            9.17094                             0.99028                                           0.03847                                      9.28391e+04                                        1.07811e+06                                    7.04425e+04               
      948100            9.16568                             0.99261                                          -0.00788                                      9.30574e+04                                        1.07786e+06                                    7.05407e+04               
      949100            9.40287                             0.98936                                           0.04896                                      9.27522e+04                                        1.07677e+06                                    7.03967e+04               
      950100            9.16011                             0.98996                                           0.00573                                      9.28087e+04                                        1.07753e+06                                    7.05054e+04               
      951100            9.19574                             0.99607                                          -0.03226                                      9.33820e+04                                        1.07805e+06                                    7.05956e+04               
      952100            9.16505                             0.99335                                           0.03057                                      9.31269e+04                                        1.07761e+06                                    7.04924e+04               
      953100            9.17115                             0.99611                                          -0.00819                                      9.33849e+04                                        1.07788e+06                                    7.05243e+04               
      954100            9.34696                             0.99336                                          -0.03797                                      9.31273e+04                                        1.07741e+06                                    7.04074e+04               
      955100            9.16060                             0.99016                                           0.01290                                      9.28272e+04                                        1.07655e+06                                    7.02909e+04               
      956100            9.10360                             0.98147                                           0.03732                                      9.20126e+04                                        1.07652e+06                                    7.02609e+04               
      957100            9.16387                             0.99210                                          -0.00780                                      9.30098e+04                                        1.07722e+06                                    7.04492e+04               
      958100            9.16519                             0.99794                                          -0.07434                                      9.35570e+04                                        1.07830e+06                                    7.05732e+04               
      959100            9.33924                             0.99274                                          -0.05435                                      9.30693e+04                                        1.07692e+06                                    7.04218e+04               
      960100            9.17761                             1.00036                                           0.03810                                      9.37839e+04                                        1.07720e+06                                    7.03026e+04               
      961100            9.14558                             0.99933                                           0.09845                                      9.36872e+04                                        1.07795e+06                                    7.03251e+04               
      962100            9.08783                             0.99779                                           0.01441                                      9.35428e+04                                        1.07892e+06                                    7.05155e+04               
      963100            9.15930                             0.99986                                           0.12620                                      9.37371e+04                                        1.07835e+06                                    7.04731e+04               
      964100            9.10158                             0.99468                                          -0.03285                                      9.32509e+04                                        1.07802e+06                                    7.04440e+04               
      965100            9.11659                             0.98892                                          -0.00588                                      9.27112e+04                                        1.07735e+06                                    7.03628e+04               
      966100            9.09161                             0.99557                                           0.02780                                      9.33345e+04                                        1.07853e+06                                    7.04135e+04               
      967100            9.12292                             1.00207                                          -0.00487                                      9.39442e+04                                        1.07901e+06                                    7.06320e+04               
      968100            9.12138                             0.99715                                           0.00884                                      9.34825e+04                                        1.07821e+06                                    7.04725e+04               
      969100            9.14572                             0.99436                                          -0.10672                                      9.32211e+04                                        1.07824e+06                                    7.05143e+04               
      970100            9.39761                             0.99223                                           0.03803                                      9.30212e+04                                        1.07862e+06                                    7.05069e+04               
      971100            9.12183                             0.99281                                          -0.00597                                      9.30764e+04                                        1.07818e+06                                    7.04241e+04               
      972100            9.12409                             0.99022                                           0.01794                                      9.28335e+04                                        1.07876e+06                                    7.05169e+04               
      973100            9.40958                             0.99900                                           0.06699                                      9.36563e+04                                        1.07879e+06                                    7.03769e+04               
      974100            9.14280                             0.99659                                           0.00923                                      9.34300e+04                                        1.07835e+06                                    7.03806e+04               
      975100            9.12320                             1.00210                                           0.03791                                      9.39464e+04                                        1.07920e+06                                    7.05134e+04               
      976100            9.17749                             0.99401                                          -0.03917                                      9.31885e+04                                        1.07841e+06                                    7.05008e+04               
      977100            9.35650                             0.99533                                          -0.02630                                      9.33124e+04                                        1.07904e+06                                    7.04775e+04               
      978100            9.12762                             0.99922                                          -0.04833                                      9.36773e+04                                        1.07996e+06                                    7.06659e+04               
      979100            9.10949                             0.99403                                          -0.02741                                      9.31901e+04                                        1.07866e+06                                    7.04429e+04               
      980100            9.39847                             0.98948                                          -0.04279                                      9.27639e+04                                        1.07851e+06                                    7.04668e+04               
      981100            9.13716                             0.99666                                           0.03840                                      9.34366e+04                                        1.07867e+06                                    7.04665e+04               
      982100            9.14465                             0.99626                                           0.01108                                      9.33990e+04                                        1.07893e+06                                    7.03752e+04               
      983100            9.12802                             0.99764                                          -0.03102                                      9.35284e+04                                        1.07834e+06                                    7.03790e+04               
      984100            9.37512                             1.00096                                           0.10288                                      9.38398e+04                                        1.07899e+06                                    7.04143e+04               
      985100            9.16510                             1.00073                                           0.02748                                      9.38184e+04                                        1.08051e+06                                    7.06143e+04               
      986100            9.18140                             1.00187                                          -0.03892                                      9.39251e+04                                        1.07988e+06                                    7.05865e+04               
      987100            9.12473                             0.98598                                          -0.01337                                      9.24356e+04                                        1.07926e+06                                    7.04778e+04               
      988100            9.16878                             0.99655                                          -0.06616                                      9.34263e+04                                        1.07942e+06                                    7.05008e+04               
      989100            9.16284                             0.98792                                           0.01725                                      9.26180e+04                                        1.07934e+06                                    7.05592e+04               
      990100            9.17672                             0.98819                                          -0.00873                                      9.26432e+04                                        1.07877e+06                                    7.05195e+04               
      991100            9.17140                             1.00143                                           0.05720                                      9.38838e+04                                        1.07943e+06                                    7.04627e+04               
      992100            9.42945                             1.00361                                           0.03638                                      9.40888e+04                                        1.07942e+06                                    7.03104e+04               
      993100            9.16870                             0.99740                                           0.00120                                      9.35059e+04                                        1.07991e+06                                    7.04189e+04               
      994100            9.16104                             0.99117                                          -0.02725                                      9.29217e+04                                        1.07860e+06                                    7.04675e+04               
      995100            8.61740                             0.99254                                          -0.02482                                      9.30509e+04                                        1.08049e+06                                    7.07912e+04               
      996100            8.29464                             0.99352                                          -0.10721                                      9.31422e+04                                        1.08021e+06                                    7.06258e+04               
      997100            9.11275                             0.98870                                          -0.01354                                      9.26909e+04                                        1.07990e+06                                    7.05553e+04               
      998100            9.15602                             0.98511                                           0.06833                                      9.23537e+04                                        1.07881e+06                                    7.02815e+04               
      999100            9.13670                             0.99247                                           0.00595                                      9.30441e+04                                        1.07855e+06                                    7.02288e+04               
      1000100           9.15035                             1.00368                                           0.06466                                      9.40954e+04                                        1.08014e+06                                    7.04759e+04               
      1001100           9.16130                             0.99471                                           0.01804                                      9.32537e+04                                        1.07954e+06                                    7.04093e+04               
      1002100           9.15391                             0.99431                                           0.01968                                      9.32167e+04                                        1.07948e+06                                    7.03564e+04               
      1003100           9.15126                             0.99585                                          -0.00366                                      9.33613e+04                                        1.07975e+06                                    7.04870e+04               
      1004100           9.17171                             0.99910                                           0.03573                                      9.36658e+04                                        1.08123e+06                                    7.05660e+04               
      1005100           9.16789                             0.99692                                           0.04127                                      9.34610e+04                                        1.07935e+06                                    7.03709e+04               
      1006100           9.15567                             0.99779                                          -0.00441                                      9.35427e+04                                        1.07996e+06                                    7.04948e+04               
      1007100           9.14764                             1.00158                                           0.00240                                      9.38986e+04                                        1.08007e+06                                    7.04218e+04               
      1008100           9.17498                             0.99834                                          -0.04638                                      9.35946e+04                                        1.07987e+06                                    7.04726e+04               
      1009100           9.39063                             0.99564                                           0.01593                                      9.33414e+04                                        1.08056e+06                                    7.04201e+04               
      1010100           9.14758                             0.99470                                          -0.01225                                      9.32534e+04                                        1.08018e+06                                    7.03785e+04               
      1011100           9.12631                             0.99494                                           0.03189                                      9.32754e+04                                        1.08000e+06                                    7.03818e+04               
      1012100           9.13087                             0.99283                                           0.00907                                      9.30780e+04                                        1.08068e+06                                    7.05356e+04               
      1013100           9.11979                             0.99485                                          -0.00988                                      9.32667e+04                                        1.08090e+06                                    7.05117e+04               
      1014100           9.19774                             0.99694                                           0.05570                                      9.34631e+04                                        1.07962e+06                                    7.03388e+04               
      1015100           9.13594                             1.00580                                           0.04457                                      9.42939e+04                                        1.08115e+06                                    7.04583e+04               
      1016100           9.18419                             0.99570                                          -0.04075                                      9.33471e+04                                        1.08020e+06                                    7.04729e+04               
      1017100           9.36209                             0.99465                                           0.06778                                      9.32484e+04                                        1.07951e+06                                    7.03262e+04               
      1018100           9.13996                             0.98476                                          -0.12729                                      9.23212e+04                                        1.08009e+06                                    7.04861e+04               
      1019100           9.14187                             0.99819                                          -0.01802                                      9.35803e+04                                        1.08105e+06                                    7.05873e+04               
      1020100           9.15676                             1.00328                                           0.00536                                      9.40574e+04                                        1.08024e+06                                    7.03825e+04               
      1021100           9.15493                             0.99584                                           0.05044                                      9.33598e+04                                        1.08099e+06                                    7.04851e+04               
      1022100           9.15613                             0.99544                                          -0.03870                                      9.33228e+04                                        1.07973e+06                                    7.02790e+04               
      1023100           9.14515                             0.99856                                           0.00363                                      9.36153e+04                                        1.07978e+06                                    7.02837e+04               
      1024100           9.18457                             0.99102                                           0.09135                                      9.29080e+04                                        1.07920e+06                                    7.02318e+04               
      1025100           9.16410                             0.99231                                          -0.08238                                      9.30290e+04                                        1.08043e+06                                    7.04896e+04               
      1026100           9.19137                             0.98908                                          -0.04542                                      9.27262e+04                                        1.08036e+06                                    7.04777e+04               
      1027100           9.16380                             0.99790                                           0.04897                                      9.35533e+04                                        1.08031e+06                                    7.03869e+04               
      1028100           9.15389                             0.99650                                           0.07125                                      9.34222e+04                                        1.08013e+06                                    7.03149e+04               
      1029100           9.18347                             0.99310                                           0.03583                                      9.31034e+04                                        1.08132e+06                                    7.05224e+04               
      1030100           9.13934                             0.99199                                          -0.00500                                      9.29989e+04                                        1.08143e+06                                    7.05021e+04               
      1031100           9.18344                             0.98654                                          -0.07898                                      9.24877e+04                                        1.08026e+06                                    7.04042e+04               
      1032100           9.13410                             0.99344                                           0.02532                                      9.31352e+04                                        1.08079e+06                                    7.03979e+04               
      1033100           9.37829                             1.00029                                          -0.07081                                      9.37773e+04                                        1.08093e+06                                    7.04652e+04               
      1034100           9.18895                             0.99818                                          -0.01908                                      9.35789e+04                                        1.08151e+06                                    7.05229e+04               
      1035100           9.17738                             0.99249                                          -0.06720                                      9.30459e+04                                        1.08115e+06                                    7.04440e+04               
      1036100           9.15404                             0.99967                                           0.00062                                      9.37188e+04                                        1.08177e+06                                    7.05084e+04               
      1037100           9.17630                             0.99891                                           0.00462                                      9.36474e+04                                        1.08193e+06                                    7.05706e+04               
      1038100           9.41711                             0.99348                                          -0.02514                                      9.31390e+04                                        1.08114e+06                                    7.04670e+04               
      1039100           9.15686                             0.99577                                           0.01200                                      9.33536e+04                                        1.08069e+06                                    7.03601e+04               
      1040100           9.14967                             0.99856                                          -0.08470                                      9.36152e+04                                        1.08069e+06                                    7.04158e+04               
      1041100           9.16678                             0.99598                                           0.05315                                      9.33727e+04                                        1.08093e+06                                    7.04353e+04               
      1042100           9.13536                             0.98698                                          -0.00531                                      9.25292e+04                                        1.08036e+06                                    7.04019e+04               
      1043100           9.14771                             0.99617                                           0.00253                                      9.33908e+04                                        1.08080e+06                                    7.03870e+04               
      1044100           9.15227                             0.98921                                           0.00825                                      9.27388e+04                                        1.08060e+06                                    7.04257e+04               
      1045100           9.14616                             1.00160                                           0.07498                                      9.38996e+04                                        1.08213e+06                                    7.03971e+04               
      1046100           9.17379                             0.99555                                           0.04013                                      9.33331e+04                                        1.08073e+06                                    7.03080e+04               
      1047100           9.16824                             0.98981                                           0.02076                                      9.27947e+04                                        1.08189e+06                                    7.05126e+04               
      1048100           9.17388                             0.99850                                          -0.05130                                      9.36093e+04                                        1.08317e+06                                    7.08127e+04               
      1049100           9.41623                             0.99639                                           0.00804                                      9.34113e+04                                        1.08300e+06                                    7.06545e+04               
      1050100           9.40608                             0.99890                                           0.05971                                      9.36471e+04                                        1.08209e+06                                    7.05147e+04               
      1051100           9.17917                             0.99256                                          -0.04415                                      9.30521e+04                                        1.08101e+06                                    7.04146e+04               
      1052100           9.14612                             0.99458                                          -0.06488                                      9.32416e+04                                        1.08143e+06                                    7.04025e+04               
      1053100           9.16847                             0.99812                                          -0.08341                                      9.35742e+04                                        1.08258e+06                                    7.05566e+04               
      1054100           9.14673                             0.99980                                          -0.04271                                      9.37308e+04                                        1.08107e+06                                    7.04099e+04               
      1055100           9.13011                             0.99975                                           0.02165                                      9.37270e+04                                        1.08178e+06                                    7.04092e+04               
      1056100           9.16981                             0.99197                                           0.02115                                      9.29975e+04                                        1.08206e+06                                    7.04659e+04               
      1057100           9.42877                             1.00026                                           0.00236                                      9.37748e+04                                        1.08259e+06                                    7.04994e+04               
      1058100           9.14111                             1.00031                                           0.11310                                      9.37791e+04                                        1.08156e+06                                    7.03330e+04               
      1059100           9.18446                             0.99288                                          -0.05957                                      9.30823e+04                                        1.08216e+06                                    7.04945e+04               
      1060100           9.13943                             0.98691                                          -0.04568                                      9.25229e+04                                        1.08253e+06                                    7.05512e+04               
      1061100           9.14076                             1.00354                                        -3.88971e-04                                    9.40820e+04                                        1.08290e+06                                    7.05027e+04               
      1062100           9.10631                             1.00170                                           0.02167                                      9.39090e+04                                        1.08270e+06                                    7.04721e+04               
      1063100           9.17283                             1.00027                                           0.04257                                      9.37753e+04                                        1.08296e+06                                    7.04795e+04               
      1064100           9.38157                             1.00084                                           0.05801                                      9.38291e+04                                        1.08218e+06                                    7.03888e+04               
      1065100           9.15815                             0.99799                                           0.08796                                      9.35617e+04                                        1.08221e+06                                    7.04163e+04               
      1066100           9.13159                             0.99848                                           0.03852                                      9.36075e+04                                        1.08150e+06                                    7.03146e+04               
      1067100           9.18978                             0.99485                                          -0.01298                                      9.32669e+04                                        1.08248e+06                                    7.04584e+04               
      1068100           9.15815                             1.00717                                           0.01848                                      9.44220e+04                                        1.08335e+06                                    7.05322e+04               
      1069100           9.14613                             0.99320                                           0.09596                                      9.31121e+04                                        1.08353e+06                                    7.04395e+04               
      1070100           9.11011                             1.00239                                          -0.04594                                      9.39741e+04                                        1.08283e+06                                    7.04590e+04               
      1071100           9.16201                             0.99733                                           0.07267                                      9.34993e+04                                        1.08278e+06                                    7.03117e+04               
      1072100           9.15231                             0.99823                                           0.03512                                      9.35844e+04                                        1.08182e+06                                    7.02361e+04               
      1073100           9.39503                             0.99419                                           0.07433                                      9.32056e+04                                        1.08259e+06                                    7.04327e+04               
      1074100           9.16281                             0.99834                                           0.00199                                      9.35941e+04                                        1.08319e+06                                    7.04908e+04               
      1075100           9.38725                             1.00281                                           0.02225                                      9.40130e+04                                        1.08286e+06                                    7.04508e+04               
      1076100           9.18147                             0.99400                                          -0.06140                                      9.31878e+04                                        1.08333e+06                                    7.06257e+04               
      1077100           9.10139                             0.98640                                           0.03216                                      9.24753e+04                                        1.08259e+06                                    7.04823e+04               
      1078100           9.16725                             0.99075                                           0.05455                                      9.28833e+04                                        1.08324e+06                                    7.04097e+04               
      1079100           9.15915                             1.00038                                           0.00509                                      9.37852e+04                                        1.08308e+06                                    7.05177e+04               
      1080100           9.17771                             0.99419                                          -0.01758                                      9.32056e+04                                        1.08222e+06                                    7.04542e+04               
      1081100           9.15330                             0.98742                                          -0.03195                                      9.25710e+04                                        1.08128e+06                                    7.02660e+04               
      1082100           9.13379                             0.99449                                          -0.03932                                      9.32337e+04                                        1.08262e+06                                    7.04828e+04               
      1083100           9.17107                             0.99460                                          -0.01968                                      9.32435e+04                                        1.08269e+06                                    7.03424e+04               
      1084100           9.16978                             0.99268                                           0.00228                                      9.30637e+04                                        1.08274e+06                                    7.03796e+04               
      1085100           9.12136                             0.99118                                          -0.02748                                      9.29235e+04                                        1.08244e+06                                    7.04117e+04               
      1086100           9.15678                             0.98961                                           0.00041                                      9.27762e+04                                        1.08290e+06                                    7.04234e+04               
      1087100           9.16101                             0.99527                                          -0.02569                                      9.33068e+04                                        1.08311e+06                                    7.03666e+04               
      1088100           9.16191                             0.99792                                           0.07335                                      9.35551e+04                                        1.08389e+06                                    7.04900e+04               
      1089100           9.14609                             0.99268                                           0.07779                                      9.30642e+04                                        1.08383e+06                                    7.03701e+04               
      1090100           9.13569                             0.99047                                        -9.74295e-05                                    9.28561e+04                                        1.08307e+06                                    7.05362e+04               
      1091100           9.15226                             0.99732                                           0.06303                                      9.34984e+04                                        1.08389e+06                                    7.04599e+04               
      1092100           9.13601                             0.99216                                           0.08307                                      9.30150e+04                                        1.08225e+06                                    7.01900e+04               
      1093100           9.16849                             1.00580                                           0.08775                                      9.42934e+04                                        1.08313e+06                                    7.03506e+04               
      1094100           9.37615                             1.00094                                           0.08014                                      9.38384e+04                                        1.08258e+06                                    7.03314e+04               
      1095100           9.11335                             0.99025                                           0.01315                                      9.28356e+04                                        1.08325e+06                                    7.04302e+04               
      1096100           9.15573                             0.99434                                           0.00062                                      9.32197e+04                                        1.08245e+06                                    7.02840e+04               
      1097100           9.18434                             0.99548                                           0.11096                                      9.33261e+04                                        1.08353e+06                                    7.03148e+04               
      1098100           9.41609                             1.00049                                           0.05393                                      9.37960e+04                                        1.08277e+06                                    7.01571e+04               
      1099100           9.15212                             0.99828                                           0.14490                                      9.35887e+04                                        1.08306e+06                                    7.02191e+04               
      1100100           9.14623                             1.00089                                          -0.02422                                      9.38339e+04                                        1.08356e+06                                    7.04925e+04               
      1101100           9.18039                             0.99091                                           0.04092                                      9.28980e+04                                        1.08318e+06                                    7.03063e+04               
      1102100           9.11951                             0.99561                                          -0.01471                                      9.33382e+04                                        1.08342e+06                                    7.03109e+04               
      1103100           9.16043                             1.00352                                           0.03709                                      9.40801e+04                                        1.08410e+06                                    7.04034e+04               
      1104100           9.15253                             1.00083                                           0.04841                                      9.38282e+04                                        1.08333e+06                                    7.03273e+04               
      1105100           9.14762                             1.00172                                           0.12043                                      9.39116e+04                                        1.08323e+06                                    7.01215e+04               
      1106100           9.17040                             0.99742                                           0.11618                                      9.35081e+04                                        1.08350e+06                                    7.03054e+04               
      1107100           9.19757                             0.99508                                          -0.04559                                      9.32890e+04                                        1.08415e+06                                    7.05690e+04               
      1108100           9.13107                             0.99150                                           0.03287                                      9.29535e+04                                        1.08428e+06                                    7.04122e+04               
      1109100           9.17495                             0.99425                                          -0.05856                                      9.32109e+04                                        1.08425e+06                                    7.03667e+04               
      1110100           9.12821                             0.99334                                           0.04360                                      9.31252e+04                                        1.08351e+06                                    7.03843e+04               
      1111100           9.17736                             0.99421                                          -0.04755                                      9.32071e+04                                        1.08368e+06                                    7.04656e+04               
      1112100           9.16414                             0.98957                                          -0.10769                                      9.27723e+04                                        1.08446e+06                                    7.05284e+04               
      1113100           9.13081                             0.99336                                           0.03179                                      9.31280e+04                                        1.08386e+06                                    7.03061e+04               
      1114100           9.37244                             1.00195                                           0.01523                                      9.39332e+04                                        1.08432e+06                                    7.04171e+04               
      1115100           9.12793                             0.99808                                           0.06208                                      9.35703e+04                                        1.08414e+06                                    7.03568e+04               
      1116100           9.34948                             0.99653                                           0.02741                                      9.34251e+04                                        1.08506e+06                                    7.04832e+04               
      1117100           9.16548                             0.99509                                          -0.02184                                      9.32899e+04                                        1.08523e+06                                    7.05731e+04               
      1118100           9.17461                             0.99913                                          -0.02571                                      9.36685e+04                                        1.08410e+06                                    7.04084e+04               
      1119100           9.16017                             0.98722                                           0.05510                                      9.25523e+04                                        1.08402e+06                                    7.03065e+04               
      1120100           9.14448                             0.99292                                          -0.13306                                      9.30858e+04                                        1.08540e+06                                    7.07103e+04               
      1121100           9.15477                             0.98869                                          -0.09115                                      9.26898e+04                                        1.08407e+06                                    7.05054e+04               
      1122100           9.14705                             0.99878                                          -0.05944                                      9.36359e+04                                        1.08460e+06                                    7.05346e+04               
      1123100           9.17734                             0.99620                                           0.05166                                      9.33938e+04                                        1.08565e+06                                    7.05302e+04               
      1124100           9.13318                             0.99754                                          -0.04992                                      9.35194e+04                                        1.08441e+06                                    7.04604e+04               
      1125100           9.17042                             0.99349                                          -0.02352                                      9.31395e+04                                        1.08442e+06                                    7.04170e+04               
      1126100           9.14431                             0.99602                                           0.03686                                      9.33765e+04                                        1.08433e+06                                    7.04065e+04               
      1127100           9.18203                             0.98278                                           0.01939                                      9.21358e+04                                        1.08446e+06                                    7.03799e+04               
      1128100           9.12085                             0.99436                                          -0.03043                                      9.32209e+04                                        1.08438e+06                                    7.04534e+04               
      1129100           9.17114                             0.99650                                          -0.08228                                      9.34218e+04                                        1.08509e+06                                    7.05622e+04               
      1130100           9.36257                             0.99453                                           0.00056                                      9.32369e+04                                        1.08490e+06                                    7.04242e+04               
      1131100           9.13589                             0.99148                                          -0.05327                                      9.29510e+04                                        1.08479e+06                                    7.06086e+04               
      1132100           9.11929                             0.99221                                          -0.04102                                      9.30194e+04                                        1.08476e+06                                    7.04077e+04               
      1133100           9.14848                             0.99177                                          -0.03208                                      9.29780e+04                                        1.08460e+06                                    7.04224e+04               
      1134100           9.15274                             0.98880                                          -0.03854                                      9.27003e+04                                        1.08509e+06                                    7.05377e+04               
      1135100           9.17577                             0.98961                                           0.00318                                      9.27762e+04                                        1.08470e+06                                    7.04752e+04               
      1136100           9.15850                             0.98616                                          -0.04532                                      9.24527e+04                                        1.08462e+06                                    7.04702e+04               
      1137100           9.34571                             0.99009                                          -0.04920                                      9.28212e+04                                        1.08517e+06                                    7.05666e+04               
      1138100           9.16081                             0.98411                                          -0.03248                                      9.22603e+04                                        1.08512e+06                                    7.05491e+04               
      1139100           9.15373                             1.00623                                           0.06045                                      9.43337e+04                                        1.08500e+06                                    7.03122e+04               
      1140100           9.12739                             0.99538                                           0.03528                                      9.33171e+04                                        1.08423e+06                                    7.02466e+04               
      1141100           9.16617                             0.98996                                          -0.02717                                      9.28089e+04                                        1.08502e+06                                    7.04195e+04               
      1142100           9.13877                             0.99807                                          -0.01872                                      9.35687e+04                                        1.08521e+06                                    7.04450e+04               
      1143100           9.15544                             0.99590                                          -0.02121                                      9.33653e+04                                        1.08480e+06                                    7.03625e+04               
      1144100           9.13882                             0.99829                                           0.00816                                      9.35898e+04                                        1.08562e+06                                    7.04007e+04               
      1145100           9.14834                             0.99644                                           0.02741                                      9.34159e+04                                        1.08495e+06                                    7.03105e+04               
      1146100           9.20882                             0.99076                                           0.00636                                      9.28841e+04                                        1.08477e+06                                    7.03977e+04               
      1147100           9.21332                             0.99410                                          -0.11573                                      9.31973e+04                                        1.08642e+06                                    7.07006e+04               
      1148100           9.23579                             0.99086                                          -0.03940                                      9.28931e+04                                        1.08583e+06                                    7.05193e+04               
      1149100           9.19158                             0.99001                                           0.00921                                      9.28133e+04                                        1.08571e+06                                    7.04635e+04               
      1150100           9.20414                             0.99341                                           0.05569                                      9.31322e+04                                        1.08574e+06                                    7.04806e+04               
      1151100           9.17177                             0.99632                                           0.02897                                      9.34053e+04                                        1.08514e+06                                    7.02911e+04               
      1152100           9.21547                             0.98852                                          -0.02456                                      9.26734e+04                                        1.08560e+06                                    7.03803e+04               
      1153100           9.21869                             0.99043                                          -0.08366                                      9.28529e+04                                        1.08524e+06                                    7.05153e+04               
      1154100           9.17420                             0.98443                                          -0.06315                                      9.22901e+04                                        1.08492e+06                                    7.04163e+04               
      1155100           9.45505                             0.99327                                          -0.04281                                      9.31192e+04                                        1.08598e+06                                    7.04997e+04               
      1156100           9.45026                             0.99833                                           0.02842                                      9.35930e+04                                        1.08576e+06                                    7.05217e+04               
      1157100           9.43566                             0.99686                                           0.08116                                      9.34558e+04                                        1.08551e+06                                    7.03784e+04               
      1158100           9.19608                             0.99444                                          -0.02910                                      9.32287e+04                                        1.08551e+06                                    7.03955e+04               
      1159100           9.20961                             0.99391                                          -0.00499                                      9.31794e+04                                        1.08636e+06                                    7.05324e+04               
      1160100           9.13872                             0.99938                                           0.04416                                      9.36922e+04                                        1.08506e+06                                    7.02395e+04               
      1161100           9.17138                             0.99333                                           0.09154                                      9.31249e+04                                        1.08518e+06                                    7.03413e+04               
      1162100           9.18431                             0.99151                                          -0.08100                                      9.29541e+04                                        1.08543e+06                                    7.03992e+04               
      1163100           9.12281                             0.98971                                           0.07992                                      9.27853e+04                                        1.08472e+06                                    7.01419e+04               
      1164100           9.20747                             0.99187                                           0.07959                                      9.29879e+04                                        1.08421e+06                                    7.01023e+04               
Simulation.timestep  Simulation.tps  md.compute.ThermodynamicQuantities.kinetic_temperature md.compute.ThermodynamicQuantities.pressure md.compute.ThermodynamicQuantities.kinetic_energy md.compute.ThermodynamicQuantities.potential_energy md.compute.ThermodynamicQuantities.volume
      1164100           8.01901                             0.99710                                           0.08834                                      9.34784e+04                                        1.08241e+06                                    7.00242e+04               
      1165100           8.89069                             0.98994                                          -0.03099                                      9.28071e+04                                        1.08327e+06                                    7.02611e+04               
      1166100           9.10966                             0.98536                                          -0.01061                                      9.23774e+04                                        1.08279e+06                                    7.03446e+04               
      1167100           9.04581                             0.99531                                           0.06216                                      9.33102e+04                                        1.08162e+06                                    7.01250e+04               
      1168100           9.09612                             0.99754                                           0.03620                                      9.35197e+04                                        1.08134e+06                                    7.01096e+04               
      1169100           9.04081                             0.99488                                           0.03899                                      9.32704e+04                                        1.08164e+06                                    6.99433e+04               
      1170100           9.06976                             1.00469                                          -0.00326                                      9.41894e+04                                        1.08166e+06                                    7.00087e+04               
      1171100           9.18653                             0.99396                                           0.03302                                      9.31836e+04                                        1.08188e+06                                    7.00404e+04               
      1172100           9.23030                             1.00265                                           0.05526                                      9.39988e+04                                        1.08188e+06                                    7.00857e+04               
      1173100           9.22674                             0.99940                                          -0.01122                                      9.36937e+04                                        1.08204e+06                                    7.02309e+04               
      1174100           9.23159                             0.99702                                          -0.00859                                      9.34710e+04                                        1.08217e+06                                    7.01964e+04               
      1175100           9.01061                             0.99186                                          -0.05058                                      9.29873e+04                                        1.08204e+06                                    7.02401e+04               
      1176100           9.17827                             0.99866                                           0.01874                                      9.36247e+04                                        1.08201e+06                                    7.01360e+04               
      1177100           9.21800                             0.99516                                           0.03931                                      9.32967e+04                                        1.08278e+06                                    7.01445e+04               
      1178100           9.15410                             0.99184                                           0.02573                                      9.29851e+04                                        1.08220e+06                                    7.00576e+04               
      1179100           9.18922                             0.99529                                          -0.08864                                      9.33083e+04                                        1.08293e+06                                    7.02583e+04               
      1180100           9.18963                             1.00591                                          -0.00242                                      9.43039e+04                                        1.08318e+06                                    7.02304e+04               
      1181100           9.14959                             0.98938                                           0.01074                                      9.27543e+04                                        1.08256e+06                                    7.02283e+04               
      1182100           9.16001                             1.00545                                          -0.02233                                      9.42614e+04                                        1.08331e+06                                    7.02660e+04               
      1183100           9.17507                             0.99923                                           0.00024                                      9.36778e+04                                        1.08344e+06                                    7.02320e+04               
      1184100           9.16204                             0.98992                                           0.04182                                      9.28054e+04                                        1.08204e+06                                    7.01345e+04               
      1185100           9.12449                             0.99602                                           0.04714                                      9.33773e+04                                        1.08261e+06                                    7.01422e+04               
      1186100           9.12523                             0.99310                                           0.06267                                      9.31034e+04                                        1.08308e+06                                    7.02376e+04               
      1187100           9.15380                             0.99721                                          -0.05526                                      9.34882e+04                                        1.08287e+06                                    7.02399e+04               
      1188100           9.12173                             0.98479                                          -0.05239                                      9.23244e+04                                        1.08273e+06                                    7.01562e+04               
      1189100           9.18549                             0.99830                                          -0.03866                                      9.35907e+04                                        1.08297e+06                                    7.02664e+04               
      1190100           9.16577                             0.98991                                          -0.00468                                      9.28042e+04                                        1.08335e+06                                    7.02422e+04               
      1191100           9.13913                             0.98968                                           0.09327                                      9.27827e+04                                        1.08212e+06                                    7.00723e+04               
      1192100           9.37731                             0.99174                                          -0.14505                                      9.29752e+04                                        1.08358e+06                                    7.03699e+04               
      1193100           9.15608                             0.99247                                           0.05527                                      9.30439e+04                                        1.08321e+06                                    7.01756e+04               
      1194100           9.17309                             0.99233                                           0.05419                                      9.30314e+04                                        1.08427e+06                                    7.03008e+04               
      1195100           9.18266                             0.99119                                           0.01833                                      9.29238e+04                                        1.08329e+06                                    7.02416e+04               
      1196100           9.13458                             0.99233                                           0.01138                                      9.30305e+04                                        1.08248e+06                                    7.01217e+04               
      1197100           9.41878                             0.98677                                           0.02638                                      9.25096e+04                                        1.08257e+06                                    7.02245e+04               
      1198100           9.18439                             0.99483                                           0.02439                                      9.32657e+04                                        1.08225e+06                                    7.00984e+04               
      1199100           9.11735                             0.99206                                          -0.06048                                      9.30060e+04                                        1.08295e+06                                    7.02906e+04               
      1200100           9.13629                             1.00004                                          -0.03405                                      9.37535e+04                                        1.08299e+06                                    7.01828e+04               
      1201100           9.16308                             1.00135                                           0.07227                                      9.38766e+04                                        1.08391e+06                                    7.02140e+04               
      1202100           9.16995                             0.99578                                           0.02972                                      9.33546e+04                                        1.08383e+06                                    7.02423e+04               
      1203100           9.16892                             0.99982                                          -0.01447                                      9.37334e+04                                        1.08327e+06                                    7.01739e+04               
      1204100           9.18857                             0.99985                                           0.03280                                      9.37363e+04                                        1.08323e+06                                    7.00980e+04               
      1205100           9.12123                             0.98616                                           0.13137                                      9.24529e+04                                        1.08274e+06                                    6.99953e+04               
      1206100           9.14540                             0.99047                                          -0.05080                                      9.28564e+04                                        1.08235e+06                                    7.01035e+04               
      1207100           8.08240                             0.99703                                          -0.04453                                      9.34713e+04                                        1.08378e+06                                    7.02581e+04               
      1208100           7.88577                             0.99718                                           0.02886                                      9.34852e+04                                        1.08307e+06                                    7.02449e+04               
      1209100           7.98024                             0.99046                                          -0.05962                                      9.28553e+04                                        1.08315e+06                                    7.02777e+04               
      1210100           7.83395                             0.99244                                           0.05809                                      9.30408e+04                                        1.08381e+06                                    7.02298e+04               
      1211100           7.80759                             0.99819                                           0.02021                                      9.35801e+04                                        1.08362e+06                                    7.02071e+04               
      1212100           8.18445                             0.99207                                           0.01541                                      9.30067e+04                                        1.08327e+06                                    7.00912e+04               
      1213100           8.92822                             0.99124                                           0.04388                                      9.29284e+04                                        1.08340e+06                                    7.01614e+04               
      1214100           9.30424                             0.99505                                          -0.03919                                      9.32862e+04                                        1.08382e+06                                    7.02383e+04               
      1215100           9.16955                             0.99202                                           0.06282                                      9.30023e+04                                        1.08315e+06                                    7.01143e+04               
      1216100           9.16203                             0.98866                                          -0.04613                                      9.26871e+04                                        1.08340e+06                                    7.02314e+04               
      1217100           9.16578                             0.99714                                          -0.04900                                      9.34820e+04                                        1.08414e+06                                    7.03351e+04               
      1218100           9.12732                             0.99013                                          -0.01843                                      9.28249e+04                                        1.08331e+06                                    7.02250e+04               
      1219100           9.18156                             0.99184                                          -0.03680                                      9.29854e+04                                        1.08388e+06                                    7.02416e+04               
      1220100           9.15695                             0.99559                                          -0.08629                                      9.33362e+04                                        1.08457e+06                                    7.04732e+04               
      1221100           9.36662                             0.99268                                          -0.09672                                      9.30641e+04                                        1.08463e+06                                    7.04654e+04               
      1222100           9.16695                             0.99223                                          -0.05517                                      9.30217e+04                                        1.08413e+06                                    7.03435e+04               
      1223100           9.13668                             0.99406                                          -0.08606                                      9.31930e+04                                        1.08486e+06                                    7.03734e+04               
      1224100           9.14417                             0.98798                                           0.00632                                      9.26232e+04                                        1.08311e+06                                    7.00636e+04               
      1225100           9.16492                             0.99462                                           0.09299                                      9.32456e+04                                        1.08427e+06                                    7.02674e+04               
      1226100           9.14995                             0.99820                                          -0.01317                                      9.35809e+04                                        1.08460e+06                                    7.02652e+04               
      1227100           9.11378                             0.99837                                          -0.04906                                      9.35969e+04                                        1.08427e+06                                    7.02968e+04               
      1228100           9.13614                             0.99720                                          -0.04291                                      9.34879e+04                                        1.08399e+06                                    7.01638e+04               
      1229100           9.17792                             0.98758                                           0.05112                                      9.25852e+04                                        1.08394e+06                                    7.01316e+04               
      1230100           9.15389                             0.99159                                          -0.08274                                      9.29616e+04                                        1.08384e+06                                    7.02302e+04               
      1231100           9.20013                             0.99093                                          -0.02993                                      9.28996e+04                                        1.08440e+06                                    7.02852e+04               
      1232100           9.19487                             0.98991                                          -0.00299                                      9.28045e+04                                        1.08394e+06                                    7.02220e+04               
      1233100           9.40463                             0.98763                                           0.00295                                      9.25900e+04                                        1.08345e+06                                    7.01588e+04               
      1234100           9.18179                             0.99660                                          -0.01471                                      9.34316e+04                                        1.08337e+06                                    7.01474e+04               
      1235100           9.16445                             0.99534                                          -0.04182                                      9.33130e+04                                        1.08506e+06                                    7.04238e+04               
      1236100           9.19330                             0.98636                                           0.02030                                      9.24708e+04                                        1.08324e+06                                    7.00186e+04               
      1237100           9.32572                             0.98932                                          -0.07454                                      9.27490e+04                                        1.08427e+06                                    7.02982e+04               
      1238100           7.89822                             0.99289                                           0.05306                                      9.30832e+04                                        1.08459e+06                                    7.01552e+04               
      1239100           7.87930                             0.99465                                           0.05272                                      9.32486e+04                                        1.08342e+06                                    7.00465e+04               
      1240100           7.86087                             0.98916                                           0.02363                                      9.27337e+04                                        1.08446e+06                                    7.02402e+04               
      1241100           7.95752                             0.99583                                           0.03175                                      9.33591e+04                                        1.08473e+06                                    7.02108e+04               
      1242100           7.93873                             0.99795                                           0.01317                                      9.35580e+04                                        1.08437e+06                                    7.02343e+04               
      1243100           8.57041                             0.99584                                           0.05561                                      9.33600e+04                                        1.08364e+06                                    6.99904e+04               
      1244100           9.16673                             0.98896                                           0.00413                                      9.27150e+04                                        1.08456e+06                                    7.02899e+04               
      1245100           9.19658                             0.99211                                          -0.00367                                      9.30098e+04                                        1.08436e+06                                    7.02144e+04               
      1246100           9.17231                             0.99829                                           0.03329                                      9.35901e+04                                        1.08504e+06                                    7.01981e+04               
      1247100           9.17211                             1.00170                                           0.06726                                      9.39094e+04                                        1.08491e+06                                    7.01995e+04               
      1248100           9.14289                             0.99011                                        -1.56506e-06                                    9.28224e+04                                        1.08473e+06                                    7.02891e+04               
      1249100           9.18254                             0.98978                                           0.03284                                      9.27919e+04                                        1.08523e+06                                    7.02952e+04               
      1250100           9.21123                             0.99635                                           0.02475                                      9.34079e+04                                        1.08440e+06                                    7.01691e+04               
      1251100           9.40856                             0.99682                                           0.01981                                      9.34519e+04                                        1.08468e+06                                    7.02691e+04               
      1252100           9.20217                             0.99648                                           0.02335                                      9.34203e+04                                        1.08481e+06                                    7.01943e+04               
      1253100           8.06601                             0.99985                                           0.05192                                      9.37358e+04                                        1.08464e+06                                    7.01321e+04               
      1254100           7.88248                             0.99713                                          -0.00315                                      9.34807e+04                                        1.08474e+06                                    7.01336e+04               
      1255100           7.96613                             0.99374                                          -0.02192                                      9.31635e+04                                        1.08543e+06                                    7.03569e+04               
      1256100           8.01786                             0.99212                                          -0.01675                                      9.30115e+04                                        1.08540e+06                                    7.04664e+04               
      1257100           7.82118                             0.98387                                          -0.03545                                      9.22379e+04                                        1.08437e+06                                    7.01094e+04               
      1258100           7.90961                             0.98217                                          -0.08580                                      9.20784e+04                                        1.08434e+06                                    7.02376e+04               
      1259100           8.44308                             0.99384                                          -0.05517                                      9.31728e+04                                        1.08565e+06                                    7.03527e+04               
      1260100           9.16816                             1.00562                                           0.07029                                      9.42769e+04                                        1.08576e+06                                    7.03395e+04               
      1261100           9.18812                             0.99548                                           0.00708                                      9.33263e+04                                        1.08439e+06                                    7.00521e+04               
      1262100           9.34846                             0.99398                                           0.01973                                      9.31857e+04                                        1.08488e+06                                    7.01601e+04               
      1263100           9.15561                             0.99470                                           0.07723                                      9.32530e+04                                        1.08400e+06                                    6.99767e+04               
      1264100           9.17124                             0.99108                                           0.02015                                      9.29141e+04                                        1.08499e+06                                    7.02151e+04               
      1265100           9.16009                             0.99720                                           0.00748                                      9.34878e+04                                        1.08666e+06                                    7.04136e+04               
      1266100           9.10294                             0.99244                                          -0.01616                                      9.30415e+04                                        1.08509e+06                                    7.01239e+04               
      1267100           9.13683                             0.99400                                           0.01046                                      9.31880e+04                                        1.08451e+06                                    7.00565e+04               
      1268100           9.19773                             0.99122                                           0.10036                                      9.29269e+04                                        1.08448e+06                                    7.01197e+04               
      1269100           9.15932                             0.99102                                           0.03650                                      9.29085e+04                                        1.08556e+06                                    7.02110e+04               
      1270100           9.41523                             0.99009                                           0.04355                                      9.28206e+04                                        1.08456e+06                                    7.00826e+04               
      1271100           9.16782                             0.99477                                          -0.10396                                      9.32597e+04                                        1.08560e+06                                    7.03431e+04               
      1272100           9.17560                             0.98890                                           0.03689                                      9.27091e+04                                        1.08574e+06                                    7.02548e+04               
      1273100           9.15673                             0.99865                                           0.03754                                      9.36234e+04                                        1.08430e+06                                    7.00884e+04               
      1274100           9.16678                             1.00713                                           0.02743                                      9.44181e+04                                        1.08614e+06                                    7.02205e+04               
      1275100           9.20012                             1.00166                                           0.05922                                      9.39052e+04                                        1.08541e+06                                    7.01188e+04               
      1276100           9.44922                             0.98861                                          -0.06871                                      9.26820e+04                                        1.08553e+06                                    7.03321e+04               
