frame conversion largest_molecule average_molecule weight_average_molecule
0 0.0000000000000000 14.0000000000000000 3.6225583956413376 3.9953280000000002
1 0.0052164840897235 20.0000000000000000 3.6415545067878576 4.0486079999999998
2 0.0095055932301629 20.0000000000000000 3.6573234244250687 4.0874879999999996
3 0.0143743117139048 20.0000000000000000 3.6753895912966774 4.1336959999999996
4 0.0191850692633165 20.0000000000000000 3.6934168537997873 4.1859520000000003
5 0.0239378658783980 24.0000000000000000 3.7114014251781473 4.2416000000000000
6 0.0282269750188373 26.0000000000000000 3.7277824167958964 4.2911359999999998
7 0.0322262794876253 26.0000000000000000 3.7431873989339404 4.3365440000000000
8 0.0373848026430186 26.0000000000000000 3.7632466281310211 4.3996800000000000
9 0.0417898336521185 26.0000000000000000 3.7805468182917976 4.4486720000000002
10 0.0459050599895670 26.0000000000000000 3.7968531680942834 4.5026880000000000
11 0.0500782472613459 26.0000000000000000 3.8135334675697115 4.5482560000000003
12 0.0540775517301339 26.0000000000000000 3.8296568627450980 4.5960960000000002
13 0.0587723874108851 28.0000000000000000 3.8487591600468010 4.6539840000000003
14 0.0627137309453428 28.0000000000000000 3.8649434172283716 4.7022079999999997
15 0.0672346838231032 31.0000000000000000 3.8836761324799602 4.7705599999999997
16 0.0714078710948820 35.0000000000000000 3.9011297671805756 4.8274559999999997
17 0.0755810583666609 35.0000000000000000 3.9187409868957301 4.8785920000000003
18 0.0801020112444213 35.0000000000000000 3.9380001260160040 4.9333119999999999
19 0.0845070422535211 35.0000000000000000 3.9569484013928458 4.9894080000000001
20 0.0882165420506579 35.0000000000000000 3.9730468501684570 5.0356160000000001
21 0.0922158465194459 38.0000000000000000 3.9905503767079558 5.1052479999999996
22 0.0965629165942155 38.0000000000000000 4.0097517161737342 5.1593920000000004
23 0.1016634788152785 38.0000000000000000 4.0325182269823863 5.2245119999999998
24 0.1061844316930389 40.0000000000000000 4.0529148563646977 5.2906240000000002
25 0.1103576189648177 40.0000000000000000 4.0719265098703499 5.3508160000000000
26 0.1142410015649452 40.0000000000000000 4.0897788247611571 5.3967679999999998
27 0.1185301107053846 40.0000000000000000 4.1096791162546031 5.4705599999999999
28 0.1224714542398423 40.0000000000000000 4.1281373844121534 5.5228159999999997
29 0.1262968759056396 40.0000000000000000 4.1462120206978907 5.5829760000000004
30 0.1302961803744276 44.0000000000000000 4.1652782405864714 5.6520000000000001
31 0.1340636411058946 44.0000000000000000 4.1834002677376168 5.7186880000000002
32 0.1375992581000406 44.0000000000000000 4.2005511123059343 5.7821759999999998
33 0.1415406016344984 44.0000000000000000 4.2198366079265410 5.8570240000000000
34 0.1454819451689561 44.0000000000000000 4.2393000067828801 5.9195200000000003
35 0.1495392105720744 44.0000000000000000 4.2595242963265862 5.9904640000000002
36 0.1540022025155046 44.0000000000000000 4.2819950671416827 6.0744639999999999
37 0.1579435460499623 62.0000000000000000 4.3020374449339203 6.1742720000000002
38 0.1607256708978149 62.0000000000000000 4.3162983425414367 6.2294080000000003
39 0.1646670144322726 62.0000000000000000 4.3366638912017761 6.3088959999999998
40 0.1682605923607489 62.0000000000000000 4.3554006968641117 6.3822400000000004
41 0.1717962093548948 85.0000000000000000 4.3739939813842819 6.4983040000000001
42 0.1745783342027473 85.0000000000000000 4.3887367460150273 6.5448000000000004
43 0.1782878339998841 85.0000000000000000 4.4085490583339215 6.6164800000000001
44 0.1817075291253695 85.0000000000000000 4.4269726590168581 6.6813760000000002
45 0.1845476149075523 85.0000000000000000 4.4423910725709002 6.7157439999999999
46 0.1877354662957167 85.0000000000000000 4.4598258883973170 6.7732479999999997
47 0.1923723410421376 85.0000000000000000 4.4854313190756425 6.8559999999999999
48 0.1958499971019533 85.0000000000000000 4.5048291768776130 6.9260159999999997
49 0.1989219266214571 87.0000000000000000 4.5221040445698577 6.9863999999999997
50 0.2035588013678780 87.0000000000000000 4.5484317007495818 7.0666880000000001
51 0.2079638323769779 87.0000000000000000 4.5737285034760333 7.1726400000000003
52 0.2112096446994726 87.0000000000000000 4.5925490484238374 7.2376319999999996
53 0.2149191444966093 87.0000000000000000 4.6142488002953117 7.3288640000000003
54 0.2181069958847737 87.0000000000000000 4.6330615270570794 7.4127359999999998
55 0.2218744566162407 87.0000000000000000 4.6554934823091250 7.4896320000000003
56 0.2259317220193590 87.0000000000000000 4.6798951703481846 7.6124159999999996
57 0.2303947139627891 87.0000000000000000 4.7070341918963701 7.7348480000000004
58 0.2333507216136324 87.0000000000000000 4.7251833371134797 7.7943680000000004
59 0.2368283776734481 87.0000000000000000 4.7467152730310627 7.8776960000000003
60 0.2408856430765664 87.0000000000000000 4.7720852103535165 7.9511360000000000
61 0.2436098069900887 87.0000000000000000 4.7892720306513414 8.0290239999999997
62 0.2473772677215557 87.0000000000000000 4.8132460531382364 8.1243200000000009
63 0.2512026893873529 87.0000000000000000 4.8378357458007581 8.2211520000000000
64 0.2543905407755173 87.0000000000000000 4.8585199004975124 8.2992319999999999
65 0.2575783921636817 87.0000000000000000 4.8793816847529081 8.3821759999999994
66 0.2604764388801947 87.0000000000000000 4.8985030174778590 8.4405120000000000
67 0.2633744855967078 87.0000000000000000 4.9177748052561174 8.5158400000000007
68 0.2664464151162117 87.0000000000000000 4.9383691529709228 8.6508800000000008
69 0.2699820321103576 87.0000000000000000 4.9622866216752683 8.8059840000000005
70 0.2731698834985220 87.0000000000000000 4.9840510366826161 8.8910400000000003
71 0.2764736567553469 87.0000000000000000 5.0068092605944088 8.9756800000000005
72 0.2789080159972179 87.0000000000000000 5.0237119202636444 9.0553279999999994
73 0.2814582971077494 87.0000000000000000 5.0415423086230540 9.1496639999999996
74 0.2847041094302440 91.0000000000000000 5.0644194149582695 9.3011839999999992
75 0.2880658436213992 91.0000000000000000 5.0883334690222259 9.3954559999999994
76 0.2911377731409031 91.0000000000000000 5.1103843008994279 9.4700480000000002
77 0.2944415463977279 91.0000000000000000 5.1343136449519431 9.5714880000000004
78 0.2980351243262042 91.0000000000000000 5.1605978036495745 9.6527999999999992
79 0.3012809366486988 91.0000000000000000 5.1845707175445872 9.7562560000000005
80 0.3047006317741842 124.0000000000000000 5.2100700233411139 10.0283200000000008
81 0.3079464440966788 124.0000000000000000 5.2345058626465661 10.1490880000000008
82 0.3110763345505130 124.0000000000000000 5.2582870604072021 10.2221759999999993
83 0.3140903031356865 124.0000000000000000 5.2813925976001350 10.2894400000000008
84 0.3172781545238509 124.0000000000000000 5.3060531454283044 10.3912639999999996
85 0.3205239668463455 124.0000000000000000 5.3313998123347268 10.4791039999999995
86 0.3236538573001797 124.0000000000000000 5.3560716428142943 10.5908800000000003
87 0.3270155914913349 124.0000000000000000 5.3828266299199035 10.6842559999999995
88 0.3303773256824900 124.0000000000000000 5.4098502553449324 10.7902400000000007
89 0.3334492552019939 124.0000000000000000 5.4347826086956523 10.9034560000000003
90 0.3362893409841767 124.0000000000000000 5.4580385992489742 11.0295360000000002
91 0.3393033095693502 124.0000000000000000 5.4829370997455920 11.1853440000000006
92 0.3427809656291659 124.0000000000000000 5.5119499073992415 11.3578880000000009
93 0.3454471686083579 124.0000000000000000 5.5344018418489327 11.4445759999999996
94 0.3485190981278618 124.0000000000000000 5.5604982206405698 11.6098239999999997
95 0.3513591839100446 124.0000000000000000 5.5848449647037794 11.6851839999999996
96 0.3547788790355301 124.0000000000000000 5.6144448436938559 11.8045439999999999
97 0.3578508085550339 124.0000000000000000 5.6413033667298489 11.9821760000000008
98 0.3611545818118588 124.0000000000000000 5.6704772273634552 12.0981760000000005
99 0.3646901988060047 125.0000000000000000 5.7020344859045711 12.3277439999999991
100 0.3677041673911783 125.0000000000000000 5.7292144101200844 12.4148160000000001
101 0.3710079406480032 125.0000000000000000 5.7593070401769255 12.5940799999999999
102 0.3732684170868835 125.0000000000000000 5.7800795338943862 12.6625920000000001
103 0.3759925810004057 132.0000000000000000 5.8053130224781722 12.8525120000000008
104 0.3787747058482583 132.0000000000000000 5.8313118119052065 12.9632000000000005
105 0.3820205181707529 132.0000000000000000 5.8619395985743763 13.1609920000000002
106 0.3853242914275778 136.0000000000000000 5.8934464875058934 13.3195519999999998
107 0.3882223381440909 136.0000000000000000 5.9213642823306492 13.5755199999999991
108 0.3914101895322553 136.0000000000000000 5.9523809523809526 13.6828479999999999
109 0.3951776502637223 136.0000000000000000 5.9894585529468136 13.8872000000000000
110 0.3976699704399235 136.0000000000000000 6.0142417244033872 14.0541760000000000
111 0.4003361734191155 136.0000000000000000 6.0409820220375021 14.2339520000000004
112 0.4026546107923260 136.0000000000000000 6.0644284882592663 14.3142399999999999
113 0.4050889700341970 136.0000000000000000 6.0892439594699921 14.4740800000000007
114 0.4079870167507100 136.0000000000000000 6.1190522811826904 14.6091519999999999
115 0.4110009853358836 136.0000000000000000 6.1503641015548123 14.8208319999999993
116 0.4133773836434244 136.0000000000000000 6.1752791226163426 14.9363200000000003
117 0.4154060163449835 136.0000000000000000 6.1967083085465005 15.0739520000000002
118 0.4181881411928360 136.0000000000000000 6.2263399083482769 15.2332160000000005
119 0.4205645395003768 153.0000000000000000 6.2518755626688005 15.4836159999999996
120 0.4228250159392569 153.0000000000000000 6.2763607150030127 15.5727039999999999
121 0.4262447110647424 180.0000000000000000 6.3137690675825837 15.8359360000000002
122 0.4278676172259897 180.0000000000000000 6.3316786546449197 15.9304319999999997
123 0.4307077030081725 186.0000000000000000 6.3632661372429240 16.0835520000000010
124 0.4335477887903553 186.0000000000000000 6.3951703673385856 16.2341760000000015
125 0.4365037964411986 186.0000000000000000 6.4287183707056164 16.3714559999999985
126 0.4391120384860604 186.0000000000000000 6.4586132065722852 16.6663679999999985
127 0.4417782414652524 186.0000000000000000 6.4894611151489983 16.8997759999999992
128 0.4442126007071234 186.0000000000000000 6.5178850766503285 17.0473600000000012
129 0.4471686083579667 186.0000000000000000 6.5527364227301321 17.2569920000000003
130 0.4492552019938562 199.0000000000000000 6.5775626183961275 17.5327680000000008
131 0.4527328580536718 199.0000000000000000 6.6193603050201233 17.7327359999999992
132 0.4552831391642033 199.0000000000000000 6.6503511385401151 17.9045759999999987
133 0.4576595374717440 199.0000000000000000 6.6794912899433578 18.1105279999999986
134 0.4604996232539268 199.0000000000000000 6.7146540610227765 18.4090239999999987
135 0.4621804903495044 199.0000000000000000 6.7356396163379673 18.8619200000000014
136 0.4653103808033385 199.0000000000000000 6.7750677506775068 19.0463999999999984
137 0.4680345447168608 199.0000000000000000 6.8097624754848551 19.1622720000000015
138 0.4711644351706950 199.0000000000000000 6.8500657606313018 19.4896640000000012
139 0.4734249116095752 199.0000000000000000 6.8794716565767748 19.6472639999999998
140 0.4754535443111343 208.0000000000000000 6.9060773480662982 19.8187840000000008
141 0.4782356691589869 208.0000000000000000 6.9429015774272385 20.0728319999999982
142 0.4804961455978670 208.0000000000000000 6.9731116813566887 20.2609920000000017
143 0.4828145829710775 208.0000000000000000 7.0043707273338560 20.4681919999999984
144 0.4851330203442880 209.0000000000000000 7.0359112912304402 20.6329920000000016
145 0.4873934967831681 209.0000000000000000 7.0669380370872910 20.7111039999999988
146 0.4900017388280299 209.0000000000000000 7.1030798954426642 20.9734400000000001
147 0.4916246449892772 236.0000000000000000 7.1257553300649867 21.5375359999999993
148 0.4943488089027995 236.0000000000000000 7.1641448876662084 21.8764159999999990
149 0.4971888946849823 236.0000000000000000 7.2046109510086458 22.0874559999999995
150 0.4998550976641744 236.0000000000000000 7.2430177309074049 22.2001279999999994
151 0.5023474178403756 323.0000000000000000 7.2792918704868388 23.4286080000000005
152 0.5044919724105953 323.0000000000000000 7.3107965843958356 23.6328959999999988
153 0.5071581753897872 323.0000000000000000 7.3503469363753968 24.1976319999999987
154 0.5093606908943372 323.0000000000000000 7.3833431777909038 24.3646080000000005
155 0.5116211673332174 323.0000000000000000 7.4175172086399241 24.5964799999999997
156 0.5141714484437490 323.0000000000000000 7.4564543068480074 24.9501120000000007
157 0.5156204718020054 323.0000000000000000 7.4787603206892426 25.2255679999999991
158 0.5177070654378949 342.0000000000000000 7.5111164523494773 25.5865280000000013
159 0.5201414246797659 342.0000000000000000 7.5492209204010150 25.8848960000000012
160 0.5220541355126644 342.0000000000000000 7.5794324520979872 26.0499200000000002
161 0.5244305338202052 342.0000000000000000 7.6173065204143811 26.3294400000000017
162 0.5263432446531038 379.0000000000000000 7.6480665687714149 27.0549120000000016
163 0.5283139164203327 379.0000000000000000 7.6800196608503315 27.4968320000000013
164 0.5305743928592129 379.0000000000000000 7.7170020990245707 27.9408959999999986
165 0.5325450646264418 379.0000000000000000 7.7495350278983262 28.2224320000000013
166 0.5345157363936707 381.0000000000000000 7.7823434192504051 28.8527360000000002
167 0.5360806816205878 381.0000000000000000 7.8085957021489252 29.0081920000000011
168 0.5385150408624587 410.0000000000000000 7.8497864858075861 29.5364800000000010
169 0.5405436735640179 410.0000000000000000 7.8844455657878134 29.7345599999999983
170 0.5427461890685678 410.0000000000000000 7.9224236278362277 30.0390079999999990
171 0.5447168608357966 410.0000000000000000 7.9567154678548695 30.1432000000000002
172 0.5469193763403466 410.0000000000000000 7.9953946526800559 30.3957119999999996
173 0.5495276183852084 410.0000000000000000 8.0416881111682965 30.6678400000000018
174 0.5519040166927491 414.0000000000000000 8.0843357909714140 30.9896959999999986
175 0.5532950791166754 414.0000000000000000 8.1095108343064748 31.2550719999999984
176 0.5550339071465832 556.0000000000000000 8.1412009899700397 33.2580799999999996
177 0.5576421491914449 556.0000000000000000 8.1892033542976943 33.5467840000000024
178 0.5596707818930041 560.0000000000000000 8.2269316835593003 34.2997119999999995
179 0.5623949458065264 560.0000000000000000 8.2781456953642376 34.7415999999999983
180 0.5640758129021040 560.0000000000000000 8.3100651509107824 35.8204800000000034
181 0.5658726018663421 560.0000000000000000 8.3444592790387180 36.0357759999999985
182 0.5688865704515157 560.0000000000000000 8.4027964506587800 36.3927040000000019
183 0.5709731640874051 560.0000000000000000 8.4436638746284789 36.9297919999999991
184 0.5730597577232945 560.0000000000000000 8.4849307629649751 37.0931199999999990
185 0.5750304294905234 560.0000000000000000 8.5242771412984180 37.5110719999999986
186 0.5764214919144497 560.0000000000000000 8.5522714833059652 38.0039999999999978
187 0.5782762418130181 564.0000000000000000 8.5898845519516218 38.2643839999999997
188 0.5805367182518982 564.0000000000000000 8.6361752107226746 38.6442559999999986
189 0.5826233118877876 579.0000000000000000 8.6793500902652401 39.2926399999999987
190 0.5841882571147047 579.0000000000000000 8.7120156119319763 39.7318399999999983
191 0.5860430070132731 616.0000000000000000 8.7510501260151212 40.6451520000000031
192 0.5883614443864835 632.0000000000000000 8.8003379329766265 42.5223999999999975
193 0.5906219208253637 632.0000000000000000 8.8489310491292645 43.1233599999999981
194 0.5923607488552716 636.0000000000000000 8.8866770937011239 43.3145600000000002
195 0.5943893815568307 636.0000000000000000 8.9311231780508713 44.0042240000000007
196 0.5968237407987017 636.0000000000000000 8.9850488786659000 44.4862400000000022
197 0.5987944125659306 636.0000000000000000 9.0291823172493491 44.9561599999999970
198 0.6007071233988291 670.0000000000000000 9.0724343155755545 46.9684159999999977
199 0.6028516779690488 670.0000000000000000 9.1214244016345596 47.3488320000000016
200 0.6045325450646264 670.0000000000000000 9.1601934632859443 47.6559999999999988
201 0.6065611777661856 705.0000000000000000 9.2074248674130814 49.5072320000000019
202 0.6081840839274330 765.0000000000000000 9.2455621301775146 51.5802880000000030
203 0.6102706775633223 765.0000000000000000 9.2950624628197502 53.4150720000000021
204 0.6127050368051933 765.0000000000000000 9.3534869799461244 55.1088000000000022
205 0.6146177476380920 765.0000000000000000 9.3999097608662954 55.9473600000000033
206 0.6167043412739813 765.0000000000000000 9.4510812036897018 56.5632000000000019
207 0.6186170521068800 765.0000000000000000 9.4984802431610937 58.2680000000000007
208 0.6207036457427694 765.0000000000000000 9.5507334963325192 58.9818879999999979
209 0.6228482003129890 765.0000000000000000 9.6050407253726764 59.8124480000000034
210 0.6246449892772271 777.0000000000000000 9.6510191476219891 60.4062720000000013
211 0.6263838173071350 777.0000000000000000 9.6959354638535533 60.5923840000000027
212 0.6280646844027126 777.0000000000000000 9.7397537790244666 60.9360640000000018
213 0.6298035124326204 777.0000000000000000 9.7855018005323320 61.6788480000000021
214 0.6316003013968585 777.0000000000000000 9.8332284455632468 62.1587519999999998
215 0.6336868950327479 777.0000000000000000 9.8892405063291147 65.2927679999999953
216 0.6353098011939953 777.0000000000000000 9.9332485696122053 65.9660159999999962
217 0.6372225120268938 777.0000000000000000 9.9856207061830968 66.5284479999999974
218 0.6390193009911320 777.0000000000000000 10.0353243416827240 67.2090879999999942
219 0.6415695821016635 795.0000000000000000 10.1067270375161709 71.5135680000000065
220 0.6429606445255898 795.0000000000000000 10.1461038961038970 71.6509760000000000
221 0.6452211209644699 795.0000000000000000 10.2107498774710006 72.4383360000000067
222 0.6472497536660291 795.0000000000000000 10.2694709168583636 72.7703039999999959
223 0.6493363473019185 892.0000000000000000 10.3305785123966949 75.7826239999999984
224 0.6514809018721381 892.0000000000000000 10.3941460169632460 76.2993599999999930
225 0.6531617689677157 905.0000000000000000 10.4445187165775408 77.0123839999999973
226 0.6549585579319539 905.0000000000000000 10.4989081135561904 78.1694719999999990
227 0.6570451515678433 909.0000000000000000 10.5627851952002700 80.6877759999999995
228 0.6580884483857879 909.0000000000000000 10.5950161044244791 81.5100479999999976
229 0.6596533936127050 1069.0000000000000000 10.6437329700272478 90.3922560000000033
230 0.6612762997739523 1069.0000000000000000 10.6947296372347704 91.0464640000000003
231 0.6626673621978786 1069.0000000000000000 10.7388316151202741 93.5958399999999955
232 0.6641163855561352 1164.0000000000000000 10.7851596203623821 100.7198400000000049
233 0.6660870573233640 1164.0000000000000000 10.8488109703176541 101.2899840000000040
234 0.6681156900249232 1164.0000000000000000 10.9151239958085924 101.7112319999999954
235 0.6700284008578218 1168.0000000000000000 10.9783945195854553 103.3798720000000060
236 0.6718251898220600 1168.0000000000000000 11.0385022960084775 104.7018560000000065
237 0.6732742131803164 1168.0000000000000000 11.0874578676601026 105.3010560000000027
238 0.6743754709325914 1350.0000000000000000 11.1249555001779985 112.5162559999999985
239 0.6766939083058019 1352.0000000000000000 11.2047328791681604 113.7469119999999947
240 0.6779690488610677 1356.0000000000000000 11.2491000719942402 114.2687039999999996
241 0.6795339940879846 1356.0000000000000000 11.3040332790739733 114.8100799999999992
242 0.6810409783805715 1360.0000000000000000 11.3574413956023985 115.2928639999999945
243 0.6823740798701675 1366.0000000000000000 11.4051094890510942 116.1628160000000065
244 0.6842867907030661 1366.0000000000000000 11.4742059849458418 121.6062079999999952
245 0.6860835796673043 1366.0000000000000000 11.5398818316100442 122.0999999999999943
246 0.6873007592882397 1366.0000000000000000 11.5848007414272480 123.2042560000000009
247 0.6890395873181475 1370.0000000000000000 11.6495806150978574 124.6578879999999998
248 0.6908363762823857 1370.0000000000000000 11.7172853393325838 127.1816960000000023
249 0.6920535559033212 1582.0000000000000000 11.7635987201204593 137.0027519999999868
250 0.6941981104735409 1584.0000000000000000 11.8460955269143291 149.1692160000000058
251 0.6955312119631368 1675.0000000000000000 11.8979630687226354 154.2833280000000116
252 0.6970961571900539 1681.0000000000000000 11.9594336012246458 157.1968320000000006
253 0.6987190633513012 1681.0000000000000000 12.0238553289726813 159.4030720000000088
254 0.7004578913812091 1681.0000000000000000 12.0936532507739933 162.6924799999999891
255 0.7018489538051353 1681.0000000000000000 12.1500777604976680 163.8022719999999879
256 0.7041094302440155 1681.0000000000000000 12.2428991185112643 168.4261119999999892
257 0.7054425317336116 1681.0000000000000000 12.2983077528532068 169.4435839999999871
258 0.7066597113545471 1681.0000000000000000 12.3493380754791549 171.5883519999999862
259 0.7082826175157944 1681.0000000000000000 12.4180409298629044 172.1949119999999880
260 0.7097896018083811 1681.0000000000000000 12.4825244657479537 173.7917439999999942
261 0.7109488204949864 1699.0000000000000000 12.5325847202727090 178.4976320000000101
262 0.7130933750652061 1703.0000000000000000 12.6262626262626263 182.4077760000000126
263 0.7144844374891324 1707.0000000000000000 12.6877791311408856 186.0939520000000016
264 0.7162232655190401 1711.0000000000000000 12.7655228758169930 187.8043199999999899
265 0.7179041326146177 1744.0000000000000000 12.8415861927265258 191.5905600000000106
266 0.7197009215788559 1744.0000000000000000 12.9239040529363116 193.4936319999999910
267 0.7214977105430940 1744.0000000000000000 13.0072840790842879 194.7285439999999994
268 0.7227148901640295 1744.0000000000000000 13.0643812709030094 198.5605119999999886
269 0.7241639135222859 1744.0000000000000000 13.1330111367934439 199.8462399999999946
270 0.7254390540775517 1744.0000000000000000 13.1940046442896346 201.7375360000000057
271 0.7263664290268359 1814.0000000000000000 13.2387206100402466 207.4412159999999972
272 0.7277574914507622 1814.0000000000000000 13.3063657653821590 216.5137279999999862
273 0.7288587492030372 1852.0000000000000000 13.3604104318084644 222.5685119999999984
274 0.7298440850866516 1852.0000000000000000 13.4091396695987992 228.5319680000000062
275 0.7310612647075870 1852.0000000000000000 13.4698275862068968 231.0197760000000073
276 0.7323364052628528 1852.0000000000000000 13.5339974014724991 231.7786879999999883
277 0.7339593114241002 1856.0000000000000000 13.6165577342047932 234.3206720000000018
278 0.7351185301107054 1856.0000000000000000 13.6761487964989055 234.6584000000000003
279 0.7363357097316409 1858.0000000000000000 13.7392833589799963 235.7156799999999919
280 0.7374949284182462 1858.0000000000000000 13.7999558401413118 239.7076160000000016
281 0.7385382252361908 1858.0000000000000000 13.8550210596320102 242.5535360000000082
282 0.7405088970034197 1858.0000000000000000 13.9602412329685048 249.6184320000000127
283 0.7423636469019881 1873.0000000000000000 14.0607424071991005 251.0952320000000100
284 0.7436387874572538 1873.0000000000000000 14.1306805335744965 254.6394880000000001
285 0.7450298498811800 2000.0000000000000000 14.2077744942032282 263.7139839999999822
286 0.7463629513707761 2002.0000000000000000 14.2824497257769654 303.8748800000000188
287 0.7481017794006839 2006.0000000000000000 14.3810400368154632 309.3192000000000235
288 0.7489711934156379 2006.0000000000000000 14.4308473793581165 310.5638079999999945
289 0.7504781777082247 2024.0000000000000000 14.5180023228803723 318.8425280000000157
290 0.7516953573291602 2026.0000000000000000 14.5891690009337065 325.0022720000000049
291 0.7529125369500956 2030.0000000000000000 14.6610368285245141 330.4622719999999845
292 0.7544195212426824 2038.0000000000000000 14.7510030682086377 338.1245119999999815
293 0.7561003883382600 2042.0000000000000000 14.8526615969581748 341.2758719999999926
294 0.7573175679591955 2042.0000000000000000 14.9271554812514928 347.3670399999999745
295 0.7586506694487916 2074.0000000000000000 15.0096061479346776 359.4474240000000123
296 0.7596360053324059 2074.0000000000000000 15.0711357607909324 382.5095039999999926
297 0.7607372630846809 2181.0000000000000000 15.1405038759689923 394.0370879999999829
298 0.7618385208369559 2181.0000000000000000 15.2105135069359942 394.8569279999999821
299 0.7628818176549006 2224.0000000000000000 15.2774382791493526 408.5884800000000041
300 0.7642149191444966 2224.0000000000000000 15.3638151425762040 415.5575680000000034
301 0.7649684112907900 2296.0000000000000000 15.4130702836004936 439.6904640000000200
302 0.7658957862400742 2296.0000000000000000 15.4741272592225805 441.1410880000000247
303 0.7664753955833769 2296.0000000000000000 15.5125341275750799 441.2507200000000012
304 0.7673448095983307 2296.0000000000000000 15.5705032386646742 441.8693119999999794
305 0.7687358720222570 2315.0000000000000000 15.6641604010025066 445.5416000000000167
306 0.7698371297745320 2657.0000000000000000 15.7391085368924699 471.8268800000000169
307 0.7707645047238162 3732.0000000000000000 15.8027812895069530 593.6010240000000522
308 0.7724453718193938 3736.0000000000000000 15.9195109526235345 613.9152960000000121
309 0.7736045905059989 5029.0000000000000000 16.0010240655401930 865.7521600000000035
310 0.7745319654552831 5143.0000000000000000 16.0668380462724940 886.0680959999999686
311 0.7754013794702370 5178.0000000000000000 16.1290322580645160 894.7314239999999472
312 0.7760389497478699 5178.0000000000000000 16.1749482401656302 895.8389120000000503
313 0.7772561293688054 5351.0000000000000000 16.2633359354670830 936.0094080000000076
314 0.7781255433837594 5413.0000000000000000 16.3270637408568433 947.5129600000000210
315 0.7797484495450067 5463.0000000000000000 16.4473684210526301 959.0302400000000489
316 0.7812554338375934 5498.0000000000000000 16.5606783253842060 969.3064319999999725
317 0.7823566915898684 5555.0000000000000000 16.6444740346205045 981.6055679999999484
318 0.7832261056048223 5775.0000000000000000 16.7112299465240639 1039.4566720000000259
319 0.7841534805541065 5775.0000000000000000 16.7830290010741123 1050.4799680000000990
320 0.7852547383063815 6218.0000000000000000 16.8690958164642382 1134.7711999999999080
321 0.7868196835332986 8077.0000000000000000 16.9929309407286553 1506.5653760000000148
322 0.7882687068915550 9272.0000000000000000 17.1092252942786764 1819.7083199999999579
323 0.7892540427751695 9567.0000000000000000 17.1892189218921878 1910.2472000000000207
324 0.7904132614617748 9603.0000000000000000 17.2842920353982308 1922.0940800000000763
325 0.7913985973453892 9687.0000000000000000 17.3659349819394286 1948.6777919999999540
326 0.7924418941633339 9972.0000000000000000 17.4532253560457988 2046.5707840000000033
327 0.7932533472439576 10010.0000000000000000 17.5217269414073442 2074.7792319999998654
328 0.7944125659305628 10032.0000000000000000 17.6205243868057515 2088.8146560000000136
329 0.7952240190111864 10040.0000000000000000 17.6903481460515160 2100.6934719999999288
330 0.7966730423694430 10112.0000000000000000 17.8164196123147107 2126.0924479999998766
331 0.7978322610560482 12609.0000000000000000 17.9185779816513744 2953.2734719999998561
332 0.7988175969396627 13483.0000000000000000 18.0063382310573310 3343.1551359999998567
333 0.8000347765605982 13662.0000000000000000 18.1159420289855078 3423.3177599999999074
334 0.8009621515098824 13666.0000000000000000 18.2003494467093780 3426.9091520000001765
335 0.8019474873934967 13888.0000000000000000 18.2908984489318129 3524.6634880000001431
336 0.8030487451457717 14027.0000000000000000 18.3931724543849313 3588.0060800000001109
337 0.8043818466353677 14168.0000000000000000 18.5185185185185190 3652.0106559999999263
338 0.8049614559786704 14227.0000000000000000 18.5735512630014874 3679.0520639999999730
339 0.8058308699936243 18766.0000000000000000 18.6567164179104488 5765.2451199999995879
340 0.8067002840085782 18837.0000000000000000 18.7406296851574226 5808.3585599999996703
341 0.8079754245638440 18980.0000000000000000 18.8650769695140355 5904.4756159999997180
342 0.8092505651191098 20412.0000000000000000 18.9911880887268296 6787.1653440000000046
343 0.8101199791340636 20560.0000000000000000 19.0781440781440779 6883.9874879999997574
344 0.8111632759520083 20574.0000000000000000 19.1835481890730506 6893.8152639999998428
345 0.8119167680983017 20599.0000000000000000 19.2604006163328201 6910.4247040000000197
346 0.8126702602445951 20672.0000000000000000 19.3378712871287135 6958.7143360000000030
347 0.8142352054715122 20826.0000000000000000 19.5007800312012485 7062.1927359999999680
348 0.8152785022894569 22346.0000000000000000 19.6109193598995937 8078.7813759999999093
349 0.8165536428447226 23634.0000000000000000 19.7472353870458122 9006.7510719999991124
350 0.8173071349910160 23972.0000000000000000 19.8286802030456855 9263.7504320000007283
351 0.8183504318089607 24149.0000000000000000 19.9425654116145488 9399.8726719999995112
352 0.8189300411522634 24456.0000000000000000 20.0064020486555698 9638.0001919999995152
353 0.8194516895612357 24478.0000000000000000 20.0642054574638848 9655.3850239999992482
354 0.8203211035761897 24490.0000000000000000 20.1612903225806441 9665.0240319999993517
355 0.8211325566568133 24503.0000000000000000 20.2527543745949465 9675.3936319999993430
356 0.8224076972120791 25203.0000000000000000 20.3981723237597912 10226.6442879999995057
357 0.8232191502927028 25374.0000000000000000 20.4918032786885256 10364.6691200000004756
358 0.8239146815046658 25414.0000000000000000 20.5727452271231073 10397.2201600000007602
359 0.8246681736509592 25954.0000000000000000 20.6611570247933898 10839.2909120000003895
360 0.8257114704689039 26012.0000000000000000 20.7848353841037579 10887.6581440000009025
361 0.8268706891555092 26351.0000000000000000 20.9240040174087696 11170.7957439999991038
362 0.8279139859734539 26432.0000000000000000 21.0508588750421026 11239.2403840000006312
363 0.8289572827913986 26506.0000000000000000 21.1792612673669929 11302.4119680000003427
364 0.8300005796093433 26726.0000000000000000 21.3092396863279916 11490.2117440000001807
365 0.8306961108213065 26852.0000000000000000 21.3967819239986312 11598.2520960000001651
366 0.8318553295079116 27150.0000000000000000 21.5442950706652887 11855.4664319999992586
367 0.8330145481945169 27254.0000000000000000 21.6938562998958702 11946.1321599999992031
368 0.8335941575378195 27344.0000000000000000 21.7694183211424601 12024.6869760000008682
369 0.8346374543557642 27446.0000000000000000 21.9067648089730120 12114.2144960000005085
370 0.8355648293050484 27751.0000000000000000 22.0303137116672545 12383.5249920000005659
371 0.8362023995826813 28824.0000000000000000 22.1160651096956826 13337.4269760000006499
372 0.8373036573349563 28993.0000000000000000 22.2657641610260058 13493.7900160000008327
373 0.8382310322842405 29259.0000000000000000 22.3934073808670711 13741.2239680000002409
374 0.8392163681678548 29443.0000000000000000 22.5306416726748395 13914.5902399999995396
375 0.8402017040514693 30804.0000000000000000 22.6695683714182081 15206.0507199999992736
376 0.8407813133947719 30818.0000000000000000 22.7520931925737173 15220.1819840000007389
377 0.8419984930157074 30974.0000000000000000 22.9273661041819530 15374.4256000000004860
378 0.8432156726366429 31131.0000000000000000 23.1053604436229207 15530.4419839999991382
379 0.8435634382426245 31181.0000000000000000 23.1567247128566152 15580.2845760000000155
380 0.8442010085202574 31348.0000000000000000 23.2514880952380949 15747.1461760000001959
381 0.8450124616008811 31438.0000000000000000 23.3732236350037397 15837.6951680000001943
382 0.8461137193531559 31792.0000000000000000 23.5404896421845571 16195.3879359999991721
383 0.8469831333681099 31981.0000000000000000 23.6742424242424256 16388.2592320000003383
384 0.8477945864487335 32119.0000000000000000 23.8004569687738012 16529.6825600000011036
385 0.8487799223323480 32350.0000000000000000 23.9555385205059395 16767.7088000000003376
386 0.8495913754129717 32558.0000000000000000 24.0847784200385355 16983.6194240000004356
387 0.8502289456906046 32815.0000000000000000 24.1873065015479867 17251.8398720000004687
388 0.8508085550339072 33312.0000000000000000 24.2812742812742819 17776.4921600000016042
389 0.8516779690488611 33612.0000000000000000 24.4236029699101209 18097.2809600000000501
390 0.8528371877354664 33707.0000000000000000 24.6159905474596314 18199.8495040000016161
391 0.8538804845534110 33914.0000000000000000 24.7917493058310185 18423.7215040000010049
392 0.8547498985683649 33989.0000000000000000 24.9401436552274554 18505.3930240000008780
393 0.8558511563206399 34039.0000000000000000 25.1306795335745896 18559.8900480000011157
394 0.8566046484669333 34221.0000000000000000 25.2627324171382384 18758.6399999999994179
395 0.8572422187445662 34355.0000000000000000 25.3755582622817712 18905.6177280000010796
396 0.8578797890221991 34440.0000000000000000 25.4893964110929865 18999.1575039999988803
397 0.8585753202341622 34544.0000000000000000 25.6147540983606561 19114.0475519999999960
398 0.8595606561177767 34853.0000000000000000 25.7944696657036729 19456.7838719999999739
399 0.8601402654610792 34908.0000000000000000 25.9013675922088673 19518.2940479999997478
400 0.8608937576073726 34949.0000000000000000 26.0416666666666679 19564.1973120000002382
401 0.8614733669506752 35119.0000000000000000 26.1506276150627599 19754.5898559999986901
402 0.8619370544253173 35229.0000000000000000 26.2384550797649041 19878.4037759999991977
403 0.8629223903089318 35568.0000000000000000 26.4270613107822427 20262.2725439999994705
404 0.8634440387179041 35729.0000000000000000 26.5280135823429539 20445.8157759999994596
405 0.8639656871268765 35782.0000000000000000 26.6297400937366859 20506.5801920000012615
406 0.8646612183388396 35909.0000000000000000 26.7665952890792305 20652.1431999999986147
407 0.8652408276821423 36026.0000000000000000 26.8817204301075279 20786.7157760000009148
408 0.8660522807627659 36377.0000000000000000 27.0445694504543503 21192.9256319999985863
409 0.8669796557120500 36783.0000000000000000 27.2331154684095864 21667.7461440000006405
410 0.8677911087926737 36918.0000000000000000 27.4002630425252072 21826.8490559999991092
411 0.8684286790703066 37102.0000000000000000 27.5330396475770911 22046.3638720000017202
412 0.8688923665449487 37201.0000000000000000 27.6304155614500431 22163.9874879999988480
413 0.8695299368225816 37390.0000000000000000 27.7654375832963112 22389.4561280000016268
414 0.8703413899032052 37863.0000000000000000 27.9392042914617775 22957.9301440000017465
415 0.8711528429838289 38452.0000000000000000 28.1151596941070636 23674.7515520000015385
416 0.8715585695241407 38639.0000000000000000 28.2039711191335734 23905.1019520000008924
417 0.8720222569987828 38657.0000000000000000 28.3061594202898554 23927.9559999999983120
418 0.8726018663420855 38682.0000000000000000 28.4349408553230205 23958.9380479999999807
419 0.8733553584883789 38896.0000000000000000 28.6041189931350104 24224.9330880000015895
420 0.8739929287660118 39128.0000000000000000 28.7488500459981609 24514.2870079999993322
421 0.8744566162406539 39243.0000000000000000 28.8550323176361943 24658.3191039999983332
422 0.8748043818466353 39267.0000000000000000 28.9351851851851869 24688.4652800000003481
423 0.8756737958615893 39466.0000000000000000 29.1375291375291390 24939.0209280000017316
424 0.8759636005332406 39497.0000000000000000 29.2056074766355138 24978.1912960000008752
425 0.8763693270735524 39906.0000000000000000 29.3014533520862628 25496.6216959999983374
426 0.8772387410885063 40086.0000000000000000 29.5089707271010404 25726.7486080000016955
427 0.8778183504318090 40200.0000000000000000 29.6489563567362424 25873.2103360000000976
428 0.8781081551034603 40241.0000000000000000 29.7194484070375644 25926.1935359999988577
429 0.8788616472497537 40398.0000000000000000 29.9043062200956946 26128.6690239999988989
430 0.8792673737900655 40459.0000000000000000 30.0048007681228981 26207.5696319999988191
431 0.8797310612647076 40489.0000000000000000 30.1204819277108449 26246.4217920000010054
432 0.8800788268706892 40539.0000000000000000 30.2078298695021736 26311.2355839999981981
433 0.8808323190169826 40817.0000000000000000 30.3988326848249031 26672.7065279999987979
434 0.8812380455572943 40977.0000000000000000 30.5026842362127866 26881.8812480000015057
435 0.8816437720976062 41035.0000000000000000 30.6072477962781591 26957.9889919999986887
436 0.8819915377035877 41039.0000000000000000 30.6974459724950890 26963.2784639999990759
437 0.8825131861125601 41366.0000000000000000 30.8337444499259981 27392.9622720000006666
438 0.8832666782588535 41476.0000000000000000 31.0327706057596835 27538.7169280000016443
439 0.8836724047991653 41632.0000000000000000 31.1410064773293485 27745.9067519999989599
440 0.8842520141424680 42280.0000000000000000 31.2969454181271907 28612.5128000000004249
441 0.8848895844201009 42462.0000000000000000 31.4702920443101704 28859.1557119999997667
442 0.8853532718947429 42639.0000000000000000 31.5975733063700694 29099.9216000000014901
443 0.8858749203037153 42763.0000000000000000 31.7420010157440338 29269.3439040000012028
444 0.8862226859096969 42785.0000000000000000 31.8390219052470691 29299.5083840000006603
445 0.8870341389903206 42820.0000000000000000 32.0677270395074387 29347.4745599999987462
446 0.8875557873992929 43026.0000000000000000 32.2164948453608275 29630.0813119999984337
447 0.8879615139396047 43056.0000000000000000 32.3331608898085889 29671.4604480000016338
448 0.8885411232829074 43089.0000000000000000 32.5013000520020796 29716.9703039999985776
449 0.8891207326262099 43260.0000000000000000 32.6711970726607390 29953.0930880000014440
450 0.8898742247725033 43315.0000000000000000 32.8947368421052602 30029.2869759999994130
451 0.8904538341158059 43426.0000000000000000 33.0687830687830697 30183.3042559999994410
452 0.8909175215904480 43460.0000000000000000 33.2093517534537739 30230.6555840000000899
453 0.8910914043934388 43464.0000000000000000 33.2623736029803112 30236.2735680000005232
454 0.8916130528024112 43507.0000000000000000 33.4224598930481278 30296.1079360000003362
455 0.8924245058830348 43682.0000000000000000 33.6745689655172384 30540.1664320000018051
456 0.8929461542920072 44037.0000000000000000 33.8386572820790477 31036.6760639999993145
457 0.8934098417666493 44077.0000000000000000 33.9858618814573106 31093.0815680000014254
458 0.8936996464383006 44167.0000000000000000 34.0785169029443864 31220.1106240000008256
459 0.8941633339129427 44327.0000000000000000 34.2278203723986891 31446.5614080000013928
460 0.8946849823219151 44498.0000000000000000 34.3973582828838715 31689.3793599999989965
461 0.8950907088622269 44530.0000000000000000 34.5303867403314939 31734.9802559999989171
462 0.8957862400741899 44626.0000000000000000 34.7608453837597295 31871.9723520000006829
463 0.8963078884831623 44650.0000000000000000 34.9357182783678013 31906.3565119999984745
464 0.8968874978264649 44823.0000000000000000 35.1320966835300723 32153.8486080000002403
465 0.8974671071697676 44868.0000000000000000 35.3306953080836621 32218.4255999999986670
466 0.8980467165130702 45117.0000000000000000 35.5315520181921514 32576.7806720000007772
467 0.8982785602503912 45141.0000000000000000 35.6125356125356092 32611.4380160000000615
468 0.8986842867907031 45169.0000000000000000 35.7551487414187648 32651.9243520000018179
469 0.8989161305280241 45251.0000000000000000 35.8371559633027488 32770.4897599999967497
470 0.8993218570683359 45267.0000000000000000 35.9815774323546336 32793.6809599999978673
471 0.8996116617399873 45288.0000000000000000 36.0854503464203233 32824.2510719999991124
472 0.9000753492146294 45344.0000000000000000 36.2529002320185612 32905.4380160000000615
473 0.9006549585579320 45403.0000000000000000 36.4644107351225202 32991.1525120000005700
474 0.9011766069669043 45579.0000000000000000 36.6568914956011724 33247.1673280000031809
475 0.9016402944415464 45719.0000000000000000 36.8296994696523257 33451.5770879999981844
476 0.9018141772445372 45811.0000000000000000 36.8949232585596221 33586.2562879999968573
477 0.9022778647191793 45901.0000000000000000 37.0699881376037936 33718.2825280000033672
478 0.9024517475221701 45911.0000000000000000 37.1360665478312555 33733.1715840000033495
479 0.9027415521938214 46090.0000000000000000 37.2467222884386189 33996.3536959999983083
480 0.9032632006027937 46126.0000000000000000 37.4475733972438576 34049.4678080000012415
481 0.9038428099460963 46283.0000000000000000 37.6732971669680552 34281.5010560000009718
482 0.9043644583550687 46397.0000000000000000 37.8787878787878753 34450.4939840000006370
483 0.9047701848953805 46441.0000000000000000 38.0401704199634807 34515.8423039999979665
484 0.9050599895670318 46478.0000000000000000 38.1562881562881557 34570.8441919999968377
485 0.9054657161073436 46482.0000000000000000 38.3200490496627850 34576.8246720000024652
486 0.9059873645163160 46662.0000000000000000 38.5326757090012322 34844.7563519999966957
487 0.9064510519909581 46695.0000000000000000 38.7236679058240369 34894.0484480000013718
488 0.9068567785312699 46835.0000000000000000 38.8923459863098913 35103.4801599999991595
489 0.9070886222685910 46913.0000000000000000 38.9893948845913911 35220.4011840000021039
490 0.9075523097432331 46941.0000000000000000 39.1849529780564296 35262.4486719999986235
491 0.9080159972178752 46988.0000000000000000 39.3824826717076277 35333.2887039999986882
492 0.9083058018895265 47002.0000000000000000 39.5069532237673826 35354.3504640000028303
493 0.9090013331014896 47096.0000000000000000 39.8089171974522316 35495.8240000000005239
494 0.9096389033791225 47135.0000000000000000 40.0898011545862758 35554.6481599999970058
495 0.9099866689851041 47252.0000000000000000 40.2446877012234410 35731.2186880000008387
496 0.9101605517880949 47326.0000000000000000 40.3225806451612883 35843.1648960000020452
497 0.9105662783284066 47401.0000000000000000 40.5055087491898931 35956.8121279999977560
498 0.9111458876717092 47474.0000000000000000 40.7697325505544654 36067.6965120000022580
499 0.9113777314090303 47486.0000000000000000 40.8763897972531041 36085.9818240000022342
500 0.9117834579493421 47533.0000000000000000 41.0643889618922486 36157.6685119999965536
501 0.9122471454239842 47694.0000000000000000 41.2813738441215321 36402.8754879999978584
502 0.9125369500956355 47708.0000000000000000 41.4181577203446025 36424.2490560000005644
503 0.9129426766359474 47735.0000000000000000 41.6111850865512665 36465.5030079999996815
504 0.9133484031762592 48029.0000000000000000 41.8060200668896300 36915.0218240000031074
505 0.9135802469135802 48047.0000000000000000 41.9181757209926218 36942.6936320000022533
506 0.9139280125195618 48103.0000000000000000 42.0875420875420900 37028.8436799999981304
507 0.9142757781255434 48125.0000000000000000 42.2582826233941873 37062.7219519999998738
508 0.9146815046658552 48210.0000000000000000 42.4592391304347814 37193.7213760000013281
509 0.9150872312061671 48264.0000000000000000 42.6621160409556310 37277.0633600000001024
510 0.9157827624181302 48322.0000000000000000 43.0144528561596715 37366.6962239999993471
511 0.9160146061554513 48338.0000000000000000 43.1331953071083518 37391.4605759999976726
512 0.9163044108271026 48368.0000000000000000 43.2825484764542949 37437.8756799999973737
513 0.9166521764330841 48447.0000000000000000 43.4631432545201690 37560.2169599999979255
514 0.9172317857763868 48540.0000000000000000 43.7675070028011177 37704.4863679999980377
515 0.9174056685793776 48544.0000000000000000 43.8596491228070207 37710.7008960000021034
516 0.9178693560540195 48685.0000000000000000 44.1072688779110820 37929.9619840000013937
517 0.9183330435286616 48758.0000000000000000 44.3577004968062454 38043.7495360000029905
518 0.9188546919376340 48797.0000000000000000 44.6428571428571459 38104.6555200000002515
519 0.9190285747406248 48801.0000000000000000 44.7387258410880477 38110.9165120000034221
520 0.9193183794122761 48889.0000000000000000 44.8994252873563227 38248.3759680000002845
521 0.9196081840839274 48909.0000000000000000 45.0612833453496791 38279.6848000000027241
522 0.9200139106242393 48969.0000000000000000 45.2898550724637659 38373.6496320000005653
523 0.9205355590332116 49099.0000000000000000 45.5871626549963551 38577.5335679999989225
524 0.9209992465078537 49168.0000000000000000 45.8547322083639060 38686.0254720000011730
525 0.9212310902451748 49194.0000000000000000 45.9896983075791042 38726.9393920000002254
526 0.9214629339824958 49305.0000000000000000 46.1254612546125458 38901.7705599999972037
527 0.9216368167854866 49313.0000000000000000 46.2278106508875766 38914.4171520000018063
528 0.9220425433257984 49490.0000000000000000 46.4684014869888458 39193.8752319999985048
529 0.9223903089317800 49572.0000000000000000 46.6766243465272623 39323.7996159999966039
530 0.9227380745377616 49704.0000000000000000 46.8867216804201021 39533.3581760000015493
531 0.9230858401437431 49800.0000000000000000 47.0987189148455130 39686.1003520000012941
532 0.9233756448153945 50080.0000000000000000 47.2768532526475056 40133.0506559999994352
533 0.9238393322900366 50239.0000000000000000 47.5646879756468763 40388.1615359999996144
534 0.9241870978960181 50251.0000000000000000 47.7828746177370007 40407.4771200000031968
535 0.9245348635019996 50415.0000000000000000 48.0030721966205860 40671.4684160000033444
536 0.9247667072393208 50473.0000000000000000 48.1510015408320484 40765.0604160000002594
537 0.9251144728453022 50479.0000000000000000 48.3746130030959733 40774.7584639999986393
538 0.9251724337796325 50596.0000000000000000 48.4120836560805543 40963.7518399999971734
539 0.9254042775169535 50620.0000000000000000 48.5625485625485638 41002.6155839999992168
540 0.9255781603199443 50633.0000000000000000 48.6760124610591873 41023.6768319999973755
541 0.9258679649915956 50653.0000000000000000 48.8663017982799062 41056.0869440000024042
542 0.9260418477945864 50672.0000000000000000 48.9811912225705299 41086.8883839999980410
543 0.9263316524662377 50751.0000000000000000 49.1738788355625474 41215.0561919999963720
544 0.9267953399408798 50793.0000000000000000 49.4853523357086331 41283.3007040000011330
545 0.9270271836782009 50824.0000000000000000 49.6425734710087383 41333.6970240000009653
546 0.9274908711528430 50935.0000000000000000 49.9600319744204668 41514.3521919999984675
547 0.9277227148901640 50982.0000000000000000 50.1202886928628715 41590.9712960000033490
548 0.9280704804961456 51009.0000000000000000 50.3626107977437556 41635.0364479999989271
549 0.9283602851677969 51025.0000000000000000 50.5663430420711961 41661.1575359999987995
550 0.9286500898394482 51035.0000000000000000 50.7717303005686418 41677.4969280000004801
551 0.9290558163797601 51118.0000000000000000 51.0620915032679719 41813.0734719999964000
552 0.9292296991827508 51221.0000000000000000 51.1875511875511862 41981.5995519999996759
553 0.9296354257230627 51264.0000000000000000 51.4827018121911024 42052.0999359999987064
554 0.9300991131977048 51299.0000000000000000 51.8242122719734652 42109.5488639999966836
555 0.9303889178693561 51366.0000000000000000 52.0399666944213166 42219.5814079999981914
556 0.9306787225410074 51471.0000000000000000 52.2575250836120375 42392.2202560000005178
557 0.9308526053439982 51481.0000000000000000 52.3889354568315184 42408.6954560000012862
558 0.9310844490813192 51523.0000000000000000 52.5651808242220326 42477.8988479999970878
559 0.9315481365559612 51541.0000000000000000 52.9212531752751900 42507.6525120000005700
560 0.9318379412276125 51578.0000000000000000 53.1462585034013628 42568.6916479999999865
561 0.9321277458992639 51607.0000000000000000 53.3731853116994017 42616.5767679999989923
562 0.9323595896365849 51635.0000000000000000 53.5561268209083110 42662.8243199999997159
563 0.9326493943082362 51659.0000000000000000 53.7865748709122187 42702.4903679999988526
564 0.9330551208485480 51709.0000000000000000 54.1125541125541147 42785.1701119999997900
565 0.9332869645858691 51742.0000000000000000 54.3006081668114717 42839.7853759999998147
566 0.9338086129948415 51805.0000000000000000 54.7285464098073575 42944.1527040000000852
567 0.9341563786008230 51852.0000000000000000 55.0176056338028161 43022.0985280000022613
568 0.9342723004694836 51868.0000000000000000 55.1146384479717781 43048.6482879999966826
569 0.9344461832724743 51890.0000000000000000 55.2608311229000861 43085.1679680000015651
570 0.9345621051411349 51912.0000000000000000 55.3587245349867132 43121.7008320000022650
571 0.9346780270097954 51918.0000000000000000 55.4569653948535901 43131.6681919999973616
572 0.9350257926157770 51962.0000000000000000 55.7537912578055312 43204.7906240000011167
573 0.9352576363530980 51990.0000000000000000 55.9534467323187101 43251.3574080000034883
574 0.9354315191560888 52011.0000000000000000 56.1041292639138263 43286.2983999999996740
575 0.9356633628934098 52149.0000000000000000 56.3063063063063041 43516.1519360000020242
576 0.9357213238277401 52149.0000000000000000 56.3570784490531977 43516.1596159999971860
577 0.9361270503680519 52209.0000000000000000 56.7150635208711407 43616.3309119999976247
578 0.9364748159740335 52356.0000000000000000 57.0255474452554765 43862.1647040000025299
579 0.9365327769083638 52360.0000000000000000 57.0776255707762559 43868.8662719999992987
580 0.9367646206456848 52411.0000000000000000 57.2868927589367587 43954.3464640000020154
581 0.9368805425143454 52429.0000000000000000 57.3921028466482994 43984.5368640000015148
582 0.9371123862516664 52443.0000000000000000 57.6036866359446975 44008.0332479999997304
583 0.9374601518576480 52550.0000000000000000 57.9240037071362366 44187.7401600000011967
584 0.9377499565292993 52562.0000000000000000 58.1936685288640589 44207.9255039999989094
585 0.9380977221352809 52631.0000000000000000 58.5205992509363284 44324.0344960000002175
586 0.9382136440039414 52657.0000000000000000 58.6303939962476548 44367.8263040000019828
587 0.9383875268069322 52751.0000000000000000 58.7958607714016921 44526.2600319999983185
588 0.9384454877412624 52755.0000000000000000 58.8512241054613909 44533.0121599999984028
589 0.9385614096099230 52761.0000000000000000 58.9622641509433976 44543.1413759999995818
590 0.9387932533472440 52769.0000000000000000 59.1856060606060623 44556.6643200000034994
591 0.9391410189532255 52841.0000000000000000 59.5238095238095255 44678.3057919999992009
592 0.9392569408218860 52845.0000000000000000 59.6374045801526691 44685.0695679999989807
593 0.9396047064278676 52900.0000000000000000 59.9808061420345524 44778.1107520000005024
594 0.9398365501651886 52914.0000000000000000 60.2119460500963370 44801.8333120000024792
595 0.9401843157711702 52924.0000000000000000 60.5620155038759691 44818.7733440000010887
596 0.9404161595084912 52984.0000000000000000 60.7976653696498062 44920.4044480000011390
597 0.9405320813771518 52992.0000000000000000 60.9161793372319664 44933.9688640000022133
598 0.9407639251144728 53176.0000000000000000 61.1545988258317053 45246.3273600000029546
599 0.9413435344577754 53248.0000000000000000 61.7588932806324138 45368.9141440000021248
600 0.9415753781950965 53274.0000000000000000 62.0039682539682531 45413.2224960000021383
601 0.9416913000637570 53278.0000000000000000 62.1272365805169002 45420.0416960000002291
602 0.9418651828667478 53288.0000000000000000 62.3130608175473597 45437.0920639999967534
603 0.9420390656697386 53339.0000000000000000 62.5000000000000000 45524.0719679999965592
604 0.9422709094070596 53371.0000000000000000 62.7510040160642575 45578.7061119999998482
605 0.9423288703413899 53375.0000000000000000 62.8140703517587937 45585.5376000000032946
606 0.9424447922100504 53401.0000000000000000 62.9405840886203407 45629.9491839999973308
607 0.9427345968817017 53466.0000000000000000 63.2591093117408931 45741.0484159999978147
608 0.9427925578160320 53470.0000000000000000 63.3232016210739630 45747.8920639999996638
609 0.9429084796846925 53478.0000000000000000 63.4517766497461935 45761.5807679999998072
610 0.9430823624876833 53498.0000000000000000 63.6456211812627259 45795.8106560000014724
611 0.9431403234220136 53525.0000000000000000 63.7104994903160033 45842.0329280000005383
612 0.9434301280936649 53539.0000000000000000 64.0368852459016438 45866.0319680000029621
613 0.9436040108966557 53549.0000000000000000 64.2343268242548788 45883.1650880000015604
614 0.9438358546339767 53557.0000000000000000 64.4994840041279645 45896.9072959999975865
615 0.9438938155683070 53557.0000000000000000 64.5661157024793368 45896.9805120000019087
616 0.9440676983712978 53589.0000000000000000 64.7668393782383447 45951.8295359999974607
617 0.9442415811742886 53615.0000000000000000 64.9688149688149679 45996.4214720000018133
618 0.9444734249116096 53625.0000000000000000 65.2400835073068919 46013.5795520000028773
619 0.9446473077146004 53676.0000000000000000 65.4450261780104654 46101.1019519999972545
620 0.9447632295832609 53684.0000000000000000 65.5823714585519468 46114.8464000000021770
621 0.9449371123862517 53692.0000000000000000 65.7894736842105203 46128.5950079999965965
622 0.9454007998608938 53742.0000000000000000 66.3481953290870479 46214.5360000000000582
623 0.9456906045325451 53790.0000000000000000 66.7022411953041683 46297.1102079999982379
624 0.9458644873355359 53810.0000000000000000 66.9164882226980779 46331.5393919999987702
625 0.9459804092041963 53840.0000000000000000 67.0600858369098773 46383.2041600000011385
626 0.9462702138758476 53949.0000000000000000 67.4217907227615996 46571.0636799999992945
627 0.9463861357445083 53967.0000000000000000 67.5675675675675649 46602.1406080000015208
628 0.9465600185474989 53973.0000000000000000 67.7874186550976106 46612.5102079999996931
629 0.9467918622848200 54037.0000000000000000 68.0827886710239625 46723.0708480000030249
630 0.9470237060221410 54075.0000000000000000 68.3807439824945362 46788.7964799999972456
631 0.9472555497594621 54091.0000000000000000 68.6813186813186860 46816.4863360000017565
632 0.9473714716281226 54097.0000000000000000 68.8325991189427242 46826.8720640000028652
633 0.9475453544311134 54113.0000000000000000 69.0607734806629878 46854.5719039999967208
634 0.9477771981684344 54145.0000000000000000 69.3673695893451736 46909.9952639999974053
635 0.9480670028400858 54161.0000000000000000 69.7544642857142918 46937.7214719999974477
636 0.9482408856430765 54191.0000000000000000 69.9888017917133283 46989.7244799999971292
637 0.9482988465774068 54191.0000000000000000 70.0672645739910251 46989.7283200000019860
638 0.9484727293803976 54261.0000000000000000 70.3037120359955026 47111.1356159999995725
639 0.9488204949863792 54265.0000000000000000 70.7814269535673901 47118.0895999999993364
640 0.9491102996580305 54301.0000000000000000 71.1845102505694740 47180.6173439999984112
641 0.9494580652640121 54344.0000000000000000 71.6743119266054975 47255.3568959999975050
642 0.9496319480670028 54350.0000000000000000 71.9217491369390132 47265.8099199999996927
643 0.9498058308699936 54360.0000000000000000 72.1709006928406467 47283.2028159999972559
644 0.9499797136729844 54376.0000000000000000 72.4217844727694029 47311.0405119999995804
645 0.9500376746073147 54380.0000000000000000 72.5058004640371223 47318.0006399999983842
646 0.9502115574103055 54425.0000000000000000 72.7590221187427204 47396.3242240000035963
647 0.9503274792789660 54471.0000000000000000 72.9288214702450404 47476.4432000000015250
648 0.9505013620819568 54504.0000000000000000 73.1850117096018806 47533.9740479999964009
649 0.9507332058192778 54581.0000000000000000 73.5294117647058840 47668.3073599999988801
650 0.9509650495565989 54632.0000000000000000 73.8770685579196282 47757.4088960000008228
651 0.9510809714252594 54634.0000000000000000 74.0521327014217974 47760.9057279999979073
652 0.9511968932939199 54638.0000000000000000 74.2280285035629390 47767.8990080000003218
653 0.9511968932939199 54638.0000000000000000 74.2280285035629390 47767.8990080000003218
654 0.9513707760969107 54661.0000000000000000 74.4934445768772378 47808.1146880000014789
655 0.9516026198342318 54836.0000000000000000 74.8502994011976028 48114.4559040000021923
656 0.9517185417028923 54848.0000000000000000 75.0300120048019181 48135.5152319999979227
657 0.9520083463745436 54917.0000000000000000 75.4830917874396192 48256.6384959999995772
658 0.9520083463745436 54917.0000000000000000 75.4830917874396192 48256.6384959999995772
659 0.9521242682432041 54921.0000000000000000 75.6658595641646485 48263.6698560000004363
660 0.9523561119805252 54931.0000000000000000 76.0340632603406306 48281.2489920000007260
661 0.9525879557178462 54949.0000000000000000 76.4058679706601538 48312.8959039999972447
662 0.9528197994551673 54969.0000000000000000 76.7813267813267828 48348.0674880000005942
663 0.9529936822581579 54999.0000000000000000 77.0653514180024644 48400.8457920000000740
664 0.9530516431924883 54999.0000000000000000 77.1604938271604937 48400.8504000000029919
665 0.9532834869298094 55022.0000000000000000 77.5434243176178626 48441.3386240000036196
666 0.9533994087984698 55090.0000000000000000 77.7363184079601979 48561.1002880000014557
667 0.9535153306671303 55092.0000000000000000 77.9301745635910237 48564.6270080000031157
668 0.9536312525357908 55121.0000000000000000 78.1250000000000000 48615.7555839999986347
669 0.9536892134701211 55125.0000000000000000 78.2227784730913669 48622.8110719999967841
670 0.9539210572074421 55217.0000000000000000 78.6163522012578682 48785.1608960000012303
671 0.9541529009447632 55239.0000000000000000 79.0139064475347652 48824.0434559999994235
672 0.9542688228134237 55247.0000000000000000 79.2141951837769369 48838.1851519999981974
673 0.9545586274850750 55281.0000000000000000 79.7193877551020478 48898.3050240000011399
674 0.9546165884194053 55293.0000000000000000 79.8212005108556895 48919.5329280000005383
675 0.9548484321567263 55312.0000000000000000 80.2310654685494171 48953.1584959999963758
676 0.9550802758940474 55316.0000000000000000 80.6451612903225765 48960.2397120000023278
677 0.9551382368283776 55316.0000000000000000 80.7493540051679588 48960.2412479999984498
678 0.9551961977627079 55326.0000000000000000 80.8538163001293668 48977.9423680000036256
679 0.9553700805656987 55332.0000000000000000 81.1688311688311757 48988.5837759999994887
680 0.9555439633686895 55417.0000000000000000 81.4863102998696149 49139.1516479999991134
681 0.9556019243030197 55423.0000000000000000 81.5926892950391647 49149.7917119999983697
682 0.9557178461716803 55489.0000000000000000 81.8062827225130889 49266.8798079999978654
683 0.9560076508433316 55505.0000000000000000 82.3451910408432184 49295.2937600000004750
684 0.9561815336463224 55555.0000000000000000 82.6719576719576708 49384.1230080000023008
685 0.9562394945806526 55572.0000000000000000 82.7814569536423903 49414.3449279999986175
686 0.9562974555149829 55574.0000000000000000 82.8912466843501363 49417.9015359999975772
687 0.9564713383179737 55584.0000000000000000 83.2223701731025329 49435.7115199999971082
688 0.9564713383179737 55584.0000000000000000 83.2223701731025329 49435.7115199999971082
689 0.9565292992523039 55594.0000000000000000 83.3333333333333286 49453.4983999999967637
690 0.9565872601866342 55594.0000000000000000 83.4445927903871763 49453.4990400000024238
691 0.9566452211209645 55614.0000000000000000 83.5561497326203266 49489.0792000000001281
692 0.9567031820552947 55618.0000000000000000 83.6680053547523386 49496.1977919999990263
693 0.9569350257926158 55665.0000000000000000 84.1184387617765879 49579.8601280000002589
694 0.9572827913985974 55802.0000000000000000 84.8032564450474950 49824.1211840000032680
695 0.9575146351359184 55821.0000000000000000 85.2660300136425633 49858.0700159999978496
696 0.9576305570045789 55827.0000000000000000 85.4993160054719539 49868.7898239999994985
697 0.9576885179389092 55850.0000000000000000 85.6164383561643803 49909.8784959999975399
698 0.9578044398075697 55905.0000000000000000 85.8516483516483504 50008.1801279999999679
699 0.9579783226105605 55959.0000000000000000 86.2068965517241423 50104.7962560000014491
700 0.9581522054135513 55967.0000000000000000 86.5650969529085899 50119.1224000000001979
701 0.9582681272822118 55982.0000000000000000 86.8055555555555571 50145.9873280000028899
702 0.9583840491508723 55982.0000000000000000 87.0473537604456880 50145.9947519999986980
703 0.9585579319538631 55994.0000000000000000 87.4125874125874134 50167.4968319999970845
704 0.9586158928881934 55994.0000000000000000 87.5350140056022354 50167.4970879999964382
705 0.9587897756911842 56019.0000000000000000 87.9043600562587955 50212.2961920000016107
706 0.9588477366255144 56044.0000000000000000 88.0281690140845114 50257.1113919999988866
707 0.9590216194285052 56050.0000000000000000 88.4016973125883965 50267.8816319999968982
708 0.9591955022314960 56092.0000000000000000 88.7784090909090935 50343.2174400000003516
709 0.9592534631658263 56094.0000000000000000 88.9046941678520568 50346.8073280000025989
710 0.9593114241001565 56098.0000000000000000 89.0313390313390300 50353.9873599999991711
711 0.9595432678374776 56165.0000000000000000 89.5415472779369566 50474.3066560000006575
712 0.9595432678374776 56165.0000000000000000 89.5415472779369566 50474.3066560000006575
713 0.9597171506404684 56216.0000000000000000 89.9280575539568332 50565.9927039999965928
714 0.9598330725091289 56229.0000000000000000 90.1875901875901889 50589.3795840000020689
715 0.9598910334434592 56233.0000000000000000 90.3179190751445020 50596.5768959999986691
716 0.9600069553121197 56239.0000000000000000 90.5797101449275317 50607.3738880000018980
717 0.9600069553121197 56239.0000000000000000 90.5797101449275317 50607.3738880000018980
718 0.9600069553121197 56239.0000000000000000 90.5797101449275317 50607.3738880000018980
719 0.9600649162464499 56243.0000000000000000 90.7111756168359875 50614.5724800000025425
720 0.9602967599837710 56278.0000000000000000 91.2408759124087538 50677.5778239999999641
721 0.9605286037210919 56370.0000000000000000 91.7767988252569751 50843.3215039999995497
722 0.9606445255897526 56390.0000000000000000 92.0471281296023562 50879.4003519999969285
723 0.9607024865240827 56390.0000000000000000 92.1828908554572308 50879.4007360000032349
724 0.9607604474584130 56392.0000000000000000 92.3190546528803537 50883.0096960000009858
725 0.9608184083927432 56402.0000000000000000 92.4556213017751531 50901.0551360000026762
726 0.9609922911957340 56431.0000000000000000 92.8677563150074263 50953.4016320000009728
727 0.9610502521300643 56456.0000000000000000 93.0059523809523796 50998.5464320000028238
728 0.9610502521300643 56456.0000000000000000 93.0059523809523796 50998.5464320000028238
729 0.9612820958673853 56473.0000000000000000 93.5628742514970071 51029.2619520000007469
730 0.9613980177360459 56511.0000000000000000 93.8438438438438425 51097.9443840000021737
731 0.9614559786703761 56513.0000000000000000 93.9849624060150433 51101.5610880000022007
732 0.9615139396047064 56539.0000000000000000 94.1265060240963862 51148.5799039999983506
733 0.9615719005390367 56539.0000000000000000 94.2684766214178040 51148.5848960000002990
734 0.9616878224076972 56573.0000000000000000 94.5537065052950112 51210.1047039999975823
735 0.9618037442763577 56581.0000000000000000 94.8406676783004485 51224.5879039999999804
736 0.9618617052106880 56583.0000000000000000 94.9848024316109445 51228.2090880000032485
737 0.9619196661450182 56583.0000000000000000 95.1293759512937527 51228.2170879999976023
738 0.9619776270793485 56587.0000000000000000 95.2743902439024453 51235.4597120000034920
739 0.9620935489480090 56599.0000000000000000 95.5657492354740015 51257.1897600000011153
740 0.9620935489480090 56599.0000000000000000 95.5657492354740015 51257.1897600000011153
741 0.9623253926853301 56627.0000000000000000 96.1538461538461604 51307.9107839999996941
742 0.9623833536196603 56644.0000000000000000 96.3020030816640968 51338.7158720000006724
743 0.9624992754883209 56684.0000000000000000 96.5996908809891863 51411.2267199999987497
744 0.9626151973569814 56688.0000000000000000 96.8992248062015449 51418.4848320000019157
745 0.9627890801599722 56758.0000000000000000 97.3520249221183747 51545.4925759999969159
746 0.9628470410943024 56760.0000000000000000 97.5039001560062388 51549.1250880000006873
747 0.9630209238972932 56809.0000000000000000 97.9623824451410599 51638.1356480000031297
748 0.9630788848316235 56833.0000000000000000 98.1161695447409699 51681.7649600000004284
749 0.9632527676346143 56857.0000000000000000 98.5804416403785524 51725.4403519999978016
750 0.9633107285689445 56857.0000000000000000 98.7361769352290679 51725.4616640000022016
751 0.9633686895032748 56887.0000000000000000 98.8924050632911360 51780.0443840000007185
752 0.9633686895032748 56887.0000000000000000 98.8924050632911360 51780.0443840000007185
753 0.9633686895032748 56887.0000000000000000 98.8924050632911360 51780.0443840000007185
754 0.9634846113719353 56924.0000000000000000 99.2063492063492021 51847.3988479999970878
755 0.9634846113719353 56924.0000000000000000 99.2063492063492021 51847.3988479999970878
756 0.9636005332405958 56928.0000000000000000 99.5222929936305718 51854.7081600000019534
757 0.9637744160435866 56948.0000000000000000 100.0000000000000000 51891.1450239999976475
758 0.9637744160435866 56948.0000000000000000 100.0000000000000000 51891.1450239999976475
759 0.9638903379122471 56960.0000000000000000 100.3210272873194242 51913.0133120000027702
760 0.9639482988465774 56970.0000000000000000 100.4823151125401921 51931.2405119999966701
761 0.9640642207152379 56988.0000000000000000 100.8064516129032313 51964.0577919999996084
762 0.9640642207152379 56988.0000000000000000 100.8064516129032313 51964.0577919999996084
763 0.9642381035182287 57056.0000000000000000 101.2965964343597989 52088.1058239999983925
764 0.9642381035182287 57056.0000000000000000 101.2965964343597989 52088.1058239999983925
765 0.9644119863212195 57088.0000000000000000 101.7915309446254071 52146.5389760000034585
766 0.9644119863212195 57088.0000000000000000 101.7915309446254071 52146.5389760000034585
767 0.9644119863212195 57088.0000000000000000 101.7915309446254071 52146.5389760000034585
768 0.9644699472555498 57092.0000000000000000 101.9575856443719459 52153.8462399999989429
769 0.9645279081898800 57092.0000000000000000 102.1241830065359437 52153.9060800000006566
770 0.9645858691242103 57094.0000000000000000 102.2913256955810084 52157.5599680000013905
771 0.9646438300585406 57115.0000000000000000 102.4590163934426243 52195.9271359999984270
772 0.9648177128615313 57173.0000000000000000 102.9654036243822048 52301.9444159999984549
773 0.9649336347301919 57199.0000000000000000 103.3057851239669418 52349.5169600000008359
774 0.9650495565988524 57205.0000000000000000 103.6484245439469305 52360.4994240000014543
775 0.9651654784675129 57215.0000000000000000 103.9933444259567352 52378.8057919999992009
776 0.9652234394018432 57226.0000000000000000 104.1666666666666714 52398.9454719999994268
777 0.9653393612705037 57230.0000000000000000 104.5150501672240750 52406.2750079999968875
778 0.9654552831391642 57240.0000000000000000 104.8657718120805384 52424.5893760000035400
779 0.9655132440734945 57259.0000000000000000 105.0420168067226854 52459.3912960000016028
780 0.9655132440734945 57259.0000000000000000 105.0420168067226854 52459.3912960000016028
781 0.9656871268764853 57328.0000000000000000 105.5743243243243228 52585.8468159999974887
782 0.9656871268764853 57328.0000000000000000 105.5743243243243228 52585.8468159999974887
783 0.9656871268764853 57328.0000000000000000 105.5743243243243228 52585.8468159999974887
784 0.9658030487451458 57338.0000000000000000 105.9322033898305051 52604.2438719999991008
785 0.9659189706138063 57363.0000000000000000 106.2925170068027256 52650.1190720000013243
786 0.9659189706138063 57363.0000000000000000 106.2925170068027256 52650.1190720000013243
787 0.9659769315481366 57365.0000000000000000 106.4735945485519579 52653.7903040000019246
788 0.9660348924824668 57420.0000000000000000 106.6552901023890740 52754.7527039999986300
789 0.9660348924824668 57420.0000000000000000 106.6552901023890740 52754.7527039999986300
790 0.9662087752854576 57464.0000000000000000 107.2041166380789008 52835.6160640000016429
791 0.9662667362197879 57464.0000000000000000 107.3883161512027442 52835.6170879999990575
792 0.9662667362197879 57464.0000000000000000 107.3883161512027442 52835.6170879999990575
793 0.9663246971541182 57475.0000000000000000 107.5731497418244373 52855.8444159999999101
794 0.9663826580884484 57564.0000000000000000 107.7586206896551744 53019.5332160000034492
795 0.9664406190227787 57564.0000000000000000 107.9447322970639078 53019.5334720000028028
796 0.9666145018257695 57620.0000000000000000 108.5069444444444429 53122.7177599999995437
797 0.9666724627600997 57716.0000000000000000 108.6956521739130466 53299.7263999999995576
798 0.9666724627600997 57716.0000000000000000 108.6956521739130466 53299.7263999999995576
799 0.9667883846287603 57724.0000000000000000 109.0750436300174471 53314.5022079999980633
800 0.9668463455630905 57728.0000000000000000 109.2657342657342667 53321.8908799999990151
801 0.9669622674317510 57750.0000000000000000 109.6491228070175481 53362.5352320000019972
802 0.9670781893004116 57800.0000000000000000 110.0352112676056322 53454.9383040000029723
803 0.9671941111690721 57804.0000000000000000 110.4240282685512398 53462.3448639999987790
804 0.9673679939720629 57837.0000000000000000 111.0124333925399611 53523.3881279999986873
805 0.9673679939720629 57837.0000000000000000 111.0124333925399611 53523.3881279999986873
806 0.9673679939720629 57837.0000000000000000 111.0124333925399611 53523.3881279999986873
807 0.9674839158407234 57876.0000000000000000 111.4081996434937594 53595.5750400000033551
808 0.9675418767750537 57876.0000000000000000 111.6071428571428612 53595.5791360000002896
809 0.9677737205123746 57884.0000000000000000 112.4100719424460380 53610.4019199999966077
810 0.9678896423810351 57900.0000000000000000 112.8158844765342934 53640.0400640000007115
811 0.9678896423810351 57900.0000000000000000 112.8158844765342934 53640.0400640000007115
812 0.9680055642496957 57904.0000000000000000 113.2246376811594217 53647.4547840000013821
813 0.9680635251840259 57904.0000000000000000 113.4301270417422813 53647.4550400000007357
814 0.9680635251840259 57904.0000000000000000 113.4301270417422813 53647.4550400000007357
815 0.9680635251840259 57904.0000000000000000 113.4301270417422813 53647.4550400000007357
816 0.9681214861183562 57909.0000000000000000 113.6363636363636402 53656.7196800000019721
817 0.9682374079870167 57923.0000000000000000 114.0510948905109530 53682.6641919999965467
818 0.9682374079870167 57923.0000000000000000 114.0510948905109530 53682.6641919999965467
819 0.9682953689213470 57950.0000000000000000 114.2595978062157229 53732.7096640000017942
820 0.9682953689213470 57950.0000000000000000 114.2595978062157229 53732.7096640000017942
821 0.9684112907900075 57954.0000000000000000 114.6788990825688046 53740.1276480000014999
822 0.9684692517243378 58002.0000000000000000 114.8897058823529420 53829.1449920000013663
823 0.9684692517243378 58002.0000000000000000 114.8897058823529420 53829.1449920000013663
824 0.9685272126586680 58008.0000000000000000 115.1012891344383036 53840.2813759999989998
825 0.9685272126586680 58008.0000000000000000 115.1012891344383036 53840.2813759999989998
826 0.9686431345273285 58016.0000000000000000 115.5268022181145966 53855.1319359999979497
827 0.9686431345273285 58016.0000000000000000 115.5268022181145966 53855.1319359999979497
828 0.9687010954616588 58024.0000000000000000 115.7407407407407476 53869.9840320000002976
829 0.9687590563959891 58036.0000000000000000 115.9554730983302449 53892.2652480000033393
830 0.9688749782646496 58046.0000000000000000 116.3873370577281179 53910.8375359999990906
831 0.9689329391989799 58050.0000000000000000 116.6044776119402968 53918.2674239999978454
832 0.9690488610676404 58086.0000000000000000 117.0411985018726568 53985.1426240000000689
833 0.9691068220019706 58090.0000000000000000 117.2607879924953096 53992.5776320000004489
834 0.9691647829363009 58092.0000000000000000 117.4812030075188005 53996.2953919999999925
835 0.9692807048049614 58102.0000000000000000 117.9245283018867951 54014.8856000000014319
836 0.9693386657392917 58106.0000000000000000 118.1474480151228761 54022.3226559999966412
837 0.9693966266736220 58142.0000000000000000 118.3712121212121247 54089.2607680000000983
838 0.9693966266736220 58142.0000000000000000 118.3712121212121247 54089.2607680000000983
839 0.9694545876079522 58146.0000000000000000 118.5958254269449696 54096.7029439999969327
840 0.9695125485422825 58158.0000000000000000 118.8212927756653983 54119.0310079999981099
841 0.9695705094766127 58160.0000000000000000 119.0476190476190510 54122.7531200000012177
842 0.9695705094766127 58160.0000000000000000 119.0476190476190510 54122.7531200000012177
843 0.9696864313452733 58166.0000000000000000 119.5028680688336493 54133.9200960000016494
844 0.9698603141482641 58190.0000000000000000 120.1923076923076934 54178.5959359999978915
845 0.9699762360169246 58192.0000000000000000 120.6563706563706546 54182.3203520000024582
846 0.9700921578855851 58200.0000000000000000 121.1240310077519382 54197.2180159999988973
847 0.9701501188199154 58206.0000000000000000 121.3592233009708679 54208.3924160000024131
848 0.9702080797542456 58206.0000000000000000 121.5953307392996123 54208.3926720000017667
849 0.9702080797542456 58206.0000000000000000 121.5953307392996123 54208.3926720000017667
850 0.9702660406885759 58206.0000000000000000 121.8323586744639329 54208.3929280000011204
851 0.9703240016229061 58236.0000000000000000 122.0703125000000000 54264.2706879999968805
852 0.9704399234915667 58249.0000000000000000 122.5490196078431353 54288.4980159999977332
853 0.9704978844258969 58276.0000000000000000 122.7897838899803560 54338.8251519999976153
854 0.9705558453602272 58280.0000000000000000 123.0314960629921330 54346.2844800000020768
855 0.9706138062945575 58284.0000000000000000 123.2741617357002042 54353.7443199999979697
856 0.9706717672288877 58286.0000000000000000 123.5177865612648276 54357.4744960000025458
857 0.9708456500318785 58355.0000000000000000 124.2544731610338005 54486.1785600000002887
858 0.9708456500318785 58355.0000000000000000 124.2544731610338005 54486.1785600000002887
859 0.9709036109662088 58357.0000000000000000 124.5019920318725042 54489.9132800000006682
860 0.9709615719005390 58367.0000000000000000 124.7504990019960047 54508.5875200000009499
861 0.9709615719005390 58367.0000000000000000 124.7504990019960047 54508.5875200000009499
862 0.9709615719005390 58367.0000000000000000 124.7504990019960047 54508.5875200000009499
863 0.9710195328348693 58391.0000000000000000 125.0000000000000000 54553.4133759999967879
864 0.9712513765721903 58409.0000000000000000 126.0080645161290391 54587.0504319999963627
865 0.9712513765721903 58409.0000000000000000 126.0080645161290391 54587.0504319999963627
866 0.9712513765721903 58409.0000000000000000 126.0080645161290391 54587.0504319999963627
867 0.9713672984408509 58415.0000000000000000 126.5182186234817863 54598.2652159999997821
868 0.9714252593751811 58421.0000000000000000 126.7748478701825547 54609.4808960000009392
869 0.9715411812438417 58429.0000000000000000 127.2912423625254519 54624.4385919999986072
870 0.9715991421781719 58433.0000000000000000 127.5510204081632679 54631.9175039999972796
871 0.9717150640468324 58455.0000000000000000 128.0737704918032875 54673.0592000000033295
872 0.9717730249811627 58455.0000000000000000 128.3367556468172381 54673.0599680000013905
873 0.9718889468498232 58491.0000000000000000 128.8659793814433101 54740.4023040000029141
874 0.9720628296528140 58501.0000000000000000 129.6680497925311215 54759.1204480000014883
875 0.9721207905871443 58511.0000000000000000 129.9376299376299357 54777.8407680000018445
876 0.9722367124558048 58515.0000000000000000 130.4801670146137837 54785.3309440000011818
877 0.9722367124558048 58515.0000000000000000 130.4801670146137837 54785.3309440000011818
878 0.9722946733901351 58519.0000000000000000 130.7531380753138137 54792.8208640000011656
879 0.9723526343244653 58525.0000000000000000 131.0272536687631089 54804.0565120000028401
880 0.9723526343244653 58525.0000000000000000 131.0272536687631089 54804.0565120000028401
881 0.9725265171274561 58537.0000000000000000 131.8565400843881719 54826.5316479999964940
882 0.9725844780617864 58539.0000000000000000 132.1353065539111924 54830.2780159999965690
883 0.9726424389961166 58543.0000000000000000 132.4152542372881385 54837.7710080000033486
884 0.9727003999304469 58547.0000000000000000 132.6963906581740957 54845.2645120000015595
885 0.9728163217991074 58563.0000000000000000 133.2622601279317678 54875.2408320000031381
886 0.9728163217991074 58563.0000000000000000 133.2622601279317678 54875.2408320000031381
887 0.9728163217991074 58563.0000000000000000 133.2622601279317678 54875.2408320000031381
888 0.9729322436677679 58569.0000000000000000 133.8329764453961559 54886.4851839999973890
889 0.9729902046020982 58579.0000000000000000 134.1201716738197547 54905.2272640000010142
890 0.9729902046020982 58579.0000000000000000 134.1201716738197547 54905.2272640000010142
891 0.9729902046020982 58579.0000000000000000 134.1201716738197547 54905.2272640000010142
892 0.9729902046020982 58579.0000000000000000 134.1201716738197547 54905.2272640000010142
893 0.9730481655364285 58585.0000000000000000 134.4086021505376323 54916.4744320000027074
894 0.9730481655364285 58585.0000000000000000 134.4086021505376323 54916.4744320000027074
895 0.9731061264707587 58587.0000000000000000 134.6982758620689538 54920.2238720000023022
896 0.9731061264707587 58587.0000000000000000 134.6982758620689538 54920.2238720000023022
897 0.9732220483394193 58591.0000000000000000 135.2813852813852691 54927.7232640000001993
898 0.9732220483394193 58591.0000000000000000 135.2813852813852691 54927.7232640000001993
899 0.9732800092737495 58595.0000000000000000 135.5748373101952211 54935.2229119999974500
900 0.9733379702080798 58595.0000000000000000 135.8695652173913118 54935.2244480000008480
901 0.9734538920767403 58614.0000000000000000 136.4628820960698761 54970.8521279999986291
902 0.9735698139454008 58620.0000000000000000 137.0614035087719174 54982.1062719999972614
903 0.9735698139454008 58620.0000000000000000 137.0614035087719174 54982.1062719999972614
904 0.9736277748797311 58626.0000000000000000 137.3626373626373720 54993.3613120000009076
905 0.9736277748797311 58626.0000000000000000 137.3626373626373720 54993.3613120000009076
906 0.9736277748797311 58626.0000000000000000 137.3626373626373720 54993.3613120000009076
907 0.9736857358140614 58636.0000000000000000 137.6651982378854484 55012.1216320000021369
908 0.9736857358140614 58636.0000000000000000 137.6651982378854484 55012.1216320000021369
909 0.9736857358140614 58636.0000000000000000 137.6651982378854484 55012.1216320000021369
910 0.9736857358140614 58636.0000000000000000 137.6651982378854484 55012.1216320000021369
911 0.9737436967483916 58636.0000000000000000 137.9690949227372982 55012.1218880000014906
912 0.9737436967483916 58636.0000000000000000 137.9690949227372982 55012.1218880000014906
913 0.9737436967483916 58636.0000000000000000 137.9690949227372982 55012.1218880000014906
914 0.9737436967483916 58636.0000000000000000 137.9690949227372982 55012.1218880000014906
915 0.9737436967483916 58636.0000000000000000 137.9690949227372982 55012.1218880000014906
916 0.9737436967483916 58636.0000000000000000 137.9690949227372982 55012.1218880000014906
917 0.9738016576827219 58636.0000000000000000 138.2743362831858462 55012.1225279999998747
918 0.9738016576827219 58636.0000000000000000 138.2743362831858462 55012.1225279999998747
919 0.9738016576827219 58636.0000000000000000 138.2743362831858462 55012.1225279999998747
920 0.9738016576827219 58636.0000000000000000 138.2743362831858462 55012.1225279999998747
921 0.9738016576827219 58636.0000000000000000 138.2743362831858462 55012.1225279999998747
922 0.9738596186170521 58636.0000000000000000 138.5809312638581048 55012.1227839999992284
923 0.9738596186170521 58636.0000000000000000 138.5809312638581048 55012.1227839999992284
924 0.9740335014200429 58646.0000000000000000 139.5089285714285836 55030.8873279999970691
925 0.9740914623543732 58650.0000000000000000 139.8210290827740607 55038.3940159999983734
926 0.9740914623543732 58650.0000000000000000 139.8210290827740607 55038.3940159999983734
927 0.9740914623543732 58650.0000000000000000 139.8210290827740607 55038.3940159999983734
928 0.9741494232887035 58656.0000000000000000 140.1345291479820503 55049.6548160000020289
929 0.9742653451573640 58672.0000000000000000 140.7657657657657637 55079.6939839999977266
930 0.9743812670260245 58712.0000000000000000 141.4027149321266847 55154.7987520000024233
931 0.9743812670260245 58712.0000000000000000 141.4027149321266847 55154.7987520000024233
932 0.9743812670260245 58712.0000000000000000 141.4027149321266847 55154.7987520000024233
933 0.9744392279603548 58722.0000000000000000 141.7233560090703008 55173.5865919999996549
934 0.9744971888946850 58728.0000000000000000 142.0454545454545325 55184.8612159999975120
935 0.9745551498290153 58732.0000000000000000 142.3690205011389480 55192.3784000000014203
936 0.9746131107633456 58741.0000000000000000 142.6940639269406290 55209.2932159999982105
937 0.9746710716976758 58743.0000000000000000 143.0205949656750590 55213.0526400000017020
938 0.9746710716976758 58743.0000000000000000 143.0205949656750590 55213.0526400000017020
939 0.9748449545006665 58755.0000000000000000 144.0092165898617509 55235.6113600000026054
940 0.9748449545006665 58755.0000000000000000 144.0092165898617509 55235.6113600000026054
941 0.9748449545006665 58755.0000000000000000 144.0092165898617509 55235.6113600000026054
942 0.9749608763693270 58788.0000000000000000 144.6759259259259238 55297.6603519999989658
943 0.9750767982379875 58794.0000000000000000 145.3488372093023315 55308.9479040000005625
944 0.9751927201066481 58810.0000000000000000 146.0280373831775762 55339.0519679999997607
945 0.9752506810409783 58816.0000000000000000 146.3700234192037613 55350.3434879999986151
946 0.9753086419753086 58824.0000000000000000 146.7136150234741763 55365.4003840000004857
947 0.9754245638439691 58834.0000000000000000 147.4056603773584868 55384.2248319999998785
948 0.9754245638439691 58834.0000000000000000 147.4056603773584868 55384.2248319999998785
949 0.9754825247782994 58836.0000000000000000 147.7541371158392565 55387.9902080000028946
950 0.9754825247782994 58836.0000000000000000 147.7541371158392565 55387.9902080000028946
951 0.9755984466469599 58940.0000000000000000 148.4560570071258780 55583.8414720000000671
952 0.9756564075812902 58942.0000000000000000 148.8095238095237960 55587.6136320000005071
953 0.9757143685156204 58946.0000000000000000 149.1646778042959340 55595.1582080000007409
954 0.9757723294499507 58970.0000000000000000 149.5215311004784553 55640.4287360000016633
955 0.9757723294499507 58970.0000000000000000 149.5215311004784553 55640.4287360000016633
956 0.9758882513186112 59035.0000000000000000 150.2403846153846132 55763.0941440000024159
957 0.9758882513186112 59035.0000000000000000 150.2403846153846132 55763.0941440000024159
958 0.9758882513186112 59035.0000000000000000 150.2403846153846132 55763.0941440000024159
959 0.9758882513186112 59035.0000000000000000 150.2403846153846132 55763.0941440000024159
960 0.9759462122529415 59035.0000000000000000 150.6024096385542066 55763.0967040000032284
961 0.9759462122529415 59035.0000000000000000 150.6024096385542066 55763.0967040000032284
962 0.9759462122529415 59035.0000000000000000 150.6024096385542066 55763.0967040000032284
963 0.9760041731872717 59039.0000000000000000 150.9661835748792384 55770.6531840000025113
964 0.9760621341216020 59043.0000000000000000 151.3317191283292971 55778.2101760000005015
965 0.9760621341216020 59043.0000000000000000 151.3317191283292971 55778.2101760000005015
966 0.9761780559902625 59047.0000000000000000 152.0681265206812611 55785.7692160000005970
967 0.9762360169245928 59047.0000000000000000 152.4390243902439011 55785.7705599999972037
968 0.9762360169245928 59047.0000000000000000 152.4390243902439011 55785.7705599999972037
969 0.9762360169245928 59047.0000000000000000 152.4390243902439011 55785.7705599999972037
970 0.9762360169245928 59047.0000000000000000 152.4390243902439011 55785.7705599999972037
971 0.9762939778589231 59057.0000000000000000 152.8117359413203076 55804.6656000000002678
972 0.9762939778589231 59057.0000000000000000 152.8117359413203076 55804.6656000000002678
973 0.9762939778589231 59057.0000000000000000 152.8117359413203076 55804.6656000000002678
974 0.9762939778589231 59057.0000000000000000 152.8117359413203076 55804.6656000000002678
975 0.9764098997275836 59061.0000000000000000 153.5626535626535656 55812.2329600000011851
976 0.9764098997275836 59061.0000000000000000 153.5626535626535656 55812.2329600000011851
977 0.9764098997275836 59061.0000000000000000 153.5626535626535656 55812.2329600000011851
978 0.9764098997275836 59061.0000000000000000 153.5626535626535656 55812.2329600000011851
979 0.9764098997275836 59061.0000000000000000 153.5626535626535656 55812.2329600000011851
980 0.9764678606619138 59065.0000000000000000 153.9408866995073879 55819.7927679999993416
981 0.9764678606619138 59065.0000000000000000 153.9408866995073879 55819.7927679999993416
982 0.9764678606619138 59065.0000000000000000 153.9408866995073879 55819.7927679999993416
983 0.9764678606619138 59065.0000000000000000 153.9408866995073879 55819.7927679999993416
984 0.9765258215962441 59065.0000000000000000 154.3209876543209873 55819.7930239999986952
985 0.9766417434649046 59123.0000000000000000 155.0868486352357252 55929.4407040000005509
986 0.9766417434649046 59123.0000000000000000 155.0868486352357252 55929.4407040000005509
987 0.9766417434649046 59123.0000000000000000 155.0868486352357252 55929.4407040000005509
988 0.9766997043992349 59136.0000000000000000 155.4726368159203957 55954.0358720000003814
989 0.9768156262678954 59146.0000000000000000 156.2500000000000000 55972.9601600000023609
990 0.9769315481365559 59160.0000000000000000 157.0351758793969736 55999.4588480000020354
991 0.9769895090708862 59160.0000000000000000 157.4307304785894246 55999.4594880000004196
992 0.9770474700052165 59164.0000000000000000 157.8282828282828234 56007.0319680000029621
993 0.9770474700052165 59164.0000000000000000 157.8282828282828234 56007.0319680000029621
994 0.9771054309395467 59168.0000000000000000 158.2278481012658347 56014.6049599999969359
995 0.9773372746768678 59194.0000000000000000 159.8465473145780038 56063.8393920000016806
996 0.9773372746768678 59194.0000000000000000 159.8465473145780038 56063.8393920000016806
997 0.9773372746768678 59194.0000000000000000 159.8465473145780038 56063.8393920000016806
998 0.9773372746768678 59194.0000000000000000 159.8465473145780038 56063.8393920000016806
999 0.9773952356111980 59213.0000000000000000 160.2564102564102484 56099.8293439999979455
1000 0.9773952356111980 59213.0000000000000000 160.2564102564102484 56099.8293439999979455
1001 0.9773952356111980 59213.0000000000000000 160.2564102564102484 56099.8293439999979455
1002 0.9775111574798586 59239.0000000000000000 161.0824742268041234 56149.0960960000011255
1003 0.9775111574798586 59239.0000000000000000 161.0824742268041234 56149.0960960000011255
1004 0.9775691184141888 59243.0000000000000000 161.4987080103359176 56156.6786879999999655
1005 0.9775691184141888 59243.0000000000000000 161.4987080103359176 56156.6786879999999655
1006 0.9775691184141888 59243.0000000000000000 161.4987080103359176 56156.6786879999999655
1007 0.9775691184141888 59243.0000000000000000 161.4987080103359176 56156.6786879999999655
1008 0.9776850402828493 59255.0000000000000000 162.3376623376623513 56179.4291519999969751
1009 0.9776850402828493 59255.0000000000000000 162.3376623376623513 56179.4291519999969751
1010 0.9776850402828493 59255.0000000000000000 162.3376623376623513 56179.4291519999969751
1011 0.9777430012171796 59265.0000000000000000 162.7604166666666572 56198.3907519999993383
1012 0.9777430012171796 59265.0000000000000000 162.7604166666666572 56198.3907519999993383
1013 0.9777430012171796 59265.0000000000000000 162.7604166666666572 56198.3907519999993383
1014 0.9778589230858401 59336.0000000000000000 163.6125654450261777 56333.0494079999989481
1015 0.9778589230858401 59336.0000000000000000 163.6125654450261777 56333.0494079999989481
1016 0.9779168840201704 59345.0000000000000000 164.0419947506561584 56350.1381760000003851
1017 0.9779168840201704 59345.0000000000000000 164.0419947506561584 56350.1381760000003851
1018 0.9779168840201704 59345.0000000000000000 164.0419947506561584 56350.1381760000003851
1019 0.9779168840201704 59345.0000000000000000 164.0419947506561584 56350.1381760000003851
1020 0.9779748449545007 59349.0000000000000000 164.4736842105263293 56357.7343360000013490
1021 0.9779748449545007 59349.0000000000000000 164.4736842105263293 56357.7343360000013490
1022 0.9780328058888309 59353.0000000000000000 164.9076517150395773 56365.3310080000010203
1023 0.9780328058888309 59353.0000000000000000 164.9076517150395773 56365.3310080000010203
1024 0.9780907668231612 59369.0000000000000000 165.3439153439153415 56395.7197440000018105
1025 0.9781487277574914 59379.0000000000000000 165.7824933687002726 56414.7178239999993821
1026 0.9781487277574914 59379.0000000000000000 165.7824933687002726 56414.7178239999993821
1027 0.9782646496261520 59404.0000000000000000 166.6666666666666572 56462.2246719999966444
1028 0.9782646496261520 59404.0000000000000000 166.6666666666666572 56462.2246719999966444
1029 0.9782646496261520 59404.0000000000000000 166.6666666666666572 56462.2246719999966444
1030 0.9783226105604822 59410.0000000000000000 167.1122994652406533 56473.6302399999985937
1031 0.9783226105604822 59410.0000000000000000 167.1122994652406533 56473.6302399999985937
1032 0.9783805714948125 59412.0000000000000000 167.5603217158177074 56477.4324800000031246
1033 0.9783805714948125 59412.0000000000000000 167.5603217158177074 56477.4324800000031246
1034 0.9783805714948125 59412.0000000000000000 167.5603217158177074 56477.4324800000031246
1035 0.9784385324291428 59416.0000000000000000 168.0107526881720332 56485.0372159999969881
1036 0.9784385324291428 59416.0000000000000000 168.0107526881720332 56485.0372159999969881
1037 0.9784385324291428 59416.0000000000000000 168.0107526881720332 56485.0372159999969881
1038 0.9784964933634730 59425.0000000000000000 168.4636118598382666 56502.1490239999984624
1039 0.9785544542978033 59429.0000000000000000 168.9189189189189051 56509.7554240000026766
1040 0.9785544542978033 59429.0000000000000000 168.9189189189189051 56509.7554240000026766
1041 0.9787283371007941 59460.0000000000000000 170.2997275204359653 56568.7169280000016443
1042 0.9787862980351243 59460.0000000000000000 170.7650273224043644 56568.7179519999990589
1043 0.9787862980351243 59460.0000000000000000 170.7650273224043644 56568.7179519999990589
1044 0.9788442589694546 59464.0000000000000000 171.2328767123287605 56576.3288319999992382
1045 0.9789601808381151 59510.0000000000000000 172.1763085399448983 56663.8652159999983269
1046 0.9789601808381151 59510.0000000000000000 172.1763085399448983 56663.8652159999983269
1047 0.9789601808381151 59510.0000000000000000 172.1763085399448983 56663.8652159999983269
1048 0.9790181417724454 59510.0000000000000000 172.6519337016574696 56663.8669440000012401
1049 0.9790761027067756 59514.0000000000000000 173.1301939058171797 56671.4842239999998128
1050 0.9790761027067756 59514.0000000000000000 173.1301939058171797 56671.4842239999998128
1051 0.9791340636411059 59518.0000000000000000 173.6111111111111143 56679.1020159999970929
1052 0.9792499855097664 59522.0000000000000000 174.5810055865921697 56686.7272319999974570
1053 0.9792499855097664 59522.0000000000000000 174.5810055865921697 56686.7272319999974570
1054 0.9793079464440967 59522.0000000000000000 175.0700280112044709 56686.7278720000031171
1055 0.9793079464440967 59522.0000000000000000 175.0700280112044709 56686.7278720000031171
1056 0.9793659073784270 59526.0000000000000000 175.5617977528089853 56694.3466879999978119
1057 0.9794238683127572 59536.0000000000000000 176.0563380281690229 56713.3950079999995069
1058 0.9794238683127572 59536.0000000000000000 176.0563380281690229 56713.3950079999995069
1059 0.9794238683127572 59536.0000000000000000 176.0563380281690229 56713.3950079999995069
1060 0.9794238683127572 59536.0000000000000000 176.0563380281690229 56713.3950079999995069
1061 0.9794238683127572 59536.0000000000000000 176.0563380281690229 56713.3950079999995069
1062 0.9795397901814177 59566.0000000000000000 177.0538243626062354 56770.5528960000010557
1063 0.9795397901814177 59566.0000000000000000 177.0538243626062354 56770.5528960000010557
1064 0.9795977511157480 59570.0000000000000000 177.5568181818181870 56778.1773440000033588
1065 0.9796557120500783 59574.0000000000000000 178.0626780626780601 56785.8023039999970933
1066 0.9797136729844085 59578.0000000000000000 178.5714285714285836 56793.4277759999968112
1067 0.9797136729844085 59578.0000000000000000 178.5714285714285836 56793.4277759999968112
1068 0.9797136729844085 59578.0000000000000000 178.5714285714285836 56793.4277759999968112
1069 0.9797136729844085 59578.0000000000000000 178.5714285714285836 56793.4277759999968112
1070 0.9797716339187388 59584.0000000000000000 179.0830945558739131 56804.8667520000017248
1071 0.9797716339187388 59584.0000000000000000 179.0830945558739131 56804.8667520000017248
1072 0.9797716339187388 59584.0000000000000000 179.0830945558739131 56804.8667520000017248
1073 0.9797716339187388 59584.0000000000000000 179.0830945558739131 56804.8667520000017248
1074 0.9798295948530691 59588.0000000000000000 179.5977011494252906 56812.4935039999982109
1075 0.9798295948530691 59588.0000000000000000 179.5977011494252906 56812.4935039999982109
1076 0.9799455167217296 59596.0000000000000000 180.6358381502890040 56827.7485440000018571
1077 0.9800034776560598 59600.0000000000000000 181.1594202898550634 56835.3768320000017411
1078 0.9800034776560598 59600.0000000000000000 181.1594202898550634 56835.3768320000017411
1079 0.9800034776560598 59600.0000000000000000 181.1594202898550634 56835.3768320000017411
1080 0.9800034776560598 59600.0000000000000000 181.1594202898550634 56835.3768320000017411
1081 0.9800034776560598 59600.0000000000000000 181.1594202898550634 56835.3768320000017411
1082 0.9801193995247204 59606.0000000000000000 182.2157434402332399 56846.8202880000026198
1083 0.9801193995247204 59606.0000000000000000 182.2157434402332399 56846.8202880000026198
1084 0.9801193995247204 59606.0000000000000000 182.2157434402332399 56846.8202880000026198
1085 0.9802353213933809 59614.0000000000000000 183.2844574780058622 56862.0799360000019078
1086 0.9802932823277111 59629.0000000000000000 183.8235294117646959 56890.6946559999996680
1087 0.9802932823277111 59629.0000000000000000 183.8235294117646959 56890.6946559999996680
1088 0.9802932823277111 59629.0000000000000000 183.8235294117646959 56890.6946559999996680
1089 0.9804671651307019 59643.0000000000000000 185.4599406528190002 56917.4104959999967832
1090 0.9805251260650322 59658.0000000000000000 186.0119047619047592 56946.0391359999994165
1091 0.9805251260650322 59658.0000000000000000 186.0119047619047592 56946.0391359999994165
1092 0.9805251260650322 59658.0000000000000000 186.0119047619047592 56946.0391359999994165
1093 0.9805830869993625 59670.0000000000000000 186.5671641791044806 56968.9478079999971669
1094 0.9806410479336927 59676.0000000000000000 187.1257485029940142 56980.4044480000011390
1095 0.9806410479336927 59676.0000000000000000 187.1257485029940142 56980.4044480000011390
1096 0.9806410479336927 59676.0000000000000000 187.1257485029940142 56980.4044480000011390
1097 0.9806410479336927 59676.0000000000000000 187.1257485029940142 56980.4044480000011390
1098 0.9806990088680230 59678.0000000000000000 187.6876876876876850 56984.2237119999990682
1099 0.9807569698023532 59690.0000000000000000 188.2530120481927725 57007.1400639999992563
1100 0.9807569698023532 59690.0000000000000000 188.2530120481927725 57007.1400639999992563
1101 0.9807569698023532 59690.0000000000000000 188.2530120481927725 57007.1400639999992563
1102 0.9808728916710138 59694.0000000000000000 189.3939393939394051 57014.7805119999975432
1103 0.9809888135396743 59702.0000000000000000 190.5487804878048905 57030.0626879999981611
1104 0.9810467744740046 59734.0000000000000000 191.1314984709480029 57091.1975359999996726
1105 0.9811047354083348 59814.0000000000000000 191.7177914110429526 57244.1165760000003502
1106 0.9811047354083348 59814.0000000000000000 191.7177914110429526 57244.1165760000003502
1107 0.9811047354083348 59814.0000000000000000 191.7177914110429526 57244.1165760000003502
1108 0.9811047354083348 59814.0000000000000000 191.7177914110429526 57244.1165760000003502
1109 0.9811047354083348 59814.0000000000000000 191.7177914110429526 57244.1165760000003502
1110 0.9811047354083348 59814.0000000000000000 191.7177914110429526 57244.1165760000003502
1111 0.9812786182113256 59845.0000000000000000 193.4984520123838934 57303.4584640000030049
1112 0.9813365791456559 59849.0000000000000000 194.0993788819875761 57311.1186240000024554
1113 0.9813945400799861 59851.0000000000000000 194.7040498442367493 57314.9489600000015344
1114 0.9813945400799861 59851.0000000000000000 194.7040498442367493 57314.9489600000015344
1115 0.9813945400799861 59851.0000000000000000 194.7040498442367493 57314.9489600000015344
1116 0.9813945400799861 59851.0000000000000000 194.7040498442367493 57314.9489600000015344
1117 0.9814525010143164 59855.0000000000000000 195.3125000000000000 57322.6098879999990459
1118 0.9814525010143164 59855.0000000000000000 195.3125000000000000 57322.6098879999990459
1119 0.9815104619486467 59878.0000000000000000 195.9247648902821197 57366.6631679999991320
1120 0.9815684228829769 59888.0000000000000000 196.5408805031446491 57385.8241280000002007
1121 0.9816263838173072 59892.0000000000000000 197.1608832807571048 57393.4897920000003069
1122 0.9816263838173072 59892.0000000000000000 197.1608832807571048 57393.4897920000003069
1123 0.9816263838173072 59892.0000000000000000 197.1608832807571048 57393.4897920000003069
1124 0.9817423056859677 59914.0000000000000000 198.4126984126984041 57435.6568320000005770
1125 0.9817423056859677 59914.0000000000000000 198.4126984126984041 57435.6568320000005770
1126 0.9817423056859677 59914.0000000000000000 198.4126984126984041 57435.6568320000005770
1127 0.9818002666202980 59918.0000000000000000 199.0445859872611436 57443.3258239999995567
1128 0.9818002666202980 59918.0000000000000000 199.0445859872611436 57443.3258239999995567
1129 0.9818002666202980 59918.0000000000000000 199.0445859872611436 57443.3258239999995567
1130 0.9818002666202980 59918.0000000000000000 199.0445859872611436 57443.3258239999995567
1131 0.9818002666202980 59918.0000000000000000 199.0445859872611436 57443.3258239999995567
1132 0.9818002666202980 59918.0000000000000000 199.0445859872611436 57443.3258239999995567
1133 0.9818002666202980 59918.0000000000000000 199.0445859872611436 57443.3258239999995567
1134 0.9818002666202980 59918.0000000000000000 199.0445859872611436 57443.3258239999995567
1135 0.9818582275546281 59920.0000000000000000 199.6805111821086314 57447.1605760000020382
1136 0.9819161884889585 59924.0000000000000000 200.3205128205128176 57454.8303359999990789
1137 0.9819741494232888 59934.0000000000000000 200.9646302250803842 57474.0060159999993630
1138 0.9820321103576189 59950.0000000000000000 201.6129032258064626 57504.6922239999985322
1139 0.9820321103576189 59950.0000000000000000 201.6129032258064626 57504.6922239999985322
1140 0.9820321103576189 59950.0000000000000000 201.6129032258064626 57504.6922239999985322
1141 0.9820321103576189 59950.0000000000000000 201.6129032258064626 57504.6922239999985322
1142 0.9820321103576189 59950.0000000000000000 201.6129032258064626 57504.6922239999985322
1143 0.9820900712919493 59954.0000000000000000 202.2653721682847845 57512.3658240000004298
1144 0.9820900712919493 59954.0000000000000000 202.2653721682847845 57512.3658240000004298
1145 0.9820900712919493 59954.0000000000000000 202.2653721682847845 57512.3658240000004298
1146 0.9821480322262794 59958.0000000000000000 202.9220779220779320 57520.0399360000010347
1147 0.9822059931606097 59968.0000000000000000 203.5830618892508141 57539.2264960000029532
1148 0.9823219150292702 59976.0000000000000000 204.9180327868852487 57554.5786880000014207
1149 0.9823798759636005 60019.0000000000000000 205.5921052631578902 57637.1056640000024345
1150 0.9823798759636005 60019.0000000000000000 205.5921052631578902 57637.1056640000024345
1151 0.9823798759636005 60019.0000000000000000 205.5921052631578902 57637.1056640000024345
1152 0.9823798759636005 60019.0000000000000000 205.5921052631578902 57637.1056640000024345
1153 0.9824378368979308 60035.0000000000000000 206.2706270627062679 57667.8353920000008657
1154 0.9824378368979308 60035.0000000000000000 206.2706270627062679 57667.8353920000008657
1155 0.9824378368979308 60035.0000000000000000 206.2706270627062679 57667.8353920000008657
1156 0.9824378368979308 60035.0000000000000000 206.2706270627062679 57667.8353920000008657
1157 0.9824378368979308 60035.0000000000000000 206.2706270627062679 57667.8353920000008657
1158 0.9824378368979308 60035.0000000000000000 206.2706270627062679 57667.8353920000008657
1159 0.9824378368979308 60035.0000000000000000 206.2706270627062679 57667.8353920000008657
1160 0.9824378368979308 60035.0000000000000000 206.2706270627062679 57667.8353920000008657
1161 0.9824378368979308 60035.0000000000000000 206.2706270627062679 57667.8353920000008657
1162 0.9824378368979308 60035.0000000000000000 206.2706270627062679 57667.8353920000008657
1163 0.9824957978322610 60078.0000000000000000 206.9536423841059616 57750.4435519999969983
1164 0.9824957978322610 60078.0000000000000000 206.9536423841059616 57750.4435519999969983
1165 0.9824957978322610 60078.0000000000000000 206.9536423841059616 57750.4435519999969983
1166 0.9824957978322610 60078.0000000000000000 206.9536423841059616 57750.4435519999969983
1167 0.9825537587665913 60078.0000000000000000 207.6411960132890329 57750.4449919999970007
1168 0.9825537587665913 60078.0000000000000000 207.6411960132890329 57750.4449919999970007
1169 0.9825537587665913 60078.0000000000000000 207.6411960132890329 57750.4449919999970007
1170 0.9825537587665913 60078.0000000000000000 207.6411960132890329 57750.4449919999970007
1171 0.9825537587665913 60078.0000000000000000 207.6411960132890329 57750.4449919999970007
1172 0.9825537587665913 60078.0000000000000000 207.6411960132890329 57750.4449919999970007
1173 0.9825537587665913 60078.0000000000000000 207.6411960132890329 57750.4449919999970007
1174 0.9825537587665913 60078.0000000000000000 207.6411960132890329 57750.4449919999970007
1175 0.9825537587665913 60078.0000000000000000 207.6411960132890329 57750.4449919999970007
1176 0.9825537587665913 60078.0000000000000000 207.6411960132890329 57750.4449919999970007
1177 0.9825537587665913 60078.0000000000000000 207.6411960132890329 57750.4449919999970007
1178 0.9825537587665913 60078.0000000000000000 207.6411960132890329 57750.4449919999970007
1179 0.9826117197009215 60094.0000000000000000 208.3333333333333428 57781.2049279999991995
1180 0.9826117197009215 60094.0000000000000000 208.3333333333333428 57781.2049279999991995
1181 0.9826117197009215 60094.0000000000000000 208.3333333333333428 57781.2049279999991995
1182 0.9826117197009215 60094.0000000000000000 208.3333333333333428 57781.2049279999991995
1183 0.9826696806352518 60094.0000000000000000 209.0301003344481501 57781.2067200000019511
1184 0.9827276415695821 60098.0000000000000000 209.7315436241610769 57788.8987520000009681
1185 0.9827276415695821 60098.0000000000000000 209.7315436241610769 57788.8987520000009681
1186 0.9827856025039123 60112.0000000000000000 210.4377104377104502 57815.8226559999966412
1187 0.9827856025039123 60112.0000000000000000 210.4377104377104502 57815.8226559999966412
1188 0.9827856025039123 60112.0000000000000000 210.4377104377104502 57815.8226559999966412
1189 0.9827856025039123 60112.0000000000000000 210.4377104377104502 57815.8226559999966412
1190 0.9827856025039123 60112.0000000000000000 210.4377104377104502 57815.8226559999966412
1191 0.9827856025039123 60112.0000000000000000 210.4377104377104502 57815.8226559999966412
1192 0.9827856025039123 60112.0000000000000000 210.4377104377104502 57815.8226559999966412
1193 0.9827856025039123 60112.0000000000000000 210.4377104377104502 57815.8226559999966412
1194 0.9827856025039123 60112.0000000000000000 210.4377104377104502 57815.8226559999966412
1195 0.9827856025039123 60112.0000000000000000 210.4377104377104502 57815.8226559999966412
1196 0.9829015243725728 60151.0000000000000000 211.8644067796610102 57890.8539519999976619
1197 0.9829594853069031 60155.0000000000000000 212.5850340136054513 57898.5532800000000861
1198 0.9829594853069031 60155.0000000000000000 212.5850340136054513 57898.5532800000000861
1199 0.9829594853069031 60155.0000000000000000 212.5850340136054513 57898.5532800000000861
1200 0.9829594853069031 60155.0000000000000000 212.5850340136054513 57898.5532800000000861
1201 0.9830174462412334 60159.0000000000000000 213.3105802047781481 57906.2531200000012177
1202 0.9830754071755636 60163.0000000000000000 214.0410958904109577 57913.9534720000010566
1203 0.9830754071755636 60163.0000000000000000 214.0410958904109577 57913.9534720000010566
1204 0.9831913290442242 60177.0000000000000000 215.5172413793103487 57940.9077760000000126
1205 0.9832492899785544 60181.0000000000000000 216.2629757785467177 57948.6104320000013104
1206 0.9832492899785544 60181.0000000000000000 216.2629757785467177 57948.6104320000013104
1207 0.9832492899785544 60181.0000000000000000 216.2629757785467177 57948.6104320000013104
1208 0.9833652118472149 60193.0000000000000000 217.7700348432055648 57971.7205759999997099
1209 0.9833652118472149 60193.0000000000000000 217.7700348432055648 57971.7205759999997099
1210 0.9833652118472149 60193.0000000000000000 217.7700348432055648 57971.7205759999997099
1211 0.9833652118472149 60193.0000000000000000 217.7700348432055648 57971.7205759999997099
1212 0.9833652118472149 60193.0000000000000000 217.7700348432055648 57971.7205759999997099
1213 0.9833652118472149 60193.0000000000000000 217.7700348432055648 57971.7205759999997099
1214 0.9833652118472149 60193.0000000000000000 217.7700348432055648 57971.7205759999997099
1215 0.9833652118472149 60193.0000000000000000 217.7700348432055648 57971.7205759999997099
1216 0.9833652118472149 60193.0000000000000000 217.7700348432055648 57971.7205759999997099
1217 0.9833652118472149 60193.0000000000000000 217.7700348432055648 57971.7205759999997099
1218 0.9834231727815452 60193.0000000000000000 218.5314685314685335 57971.7208319999990636
1219 0.9834231727815452 60193.0000000000000000 218.5314685314685335 57971.7208319999990636
1220 0.9834231727815452 60193.0000000000000000 218.5314685314685335 57971.7208319999990636
1221 0.9834231727815452 60193.0000000000000000 218.5314685314685335 57971.7208319999990636
1222 0.9834231727815452 60193.0000000000000000 218.5314685314685335 57971.7208319999990636
1223 0.9834811337158755 60197.0000000000000000 219.2982456140350962 57979.4255360000024666
1224 0.9834811337158755 60197.0000000000000000 219.2982456140350962 57979.4255360000024666
1225 0.9834811337158755 60197.0000000000000000 219.2982456140350962 57979.4255360000024666
1226 0.9834811337158755 60197.0000000000000000 219.2982456140350962 57979.4255360000024666
1227 0.9834811337158755 60197.0000000000000000 219.2982456140350962 57979.4255360000024666
1228 0.9834811337158755 60197.0000000000000000 219.2982456140350962 57979.4255360000024666
1229 0.9834811337158755 60197.0000000000000000 219.2982456140350962 57979.4255360000024666
1230 0.9834811337158755 60197.0000000000000000 219.2982456140350962 57979.4255360000024666
1231 0.9834811337158755 60197.0000000000000000 219.2982456140350962 57979.4255360000024666
1232 0.9834811337158755 60197.0000000000000000 219.2982456140350962 57979.4255360000024666
1233 0.9834811337158755 60197.0000000000000000 219.2982456140350962 57979.4255360000024666
1234 0.9835390946502057 60201.0000000000000000 220.0704225352112644 57987.1307519999973010
1235 0.9835390946502057 60201.0000000000000000 220.0704225352112644 57987.1307519999973010
1236 0.9835390946502057 60201.0000000000000000 220.0704225352112644 57987.1307519999973010
1237 0.9835390946502057 60201.0000000000000000 220.0704225352112644 57987.1307519999973010
1238 0.9835390946502057 60201.0000000000000000 220.0704225352112644 57987.1307519999973010
1239 0.9835390946502057 60201.0000000000000000 220.0704225352112644 57987.1307519999973010
1240 0.9835390946502057 60201.0000000000000000 220.0704225352112644 57987.1307519999973010
1241 0.9835390946502057 60201.0000000000000000 220.0704225352112644 57987.1307519999973010
1242 0.9835970555845360 60212.0000000000000000 220.8480565371024795 58008.3215039999995497
1243 0.9835970555845360 60212.0000000000000000 220.8480565371024795 58008.3215039999995497
1244 0.9835970555845360 60212.0000000000000000 220.8480565371024795 58008.3215039999995497
1245 0.9835970555845360 60212.0000000000000000 220.8480565371024795 58008.3215039999995497
1246 0.9837129774531965 60228.0000000000000000 222.4199288256227760 58039.1519679999983055
1247 0.9837129774531965 60228.0000000000000000 222.4199288256227760 58039.1519679999983055
1248 0.9837129774531965 60228.0000000000000000 222.4199288256227760 58039.1519679999983055
1249 0.9838288993218570 60242.0000000000000000 224.0143369175627299 58066.1353919999965001
1250 0.9838288993218570 60242.0000000000000000 224.0143369175627299 58066.1353919999965001
1251 0.9838868602561873 60244.0000000000000000 224.8201438848920759 58069.9908799999975599
1252 0.9840027821248478 60254.0000000000000000 226.4492753623188435 58089.2697279999993043
1253 0.9840027821248478 60254.0000000000000000 226.4492753623188435 58089.2697279999993043
1254 0.9840607430591781 60258.0000000000000000 227.2727272727272805 58096.9822399999975460
1255 0.9840607430591781 60258.0000000000000000 227.2727272727272805 58096.9822399999975460
1256 0.9840607430591781 60258.0000000000000000 227.2727272727272805 58096.9822399999975460
1257 0.9841187039935084 60264.0000000000000000 228.1021897810219059 58108.5517760000002454
1258 0.9841187039935084 60264.0000000000000000 228.1021897810219059 58108.5517760000002454
1259 0.9841766649278386 60272.0000000000000000 228.9377289377289344 58123.9793599999975413
1260 0.9842346258621689 60272.0000000000000000 229.7794117647058840 58123.9803840000022319
1261 0.9842346258621689 60272.0000000000000000 229.7794117647058840 58123.9803840000022319
1262 0.9842346258621689 60272.0000000000000000 229.7794117647058840 58123.9803840000022319
1263 0.9842346258621689 60272.0000000000000000 229.7794117647058840 58123.9803840000022319
1264 0.9842346258621689 60272.0000000000000000 229.7794117647058840 58123.9803840000022319
1265 0.9842346258621689 60272.0000000000000000 229.7794117647058840 58123.9803840000022319
1266 0.9842346258621689 60272.0000000000000000 229.7794117647058840 58123.9803840000022319
