Simulation.timestep  Simulation.tps  md.compute.ThermodynamicQuantities.kinetic_temperature md.compute.ThermodynamicQuantities.pressure md.compute.ThermodynamicQuantities.kinetic_energy md.compute.ThermodynamicQuantities.potential_energy md.compute.ThermodynamicQuantities.volume
       9100             7.98217                             1.02299                                           0.05112                                      93987.51866                                        6.37548e+05                                    75734.54665               
       10100            9.59108                             1.01845                                           0.12146                                      93570.00350                                        6.39428e+05                                    74796.41004               
       11100            9.78822                             1.00644                                           0.01429                                      92466.25497                                        6.43418e+05                                    74952.54226               
       12100            9.78941                             1.00476                                           0.03191                                      92312.36442                                        6.46703e+05                                    74679.45296               
       13100            9.79064                             0.99924                                           0.09116                                      91805.00409                                        6.52529e+05                                    74747.34981               
       14100            9.30511                             0.99423                                           0.02035                                      91345.29200                                        6.55702e+05                                    74443.84933               
       15100            9.54308                             1.00057                                           0.06340                                      91927.35745                                        6.61835e+05                                    74735.00817               
       16100            9.76228                             0.99779                                           0.01435                                      91671.87622                                        6.65728e+05                                    74703.03702               
       17100            9.76797                             0.98923                                           0.01432                                      90885.33487                                        6.70076e+05                                    74699.88972               
       18100            9.76355                             0.99343                                          -0.03875                                      91271.24070                                        6.73669e+05                                    74578.56878               
       19100            9.79422                             0.98770                                          -0.01747                                      90744.93095                                        6.79740e+05                                    74824.71643               
       20100            9.77002                             0.98893                                           0.01447                                      90857.78533                                        6.82995e+05                                    74470.07368               
       21100            9.74701                             0.98559                                           0.08174                                      90550.93878                                        6.87193e+05                                    74298.87687               
       22100            9.46584                             1.00033                                           0.06856                                      91904.94397                                        6.90856e+05                                    74123.50935               
       23100            9.76237                             0.99447                                          -0.00599                                      91366.47271                                        6.95803e+05                                    74303.49393               
       24100            9.72398                             0.99279                                           0.06438                                      91212.38837                                        6.99640e+05                                    74084.61156               
       25100            9.74214                             0.99072                                          -0.02286                                      91022.16561                                        7.04544e+05                                    74277.31811               
       26100            9.72938                             0.98937                                          -0.09368                                      90898.17292                                        7.09651e+05                                    74521.34564               
       27100            9.52357                             0.99617                                           0.00506                                      91523.04475                                        7.13080e+05                                    74437.44991               
       28100            9.72514                             0.98992                                           0.02781                                      90948.71306                                        7.16441e+05                                    74264.81095               
       29100            9.50235                             0.98485                                          -0.03472                                      90482.64835                                        7.19584e+05                                    74175.85640               
       30100            9.48358                             0.98556                                          -0.05800                                      90548.53030                                        7.23126e+05                                    73957.26762               
       31100            9.50770                             0.98728                                          -0.03725                                      90706.19575                                        7.27449e+05                                    73899.24227               
       32100            9.48286                             0.99537                                          -0.02928                                      91449.46194                                        7.32519e+05                                    74031.02063               
       33100            9.48368                             0.99135                                          -0.05877                                      91079.98875                                        7.35715e+05                                    73974.29773               
       34100            9.70727                             0.98270                                          -0.10557                                      90285.10985                                        7.38300e+05                                    73942.02830               
       35100            9.43327                             0.98581                                          -0.08172                                      90571.47644                                        7.43175e+05                                    74070.52439               
       36100            9.70997                             0.98770                                           0.01085                                      90744.59374                                        7.47203e+05                                    74077.82638               
       37100            9.69566                             0.99876                                          -0.02762                                      91760.75773                                        7.50562e+05                                    73895.76106               
       38100            9.69398                             0.99119                                          -0.08850                                      91065.86090                                        7.54347e+05                                    74055.65280               
       39100            9.51564                             0.98642                                           0.01748                                      90627.14164                                        7.57360e+05                                    73819.93528               
       40100            9.69542                             0.98718                                          -0.08520                                      90697.52997                                        7.61071e+05                                    73911.19730               
       41100            9.64136                             0.99966                                           0.01372                                      91843.93013                                        7.63636e+05                                    73660.47925               
       42100            9.64749                             0.99638                                          -0.04726                                      91542.84834                                        7.67390e+05                                    73657.68460               
       43100            9.41515                             0.99464                                          -0.00893                                      91382.52949                                        7.71016e+05                                    73719.24894               
       44100            9.68299                             0.99444                                          -0.05508                                      91364.24255                                        7.74031e+05                                    73616.92414               
       45100            9.62470                             0.98724                                           0.04512                                      90702.91950                                        7.76109e+05                                    73459.12930               
       46100            9.37854                             0.99049                                          -0.02490                                      91001.33787                                        7.79655e+05                                    73500.57640               
       47100            9.43243                             0.99196                                          -0.02452                                      91136.53813                                        7.84117e+05                                    73571.92222               
       48100            9.65651                             0.99158                                           0.02724                                      91101.72114                                        7.86068e+05                                    73447.27682               
       49100            9.61768                             0.99242                                          -0.03615                                      91178.44129                                        7.89749e+05                                    73455.98697               
       50100            9.60062                             0.98995                                          -0.04079                                      90951.34136                                        7.92901e+05                                    73455.75041               
       51100            9.67123                             0.99261                                          -0.07675                                      91196.21944                                        7.97331e+05                                    73597.65911               
       52100            9.62905                             1.00118                                          -0.06161                                      91983.83425                                        8.00899e+05                                    73690.50586               
       53100            9.65231                             0.99676                                           0.01761                                      91577.57070                                        8.04102e+05                                    73421.92543               
       54100            9.64426                             0.98919                                           0.00512                                      90881.62608                                        8.05935e+05                                    73321.69221               
       55100            9.58819                             0.99356                                          -0.03958                                      91283.62908                                        8.09344e+05                                    73291.86243               
       56100            9.57796                             1.00000                                           0.08125                                      91875.42195                                        8.11157e+05                                    72966.67703               
       57100            9.64015                             0.99487                                           0.02715                                      91403.55744                                        8.15894e+05                                    73306.90427               
       58100            9.58751                             0.98825                                           0.07347                                      90795.70941                                        8.18923e+05                                    73200.77460               
       59100            9.57769                             0.98411                                          -0.00359                                      90414.76492                                        8.20758e+05                                    73118.66062               
       60100            9.57502                             0.99590                                          -0.01722                                      91498.39177                                        8.24105e+05                                    73129.41506               
       61100            9.60053                             1.00083                                           0.02661                                      91951.53187                                        8.29158e+05                                    73399.61672               
       62100            9.59279                             0.98950                                          -0.00832                                      90910.10698                                        8.31219e+05                                    73223.65169               
       63100            9.59441                             0.98889                                          -0.03737                                      90854.58229                                        8.33498e+05                                    73079.83764               
       64100            9.36179                             0.99267                                           0.05076                                      91201.56045                                        8.36743e+05                                    73070.67547               
       65100            9.55543                             0.99116                                          -0.03756                                      91062.75464                                        8.39518e+05                                    73093.07771               
       66100            9.54666                             0.98711                                          -0.02451                                      90691.02848                                        8.42413e+05                                    72991.47545               
       67100            9.55090                             0.99573                                           0.00585                                      91482.96287                                        8.45537e+05                                    73031.55532               
       68100            9.56536                             0.99023                                          -0.06423                                      90977.67716                                        8.46482e+05                                    72925.37296               
       69100            9.56360                             0.98767                                          -0.03984                                      90742.10965                                        8.49160e+05                                    72803.15880               
       70100            9.56138                             1.00223                                           0.00477                                      92079.79554                                        8.52089e+05                                    72862.09239               
       71100            9.60527                             0.99637                                           0.00045                                      91541.54702                                        8.54666e+05                                    72914.76773               
       72100            9.12620                             0.99162                                          -0.02551                                      91105.17489                                        8.56989e+05                                    72966.08678               
       73100            9.54748                             0.98827                                          -0.04239                                      90797.04554                                        8.59095e+05                                    73061.12898               
       74100            9.30311                             0.99343                                          -0.04794                                      91271.11221                                        8.60909e+05                                    72841.60635               
       75100            9.58079                             1.00115                                           0.01834                                      91981.07756                                        8.63644e+05                                    72895.79573               
       76100            9.52486                             0.99436                                           0.00990                                      91356.61171                                        8.65318e+05                                    72714.56545               
       77100            9.35767                             0.99096                                          -0.02165                                      91044.38261                                        8.66332e+05                                    72623.71304               
       78100            9.53535                             0.98873                                          -0.08038                                      90839.88747                                        8.70100e+05                                    72943.34075               
       79100            9.30171                             0.99057                                           0.01949                                      91008.37844                                        8.70896e+05                                    72551.46670               
       80100            9.52640                             1.00385                                           0.01338                                      92228.83713                                        8.74376e+05                                    72558.39809               
       81100            9.47199                             1.00091                                          -0.01201                                      91958.47040                                        8.75236e+05                                    72377.12792               
       82100            9.33299                             0.99388                                           0.02243                                      91312.68649                                        8.77927e+05                                    72560.96723               
       83100            9.54167                             0.99102                                           0.02650                                      91049.78808                                        8.79151e+05                                    72421.47692               
       84100            9.46229                             0.98371                                          -0.03548                                      90378.13498                                        8.81095e+05                                    72553.67594               
       85100            9.51272                             0.99143                                           0.06979                                      91087.62187                                        8.83240e+05                                    72355.90731               
       86100            9.45972                             0.99348                                          -0.03235                                      91275.55027                                        8.85494e+05                                    72511.62840               
       87100            9.28384                             0.99414                                           0.03337                                      91336.36148                                        8.87902e+05                                    72650.97196               
       88100            9.26435                             1.00226                                           0.05090                                      92082.36749                                        8.90010e+05                                    72399.80503               
       89100            9.52613                             1.00083                                           0.05653                                      91950.92424                                        8.91993e+05                                    72442.73335               
       90100            9.46987                             1.00354                                          -0.04522                                      92200.30605                                        8.94734e+05                                    72613.16749               
       91100            9.29365                             0.98922                                           0.01083                                      90884.88039                                        8.94229e+05                                    72304.71927               
       92100            9.26207                             0.99307                                           0.03341                                      91238.12717                                        8.97614e+05                                    72483.40376               
       93100            9.48067                             1.00093                                           0.07357                                      91960.22979                                        9.00018e+05                                    72351.39542               
       94100            9.47479                             0.98709                                          -0.07692                                      90689.27208                                        9.00291e+05                                    72292.04238               
       95100            9.51152                             0.99801                                          -0.03773                                      91692.02552                                        9.02357e+05                                    72325.63034               
       96100            9.45512                             0.99546                                           0.00161                                      91457.58548                                        9.03800e+05                                    72230.67315               
       97100            9.50738                             0.99779                                           0.04028                                      91671.80922                                        9.05034e+05                                    72226.42535               
       98100            9.46985                             0.99691                                           0.01233                                      91591.02969                                        9.07288e+05                                    72298.32904               
       99100            9.49579                             0.99872                                          -0.00231                                      91757.37945                                        9.09849e+05                                    72402.63991               
      100100            9.48937                             0.99145                                          -0.00661                                      91089.89406                                        9.11657e+05                                    72472.69152               
      101100            9.43921                             0.98924                                          -0.06979                                      90886.79869                                        9.13185e+05                                    72323.60387               
      102100            9.45419                             0.99569                                          -0.05467                                      91479.37650                                        9.14819e+05                                    72236.54965               
      103100            9.43768                             0.99733                                           0.02162                                      91629.41690                                        9.16998e+05                                    72311.85211               
      104100            9.48306                             0.99869                                          -0.00888                                      91754.76826                                        9.18626e+05                                    72347.12426               
      105100            9.40618                             0.99350                                           0.06872                                      91278.13523                                        9.19627e+05                                    72055.45975               
      106100            9.48340                             0.99205                                          -0.03974                                      91144.31998                                        9.20978e+05                                    72251.21089               
      107100            9.44435                             0.98924                                          -0.00994                                      90886.33153                                        9.21565e+05                                    72218.34471               
      108100            9.45020                             0.99460                                          -0.02174                                      91378.60689                                        9.24010e+05                                    72232.87333               
      109100            9.43777                             0.99485                                          -0.04937                                      91401.57602                                        9.25062e+05                                    72177.64734               
      110100            9.69395                             0.98110                                          -0.08792                                      90138.49065                                        9.27203e+05                                    72339.80743               
      111100            9.47921                             0.98909                                          -0.06490                                      90872.81104                                        9.28422e+05                                    72224.67506               
      112100            9.63936                             0.99759                                           0.07235                                      91653.51867                                        9.28765e+05                                    71971.56833               
      113100            9.46164                             1.00009                                           0.07909                                      91883.11243                                        9.30760e+05                                    71962.12818               
      114100            9.19383                             0.99797                                           0.05889                                      91688.44594                                        9.30969e+05                                    71762.19281               
      115100            9.71592                             0.99806                                           0.02417                                      91696.41461                                        9.33790e+05                                    72035.47997               
      116100            9.42232                             0.99538                                           0.02353                                      91450.54627                                        9.34898e+05                                    72081.26457               
      117100            9.50999                             0.99130                                          -0.02348                                      91075.48018                                        9.37378e+05                                    72265.72705               
      118100            9.48005                             0.99410                                           0.01234                                      91333.10920                                        9.37543e+05                                    72039.91800               
      119100            9.48301                             0.99505                                          -0.00748                                      91420.35311                                        9.39624e+05                                    72104.45943               
      120100            9.39633                             0.98869                                           0.01878                                      90835.81562                                        9.39860e+05                                    72042.99567               
      121100            9.45274                             1.00027                                          -0.00493                                      91900.18059                                        9.42445e+05                                    72123.82413               
      122100            9.46291                             0.99412                                           0.04558                                      91334.42064                                        9.42155e+05                                    71723.66897               
      123100            9.58392                             1.00290                                           0.07326                                      92141.61216                                        9.43340e+05                                    71724.13744               
      124100            9.42015                             0.99443                                          -0.03870                                      91363.16402                                        9.44359e+05                                    71931.63532               
      125100            9.43241                             0.98762                                          -0.03032                                      90737.46269                                        9.46803e+05                                    72144.00539               
      126100            9.18477                             0.99350                                          -0.02767                                      91278.18688                                        9.48591e+05                                    72085.67344               
      127100            9.45892                             0.99740                                          -0.03091                                      91635.94905                                        9.48795e+05                                    71871.82986               
      128100            9.18073                             0.99293                                          -0.02595                                      91225.83242                                        9.48863e+05                                    71741.00184               
      129100            9.40441                             0.99570                                           0.12064                                      91479.61594                                        9.50006e+05                                    71709.15331               
      130100            9.41812                             0.99869                                          -0.07885                                      91754.59181                                        9.52194e+05                                    71902.49358               
      131100            9.45876                             0.99388                                          -0.01474                                      91312.94616                                        9.52989e+05                                    71883.13162               
      132100            9.41224                             0.99624                                           0.03802                                      91529.43216                                        9.53396e+05                                    71765.90449               
      133100            9.46897                             0.99774                                          -0.00032                                      91667.32526                                        9.55635e+05                                    72023.25508               
      134100            9.48259                             0.99576                                          -0.07545                                      91485.68942                                        9.56543e+05                                    72057.95178               
      135100            9.37292                             0.98931                                          -0.02373                                      90892.41211                                        9.57789e+05                                    72009.06579               
      136100            9.45770                             0.99549                                           0.05376                                      91460.51695                                        9.57612e+05                                    71844.88659               
      137100            9.43528                             0.99772                                           0.02109                                      91665.77015                                        9.58988e+05                                    71825.30199               
      138100            9.44891                             0.99457                                           0.03247                                      91376.31479                                        9.60507e+05                                    72060.86632               
      139100            9.43046                             0.99299                                          -0.03549                                      91230.73977                                        9.61220e+05                                    71933.22213               
      140100            9.45320                             0.99523                                          -0.06352                                      91436.65647                                        9.61522e+05                                    71848.60131               
      141100            9.40496                             0.99081                                           0.01238                                      91030.49135                                        9.61292e+05                                    71628.02635               
      142100            9.37639                             1.00116                                           0.08151                                      91981.48653                                        9.63122e+05                                    71732.07717               
      143100            9.42829                             0.99506                                          -0.00826                                      91421.51295                                        9.63441e+05                                    71629.92605               
      144100            9.44861                             0.99278                                           0.03112                                      91211.34552                                        9.64254e+05                                    71636.85102               
      145100            9.41826                             1.00183                                           0.02237                                      92043.47763                                        9.65598e+05                                    71643.77884               
      146100            9.67654                             0.98733                                           0.05901                                      90710.95217                                        9.66384e+05                                    71621.22777               
      147100            9.43904                             1.00082                                           0.03231                                      91950.79191                                        9.67206e+05                                    71729.25113               
      148100            9.39843                             0.99241                                           0.01541                                      91177.58224                                        9.68377e+05                                    71803.73150               
      149100            9.38486                             0.98952                                          -0.02683                                      90911.73180                                        9.68177e+05                                    71708.79350               
      150100            9.39026                             0.99112                                           0.01280                                      91059.08136                                        9.69904e+05                                    71774.65317               
      151100            9.43221                             0.99127                                          -0.11881                                      91072.85917                                        9.70802e+05                                    71977.14303               
      152100            9.45574                             0.99185                                          -0.08508                                      91126.38556                                        9.71648e+05                                    72023.63174               
      153100            9.45191                             0.99004                                          -0.01568                                      90959.88398                                        9.72144e+05                                    71854.44519               
      154100            9.40560                             0.99304                                          -0.03706                                      91235.63862                                        9.73373e+05                                    71839.27291               
      155100            9.62850                             0.99016                                           0.00906                                      90971.40178                                        9.72974e+05                                    71677.21636               
      156100            9.39155                             0.99673                                          -0.01801                                      91574.55830                                        9.74338e+05                                    71756.00328               
      157100            9.39698                             0.98803                                           0.05433                                      90775.63049                                        9.73565e+05                                    71523.03566               
      158100            9.39643                             0.99367                                          -0.02158                                      91293.64663                                        9.76112e+05                                    71774.18501               
      159100            9.33923                             0.99053                                          -0.04716                                      91004.49376                                        9.76730e+05                                    71712.77283               
      160100            9.36802                             0.99765                                           0.01076                                      91658.84938                                        9.77281e+05                                    71599.30847               
      161100            9.40320                             0.99195                                          -0.03135                                      91135.22406                                        9.78762e+05                                    71801.72962               
      162100            9.18346                             0.99230                                           0.00659                                      91167.98787                                        9.77958e+05                                    71573.61868               
      163100            9.40640                             0.99627                                          -0.02177                                      91532.75214                                        9.78851e+05                                    71613.43532               
      164100            9.39106                             0.99410                                           0.06471                                      91333.09734                                        9.79280e+05                                    71413.64246               
      165100            9.37689                             0.99589                                           0.07053                                      91497.35371                                        9.80404e+05                                    71497.69599               
      166100            9.39299                             0.99396                                          -0.03404                                      91320.16934                                        9.81326e+05                                    71544.77758               
      167100            9.37891                             0.99240                                          -0.08484                                      91176.54607                                        9.81692e+05                                    71654.34340               
      168100            9.42446                             0.99439                                           0.02520                                      91359.41649                                        9.81345e+05                                    71589.62364               
      169100            9.59823                             0.97929                                          -0.09837                                      89972.33285                                        9.83088e+05                                    71703.06991               
      170100            9.38771                             0.99151                                          -0.11168                                      91095.14834                                        9.84618e+05                                    71845.16422               
      171100            9.38329                             0.98367                                          -0.02633                                      90374.83953                                        9.85037e+05                                    71700.99997               
      172100            9.60908                             1.00066                                          -0.04147                                      91935.95546                                        9.86900e+05                                    71745.64141               
      173100            9.38153                             0.99283                                          -0.05495                                      91216.21653                                        9.86144e+05                                    71745.60592               
      174100            9.41154                             0.99061                                          -0.06487                                      91012.39076                                        9.87918e+05                                    71918.48739               
      175100            9.21290                             0.98819                                           0.01472                                      90790.05887                                        9.87967e+05                                    71733.94241               
      176100            9.40795                             0.98767                                          -0.00404                                      90742.46031                                        9.87974e+05                                    71658.14837               
      177100            9.38548                             0.99765                                          -0.01305                                      91659.37814                                        9.89514e+05                                    71721.89894               
      178100            9.37674                             0.97987                                           0.00012                                      90025.47331                                        9.88814e+05                                    71462.60746               
      179100            9.35563                             0.99904                                          -0.04940                                      91787.09485                                        9.89838e+05                                    71531.65868               
      180100            9.39199                             1.00081                                           0.05376                                      91948.99176                                        9.90750e+05                                    71519.36496               
      181100            9.34855                             0.99640                                           0.10568                                      91544.42158                                        9.91626e+05                                    71524.98265               
      182100            9.40030                             0.99776                                          -0.08441                                      91668.98579                                        9.92290e+05                                    71624.84157               
      183100            9.41766                             0.99638                                          -0.08290                                      91542.35286                                        9.92198e+05                                    71551.63499               
      184100            9.37970                             0.98884                                          -0.09465                                      90849.25288                                        9.92415e+05                                    71500.09660               
      185100            9.59270                             0.98119                                          -0.04591                                      90147.07528                                        9.92803e+05                                    71419.87124               
      186100            9.36053                             0.99635                                          -0.11764                                      91539.47948                                        9.94831e+05                                    71653.70985               
      187100            9.39792                             0.99973                                           0.02998                                      91849.94191                                        9.94786e+05                                    71533.53172               
      188100            9.37293                             0.99165                                          -0.06483                                      91108.26686                                        9.95683e+05                                    71608.65458               
      189100            9.39075                             0.99911                                           0.07065                                      91792.79871                                        9.95900e+05                                    71418.10463               
      190100            9.39839                             0.99362                                           0.02166                                      91288.64990                                        9.95887e+05                                    71473.55902               
      191100            9.62174                             0.98562                                          -0.02555                                      90553.83397                                        9.97363e+05                                    71526.32269               
      192100            9.39770                             0.99274                                          -0.06425                                      91207.94775                                        9.97459e+05                                    71539.43125               
      193100            9.38234                             0.99177                                          -0.00286                                      91118.56899                                        9.98414e+05                                    71480.28657               
      194100            9.36464                             0.99520                                           0.00371                                      91433.70459                                        9.98830e+05                                    71418.83732               
      195100            9.37218                             0.98719                                          -0.03316                                      90697.65826                                        9.98140e+05                                    71316.38873               
      196100            9.57285                             0.99282                                          -0.01119                                      91215.58368                                        9.98545e+05                                    71323.41074               
      197100            9.38589                             0.99566                                           0.03925                                      91476.25434                                        1.00015e+06                                    71409.56385               
      198100            9.61879                             0.99641                                          -0.02582                                      91544.95899                                        1.00058e+06                                    71426.92115               
      199100            9.40959                             0.99591                                          -0.00845                                      91499.45477                                        1.00231e+06                                    71626.37366               
      200100            9.61365                             0.98900                                          -0.02652                                      90864.71970                                        1.00161e+06                                    71495.25677               
      201100            9.60293                             0.99540                                          -0.01697                                      91452.37179                                        1.00171e+06                                    71445.05111               
      202100            9.39352                             0.99663                                          -0.03927                                      91565.14835                                        1.00256e+06                                    71517.75979               
      203100            9.31423                             0.99656                                           0.02239                                      91558.53924                                        1.00192e+06                                    71276.48614               
      204100            9.37615                             0.99505                                           0.00456                                      91420.24059                                        1.00253e+06                                    71453.49539               
      205100            9.37658                             0.99896                                          -0.05578                                      91779.23521                                        1.00342e+06                                    71524.14764               
      206100            9.36194                             0.99665                                           0.08321                                      91567.42548                                        1.00338e+06                                    71392.88682               
      207100            9.36813                             0.98143                                          -0.06545                                      90168.44273                                        1.00340e+06                                    71506.88666               
      208100            9.35410                             0.98517                                          -0.05886                                      90512.69686                                        1.00394e+06                                    71521.89704               
      209100            9.37013                             0.99504                                           0.00965                                      91419.08566                                        1.00490e+06                                    71426.03478               
      210100            9.57020                             1.00034                                          -0.00239                                      91906.04952                                        1.00573e+06                                    71423.96027               
      211100            9.39948                             0.99855                                           0.04564                                      91742.02965                                        1.00508e+06                                    71335.47572               
      212100            9.36160                             0.99429                                           0.04107                                      91350.40326                                        1.00551e+06                                    71449.36905               
      213100            9.32447                             0.99240                                          -0.00849                                      91176.61746                                        1.00578e+06                                    71443.46293               
      214100            9.37517                             1.00291                                           0.02355                                      92142.21196                                        1.00653e+06                                    71361.24625               
      215100            9.53948                             0.99740                                          -0.02757                                      91636.57087                                        1.00707e+06                                    71400.92845               
      216100            9.59340                             0.99295                                          -0.07164                                      91226.90820                                        1.00665e+06                                    71414.58029               
      217100            9.40630                             0.99379                                          -0.10349                                      91304.70007                                        1.00840e+06                                    71598.11932               
      218100            9.60770                             0.99387                                           0.00882                                      91311.62291                                        1.00801e+06                                    71476.43231               
      219100            9.38585                             0.99489                                           0.06812                                      91405.40692                                        1.00912e+06                                    71452.24669               
      220100            9.36765                             0.99552                                           0.01341                                      91463.81843                                        1.00980e+06                                    71443.62351               
      221100            9.38013                             0.98741                                          -0.04495                                      90717.95258                                        1.00909e+06                                    71514.92197               
      222100            9.37957                             0.99079                                          -0.02594                                      91029.02363                                        1.01067e+06                                    71561.77238               
      223100            9.33878                             0.99271                                           0.03065                                      91205.38226                                        1.01033e+06                                    71418.32133               
      224100            9.60361                             0.99291                                          -0.00106                                      91223.32683                                        1.01082e+06                                    71431.56875               
      225100            9.28602                             0.98502                                          -0.02311                                      90499.05268                                        1.00989e+06                                    71343.24428               
      226100            9.59082                             0.97741                                          -0.02398                                      89799.11458                                        1.01084e+06                                    71538.75078               
      227100            9.37775                             1.00136                                           0.11572                                      91999.58380                                        1.01145e+06                                    71371.45957               
      228100            9.34633                             0.99579                                          -0.02425                                      91488.19050                                        1.01202e+06                                    71414.80343               
      229100            9.37225                             0.99832                                          -0.03780                                      91720.58744                                        1.01202e+06                                    71417.18653               
      230100            9.35001                             0.99482                                          -0.03477                                      91398.85102                                        1.01148e+06                                    71272.73499               
      231100            9.56698                             0.99829                                          -0.01022                                      91717.70552                                        1.01256e+06                                    71365.52324               
      232100            9.41698                             0.98975                                          -0.07665                                      90933.31014                                        1.01365e+06                                    71619.82549               
      233100            9.35852                             0.98827                                          -0.07841                                      90797.36234                                        1.01360e+06                                    71508.64970               
      234100            9.34869                             0.98922                                          -0.01496                                      90884.65596                                        1.01385e+06                                    71459.70939               
      235100            9.57720                             0.99040                                          -0.01487                                      90993.15900                                        1.01422e+06                                    71434.96974               
      236100            9.34477                             0.98827                                          -0.05068                                      90797.13071                                        1.01451e+06                                    71455.43349               
      237100            9.34555                             0.98932                                          -0.00173                                      90893.67966                                        1.01433e+06                                    71336.40587               
      238100            9.37985                             0.99551                                          -0.08197                                      91462.46675                                        1.01547e+06                                    71459.72459               
      239100            9.37719                             0.99588                                           0.03549                                      91496.71902                                        1.01579e+06                                    71392.86408               
      240100            9.32310                             0.99893                                           0.02220                                      91776.60554                                        1.01598e+06                                    71461.88545               
      241100            9.60313                             0.99268                                          -0.01337                                      91202.36858                                        1.01663e+06                                    71429.72579               
      242100            9.56189                             0.98686                                          -0.02895                                      90667.55521                                        1.01680e+06                                    71429.26373               
      243100            9.34422                             0.99483                                           0.01297                                      91400.41749                                        1.01623e+06                                    71209.72027               
      244100            9.33632                             0.99355                                           0.04834                                      91282.52559                                        1.01715e+06                                    71127.18450               
      245100            9.36061                             0.99962                                          -0.05740                                      91839.89951                                        1.01874e+06                                    71371.59629               
      246100            9.37076                             0.98843                                          -0.13719                                      90811.94399                                        1.01792e+06                                    71352.75881               
      247100            9.32960                             0.98802                                          -0.08982                                      90774.53970                                        1.01857e+06                                    71400.18409               
      248100            9.29870                             0.99180                                           0.09457                                      91121.32451                                        1.01737e+06                                    71065.63223               
      249100            9.32791                             0.99511                                           0.11171                                      91425.34095                                        1.01871e+06                                    71103.87882               
      250100            9.37868                             0.99760                                          -0.03792                                      91654.44617                                        1.02010e+06                                    71395.56937               
      251100            9.36859                             0.99850                                          -0.05093                                      91736.82950                                        1.01976e+06                                    71272.82851               
      252100            9.56335                             0.99513                                           0.02735                                      91427.30958                                        1.01952e+06                                    71183.11923               
      253100            9.63472                             0.99884                                          -0.05311                                      91768.49483                                        1.02181e+06                                    71453.32409               
      254100            9.58553                             0.99004                                          -0.05382                                      90960.07779                                        1.02069e+06                                    71350.89054               
      255100            9.35888                             0.99145                                          -0.02681                                      91089.67507                                        1.02126e+06                                    71365.69422               
      256100            9.29742                             0.99477                                          -0.11278                                      91394.72755                                        1.02114e+06                                    71368.79662               
      257100            9.31897                             0.99414                                           0.03866                                      91336.60121                                        1.02235e+06                                    71401.78835               
      258100            9.31658                             0.98896                                          -0.00343                                      90861.01204                                        1.02039e+06                                    71051.62945               
      259100            9.34409                             0.99782                                           0.06024                                      91674.90205                                        1.02222e+06                                    71248.99261               
      260100            9.53290                             0.98716                                           0.02399                                      90695.70429                                        1.02152e+06                                    71101.09282               
      261100            9.35391                             1.00711                                          -0.05449                                      92528.67986                                        1.02311e+06                                    71329.07645               
      262100            9.37786                             0.99429                                           0.03973                                      91350.83411                                        1.02248e+06                                    71087.60961               
      263100            9.36515                             0.99091                                          -0.07079                                      91039.70131                                        1.02269e+06                                    71176.55123               
      264100            9.39373                             0.99766                                          -0.02051                                      91659.56758                                        1.02279e+06                                    71220.75451               
      265100            9.32979                             0.98859                                          -0.02513                                      90826.90587                                        1.02265e+06                                    71139.49088               
      266100            9.31688                             0.99659                                          -0.02851                                      91561.83937                                        1.02347e+06                                    71180.89169               
      267100            9.30677                             0.99264                                           0.00165                                      91198.37023                                        1.02363e+06                                    71182.28557               
      268100            9.49446                             1.00179                                           0.02138                                      92039.15905                                        1.02381e+06                                    71110.23219               
      269100            9.32558                             0.99720                                           0.07877                                      91617.51097                                        1.02399e+06                                    71092.71520               
      270100            9.34541                             0.99600                                          -0.01322                                      91507.17257                                        1.02451e+06                                    71267.85384               
      271100            9.31793                             1.00321                                          -0.04647                                      92169.86366                                        1.02532e+06                                    71312.45839               
      272100            9.32449                             0.99000                                           0.04451                                      90956.57824                                        1.02487e+06                                    71122.27753               
      273100            9.34542                             0.99339                                           0.02738                                      91267.25492                                        1.02432e+06                                    70928.93788               
      274100            9.28295                             0.99128                                          -0.00576                                      91073.93544                                        1.02527e+06                                    71167.52775               
      275100            9.34550                             1.00053                                          -0.00535                                      91923.24371                                        1.02590e+06                                    71268.03312               
      276100            9.33594                             0.99741                                           0.06893                                      91637.33573                                        1.02672e+06                                    71150.21433               
      277100            9.34807                             0.98905                                           0.02444                                      90868.78092                                        1.02583e+06                                    71074.14739               
      278100            9.32786                             0.98928                                          -0.08471                                      90890.07061                                        1.02634e+06                                    71253.92551               
      279100            9.57690                             1.00211                                           0.05672                                      92068.97456                                        1.02601e+06                                    71008.03314               
      280100            9.31101                             0.99541                                          -0.08842                                      91453.15830                                        1.02741e+06                                    71432.07719               
      281100            9.32249                             0.99925                                           0.04491                                      91806.21022                                        1.02737e+06                                    71141.96943               
      282100            9.35292                             0.99592                                           0.04341                                      91500.47517                                        1.02651e+06                                    71074.33947               
      283100            9.35041                             0.99501                                           0.01180                                      91416.53439                                        1.02810e+06                                    71208.78264               
      284100            9.28665                             0.98867                                          -0.06128                                      90834.21738                                        1.02642e+06                                    71124.87003               
      285100            9.33750                             0.99597                                          -0.01355                                      91504.64840                                        1.02823e+06                                    71213.98568               
      286100            9.33516                             0.98729                                          -0.04880                                      90707.28794                                        1.02789e+06                                    71125.97179               
      287100            9.33537                             0.99123                                          -0.06350                                      91069.38871                                        1.02870e+06                                    71229.09673               
      288100            9.29162                             0.98039                                          -0.02661                                      90073.28058                                        1.02697e+06                                    71090.66472               
      289100            9.31629                             0.99862                                          -0.02662                                      91748.02155                                        1.02843e+06                                    71067.76300               
      290100            9.56451                             0.99015                                          -0.01101                                      90969.94550                                        1.02801e+06                                    71087.17477               
      291100            9.30667                             0.98713                                          -0.02508                                      90692.95492                                        1.02843e+06                                    71155.08334               
      292100            9.31764                             1.00054                                          -0.02813                                      91924.32050                                        1.02890e+06                                    71069.46487               
      293100            9.29584                             1.00375                                           0.10946                                      92219.83650                                        1.02979e+06                                    70971.57214               
      294100            9.31491                             1.00187                                           0.04230                                      92046.69346                                        1.02896e+06                                    70999.01160               
      295100            9.31471                             0.99174                                          -0.00043                                      91116.17446                                        1.02950e+06                                    71144.85308               
      296100            9.60547                             0.98991                                          -0.04409                                      90947.92070                                        1.02925e+06                                    71134.88020               
      297100            9.56674                             0.99340                                          -0.03035                                      91268.59671                                        1.03082e+06                                    71199.73617               
      298100            9.38116                             0.98778                                          -0.02496                                      90752.30247                                        1.02955e+06                                    71055.81053               
      299100            9.35722                             0.99614                                          -0.00391                                      91520.44422                                        1.02952e+06                                    71075.48501               
      300100            9.30352                             1.00007                                          -0.02912                                      91881.35740                                        1.03012e+06                                    71136.90348               
      301100            9.36374                             0.99483                                           0.05965                                      91400.13485                                        1.03090e+06                                    71113.00820               
      302100            9.34951                             0.98678                                          -0.02979                                      90660.35203                                        1.03024e+06                                    71064.93397               
      303100            9.54419                             0.99592                                          -0.00319                                      91500.14793                                        1.03199e+06                                    71125.10056               
      304100            9.32107                             0.99350                                          -0.01531                                      91278.26413                                        1.03297e+06                                    71240.36325               
      305100            9.38736                             0.99742                                          -0.00981                                      91637.86399                                        1.03250e+06                                    71153.16040               
      306100            9.31302                             0.99685                                           0.02349                                      91585.63887                                        1.03173e+06                                    71049.50008               
      307100            9.53991                             0.98574                                           0.00815                                      90564.60890                                        1.03114e+06                                    71057.86098               
      308100            9.53553                             0.99592                                          -0.02750                                      91499.71246                                        1.03132e+06                                    71081.16614               
      309100            9.33333                             0.99198                                          -0.05410                                      91138.18833                                        1.03219e+06                                    71164.35093               
      310100            9.32523                             0.99680                                           0.02973                                      91581.27431                                        1.03217e+06                                    71051.37785               
      311100            9.54640                             0.98581                                           0.00486                                      90570.94474                                        1.03144e+06                                    70915.56661               
      312100            9.40833                             0.99610                                           0.01374                                      91516.33123                                        1.03293e+06                                    71134.32107               
      313100            9.31671                             0.99843                                           0.03252                                      91730.29766                                        1.03294e+06                                    71085.11921               
      314100            9.31724                             0.99271                                          -0.02831                                      91204.86835                                        1.03239e+06                                    71046.69007               
      315100            9.36724                             0.99591                                          -0.10599                                      91499.44487                                        1.03297e+06                                    71117.83478               
      316100            9.52489                             0.99852                                           0.01612                                      91739.02673                                        1.03320e+06                                    70936.12820               
      317100            9.34299                             0.98568                                          -0.00358                                      90559.27366                                        1.03269e+06                                    71041.26290               
      318100            9.57090                             0.98690                                          -0.01519                                      90671.38674                                        1.03273e+06                                    70867.71873               
      319100            9.29021                             0.99401                                           0.04215                                      91325.08442                                        1.03300e+06                                    70856.71073               
      320100            9.31040                             0.99343                                          -0.03760                                      91271.33506                                        1.03348e+06                                    71064.90803               
      321100            9.27755                             0.99568                                           0.05738                                      91477.74611                                        1.03392e+06                                    71024.79842               
      322100            9.32373                             0.99122                                           0.03636                                      91067.93666                                        1.03272e+06                                    70844.54838               
      323100            9.55730                             0.99164                                           0.01486                                      91106.97578                                        1.03309e+06                                    70912.30070               
      324100            9.29077                             0.98603                                          -0.03574                                      90591.56210                                        1.03337e+06                                    71026.50939               
      325100            9.31150                             0.99386                                          -0.08438                                      91310.76333                                        1.03450e+06                                    71178.01117               
      326100            9.32192                             0.98312                                          -0.06598                                      90324.22283                                        1.03389e+06                                    71087.52702               
      327100            9.55729                             0.99573                                          -0.05832                                      91483.10108                                        1.03482e+06                                    71183.52974               
      328100            9.52582                             0.99344                                          -0.03466                                      91272.40834                                        1.03532e+06                                    71110.79531               
      329100            9.27482                             0.99362                                           0.06830                                      91288.38461                                        1.03497e+06                                    70972.40706               
      330100            9.31722                             0.98714                                           0.00113                                      90693.43726                                        1.03362e+06                                    70883.19909               
      331100            9.50974                             0.99246                                           0.05307                                      91182.26162                                        1.03447e+06                                    70933.68466               
      332100            9.33602                             0.99561                                          -0.06282                                      91471.22632                                        1.03507e+06                                    71087.95738               
      333100            9.34704                             1.00143                                          -0.01272                                      92006.29220                                        1.03575e+06                                    71126.85600               
      334100            9.29505                             0.98343                                          -0.06893                                      90352.62666                                        1.03528e+06                                    71184.00049               
      335100            9.62229                             0.98576                                          -0.04139                                      90567.15054                                        1.03562e+06                                    71144.51629               
      336100            9.36253                             0.99353                                          -0.02584                                      91280.19996                                        1.03488e+06                                    71063.92747               
      337100            9.32365                             0.98842                                          -0.00114                                      90811.30233                                        1.03602e+06                                    71015.02468               
      338100            9.28319                             0.99722                                          -0.00971                                      91619.94744                                        1.03509e+06                                    70973.38896               
      339100            9.57280                             0.98944                                          -0.00968                                      90904.70122                                        1.03475e+06                                    70878.00135               
      340100            9.55562                             0.99648                                          -0.10453                                      91551.80514                                        1.03525e+06                                    71003.15806               
      341100            9.32976                             0.99814                                           0.02670                                      91703.94497                                        1.03521e+06                                    70916.12975               
      342100            9.30926                             0.98456                                           0.06397                                      90456.60128                                        1.03527e+06                                    70754.06779               
      343100            9.31946                             0.99469                                           0.00173                                      91386.84968                                        1.03628e+06                                    71002.89030               
      344100            9.27366                             0.99525                                           0.04468                                      91438.89339                                        1.03595e+06                                    70769.26756               
      345100            9.54083                             0.99161                                          -0.03221                                      91104.34980                                        1.03674e+06                                    71077.05043               
      346100            9.33229                             0.99727                                           0.00994                                      91623.89487                                        1.03633e+06                                    71009.34484               
      347100            9.29351                             0.99414                                          -0.04284                                      91336.55286                                        1.03600e+06                                    70946.17726               
      348100            9.30182                             0.99245                                           0.05453                                      91181.05262                                        1.03659e+06                                    70940.45456               
      349100            9.32991                             0.99135                                          -0.08276                                      91080.62454                                        1.03662e+06                                    71063.16092               
      350100            9.52640                             0.98569                                           0.02361                                      90560.49271                                        1.03626e+06                                    70975.98169               
      351100            9.34140                             0.99208                                          -0.01402                                      91147.21506                                        1.03720e+06                                    71081.36873               
      352100            9.57819                             0.99573                                           0.02436                                      91482.43262                                        1.03815e+06                                    71098.26546               
      353100            9.30654                             0.99436                                           0.07383                                      91356.88585                                        1.03624e+06                                    70806.74637               
      354100            9.25786                             0.99703                                           0.02019                                      91601.98306                                        1.03727e+06                                    70964.64644               
      355100            9.32208                             0.98864                                           0.01078                                      90831.08959                                        1.03710e+06                                    70920.71000               
      356100            9.52603                             0.99314                                           0.11947                                      91244.29573                                        1.03724e+06                                    70838.95530               
      357100            9.53777                             0.99563                                          -0.00463                                      91473.31159                                        1.03748e+06                                    70972.90801               
      358100            9.53204                             0.99332                                          -0.01805                                      91261.71802                                        1.03809e+06                                    70985.78729               
      359100            9.51658                             0.98842                                           0.07962                                      90811.30915                                        1.03703e+06                                    70751.43399               
      360100            9.29734                             0.99394                                          -0.00871                                      91318.12889                                        1.03733e+06                                    70874.63293               
      361100            9.53943                             0.98844                                          -0.04681                                      90812.82375                                        1.03834e+06                                    71018.13288               
      362100            9.35132                             0.98550                                          -0.10349                                      90542.75490                                        1.03800e+06                                    71092.09503               
      363100            9.31547                             0.98832                                          -0.09760                                      90802.34787                                        1.03844e+06                                    71075.24757               
      364100            9.27169                             0.99375                                           0.05883                                      91300.75589                                        1.03787e+06                                    70753.05796               
      365100            9.28698                             0.99546                                          -0.00018                                      91457.87396                                        1.03836e+06                                    70904.13636               
      366100            9.32718                             0.99720                                           0.00488                                      91617.39708                                        1.03915e+06                                    70906.77636               
      367100            9.55087                             0.99149                                           0.03804                                      91092.72665                                        1.03844e+06                                    70953.84156               
      368100            9.29836                             0.98281                                          -0.18015                                      90295.90420                                        1.03771e+06                                    71022.08349               
      369100            9.34925                             0.99795                                          -0.04739                                      91686.72482                                        1.03879e+06                                    70985.50215               
      370100            9.32869                             0.99779                                          -0.00241                                      91671.83488                                        1.03923e+06                                    70946.83797               
      371100            9.35949                             0.98728                                           0.00587                                      90705.91747                                        1.03883e+06                                    70885.26863               
      372100            9.29814                             0.99417                                          -0.01613                                      91339.66880                                        1.03888e+06                                    70927.52411               
      373100            9.30361                             1.00382                                          -0.01171                                      92225.90651                                        1.03931e+06                                    70814.34370               
      374100            9.50499                             0.98977                                          -0.03220                                      90935.04839                                        1.03865e+06                                    70791.00139               
      375100            9.20237                             0.99050                                           0.03873                                      91001.76666                                        1.03902e+06                                    70913.86414               
      376100            9.23012                             0.99017                                          -0.16065                                      90971.41568                                        1.04089e+06                                    71272.05090               
      377100            9.47678                             0.98114                                          -0.01057                                      90142.55447                                        1.03936e+06                                    71026.84699               
      378100            9.28965                             0.99433                                          -0.00948                                      91354.32554                                        1.03985e+06                                    70998.12560               
      379100            9.37774                             1.00064                                          -0.03588                                      91933.71483                                        1.03976e+06                                    70970.72927               
      380100            9.50391                             0.98693                                           0.07215                                      90674.56206                                        1.03926e+06                                    70899.94203               
      381100            9.22658                             0.99645                                          -0.00799                                      91548.95542                                        1.04003e+06                                    71074.37724               
      382100            9.24472                             0.98541                                          -0.09485                                      90534.22787                                        1.04020e+06                                    71133.91371               
      383100            9.17906                             0.98818                                          -0.03264                                      90788.87787                                        1.03896e+06                                    70843.30827               
      384100            9.18892                             0.98223                                           0.05727                                      90242.27253                                        1.03873e+06                                    70812.29191               
      385100            9.15745                             1.00029                                          -0.06583                                      91901.98814                                        1.04044e+06                                    71024.95238               
      386100            9.22354                             0.99057                                          -0.11013                                      91008.99114                                        1.03996e+06                                    70990.10790               
      387100            9.24678                             0.98914                                          -0.00183                                      90877.23631                                        1.04010e+06                                    70958.53514               
      388100            9.24953                             0.99657                                           0.05653                                      91559.47306                                        1.04054e+06                                    70865.52977               
      389100            9.27566                             0.99685                                          -0.00529                                      91585.46502                                        1.04022e+06                                    70904.82137               
      390100            9.25737                             0.99820                                          -0.08897                                      91709.43587                                        1.04119e+06                                    71135.43056               
      391100            9.46944                             0.98818                                          -0.09815                                      90789.06639                                        1.04017e+06                                    71051.30896               
      392100            9.55357                             0.99523                                          -0.02921                                      91436.46780                                        1.04168e+06                                    71130.29111               
      393100            9.48570                             0.99632                                           0.02556                                      91536.44933                                        1.04157e+06                                    71043.81887               
      394100            9.46716                             0.98648                                          -0.11536                                      90633.12008                                        1.04167e+06                                    71205.08328               
      395100            9.34358                             0.99180                                          -0.10877                                      91121.62796                                        1.04127e+06                                    71100.40537               
      396100            9.29818                             0.98517                                          -0.07816                                      90512.06484                                        1.04081e+06                                    70971.53051               
      397100            9.29420                             1.00072                                           0.01920                                      91940.69693                                        1.04162e+06                                    70896.91535               
      398100            9.33960                             0.99643                                           0.05406                                      91546.79076                                        1.04186e+06                                    70872.45470               
      399100            9.57090                             0.99565                                           0.05966                                      91475.36285                                        1.04073e+06                                    70877.14796               
      400100            9.34955                             0.99261                                          -0.05162                                      91196.30082                                        1.04188e+06                                    71009.10113               
      401100            9.35522                             0.99202                                           0.02021                                      91141.75352                                        1.04164e+06                                    70960.89032               
      402100            9.13807                             0.99719                                          -0.06726                                      91616.78652                                        1.04272e+06                                    71032.81815               
      403100            9.21215                             0.98853                                          -0.02531                                      90821.55673                                        1.04147e+06                                    70866.89724               
      404100            9.45247                             0.99675                                          -0.02533                                      91576.42960                                        1.04208e+06                                    70879.33084               
      405100            9.28104                             0.99339                                          -0.15806                                      91267.68758                                        1.04302e+06                                    71114.33088               
      406100            9.25761                             0.98874                                          -0.07499                                      90840.46373                                        1.04248e+06                                    71096.64806               
      407100            9.25896                             0.99482                                           0.06773                                      91398.93762                                        1.04164e+06                                    70892.81445               
      408100            9.27214                             0.99659                                          -0.00964                                      91561.57894                                        1.04261e+06                                    71073.83950               
      409100            9.27371                             0.99805                                           0.01110                                      91695.48190                                        1.04277e+06                                    70895.81759               
      410100            9.22839                             0.99207                                          -0.03738                                      91146.09652                                        1.04291e+06                                    71008.16363               
      411100            9.22888                             0.99046                                          -0.05178                                      90998.52664                                        1.04195e+06                                    70836.23058               
