Simulation.timestep  Simulation.tps  md.compute.ThermodynamicQuantities.kinetic_temperature md.compute.ThermodynamicQuantities.pressure md.compute.ThermodynamicQuantities.kinetic_energy md.compute.ThermodynamicQuantities.potential_energy md.compute.ThermodynamicQuantities.volume
       9100             7.59129                             1.02702                                          -0.10391                                      1.00134e+05                                        7.80099e+05                                    80100.93133               
       10100            8.55316                             1.01609                                           0.02712                                      99068.39836                                        7.75843e+05                                    77780.07085               
       11100            8.55707                             1.00620                                           0.07293                                      98104.80314                                        7.79697e+05                                    77579.62315               
       12100            8.73665                             1.00380                                           0.02886                                      97870.22477                                        7.84806e+05                                    77605.76822               
       13100            8.92406                             0.99887                                           0.10360                                      97389.71911                                        7.88722e+05                                    77483.97699               
       14100            8.95470                             0.99825                                           0.08343                                      97329.48370                                        7.92524e+05                                    77355.10812               
       15100            8.54983                             1.00220                                           0.06288                                      97714.38144                                        7.97589e+05                                    77514.88907               
       16100            8.75570                             0.99663                                           0.00907                                      97171.08701                                        8.01850e+05                                    77571.46719               
       17100            8.93717                             0.98603                                          -0.01902                                      96137.68608                                        8.05548e+05                                    77368.48561               
       18100            8.79532                             0.98931                                          -0.04911                                      96457.27162                                        8.10203e+05                                    77514.61435               
       19100            8.77081                             0.99002                                          -0.06091                                      96526.47936                                        8.14991e+05                                    77489.11175               
       20100            8.79781                             0.98909                                          -0.08442                                      96435.79678                                        8.18948e+05                                    77424.30754               
       21100            8.96475                             0.98315                                          -0.01691                                      95857.43906                                        8.21887e+05                                    77183.41756               
       22100            8.70334                             0.99459                                          -0.00727                                      96972.56366                                        8.26533e+05                                    77075.15865               
       23100            8.96903                             0.99359                                           0.02057                                      96875.09722                                        8.30587e+05                                    77102.60088               
       24100            8.94784                             0.99090                                           0.05589                                      96612.74920                                        8.33327e+05                                    76909.01641               
       25100            8.95582                             0.99030                                          -0.02880                                      96554.27851                                        8.38199e+05                                    77103.69307               
       26100            8.72216                             0.99526                                          -0.04038                                      97037.93190                                        8.42935e+05                                    77201.27891               
       27100            8.92999                             0.99698                                           0.00936                                      97205.43695                                        8.46715e+05                                    77104.47473               
       28100            8.93671                             0.99488                                          -0.08272                                      97000.78854                                        8.50568e+05                                    77157.51579               
       29100            8.95314                             0.98800                                          -0.04304                                      96329.69992                                        8.54138e+05                                    77011.63560               
       30100            8.87988                             0.98518                                          -0.03517                                      96054.67322                                        8.57601e+05                                    76856.54292               
       31100            8.91287                             0.98888                                           0.01224                                      96415.38153                                        8.61229e+05                                    76704.88947               
       32100            8.71367                             0.99038                                          -0.00812                                      96561.92814                                        8.66526e+05                                    76849.83559               
       33100            8.95439                             0.99203                                          -0.06853                                      96722.72918                                        8.70174e+05                                    76921.62096               
       34100            8.71110                             0.99015                                          -0.02343                                      96540.08176                                        8.73665e+05                                    76830.20570               
       35100            8.91833                             0.98763                                          -0.06647                                      96294.04258                                        8.77635e+05                                    76897.76891               
       36100            8.96591                             0.99095                                          -0.03350                                      96617.37047                                        8.80640e+05                                    76935.80398               
       37100            8.93147                             0.99581                                          -0.00595                                      97091.92201                                        8.83649e+05                                    76722.63179               
       38100            8.68869                             0.99437                                          -0.09258                                      96951.41338                                        8.87242e+05                                    76952.80049               
       39100            8.67845                             0.98892                                          -0.04817                                      96419.45908                                        8.90303e+05                                    76783.38289               
       40100            8.91537                             0.99105                                          -0.03704                                      96627.68371                                        8.94212e+05                                    76838.66568               
       41100            8.67052                             0.99623                                           0.02959                                      97132.28119                                        8.95122e+05                                    76469.01832               
       42100            8.88688                             0.99881                                          -0.02735                                      97384.08228                                        8.99467e+05                                    76737.68218               
       43100            8.64126                             0.99414                                          -0.00537                                      96928.92583                                        9.02036e+05                                    76542.13993               
       44100            8.87606                             0.98949                                          -0.03740                                      96474.96579                                        9.04392e+05                                    76559.99076               
       45100            8.88191                             0.99213                                          -0.00635                                      96732.64541                                        9.08295e+05                                    76668.53202               
       46100            8.83205                             0.98532                                          -0.03425                                      96069.09101                                        9.09500e+05                                    76278.17176               
       47100            8.86391                             0.99184                                          -0.03655                                      96704.06808                                        9.13563e+05                                    76403.14351               
       48100            8.86343                             0.99458                                          -0.05656                                      96971.99140                                        9.16400e+05                                    76326.50428               
       49100            8.84214                             0.99064                                           0.02936                                      96587.86193                                        9.19947e+05                                    76413.55570               
       50100            8.85230                             0.98842                                          -0.08794                                      96370.56346                                        9.23437e+05                                    76455.11226               
       51100            8.84965                             1.00157                                          -0.02000                                      97653.12097                                        9.26512e+05                                    76498.72791               
       52100            8.85746                             1.00001                                          -0.06243                                      97500.60804                                        9.29931e+05                                    76582.57258               
       53100            8.84633                             0.99635                                          -0.02615                                      97144.09857                                        9.32597e+05                                    76300.66675               
       54100            8.84363                             0.99206                                          -0.04837                                      96726.22383                                        9.34662e+05                                    76345.35236               
       55100            8.82111                             0.99058                                          -0.05755                                      96581.96563                                        9.37608e+05                                    76219.36393               
       56100            8.60266                             0.99921                                           0.10858                                      97422.66926                                        9.40230e+05                                    75905.57774               
       57100            8.83848                             0.99476                                           0.09272                                      96989.49848                                        9.44185e+05                                    76094.21982               
       58100            8.83279                             0.99957                                           0.02520                                      97457.74923                                        9.46253e+05                                    76093.09228               
       59100            8.83916                             0.99752                                          -0.04932                                      97257.90080                                        9.48663e+05                                    76108.76374               
       60100            8.80927                             0.99002                                          -0.00332                                      96526.62326                                        9.51706e+05                                    76019.62107               
       61100            8.82096                             0.99875                                          -0.04724                                      97377.90441                                        9.55609e+05                                    76164.62106               
       62100            8.81768                             0.98383                                          -0.03695                                      95923.07166                                        9.56895e+05                                    76076.53865               
       63100            8.59668                             0.98802                                          -0.04563                                      96332.30973                                        9.59459e+05                                    76117.19973               
       64100            8.81492                             0.99185                                           0.03083                                      96705.65742                                        9.61307e+05                                    75979.40729               
       65100            8.78564                             0.99820                                           0.03567                                      97324.30752                                        9.64868e+05                                    75886.58296               
       66100            8.80250                             0.99463                                           0.03289                                      96976.61940                                        9.67109e+05                                    75888.26726               
       67100            8.80666                             1.00113                                           0.01741                                      97609.99866                                        9.69896e+05                                    75982.19550               
       68100            8.80524                             0.98379                                          -0.03356                                      95919.05863                                        9.71574e+05                                    75972.20344               
       69100            8.79392                             0.98563                                           0.06675                                      96099.02913                                        9.73107e+05                                    75711.04193               
       70100            8.76317                             1.00075                                           0.02269                                      97573.22411                                        9.76485e+05                                    75742.37321               
       71100            8.82402                             0.99479                                          -0.05643                                      96991.59550                                        9.79737e+05                                    76011.34813               
       72100            8.80043                             0.99034                                          -0.01360                                      96558.31933                                        9.81455e+05                                    75891.42304               
       73100            8.81898                             0.98416                                          -0.05916                                      95955.79782                                        9.83582e+05                                    76055.22065               
       74100            8.80445                             0.98513                                          -0.10230                                      96050.15228                                        9.85491e+05                                    76001.68556               
       75100            8.79492                             0.98699                                          -0.05413                                      96231.91896                                        9.88639e+05                                    75911.49174               
       76100            8.78251                             0.99263                                          -0.00937                                      96781.01496                                        9.89628e+05                                    75813.22018               
       77100            8.77847                             0.99284                                           0.02343                                      96801.47555                                        9.92135e+05                                    75751.19471               
       78100            8.74369                             0.99164                                          -0.09210                                      96684.75570                                        9.93799e+05                                    75824.98417               
       79100            8.75570                             0.99666                                           0.02228                                      97174.16054                                        9.95789e+05                                    75658.53150               
       80100            8.77183                             0.99992                                           0.05636                                      97492.11522                                        9.98923e+05                                    75729.40929               
       81100            8.76927                             0.99652                                           0.07880                                      97160.60010                                        9.99833e+05                                    75543.33138               
       82100            8.78395                             0.99398                                          -0.03483                                      96913.36775                                        1.00212e+06                                    75688.21790               
       83100            8.75553                             0.99236                                           0.01184                                      96754.99199                                        1.00341e+06                                    75584.57785               
       84100            8.74651                             0.98544                                          -0.03943                                      96080.47744                                        1.00627e+06                                    75640.82654               
       85100            8.73354                             0.99310                                          -0.04390                                      96826.81985                                        1.00746e+06                                    75386.46044               
       86100            8.77478                             0.99204                                           0.00689                                      96724.33740                                        1.00999e+06                                    75582.67457               
       87100            8.55854                             0.99869                                           0.02491                                      97372.70138                                        1.01242e+06                                    75780.67632               
       88100            8.75021                             1.00236                                           0.09585                                      97730.58673                                        1.01403e+06                                    75468.46036               
       89100            8.75388                             0.99506                                           0.01904                                      97018.76411                                        1.01508e+06                                    75414.49329               
       90100            8.74917                             1.00556                                           0.04422                                      98041.84067                                        1.01749e+06                                    75617.22385               
       91100            8.75843                             0.98881                                           0.06026                                      96409.40834                                        1.01799e+06                                    75315.57039               
       92100            8.76165                             0.99707                                           0.00836                                      97214.42106                                        1.02134e+06                                    75597.89795               
       93100            8.72229                             1.00286                                           0.09028                                      97778.68509                                        1.02381e+06                                    75538.31187               
       94100            8.73181                             0.99162                                           0.05271                                      96683.27033                                        1.02363e+06                                    75304.49078               
       95100            8.76455                             0.99584                                           0.01872                                      97094.80583                                        1.02781e+06                                    75489.87478               
       96100            8.75832                             0.99059                                           0.02322                                      96582.77369                                        1.02859e+06                                    75412.20040               
       97100            8.75334                             0.99959                                          -0.00623                                      97460.06357                                        1.02988e+06                                    75496.51663               
       98100            8.71972                             0.99710                                           0.02395                                      97217.19933                                        1.03168e+06                                    75360.37574               
       99100            8.71821                             0.99843                                          -0.02415                                      97346.86922                                        1.03331e+06                                    75494.52007               
      100100            8.72782                             0.98987                                          -0.00602                                      96512.08863                                        1.03395e+06                                    75474.80512               
      101100            8.71524                             0.99025                                          -0.04974                                      96549.81265                                        1.03570e+06                                    75430.20236               
      102100            8.73267                             1.00054                                          -0.04717                                      97553.13585                                        1.03799e+06                                    75524.43087               
      103100            8.74604                             0.99704                                           0.01574                                      97211.06343                                        1.03950e+06                                    75471.53585               
      104100            8.73100                             1.00010                                           0.03158                                      97509.28153                                        1.03971e+06                                    75332.98071               
      105100            8.71854                             0.99295                                          -0.01986                                      96812.93152                                        1.04094e+06                                    75241.79815               
      106100            8.71847                             0.99448                                          -0.05513                                      96962.24041                                        1.04278e+06                                    75386.75650               
      107100            8.73441                             0.99527                                          -0.03622                                      97039.20595                                        1.04402e+06                                    75322.90646               
      108100            8.71963                             0.98757                                          -0.04563                                      96287.90715                                        1.04623e+06                                    75349.43007               
      109100            8.70048                             0.99417                                           0.00574                                      96931.85904                                        1.04636e+06                                    75191.28769               
      110100            8.70275                             0.99454                                           0.03336                                      96967.35431                                        1.04826e+06                                    75299.48960               
      111100            8.73518                             0.99474                                          -0.07934                                      96987.42546                                        1.05026e+06                                    75368.06542               
      112100            8.68719                             0.98338                                           0.04482                                      95879.67024                                        1.05109e+06                                    75192.96690               
      113100            8.71791                             0.99653                                           0.02355                                      97161.63741                                        1.05198e+06                                    75155.61653               
      114100            8.51309                             1.00418                                           0.07458                                      97907.80211                                        1.05218e+06                                    74975.09489               
      115100            8.70894                             0.99470                                           0.04893                                      96983.07946                                        1.05491e+06                                    75157.37694               
      116100            8.70296                             0.98740                                           0.01137                                      96271.15657                                        1.05514e+06                                    75038.19498               
      117100            8.71578                             0.98783                                          -0.05441                                      96313.06319                                        1.05755e+06                                    75353.40453               
      118100            8.71826                             0.99117                                           0.05202                                      96639.44199                                        1.05786e+06                                    75193.70737               
      119100            8.69059                             1.00070                                          -0.02515                                      97568.07234                                        1.05855e+06                                    75173.65519               
      120100            8.68629                             0.99029                                           0.00259                                      96553.44351                                        1.05799e+06                                    74975.35597               
      121100            8.69088                             0.99875                                           0.01917                                      97377.90673                                        1.05984e+06                                    75071.74945               
      122100            8.67481                             0.98958                                           0.13621                                      96484.32474                                        1.06000e+06                                    74914.42726               
      123100            8.69868                             0.99410                                           0.01941                                      96925.21902                                        1.06219e+06                                    75017.27090               
      124100            8.89189                             0.99463                                          -0.00435                                      96976.40850                                        1.06296e+06                                    75032.29451               
      125100            8.70474                             0.99053                                          -0.00415                                      96576.28538                                        1.06451e+06                                    75147.07948               
      126100            8.72164                             0.98975                                           0.01450                                      96500.89414                                        1.06576e+06                                    75073.62986               
      127100            8.70171                             1.00598                                          -0.00457                                      98083.28139                                        1.06722e+06                                    75138.68082               
      128100            8.70509                             0.99642                                           0.05341                                      97150.64728                                        1.06718e+06                                    74961.82357               
      129100            8.69157                             0.99711                                           0.03096                                      97218.05083                                        1.06915e+06                                    74994.05051               
      130100            8.70975                             1.00238                                          -0.09688                                      97731.98885                                        1.06990e+06                                    75161.33864               
      131100            8.70575                             0.99794                                          -0.00778                                      97298.97218                                        1.07135e+06                                    75219.92775               
      132100            8.70403                             0.99289                                           0.03314                                      96806.72140                                        1.07173e+06                                    74977.76179               
      133100            8.68444                             0.99539                                          -0.01373                                      97050.72130                                        1.07324e+06                                    75092.19599               
      134100            8.67143                             0.99828                                          -0.06917                                      97332.66770                                        1.07520e+06                                    75229.39369               
      135100            8.67147                             0.99360                                          -0.02311                                      96876.23865                                        1.07509e+06                                    75043.66400               
      136100            8.63702                             0.99677                                           0.06732                                      97184.61052                                        1.07517e+06                                    74843.35789               
      137100            8.69144                             0.99572                                           0.07291                                      97082.55113                                        1.07612e+06                                    74850.24278               
      138100            8.69483                             0.99797                                          -0.03244                                      97302.18797                                        1.07798e+06                                    75091.36881               
      139100            8.69489                             0.99265                                          -0.04267                                      96783.21806                                        1.07844e+06                                    74927.12713               
      140100            8.66812                             0.99725                                           0.00727                                      97231.77557                                        1.07963e+06                                    74966.28858               
      141100            8.70289                             0.99678                                           0.03461                                      97185.97682                                        1.07980e+06                                    74907.49131               
      142100            8.67996                             0.99747                                           0.04657                                      97253.36310                                        1.08043e+06                                    74796.17037               
      143100            8.66347                             0.99599                                           0.04083                                      97109.04649                                        1.08197e+06                                    74833.20083               
      144100            8.91570                             0.99424                                           0.04727                                      96938.41626                                        1.08205e+06                                    74888.47518               
      145100            8.68084                             0.99813                                           0.06423                                      97317.70248                                        1.08341e+06                                    74735.23073               
      146100            8.65377                             0.99184                                          -0.00557                                      96704.05000                                        1.08409e+06                                    74846.33523               
      147100            8.88116                             0.99913                                           0.04154                                      97415.03980                                        1.08557e+06                                    74804.77064               
      148100            8.71385                             0.98965                                          -0.02295                                      96490.93760                                        1.08716e+06                                    75055.97452               
      149100            8.68400                             0.98884                                          -0.06697                                      96412.22731                                        1.08679e+06                                    74930.27021               
      150100            8.65078                             0.99385                                           0.01982                                      96900.01900                                        1.08845e+06                                    74951.27440               
      151100            8.90825                             0.99445                                          -0.00780                                      96959.03981                                        1.08974e+06                                    75008.36702               
      152100            8.89125                             0.99235                                          -0.01957                                      96754.38175                                        1.09082e+06                                    74992.13304               
      153100            8.68331                             0.98550                                          -0.03751                                      96086.60457                                        1.09084e+06                                    74908.69495               
      154100            8.71505                             0.99804                                          -0.05541                                      97308.43884                                        1.09321e+06                                    75039.86802               
      155100            8.66888                             0.99517                                           0.07418                                      97029.35756                                        1.09200e+06                                    74788.13176               
      156100            8.67117                             0.99607                                          -0.06737                                      97116.46023                                        1.09390e+06                                    74930.99680               
      157100            8.89346                             0.98939                                           0.03064                                      96465.51267                                        1.09396e+06                                    74844.77314               
      158100            8.66218                             0.99609                                          -0.03811                                      97118.82722                                        1.09478e+06                                    74895.36751               
      159100            8.67929                             0.99007                                          -0.07452                                      96531.97567                                        1.09530e+06                                    74781.26761               
      160100            8.69432                             0.99448                                          -0.02067                                      96961.98430                                        1.09649e+06                                    74747.82762               
      161100            8.87336                             0.98685                                          -0.03820                                      96218.06089                                        1.09762e+06                                    74828.71174               
      162100            8.63589                             1.00088                                          -0.02207                                      97585.87028                                        1.09795e+06                                    74820.60794               
      163100            8.66983                             0.99720                                           0.03318                                      97226.93825                                        1.09929e+06                                    74801.81065               
      164100            8.68996                             0.99862                                           0.05466                                      97365.09782                                        1.09916e+06                                    74716.46050               
      165100            8.69507                             0.99010                                           0.04690                                      96534.79141                                        1.10047e+06                                    74775.67511               
      166100            8.67616                             0.99350                                           0.04185                                      96866.35734                                        1.10072e+06                                    74671.96081               
      167100            8.69213                             0.99372                                          -0.04160                                      96887.59197                                        1.10296e+06                                    74987.78012               
      168100            8.67629                             0.99412                                          -0.04995                                      96926.52668                                        1.10274e+06                                    75022.78017               
      169100            8.66522                             0.98162                                          -0.00317                                      95707.49723                                        1.10274e+06                                    74943.23867               
      170100            8.68703                             0.98710                                          -0.05551                                      96242.08320                                        1.10412e+06                                    74964.37170               
      171100            8.67767                             0.98268                                           0.07023                                      95811.26564                                        1.10402e+06                                    74781.25014               
      172100            8.67239                             0.99646                                          -0.03945                                      97155.08773                                        1.10443e+06                                    74840.21074               
      173100            8.65429                             0.99191                                           0.01689                                      96710.82024                                        1.10520e+06                                    74818.82361               
      174100            8.67532                             0.99722                                          -0.12065                                      97228.58740                                        1.10601e+06                                    74963.54024               
      175100            8.67417                             0.98943                                          -0.06584                                      96469.26376                                        1.10629e+06                                    74876.95191               
      176100            8.64675                             0.98339                                          -0.05202                                      95880.93262                                        1.10565e+06                                    74729.29347               
      177100            8.67500                             0.99635                                          -0.03014                                      97144.46936                                        1.10699e+06                                    74691.63195               
      178100            8.63335                             0.99191                                           0.01031                                      96711.02042                                        1.10554e+06                                    74552.47725               
      179100            8.86795                             0.99561                                          -0.00652                                      97072.12943                                        1.10757e+06                                    74661.27811               
      180100            8.66847                             1.00150                                          -0.01412                                      97646.14094                                        1.10878e+06                                    74710.08098               
      181100            8.66762                             0.99287                                           0.06905                                      96804.34435                                        1.10862e+06                                    74639.45040               
      182100            8.65131                             0.99577                                           0.01885                                      97087.64542                                        1.11020e+06                                    74780.68920               
      183100            8.65871                             0.99094                                          -0.01535                                      96616.81909                                        1.10971e+06                                    74668.92502               
      184100            8.85354                             0.98285                                          -0.12435                                      95827.74948                                        1.11014e+06                                    74689.22839               
      185100            8.64443                             0.98557                                          -0.05458                                      96093.46032                                        1.11149e+06                                    74787.56099               
      186100            8.65639                             0.99999                                           0.00242                                      97499.34552                                        1.11283e+06                                    74968.34891               
      187100            8.66904                             0.99920                                          -0.00219                                      97421.65195                                        1.11282e+06                                    74755.77111               
      188100            8.88871                             0.99255                                           0.04592                                      96773.45082                                        1.11302e+06                                    74798.12927               
      189100            8.67286                             1.00568                                           0.05129                                      98053.57522                                        1.11354e+06                                    74616.34468               
      190100            8.62579                             0.99860                                           0.09617                                      97363.44144                                        1.11378e+06                                    74615.29872               
      191100            8.64641                             0.99225                                           0.00914                                      96744.39457                                        1.11428e+06                                    74673.84848               
      192100            8.65414                             0.98426                                          -0.00408                                      95965.03159                                        1.11419e+06                                    74502.72251               
      193100            8.67164                             0.99505                                          -0.09355                                      97017.17857                                        1.11543e+06                                    74734.35340               
      194100            8.64913                             0.99072                                          -0.10001                                      96595.05062                                        1.11561e+06                                    74701.94450               
      195100            8.61303                             0.98526                                           0.03469                                      96062.65168                                        1.11568e+06                                    74583.12701               
      196100            8.67639                             0.99431                                           0.00958                                      96945.65334                                        1.11582e+06                                    74575.68728               
      197100            8.67179                             0.99409                                          -0.03583                                      96923.29428                                        1.11702e+06                                    74672.47361               
      198100            8.64276                             0.98943                                          -0.00930                                      96469.20621                                        1.11754e+06                                    74554.22398               
      199100            8.64890                             0.99506                                          -0.04355                                      97018.43958                                        1.11823e+06                                    74642.64211               
      200100            8.63522                             0.99174                                           0.02401                                      96694.85444                                        1.11810e+06                                    74565.69624               
      201100            8.61102                             0.99781                                           0.03953                                      97286.37194                                        1.11944e+06                                    74603.17640               
      202100            8.65888                             0.99590                                           0.00773                                      97100.30615                                        1.12035e+06                                    74679.20602               
      203100            8.62794                             0.99040                                           0.03760                                      96563.88505                                        1.12033e+06                                    74469.99870               
      204100            8.65220                             0.99249                                          -0.03540                                      96767.54949                                        1.12117e+06                                    74579.27627               
      205100            8.61145                             0.99949                                          -0.05203                                      97449.89206                                        1.12339e+06                                    74836.00987               
      206100            8.83559                             0.99276                                          -0.01399                                      96794.19013                                        1.12235e+06                                    74569.08614               
      207100            8.86019                             0.98440                                          -0.14885                                      95978.84255                                        1.12233e+06                                    74746.31304               
      208100            8.67135                             0.99067                                          -0.05937                                      96590.66098                                        1.12339e+06                                    74678.21241               
      209100            8.83717                             0.98700                                           0.02965                                      96232.84431                                        1.12460e+06                                    74531.97739               
      210100            8.62093                             0.98934                                           0.08171                                      96460.42681                                        1.12549e+06                                    74523.04618               
      211100            8.65874                             0.99076                                           0.02779                                      96599.54460                                        1.12619e+06                                    74593.83753               
      212100            8.65788                             0.99806                                          -0.04465                                      97310.58949                                        1.12588e+06                                    74587.37050               
      213100            8.83533                             0.98876                                           0.06865                                      96404.18168                                        1.12605e+06                                    74559.72420               
      214100            8.64033                             0.99880                                           0.00338                                      97383.00381                                        1.12695e+06                                    74580.16610               
      215100            8.60446                             0.99674                                           0.02784                                      97181.98286                                        1.12759e+06                                    74545.33435               
      216100            8.64361                             0.99175                                          -0.00424                                      96695.31546                                        1.12728e+06                                    74544.73102               
      217100            8.61283                             0.99796                                           0.00300                                      97300.72873                                        1.12885e+06                                    74772.29375               
      218100            8.60947                             0.99517                                          -0.03055                                      97029.47484                                        1.12921e+06                                    74707.93058               
      219100            8.66264                             0.99610                                          -0.01627                                      97119.72421                                        1.12935e+06                                    74546.75731               
      220100            8.61258                             0.99870                                          -0.00687                                      97373.64468                                        1.13005e+06                                    74541.01030               
      221100            8.67287                             0.98800                                          -0.07763                                      96329.61889                                        1.13038e+06                                    74654.10721               
      222100            8.65010                             0.99269                                          -0.00252                                      96786.89657                                        1.13128e+06                                    74771.84181               
      223100            8.66689                             0.98735                                          -0.01861                                      96266.56111                                        1.13090e+06                                    74561.26305               
      224100            8.66905                             0.99488                                           0.07306                                      97000.33462                                        1.13087e+06                                    74446.80951               
      225100            8.61926                             0.98639                                           0.01275                                      96173.44579                                        1.13066e+06                                    74374.70088               
      226100            8.62702                             0.98377                                          -0.11932                                      95917.58114                                        1.13203e+06                                    74686.05423               
      227100            8.64769                             0.99464                                           0.04314                                      96977.13665                                        1.13256e+06                                    74495.40370               
      228100            8.65250                             1.00073                                           0.02230                                      97571.29452                                        1.13420e+06                                    74719.72969               
      229100            8.62306                             0.99281                                          -0.01984                                      96799.38743                                        1.13381e+06                                    74626.03268               
      230100            8.63405                             0.99696                                           0.00449                                      97203.98047                                        1.13421e+06                                    74597.90884               
      231100            8.60760                             0.99532                                          -0.00364                                      97043.78603                                        1.13378e+06                                    74528.97381               
      232100            8.64409                             0.99127                                          -0.11410                                      96648.45974                                        1.13453e+06                                    74667.48235               
      233100            8.60176                             0.99091                                          -0.01899                                      96614.03109                                        1.13489e+06                                    74493.85976               
      234100            8.85796                             0.99189                                           0.04227                                      96709.23453                                        1.13491e+06                                    74501.22141               
      235100            8.65625                             0.99184                                          -0.04339                                      96704.66458                                        1.13453e+06                                    74453.27221               
      236100            8.65347                             0.98652                                          -0.01521                                      96185.58246                                        1.13524e+06                                    74468.47224               
      237100            8.84504                             0.99333                                          -0.05103                                      96849.21462                                        1.13534e+06                                    74516.77199               
      238100            8.41723                             0.99624                                          -0.02210                                      97133.30840                                        1.13609e+06                                    74489.13563               
      239100            8.60887                             0.99612                                           0.06231                                      97122.01688                                        1.13728e+06                                    74568.35505               
      240100            8.63383                             0.99137                                           0.01308                                      96658.12647                                        1.13696e+06                                    74484.70786               
      241100            8.63702                             0.99752                                           0.01163                                      97257.86297                                        1.13705e+06                                    74443.86895               
      242100            8.65370                             0.99387                                           0.02778                                      96902.32246                                        1.13753e+06                                    74483.91275               
      243100            8.85585                             0.99317                                           0.02220                                      96833.76070                                        1.13716e+06                                    74337.69925               
      244100            8.63517                             0.99770                                           0.12412                                      97276.22851                                        1.13784e+06                                    74333.48918               
      245100            8.61372                             0.99656                                          -0.02387                                      97164.54616                                        1.13892e+06                                    74485.11432               
      246100            8.61370                             0.99049                                          -0.07054                                      96572.74318                                        1.13817e+06                                    74614.27641               
      247100            8.63116                             0.99235                                          -0.01236                                      96754.45137                                        1.13975e+06                                    74554.26818               
      248100            8.63938                             0.99656                                           0.15034                                      97164.38725                                        1.13821e+06                                    74271.48901               
      249100            8.60957                             0.99468                                           0.06722                                      96981.33906                                        1.13940e+06                                    74296.14902               
      250100            8.64807                             1.00143                                          -0.03146                                      97639.06515                                        1.13991e+06                                    74567.49902               
      251100            8.62705                             0.99486                                           0.09927                                      96998.51715                                        1.14082e+06                                    74456.76603               
      252100            8.61135                             0.99591                                           0.06301                                      97100.74527                                        1.13986e+06                                    74278.85889               
      253100            8.62660                             0.99700                                           0.02744                                      97207.35712                                        1.14187e+06                                    74514.71005               
      254100            8.63117                             0.99452                                           0.09173                                      96965.49370                                        1.14084e+06                                    74414.35734               
      255100            8.60006                             0.99379                                          -0.03213                                      96894.87666                                        1.14134e+06                                    74438.94530               
      256100            8.64336                             0.99545                                          -0.03061                                      97056.01103                                        1.14193e+06                                    74481.26769               
      257100            8.63543                             0.99955                                          -0.03356                                      97455.65129                                        1.14247e+06                                    74498.34739               
      258100            8.63002                             0.98435                                          -0.01384                                      95974.46356                                        1.14111e+06                                    74241.00711               
      259100            8.63880                             0.99328                                          -0.06003                                      96844.32226                                        1.14338e+06                                    74523.77876               
      260100            8.64988                             0.99261                                           0.00462                                      96779.32795                                        1.14207e+06                                    74328.11958               
      261100            8.63424                             0.99549                                          -0.00401                                      97060.24099                                        1.14322e+06                                    74334.65007               
      262100            8.59699                             0.99555                                           0.06744                                      97066.32416                                        1.14292e+06                                    74198.14753               
      263100            8.62309                             0.99636                                          -0.04173                                      97145.37973                                        1.14435e+06                                    74474.40253               
      264100            8.66034                             0.98798                                          -0.00869                                      96328.51969                                        1.14493e+06                                    74563.24833               
      265100            8.85484                             0.98703                                          -0.05372                                      96235.87881                                        1.14398e+06                                    74407.98253               
      266100            8.84329                             1.00003                                          -0.02561                                      97502.98771                                        1.14472e+06                                    74356.22567               
      267100            8.61158                             0.99310                                          -0.06501                                      96827.44182                                        1.14438e+06                                    74321.00193               
      268100            8.81904                             0.99922                                           0.10857                                      97423.47376                                        1.14501e+06                                    74281.56691               
      269100            8.65420                             1.00018                                           0.06213                                      97517.12731                                        1.14558e+06                                    74330.45299               
      270100            8.67490                             0.99705                                          -0.04525                                      97211.95984                                        1.14723e+06                                    74528.21212               
      271100            8.64023                             0.99661                                           0.05082                                      97169.90982                                        1.14705e+06                                    74538.96923               
      272100            8.63741                             0.99480                                          -0.03333                                      96992.84672                                        1.14616e+06                                    74430.15674               
      273100            8.84917                             0.99416                                           0.04680                                      96930.67499                                        1.14542e+06                                    74204.51870               
      274100            8.63722                             0.98796                                           0.05615                                      96326.06973                                        1.14637e+06                                    74340.99399               
      275100            8.64714                             0.99760                                           0.01098                                      97265.99869                                        1.14785e+06                                    74424.36852               
      276100            8.57522                             1.00136                                           0.01363                                      97632.87791                                        1.14633e+06                                    74160.44448               
      277100            8.59013                             0.99951                                          -0.00241                                      97452.51730                                        1.14713e+06                                    74321.63943               
      278100            8.63942                             0.98844                                          -0.03748                                      96373.30538                                        1.14686e+06                                    74270.61482               
      279100            8.59034                             0.99560                                           0.12398                                      97070.84772                                        1.14755e+06                                    74165.50992               
      280100            8.62678                             0.99604                                          -0.09288                                      97114.31612                                        1.14877e+06                                    74586.79851               
      281100            8.59596                             0.99612                                           0.06178                                      97121.94821                                        1.14845e+06                                    74360.40332               
      282100            8.83881                             0.99251                                           0.06152                                      96769.32427                                        1.14715e+06                                    74282.74830               
      283100            8.64541                             0.99830                                          -0.00293                                      97333.98832                                        1.14852e+06                                    74376.12765               
      284100            8.60536                             0.98907                                          -0.02629                                      96434.06072                                        1.14839e+06                                    74358.52767               
      285100            8.62080                             0.98980                                          -0.03591                                      96505.45685                                        1.14880e+06                                    74317.83204               
      286100            8.61742                             0.99309                                          -0.08450                                      96826.62256                                        1.14845e+06                                    74407.08853               
      287100            8.82924                             0.99485                                          -0.06484                                      96997.77815                                        1.14906e+06                                    74424.63733               
      288100            8.64566                             0.98764                                           0.02209                                      96295.14204                                        1.14866e+06                                    74336.26373               
      289100            8.63929                             0.99820                                           0.02849                                      97324.72918                                        1.14972e+06                                    74316.97379               
      290100            8.82180                             0.98865                                           0.09417                                      96393.25167                                        1.14971e+06                                    74272.20436               
      291100            8.64065                             0.98989                                          -0.05309                                      96514.06302                                        1.15048e+06                                    74488.87896               
      292100            8.64388                             0.98663                                          -0.00761                                      96196.11105                                        1.15087e+06                                    74526.08628               
      293100            8.64170                             1.00327                                           0.05781                                      97818.60782                                        1.15083e+06                                    74301.54867               
      294100            8.61361                             1.00059                                           0.06121                                      97557.95114                                        1.15067e+06                                    74245.06773               
      295100            8.61660                             0.98871                                           0.06169                                      96398.94507                                        1.15089e+06                                    74365.67202               
      296100            8.63192                             0.98725                                           0.03574                                      96257.07831                                        1.15167e+06                                    74420.64726               
      297100            8.57184                             0.99307                                          -0.05205                                      96823.86398                                        1.15115e+06                                    74395.15138               
      298100            8.63468                             0.98460                                          -0.00259                                      95998.21498                                        1.15031e+06                                    74262.15682               
      299100            8.64059                             0.99963                                          -0.03037                                      97463.98832                                        1.15125e+06                                    74325.63962               
      300100            8.59856                             0.99321                                           0.13023                                      96837.62499                                        1.15211e+06                                    74245.30615               
      301100            8.58584                             1.00255                                           0.05825                                      97748.31305                                        1.15177e+06                                    74225.94836               
      302100            8.56943                             0.98962                                           0.01207                                      96487.81804                                        1.15120e+06                                    74102.84838               
      303100            8.64499                             0.99364                                           0.01082                                      96879.59302                                        1.15242e+06                                    74346.41921               
      304100            8.62998                             0.99672                                          -0.03528                                      97179.79144                                        1.15232e+06                                    74311.23362               
      305100            8.62383                             0.99692                                           0.02668                                      97199.94980                                        1.15269e+06                                    74317.31188               
      306100            8.58313                             1.00046                                          -0.00078                                      97544.68275                                        1.15270e+06                                    74255.76638               
      307100            8.60415                             0.98213                                          -0.04973                                      95757.58753                                        1.15207e+06                                    74267.74652               
      308100            8.84728                             0.98962                                          -0.03110                                      96487.47019                                        1.15221e+06                                    74306.66523               
      309100            8.62105                             0.99344                                          -0.00994                                      96860.71579                                        1.15376e+06                                    74474.62065               
      310100            8.63829                             0.99448                                          -0.01104                                      96961.70255                                        1.15371e+06                                    74331.43426               
      311100            8.57858                             0.98949                                          -0.02369                                      96475.40618                                        1.15313e+06                                    74244.48065               
      312100            8.63636                             0.99381                                           0.00377                                      96896.53196                                        1.15421e+06                                    74377.55661               
      313100            8.80254                             0.99811                                           0.07935                                      97315.47650                                        1.15427e+06                                    74284.13953               
      314100            8.59555                             0.99508                                          -0.02207                                      97019.86276                                        1.15382e+06                                    74247.39234               
      315100            8.81160                             0.98989                                          -0.03342                                      96514.55934                                        1.15424e+06                                    74258.63380               
      316100            8.63253                             0.99862                                           0.05066                                      97365.86425                                        1.15483e+06                                    74234.13094               
      317100            8.65179                             0.98385                                          -0.12009                                      95924.93418                                        1.15526e+06                                    74466.44055               
      318100            8.37611                             0.98780                                          -0.02834                                      96310.54722                                        1.15445e+06                                    74292.43451               
      319100            8.82398                             0.99423                                          -0.01490                                      96937.75198                                        1.15491e+06                                    74165.40284               
      320100            8.62152                             0.99179                                          -0.09600                                      96699.98510                                        1.15546e+06                                    74389.38274               
      321100            8.62026                             0.99500                                          -0.03738                                      97012.79413                                        1.15590e+06                                    74337.24709               
      322100            8.61492                             0.98639                                           0.09064                                      96173.17886                                        1.15481e+06                                    74065.08635               
      323100            8.62936                             0.99290                                           0.02648                                      96807.98922                                        1.15548e+06                                    74235.14356               
      324100            8.63710                             0.98657                                          -0.04474                                      96190.74989                                        1.15459e+06                                    74278.82549               
      325100            8.59579                             0.99599                                          -0.03112                                      97108.97886                                        1.15636e+06                                    74362.89011               
      326100            8.60909                             0.98855                                          -0.08642                                      96383.64155                                        1.15619e+06                                    74331.88873               
      327100            8.59447                             0.99124                                           0.00018                                      96646.28330                                        1.15704e+06                                    74308.85269               
      328100            8.59871                             0.99714                                          -0.08305                                      97220.95703                                        1.15680e+06                                    74344.72355               
      329100            8.61075                             0.99287                                           0.01608                                      96804.67245                                        1.15603e+06                                    74155.83550               
      330100            8.83186                             0.98347                                          -0.04851                                      95888.24427                                        1.15610e+06                                    74185.00398               
      331100            8.58681                             0.99121                                           0.01759                                      96642.99829                                        1.15654e+06                                    74253.76215               
      332100            8.57718                             0.99131                                          -0.03180                                      96653.12742                                        1.15671e+06                                    74233.27112               
      333100            8.61168                             0.99851                                          -0.01346                                      97354.26451                                        1.15749e+06                                    74180.40298               
      334100            8.62678                             0.98808                                          -0.03025                                      96338.11997                                        1.15785e+06                                    74322.32370               
      335100            8.63466                             0.99182                                          -0.02588                                      96702.66708                                        1.15771e+06                                    74245.31829               
      336100            8.82447                             0.99428                                          -0.00095                                      96941.84379                                        1.15798e+06                                    74254.56959               
      337100            8.84612                             0.99180                                          -0.04380                                      96700.66549                                        1.15819e+06                                    74235.14934               
      338100            8.61299                             0.99536                                           0.03872                                      97047.34321                                        1.15822e+06                                    74300.48471               
      339100            8.61131                             0.98815                                          -0.05288                                      96344.31854                                        1.15738e+06                                    74115.92201               
      340100            8.84051                             0.99334                                          -0.05696                                      96850.47778                                        1.15887e+06                                    74296.83979               
      341100            8.60052                             0.98970                                           0.00097                                      96496.02842                                        1.15721e+06                                    74011.95235               
      342100            8.59583                             0.99314                                           0.07529                                      96830.83611                                        1.15747e+06                                    73986.69592               
      343100            8.61488                             0.99877                                           0.02384                                      97380.19669                                        1.15818e+06                                    74069.61918               
      344100            8.58595                             0.99218                                           0.04793                                      96737.52757                                        1.15758e+06                                    73974.51093               
      345100            8.80010                             0.99211                                          -0.03251                                      96730.81678                                        1.15888e+06                                    74252.14391               
      346100            8.83441                             0.99307                                          -0.04103                                      96824.68960                                        1.15881e+06                                    74164.61878               
      347100            8.60274                             0.99075                                          -0.04346                                      96598.48237                                        1.15860e+06                                    74161.28468               
      348100            8.59696                             1.00000                                           0.00481                                      97500.17516                                        1.15929e+06                                    74196.95357               
      349100            8.84278                             0.99152                                          -0.07072                                      96672.73658                                        1.15891e+06                                    74247.50612               
      350100            8.60284                             0.98635                                           0.04527                                      96169.00464                                        1.15881e+06                                    74146.25518               
      351100            8.56489                             0.99193                                          -0.01775                                      96713.35764                                        1.15900e+06                                    74139.77847               
      352100            8.64238                             0.99870                                          -0.03719                                      97373.09639                                        1.16130e+06                                    74303.22326               
      353100            8.57646                             0.99024                                           0.02389                                      96548.82355                                        1.15915e+06                                    73980.18719               
      354100            8.85588                             0.99322                                          -0.00216                                      96839.27586                                        1.16069e+06                                    74198.36954               
      355100            8.58876                             0.98700                                          -0.00929                                      96232.21818                                        1.15994e+06                                    74141.26112               
      356100            8.54768                             0.99381                                           0.03814                                      96896.86236                                        1.16075e+06                                    74080.52863               
      357100            8.57847                             0.99908                                           0.02916                                      97410.63632                                        1.16013e+06                                    74149.97629               
      358100            8.58976                             1.00082                                           0.00478                                      97580.12391                                        1.16120e+06                                    74215.46915               
      359100            8.83166                             0.98543                                           0.04243                                      96078.99089                                        1.16019e+06                                    74074.84684               
      360100            8.59972                             0.99001                                           0.06943                                      96525.76392                                        1.16020e+06                                    74109.60535               
      361100            8.59531                             0.99478                                           0.03625                                      96991.14998                                        1.16070e+06                                    74169.91278               
      362100            8.61583                             0.98836                                          -0.10864                                      96364.96690                                        1.16103e+06                                    74346.49833               
      363100            8.59677                             0.99148                                          -0.08900                                      96669.24229                                        1.16070e+06                                    74341.90118               
      364100            8.55350                             0.99035                                           0.09996                                      96558.89628                                        1.16145e+06                                    74063.28208               
      365100            8.56159                             0.99523                                           0.02062                                      97035.37681                                        1.16172e+06                                    74210.04453               
      366100            8.43037                             0.99333                                          -0.04041                                      96849.49110                                        1.16231e+06                                    74221.98774               
      367100            8.65088                             0.99122                                          -0.00125                                      96644.34825                                        1.16230e+06                                    74278.14366               
      368100            8.77693                             0.97792                                          -0.12625                                      95346.94649                                        1.16107e+06                                    74262.81986               
      369100            8.54177                             0.99972                                          -0.02103                                      97472.92395                                        1.16249e+06                                    74250.68496               
      370100            8.57575                             0.99870                                           0.05418                                      97373.53963                                        1.16223e+06                                    74060.90827               
      371100            8.53894                             0.99933                                           0.06702                                      97435.12371                                        1.16225e+06                                    74125.18956               
      372100            8.80914                             0.99351                                           0.01084                                      96867.65164                                        1.16256e+06                                    74233.60910               
      373100            8.56558                             1.00028                                           0.07425                                      97527.02376                                        1.16216e+06                                    74112.35352               
      374100            8.55775                             0.99322                                           0.01514                                      96839.21968                                        1.16264e+06                                    74230.89030               
      375100            8.80473                             0.99568                                          -0.01048                                      97078.94657                                        1.16308e+06                                    74346.53158               
      376100            8.57400                             0.99172                                          -0.13983                                      96692.62549                                        1.16356e+06                                    74384.47125               
      377100            8.54030                             0.98640                                          -0.06518                                      96173.60183                                        1.16239e+06                                    74177.43360               
      378100            8.55644                             0.99551                                          -0.02557                                      97062.04015                                        1.16323e+06                                    74176.84608               
      379100            8.78536                             0.99217                                           0.02177                                      96736.50616                                        1.16341e+06                                    74222.40372               
      380100            8.55883                             0.99000                                           0.00591                                      96525.42022                                        1.16245e+06                                    74093.94208               
Simulation.timestep  Simulation.tps  md.compute.ThermodynamicQuantities.kinetic_temperature md.compute.ThermodynamicQuantities.pressure md.compute.ThermodynamicQuantities.kinetic_energy md.compute.ThermodynamicQuantities.potential_energy md.compute.ThermodynamicQuantities.volume
      380100            7.35046                             1.02001                                          -0.14385                                      99451.06762                                        1.15308e+06                                    73651.70668               
      381100            8.44485                             0.98606                                           0.04973                                      96140.89578                                        1.14736e+06                                    73058.37660               
      382100            8.28204                             0.98699                                          -0.04409                                      96231.41413                                        1.14836e+06                                    73322.14909               
      383100            8.22734                             0.98786                                          -0.00905                                      96316.45176                                        1.14845e+06                                    73154.86295               
      384100            8.37960                             0.98839                                           0.04840                                      96368.34133                                        1.14863e+06                                    73297.27538               
      385100            8.22018                             0.99540                                           0.04202                                      97051.42220                                        1.14929e+06                                    73374.52185               
      386100            8.44185                             0.99413                                          -0.08751                                      96927.97687                                        1.14966e+06                                    73415.25148               
      387100            8.28056                             0.99289                                          -0.12815                                      96806.31675                                        1.15051e+06                                    73546.74998               
      388100            8.23530                             0.99689                                           0.01065                                      97196.83902                                        1.15009e+06                                    73320.67064               
      389100            8.25205                             0.99754                                           0.06785                                      97259.92291                                        1.14996e+06                                    73284.63197               
      390100            8.21638                             0.99628                                          -0.01974                                      97137.36968                                        1.15075e+06                                    73409.52727               
      391100            8.42702                             0.98862                                          -0.02841                                      96390.87275                                        1.14944e+06                                    73359.55348               
      392100            8.26415                             1.00000                                          -0.05924                                      97500.17534                                        1.15111e+06                                    73573.90637               
      393100            8.24320                             0.99613                                          -0.02499                                      97122.57397                                        1.15087e+06                                    73370.24682               
      394100            8.42776                             0.99461                                          -0.07348                                      96974.24619                                        1.15145e+06                                    73601.50422               
      395100            8.25951                             0.98998                                           0.03153                                      96523.41592                                        1.15078e+06                                    73378.75393               
      396100            8.23553                             0.98584                                          -0.07521                                      96119.53893                                        1.15052e+06                                    73462.94024               
      397100            8.25048                             1.00125                                          -0.01093                                      97622.12060                                        1.15249e+06                                    73446.47723               
      398100            8.25569                             0.99655                                           0.08563                                      97163.36647                                        1.15121e+06                                    73317.37148               
      399100            8.47436                             1.00004                                           0.03462                                      97504.06747                                        1.15156e+06                                    73389.26774               
      400100            8.26842                             0.98749                                          -0.08171                                      96280.02067                                        1.15268e+06                                    73581.49589               
      401100            8.46977                             0.99350                                          -0.01167                                      96866.05940                                        1.15251e+06                                    73473.49780               
      402100            8.25264                             0.99389                                          -0.03662                                      96903.91304                                        1.15312e+06                                    73554.45449               
      403100            8.24885                             0.99739                                          -0.03745                                      97245.80047                                        1.15193e+06                                    73439.44722               
      404100            8.26667                             0.99235                                           0.04058                                      96754.07829                                        1.15242e+06                                    73453.56966               
      405100            8.23908                             0.99221                                          -0.01845                                      96740.29224                                        1.15335e+06                                    73582.55507               
      406100            8.17901                             0.98570                                          -0.08164                                      96106.18573                                        1.15258e+06                                    73565.22463               
      407100            8.22856                             0.99559                                           0.00965                                      97070.42688                                        1.15252e+06                                    73494.88824               
      408100            8.27358                             0.99753                                          -0.03634                                      97259.19681                                        1.15277e+06                                    73533.24539               
      409100            8.23954                             1.00087                                           0.04197                                      97584.35252                                        1.15312e+06                                    73516.36699               
      410100            8.21845                             0.99307                                          -0.01160                                      96824.42030                                        1.15339e+06                                    73610.43518               
      411100            8.41138                             0.98715                                           0.03318                                      96247.07476                                        1.15229e+06                                    73384.16312               
      412100            8.54680                             1.00438                                           0.02803                                      97927.51176                                        1.15409e+06                                    73499.28425               
      413100            8.28867                             0.99484                                           0.01686                                      96996.99729                                        1.15327e+06                                    73394.69210               
      414100            8.29265                             0.98687                                          -0.08390                                      96219.37028                                        1.15304e+06                                    73576.59070               
      415100            8.49529                             0.99123                                          -0.04733                                      96645.17269                                        1.15458e+06                                    73640.80373               
      416100            8.20752                             0.99233                                           0.00310                                      96752.10650                                        1.15343e+06                                    73379.00798               
      417100            8.29312                             0.98818                                          -0.00507                                      96347.71814                                        1.15351e+06                                    73346.65648               
      418100            8.21721                             0.98992                                           0.02552                                      96517.58020                                        1.15366e+06                                    73447.14823               
      419100            8.26193                             0.99313                                           0.02655                                      96830.19112                                        1.15414e+06                                    73371.72039               
      420100            8.18758                             0.99649                                           0.01608                                      97157.54083                                        1.15385e+06                                    73298.37507               
      421100            8.42036                             0.98849                                           0.07139                                      96377.44845                                        1.15284e+06                                    73230.59480               
      422100            8.24963                             0.99155                                          -0.04934                                      96675.71944                                        1.15437e+06                                    73382.20157               
      423100            8.30807                             0.98967                                          -0.01242                                      96492.84184                                        1.15463e+06                                    73427.72127               
      424100            8.21764                             0.98848                                           0.00713                                      96377.20723                                        1.15473e+06                                    73462.53622               
      425100            8.49304                             0.98483                                          -0.06028                                      96021.25603                                        1.15416e+06                                    73489.20364               
      426100            8.46366                             0.99680                                          -0.04472                                      97187.63707                                        1.15527e+06                                    73512.00373               
      427100            8.46400                             0.98837                                           0.01030                                      96365.78389                                        1.15426e+06                                    73329.19240               
      428100            8.42925                             0.99074                                          -0.00558                                      96596.74681                                        1.15448e+06                                    73368.62470               
      429100            8.27344                             0.99079                                           0.04110                                      96602.44957                                        1.15475e+06                                    73306.79379               
      430100            8.26506                             0.99610                                           0.04502                                      97119.75134                                        1.15615e+06                                    73503.92765               
      431100            8.27961                             0.99390                                          -0.00006                                      96905.68142                                        1.15638e+06                                    73551.92470               
      432100            8.50831                             0.98079                                          -0.03179                                      95627.22414                                        1.15497e+06                                    73419.14768               
      433100            8.27769                             0.99907                                           0.04228                                      97409.24788                                        1.15578e+06                                    73448.27293               
      434100            8.20852                             0.99718                                           0.02564                                      97225.48857                                        1.15611e+06                                    73430.15895               
      435100            8.28054                             0.98890                                          -0.04175                                      96418.11581                                        1.15647e+06                                    73614.13163               
      436100            8.51945                             1.00002                                          -0.05757                                      97501.66091                                        1.15606e+06                                    73494.41667               
      437100            8.28510                             0.99430                                           0.06459                                      96943.87891                                        1.15614e+06                                    73331.73701               
      438100            8.20538                             1.00188                                           0.03955                                      97683.37503                                        1.15692e+06                                    73404.06298               
      439100            8.28105                             0.99390                                          -0.00861                                      96905.52322                                        1.15611e+06                                    73390.09416               
      440100            8.51992                             0.98384                                          -0.10320                                      95924.14020                                        1.15616e+06                                    73564.00971               
      441100            8.30989                             0.99352                                           0.04140                                      96868.00224                                        1.15658e+06                                    73403.57272               
      442100            8.30084                             0.98936                                           0.00488                                      96462.63164                                        1.15592e+06                                    73384.12284               
      443100            8.46331                             0.98999                                           0.01741                                      96524.27407                                        1.15586e+06                                    73297.00016               
      444100            8.28938                             0.99912                                          -0.00230                                      97414.63584                                        1.15783e+06                                    73558.89910               
      445100            8.23926                             0.99459                                          -0.04954                                      96972.26227                                        1.15791e+06                                    73579.40806               
      446100            8.24444                             0.99440                                           0.04267                                      96954.20889                                        1.15688e+06                                    73373.51558               
      447100            8.24162                             0.99268                                          -0.04902                                      96786.50404                                        1.15749e+06                                    73470.66389               
      448100            8.29829                             0.99701                                          -0.00860                                      97208.03533                                        1.15791e+06                                    73628.24261               
      449100            8.24688                             0.98619                                          -0.02326                                      96153.67014                                        1.15647e+06                                    73508.31527               
      450100            8.24142                             0.99437                                           0.02813                                      96951.26945                                        1.15634e+06                                    73262.79329               
      451100            8.32500                             0.99305                                           0.03629                                      96822.42389                                        1.15712e+06                                    73318.59962               
      452100            8.30155                             0.99514                                           0.04223                                      97025.98237                                        1.15745e+06                                    73416.68122               
      453100            8.25510                             0.99872                                           0.05717                                      97375.66677                                        1.15786e+06                                    73319.86600               
      454100            8.24370                             0.99699                                           0.05921                                      97206.25110                                        1.15746e+06                                    73314.49634               
      455100            8.28401                             0.99848                                           0.01969                                      97351.61224                                        1.15860e+06                                    73446.74715               
      456100            8.27263                             0.99593                                           0.03645                                      97103.50486                                        1.15776e+06                                    73399.44637               
      457100            8.48236                             0.99654                                           0.01466                                      97162.36996                                        1.15857e+06                                    73428.33470               
      458100            8.25015                             0.99331                                           0.03573                                      96847.48855                                        1.15830e+06                                    73311.13717               
      459100            8.23976                             0.99229                                           0.04867                                      96748.60305                                        1.15799e+06                                    73270.73926               
      460100            8.26378                             0.99239                                          -0.03646                                      96758.08243                                        1.15959e+06                                    73580.22691               
      461100            8.31312                             0.99357                                          -0.00617                                      96873.34683                                        1.15903e+06                                    73462.38780               
      462100            8.29440                             0.98232                                           0.02664                                      95775.95680                                        1.15780e+06                                    73273.40669               
      463100            8.26696                             0.99033                                          -0.08290                                      96557.59456                                        1.15926e+06                                    73494.66243               
      464100            8.43976                             0.99326                                           0.01602                                      96842.58454                                        1.15857e+06                                    73310.72326               
      465100            8.26352                             0.99702                                           0.05289                                      97209.53691                                        1.15837e+06                                    73233.86817               
      466100            8.49113                             0.99903                                           0.09495                                      97405.31025                                        1.15898e+06                                    73237.70556               
      467100            8.30140                             0.99476                                          -0.03212                                      96989.25783                                        1.15904e+06                                    73388.04073               
      468100            8.24837                             0.98769                                          -0.01930                                      96299.44827                                        1.15835e+06                                    73370.44698               
      469100            8.12202                             0.98588                                           0.00095                                      96123.46131                                        1.15881e+06                                    73336.11674               
      470100            8.26310                             0.99883                                          -0.10924                                      97385.85170                                        1.15994e+06                                    73563.80387               
      471100            8.25821                             0.98234                                          -0.03017                                      95778.20178                                        1.15888e+06                                    73370.67364               
      472100            8.25896                             0.99490                                          -0.04012                                      97002.48685                                        1.16075e+06                                    73613.36875               
      473100            8.28604                             0.98504                                          -0.11064                                      96041.70456                                        1.15949e+06                                    73490.00867               
      474100            8.18601                             1.00013                                           0.01269                                      97512.25529                                        1.15956e+06                                    73465.86888               
      475100            8.44931                             0.99405                                           0.04317                                      96919.69595                                        1.15897e+06                                    73270.46327               
      476100            8.28482                             0.99623                                           0.06305                                      97132.62980                                        1.15969e+06                                    73238.46794               
      477100            8.49759                             0.99040                                           0.01222                                      96564.01101                                        1.16043e+06                                    73521.25039               
      478100            8.25371                             0.99440                                           0.03226                                      96953.81106                                        1.16021e+06                                    73363.30922               
      479100            8.25979                             0.98824                                           0.00587                                      96353.64319                                        1.16020e+06                                    73433.82846               
      480100            8.25205                             1.00242                                          -0.00696                                      97736.24919                                        1.16014e+06                                    73439.12936               
      481100            8.06997                             0.98923                                           0.01351                                      96449.60086                                        1.16018e+06                                    73389.79907               
      482100            8.30619                             0.99014                                          -0.06682                                      96538.86173                                        1.16100e+06                                    73357.42830               
      483100            8.48505                             0.99420                                          -0.02681                                      96934.05990                                        1.16096e+06                                    73496.43576               
      484100            8.31739                             0.98862                                          -0.07184                                      96390.74811                                        1.16179e+06                                    73639.12480               
      485100            8.25517                             0.98663                                          -0.00739                                      96196.07384                                        1.15997e+06                                    73342.89591               
      486100            8.30232                             0.98987                                          -0.02592                                      96512.15319                                        1.16068e+06                                    73486.28558               
      487100            8.29095                             0.99982                                           0.02077                                      97482.08549                                        1.16120e+06                                    73414.09498               
      488100            8.24353                             0.98879                                          -0.05030                                      96407.47688                                        1.16055e+06                                    73366.98378               
      489100            8.50169                             0.99313                                           0.02965                                      96830.47256                                        1.16037e+06                                    73277.26892               
      490100            8.28079                             0.99124                                           0.10332                                      96646.27849                                        1.15988e+06                                    73165.23741               
      491100            8.27631                             0.99579                                           0.05191                                      97089.56847                                        1.16085e+06                                    73366.26267               
      492100            8.51279                             0.99690                                           0.01508                                      97197.51389                                        1.16120e+06                                    73411.00528               
      493100            8.32344                             0.99025                                           0.09410                                      96549.74058                                        1.16068e+06                                    73320.34042               
      494100            8.26296                             0.98431                                          -0.02124                                      95970.70775                                        1.16033e+06                                    73380.23172               
      495100            8.49623                             0.98642                                           0.00149                                      96175.99115                                        1.16058e+06                                    73358.32673               
      496100            8.50275                             0.99488                                          -0.03324                                      97001.20337                                        1.16118e+06                                    73367.58856               
      497100            8.24967                             0.99608                                          -0.03208                                      97118.08767                                        1.16042e+06                                    73255.36871               
      498100            8.17803                             0.99722                                           0.02381                                      97229.22441                                        1.16060e+06                                    73376.57163               
      499100            8.28790                             0.99833                                          -0.10610                                      97337.16738                                        1.16162e+06                                    73409.40256               
