Simulation.timestep  Simulation.tps  md.compute.ThermodynamicQuantities.kinetic_temperature md.compute.ThermodynamicQuantities.pressure md.compute.ThermodynamicQuantities.kinetic_energy md.compute.ThermodynamicQuantities.potential_energy md.compute.ThermodynamicQuantities.volume
       9100             8.07086                             1.02577                                           0.01198                                      96166.06171                                        6.85415e+05                                    77204.94285               
       10100            9.39216                             1.02174                                           0.09880                                      95788.01967                                        6.85699e+05                                    75883.27121               
       11100            9.38915                             1.00928                                           0.00821                                      94620.30213                                        6.90659e+05                                    75848.68893               
       12100            9.39479                             1.00819                                           0.06179                                      94517.38040                                        6.93797e+05                                    75564.84377               
       13100            9.58426                             1.00372                                           0.08233                                      94098.61576                                        6.98076e+05                                    75490.01884               
       14100            9.60702                             0.99910                                           0.05280                                      93665.51513                                        7.02473e+05                                    75505.80129               
       15100            9.36022                             1.00163                                           0.02582                                      93902.86785                                        7.07352e+05                                    75640.16492               
       16100            9.38920                             1.00054                                          -0.03055                                      93800.49443                                        7.12298e+05                                    75737.55247               
       17100            9.59393                             0.99102                                          -0.02307                                      92908.35340                                        7.15669e+05                                    75535.61912               
       18100            9.35774                             0.99301                                          -0.02925                                      93094.44225                                        7.19949e+05                                    75540.68827               
       19100            9.58781                             0.98853                                          -0.03649                                      92674.24103                                        7.24817e+05                                    75665.42721               
       20100            9.58504                             0.99023                                          -0.00702                                      92833.69270                                        7.28077e+05                                    75416.35133               
       21100            9.31623                             0.98927                                           0.04663                                      92743.96904                                        7.31753e+05                                    75252.77882               
       22100            9.32736                             0.99914                                           0.07751                                      93668.97952                                        7.36395e+05                                    75196.17341               
       23100            9.55254                             0.99545                                           0.05706                                      93323.25299                                        7.41221e+05                                    75102.10260               
       24100            9.30241                             0.99738                                          -0.01674                                      93504.74312                                        7.44780e+05                                    75078.87022               
       25100            9.30077                             0.98965                                          -0.03044                                      92779.45783                                        7.49264e+05                                    75132.04383               
       26100            9.31311                             0.99041                                          -0.07294                                      92851.40117                                        7.54787e+05                                    75418.67709               
       27100            9.52523                             0.99243                                           0.02249                                      93040.44943                                        7.57367e+05                                    75217.91295               
       28100            9.52503                             0.98891                                          -0.02380                                      92710.29992                                        7.60110e+05                                    74994.55778               
       29100            9.55614                             0.98337                                          -0.04590                                      92190.57666                                        7.65216e+05                                    75174.23998               
       30100            9.52587                             0.98456                                          -0.02804                                      92302.38267                                        7.67355e+05                                    74822.95139               
       31100            9.53756                             0.99182                                          -0.01490                                      92982.91668                                        7.70942e+05                                    74752.88099               
       32100            9.52553                             0.98945                                           0.02886                                      92761.26117                                        7.76500e+05                                    74807.72090               
       33100            9.57067                             0.98755                                          -0.01997                                      92583.23083                                        7.79963e+05                                    74840.37805               
       34100            9.53217                             0.98295                                          -0.05790                                      92151.18820                                        7.83811e+05                                    74838.92596               
       35100            9.53155                             0.99184                                          -0.07542                                      92984.78531                                        7.88500e+05                                    74923.15792               
       36100            9.56145                             0.98867                                          -0.02586                                      92687.67152                                        7.91998e+05                                    74985.86837               
       37100            9.51190                             1.00296                                           0.02456                                      94027.46383                                        7.94405e+05                                    74766.88729               
       38100            9.55224                             0.98968                                          -0.06570                                      92782.59380                                        7.99149e+05                                    74993.11668               
       39100            9.52490                             0.98816                                          -0.04385                                      92640.43739                                        8.01174e+05                                    74778.17965               
       40100            9.54732                             0.99300                                          -0.03381                                      93093.45801                                        8.05592e+05                                    74860.45047               
       41100            9.27908                             0.99678                                          -0.00534                                      93448.12955                                        8.07870e+05                                    74721.49937               
       42100            9.52712                             0.99501                                          -0.04717                                      93282.28458                                        8.12385e+05                                    74761.47900               
       43100            9.48915                             0.99942                                          -0.02966                                      93695.75628                                        8.16109e+05                                    74733.63978               
       44100            9.50238                             0.99656                                           0.04097                                      93427.26555                                        8.18669e+05                                    74678.96389               
       45100            9.48162                             0.99730                                           0.03561                                      93497.32827                                        8.21642e+05                                    74519.38232               
       46100            9.48931                             0.99419                                           0.03035                                      93205.46604                                        8.23275e+05                                    74303.89318               
       47100            9.48377                             0.99422                                           0.01065                                      93208.05991                                        8.27761e+05                                    74400.08518               
       48100            9.50359                             0.99339                                           0.04502                                      93129.84993                                        8.30320e+05                                    74360.28186               
       49100            9.49027                             0.99292                                           0.01489                                      93086.05529                                        8.33174e+05                                    74371.70184               
       50100            9.49822                             0.98599                                          -0.08736                                      92436.57572                                        8.37288e+05                                    74533.96986               
       51100            9.49079                             0.99435                                          -0.09472                                      93220.21701                                        8.40954e+05                                    74609.65512               
       52100            9.48620                             0.99734                                          -0.01701                                      93500.70400                                        8.43780e+05                                    74578.43648               
       53100            9.48574                             1.00231                                          -0.06121                                      93966.87887                                        8.46974e+05                                    74554.27050               
       54100            9.44719                             0.99259                                          -0.02219                                      93055.74065                                        8.49335e+05                                    74402.65257               
       55100            9.45819                             0.99165                                           0.02073                                      92966.80772                                        8.53852e+05                                    74573.17016               
       56100            9.45680                             0.99617                                           0.09465                                      93391.38789                                        8.55069e+05                                    74023.73965               
       57100            9.46960                             0.99357                                           0.02503                                      93147.00518                                        8.58938e+05                                    74165.48516               
       58100            9.20685                             0.99028                                           0.06891                                      92838.64604                                        8.61749e+05                                    74101.01185               
       59100            9.46283                             0.98881                                          -0.02025                                      92701.11569                                        8.64381e+05                                    74158.24860               
       60100            9.45449                             0.99181                                          -0.01262                                      92981.87911                                        8.67666e+05                                    74201.65132               
       61100            9.42197                             0.99397                                           0.03183                                      93184.50896                                        8.71131e+05                                    74217.73397               
       62100            9.39868                             0.99231                                           0.00673                                      93029.46952                                        8.70774e+05                                    73866.21399               
       63100            9.44962                             0.98875                                          -0.02904                                      92695.09440                                        8.74316e+05                                    74051.79855               
       64100            9.41711                             0.98768                                           0.01228                                      92594.56134                                        8.76479e+05                                    73961.43417               
       65100            9.43530                             0.99789                                          -0.03428                                      93552.18272                                        8.79636e+05                                    73935.31289               
       66100            9.40725                             0.99695                                           0.01648                                      93464.18988                                        8.82986e+05                                    73967.31216               
       67100            9.43838                             1.00028                                          -0.05727                                      93776.54603                                        8.85385e+05                                    74067.26327               
       68100            9.40641                             0.99267                                          -0.06734                                      93062.60302                                        8.87670e+05                                    74091.16335               
       69100            9.39980                             0.98964                                          -0.04400                                      92778.45221                                        8.89310e+05                                    73850.11060               
       70100            9.42193                             0.99496                                          -0.04235                                      93277.81060                                        8.93285e+05                                    73933.95182               
       71100            9.43722                             0.99675                                           0.00111                                      93445.32243                                        8.94578e+05                                    73985.74699               
       72100            9.42258                             0.98795                                          -0.05583                                      92620.15730                                        8.97072e+05                                    73971.46185               
       73100            9.41336                             0.98596                                          -0.05566                                      92433.71196                                        9.00052e+05                                    74063.20761               
       74100            9.43460                             0.99056                                           0.00669                                      92865.32278                                        9.03115e+05                                    74008.65052               
       75100            9.41143                             0.99462                                           0.03089                                      93245.91361                                        9.04063e+05                                    73785.26142               
       76100            9.38476                             0.99602                                           0.00240                                      93376.57245                                        9.07306e+05                                    73875.24646               
       77100            9.40301                             0.99363                                           0.01751                                      93153.14913                                        9.08530e+05                                    73762.54215               
       78100            9.42407                             0.99163                                          -0.03897                                      92965.76539                                        9.11387e+05                                    73992.61507               
       79100            9.38828                             0.99089                                           0.01803                                      92895.80009                                        9.12150e+05                                    73560.29119               
       80100            9.40349                             0.99690                                          -0.02402                                      93459.59379                                        9.15417e+05                                    73600.62431               
       81100            9.10308                             0.99184                                           0.04944                                      92985.19628                                        9.16855e+05                                    73556.18956               
       82100            9.38687                             0.99784                                          -0.03246                                      93547.23664                                        9.18441e+05                                    73646.83694               
       83100            9.39035                             0.99023                                           0.02020                                      92834.08219                                        9.20201e+05                                    73593.27121               
       84100            9.40094                             0.98602                                          -0.01312                                      92439.79583                                        9.22663e+05                                    73735.14164               
       85100            9.38999                             0.99473                                           0.03341                                      93256.11908                                        9.24694e+05                                    73578.65043               
       86100            9.36151                             1.00398                                           0.02769                                      94123.31413                                        9.27163e+05                                    73566.41100               
       87100            9.40292                             1.00201                                           0.01446                                      93938.08883                                        9.29688e+05                                    73652.96327               
       88100            9.38711                             1.00114                                           0.09343                                      93856.93409                                        9.31059e+05                                    73466.22793               
       89100            9.60460                             0.99531                                           0.04396                                      93310.27473                                        9.32427e+05                                    73365.21849               
       90100            9.61542                             0.99976                                          -0.05694                                      93727.87992                                        9.34933e+05                                    73582.74654               
       91100            9.35255                             0.99868                                          -0.01757                                      93625.97792                                        9.34866e+05                                    73239.99545               
       92100            9.36204                             0.99476                                          -0.00744                                      93259.16777                                        9.38055e+05                                    73475.88258               
       93100            9.36738                             1.00782                                           0.00344                                      94482.93822                                        9.39879e+05                                    73354.15481               
       94100            9.34620                             0.98658                                           0.01066                                      92491.68633                                        9.40710e+05                                    73255.54562               
       95100            9.36012                             0.99882                                           0.02569                                      93638.91412                                        9.43874e+05                                    73466.01968               
       96100            9.35418                             0.99312                                           0.05985                                      93104.73197                                        9.45303e+05                                    73345.52512               
       97100            9.36223                             0.99827                                           0.02824                                      93587.61169                                        9.47654e+05                                    73343.32827               
       98100            9.35019                             1.00433                                           0.03548                                      94155.99333                                        9.49177e+05                                    73201.17775               
       99100            9.37681                             0.99509                                           0.09674                                      93289.72137                                        9.51784e+05                                    73422.78568               
      100100            9.37036                             0.99205                                          -0.12342                                      93004.63376                                        9.53217e+05                                    73618.59366               
      101100            9.33696                             0.99486                                          -0.03745                                      93268.04651                                        9.54594e+05                                    73402.79328               
      102100            9.34934                             0.99923                                          -0.08491                                      93678.06517                                        9.57836e+05                                    73461.23560               
      103100            9.33788                             0.99524                                          -0.07084                                      93303.92855                                        9.58499e+05                                    73327.17278               
      104100            9.35204                             0.99426                                          -0.05924                                      93211.52661                                        9.60397e+05                                    73429.90929               
      105100            9.30959                             0.99422                                          -0.03735                                      93207.91992                                        9.61349e+05                                    73269.86729               
      106100            9.34231                             0.99060                                           0.04441                                      92869.05973                                        9.63153e+05                                    73291.51138               
      107100            9.34743                             0.99147                                          -0.07486                                      92950.18113                                        9.63958e+05                                    73211.71599               
      108100            9.33648                             0.99153                                           0.00259                                      92955.87392                                        9.66028e+05                                    73186.26248               
      109100            9.35351                             0.99285                                           0.05320                                      93079.50949                                        9.67782e+05                                    73177.28406               
      110100            9.11389                             0.99096                                          -0.00101                                      92902.48295                                        9.69965e+05                                    73299.89722               
      111100            9.32609                             0.99398                                          -0.11116                                      93185.75757                                        9.71523e+05                                    73384.30314               
      112100            9.55559                             0.99506                                          -0.03110                                      93286.97464                                        9.73086e+05                                    73176.22332               
      113100            9.30800                             0.99918                                          -0.00164                                      93673.34022                                        9.74338e+05                                    73140.96644               
      114100            9.30039                             0.99716                                           0.04166                                      93483.33010                                        9.74402e+05                                    72885.44066               
      115100            9.32938                             0.99891                                           0.06338                                      93647.47142                                        9.77049e+05                                    73108.18542               
      116100            9.32014                             0.98961                                           0.04551                                      92776.19632                                        9.77944e+05                                    73155.45831               
      117100            9.35017                             0.98791                                          -0.07556                                      92616.74398                                        9.80129e+05                                    73402.84795               
      118100            9.33864                             0.99610                                           0.01305                                      93384.46005                                        9.80772e+05                                    73184.46589               
      119100            9.33639                             0.99906                                          -0.03292                                      93662.01122                                        9.81617e+05                                    73152.81753               
      120100            9.32622                             0.98764                                          -0.00669                                      92591.49574                                        9.81318e+05                                    72918.36227               
      121100            9.31439                             0.99757                                           0.01012                                      93522.56944                                        9.83715e+05                                    73042.86106               
      122100            9.30668                             0.99096                                           0.01144                                      92902.61689                                        9.84874e+05                                    73061.82676               
      123100            9.32697                             0.99770                                           0.01666                                      93534.16267                                        9.86885e+05                                    73169.91287               
      124100            9.31062                             0.98831                                           0.09542                                      92653.64639                                        9.87488e+05                                    72997.17293               
      125100            9.31158                             0.99254                                          -0.04351                                      93050.80464                                        9.89440e+05                                    73085.46638               
      126100            9.30493                             0.98858                                           0.04658                                      92679.49520                                        9.89908e+05                                    72894.46802               
      127100            9.29751                             0.99879                                           0.01112                                      93636.21870                                        9.91458e+05                                    72878.58870               
      128100            9.30614                             0.99822                                           0.04534                                      93583.10174                                        9.91659e+05                                    72809.43296               
      129100            9.29175                             0.99596                                           0.04728                                      93371.26114                                        9.92522e+05                                    72711.62338               
      130100            9.31039                             0.98949                                          -0.06785                                      92764.68331                                        9.94153e+05                                    72923.29173               
      131100            9.32387                             0.99785                                          -0.03638                                      93548.89529                                        9.95774e+05                                    73015.70785               
      132100            9.29508                             0.99646                                          -0.01596                                      93418.50495                                        9.96158e+05                                    72943.14607               
      133100            9.31529                             1.00002                                          -0.03580                                      93751.48339                                        9.97756e+05                                    73019.30994               
      134100            9.29860                             0.99795                                          -0.06335                                      93557.37490                                        9.99504e+05                                    73121.07442               
      135100            9.30242                             0.99508                                          -0.09300                                      93288.73094                                        9.99618e+05                                    72946.78385               
      136100            9.28214                             0.98946                                           0.09195                                      92761.91156                                        9.99743e+05                                    72749.40880               
      137100            9.29041                             0.99728                                           0.06715                                      93494.67211                                        1.00050e+06                                    72789.37609               
      138100            9.29419                             0.99033                                          -0.03913                                      92843.12862                                        1.00318e+06                                    73033.04862               
      139100            9.27081                             0.99632                                          -0.02769                                      93404.55658                                        1.00219e+06                                    72804.43823               
      140100            9.30856                             0.99801                                           0.03043                                      93563.49524                                        1.00357e+06                                    72834.75555               
      141100            9.29039                             0.99713                                          -0.04071                                      93480.70935                                        1.00405e+06                                    72812.22868               
      142100            9.28795                             0.99661                                           0.08166                                      93431.88621                                        1.00502e+06                                    72723.02236               
      143100            9.29378                             0.99586                                           0.08297                                      93361.78976                                        1.00550e+06                                    72667.48807               
      144100            9.22800                             0.98922                                           0.06518                                      92739.46602                                        1.00633e+06                                    72727.40507               
      145100            9.25607                             0.99362                                           0.06699                                      93151.68606                                        1.00727e+06                                    72640.97645               
      146100            9.28248                             0.99353                                           0.02337                                      93143.24835                                        1.00775e+06                                    72681.97692               
      147100            9.28597                             0.99892                                           0.04956                                      93648.72135                                        1.00923e+06                                    72660.50922               
      148100            9.28612                             0.99386                                          -0.00857                                      93174.68738                                        1.01066e+06                                    72857.11101               
      149100            9.27164                             0.98950                                          -0.06715                                      92765.17268                                        1.01112e+06                                    72950.53213               
      150100            9.48860                             0.99797                                           0.00263                                      93560.00295                                        1.01217e+06                                    72821.61709               
      151100            9.55192                             0.99214                                          -0.06880                                      93013.26262                                        1.01286e+06                                    72993.65727               
      152100            9.29520                             0.99226                                          -0.00484                                      93024.45728                                        1.01287e+06                                    72832.61928               
      153100            9.28621                             0.98715                                          -0.02504                                      92545.33592                                        1.01305e+06                                    72761.68937               
      154100            9.29554                             0.99601                                           0.03013                                      93375.94349                                        1.01519e+06                                    72925.95297               
      155100            9.29263                             0.99218                                          -0.03160                                      93016.74715                                        1.01436e+06                                    72872.15283               
      156100            9.30529                             0.99164                                          -0.00521                                      92965.78783                                        1.01641e+06                                    72965.63028               
      157100            9.29631                             0.98280                                           0.04809                                      92137.83074                                        1.01567e+06                                    72703.35215               
      158100            9.29374                             0.99040                                          -0.09827                                      92849.69245                                        1.01841e+06                                    72944.12976               
      159100            9.29286                             0.99334                                          -0.03047                                      93125.98796                                        1.01875e+06                                    72970.66225               
      160100            9.26764                             0.99727                                           0.03061                                      93493.73816                                        1.01910e+06                                    72712.12759               
      161100            9.28358                             0.99174                                          -0.05489                                      92975.86480                                        1.01940e+06                                    72808.99825               
      162100            9.25331                             0.99298                                          -0.06393                                      93091.58659                                        1.02021e+06                                    72732.26933               
      163100            9.27909                             0.99496                                          -0.05228                                      93277.58901                                        1.02098e+06                                    72754.26134               
      164100            9.27336                             0.99293                                           0.00659                                      93087.64201                                        1.02109e+06                                    72623.57565               
      165100            9.27528                             0.99972                                           0.01307                                      93723.47412                                        1.02318e+06                                    72693.52599               
      166100            9.27183                             1.00045                                           0.00028                                      93792.20254                                        1.02374e+06                                    72620.35431               
      167100            9.25506                             0.99591                                           0.01669                                      93366.58021                                        1.02386e+06                                    72685.93412               
      168100            9.29593                             0.99348                                          -0.01613                                      93139.09043                                        1.02528e+06                                    72776.45517               
      169100            9.30358                             0.98760                                          -0.07967                                      92587.45340                                        1.02557e+06                                    72878.08908               
      170100            9.28156                             0.99349                                          -0.08200                                      93139.72260                                        1.02622e+06                                    72806.72231               
      171100            9.51748                             0.99090                                          -0.10197                                      92896.98559                                        1.02681e+06                                    72807.66383               
      172100            9.24218                             0.99788                                           0.02777                                      93551.70476                                        1.02859e+06                                    72750.67137               
      173100            9.26712                             0.98747                                          -0.01389                                      92575.43861                                        1.02815e+06                                    72698.11268               
      174100            9.29858                             0.98928                                          -0.04871                                      92745.18412                                        1.03042e+06                                    73023.19769               
      175100            9.30611                             0.99272                                          -0.06498                                      93067.13579                                        1.02943e+06                                    72780.40824               
      176100            9.28296                             0.98870                                           0.02148                                      92690.97782                                        1.02905e+06                                    72619.52893               
      177100            9.28485                             0.99898                                           0.03907                                      93654.31534                                        1.03106e+06                                    72665.31355               
      178100            9.27056                             0.98940                                           0.00652                                      92756.62313                                        1.03005e+06                                    72627.73012               
      179100            9.29205                             0.99016                                           0.01003                                      92827.31673                                        1.03135e+06                                    72597.95568               
      180100            9.24891                             0.99275                                           0.00044                                      93069.95779                                        1.03187e+06                                    72543.11518               
      181100            9.25714                             0.99182                                           0.07411                                      92983.44604                                        1.03208e+06                                    72373.93399               
      182100            9.25838                             1.00238                                          -0.03892                                      93973.39465                                        1.03336e+06                                    72671.29718               
      183100            9.25481                             0.98743                                          -0.00643                                      92571.51383                                        1.03350e+06                                    72589.94045               
      184100            9.28790                             0.99594                                          -0.04767                                      93369.79312                                        1.03385e+06                                    72709.42607               
      185100            9.26243                             0.98598                                          -0.01241                                      92435.23197                                        1.03487e+06                                    72619.05248               
      186100            9.24514                             0.99546                                          -0.04609                                      93324.63361                                        1.03673e+06                                    72839.20046               
      187100            9.25916                             0.99856                                           0.08834                                      93614.60928                                        1.03668e+06                                    72552.33281               
      188100            9.28896                             0.99536                                           0.03732                                      93315.26336                                        1.03694e+06                                    72567.01336               
      189100            9.50547                             1.01150                                           0.09692                                      94828.27654                                        1.03718e+06                                    72473.98172               
      190100            9.26231                             0.99222                                          -0.01176                                      93020.81922                                        1.03801e+06                                    72509.68324               
      191100            9.28774                             0.99257                                          -0.00779                                      93053.85199                                        1.03891e+06                                    72693.82420               
      192100            9.24732                             0.99206                                           0.03323                                      93005.85126                                        1.03834e+06                                    72563.79989               
      193100            9.27948                             0.99691                                          -0.05469                                      93460.23519                                        1.03950e+06                                    72576.69456               
      194100            9.45860                             0.99399                                           0.06700                                      93186.43572                                        1.04003e+06                                    72445.71462               
      195100            9.22891                             0.99340                                           0.02930                                      93131.41580                                        1.03970e+06                                    72386.10653               
      196100            9.48257                             0.99015                                          -0.00876                                      92826.77158                                        1.04010e+06                                    72435.55874               
      197100            9.26080                             0.99780                                           0.06323                                      93543.28349                                        1.04185e+06                                    72543.63539               
      198100            9.21129                             0.99047                                           0.03145                                      92856.94240                                        1.04173e+06                                    72391.46473               
      199100            9.23849                             1.00090                                           0.06684                                      93834.37432                                        1.04237e+06                                    72369.16862               
      200100            9.24996                             0.99275                                           0.02177                                      93070.15114                                        1.04305e+06                                    72491.81829               
      201100            9.26318                             0.99780                                           0.02684                                      93543.68835                                        1.04414e+06                                    72567.74261               
      202100            9.24894                             0.99166                                          -0.00157                                      92968.32427                                        1.04503e+06                                    72718.30261               
      203100            9.25970                             0.99102                                           0.05533                                      92908.38072                                        1.04460e+06                                    72522.31355               
      204100            9.23292                             0.99652                                          -0.03521                                      93423.91137                                        1.04547e+06                                    72563.55785               
      205100            9.26679                             0.99867                                          -0.00320                                      93625.71096                                        1.04533e+06                                    72573.56189               
      206100            9.22040                             0.99446                                           0.02163                                      93230.20384                                        1.04487e+06                                    72467.90896               
      207100            9.49301                             0.97991                                          -0.06557                                      91866.76383                                        1.04482e+06                                    72593.46787               
      208100            9.24168                             0.98674                                          -0.03282                                      92507.17349                                        1.04591e+06                                    72522.95866               
      209100            9.24640                             0.98813                                           0.02335                                      92637.59744                                        1.04658e+06                                    72410.51793               
      210100            9.25169                             0.99688                                           0.01690                                      93457.58927                                        1.04755e+06                                    72410.72209               
      211100            9.48257                             0.99276                                          -0.02182                                      93070.89600                                        1.04767e+06                                    72439.93710               
      212100            9.45441                             0.99925                                           0.02452                                      93679.84861                                        1.04731e+06                                    72406.28208               
      213100            9.21273                             0.98791                                          -0.11488                                      92617.02326                                        1.04712e+06                                    72319.22534               
      214100            9.45276                             1.00044                                          -0.01445                                      93791.02905                                        1.04816e+06                                    72455.09703               
      215100            9.22419                             0.99403                                           0.03215                                      93190.68170                                        1.04907e+06                                    72450.58173               
      216100            9.22632                             0.98981                                          -0.00977                                      92794.36066                                        1.04942e+06                                    72421.50740               
      217100            9.26249                             0.98692                                          -0.02473                                      92523.45414                                        1.05039e+06                                    72492.43666               
      218100            9.22839                             0.99032                                           0.05609                                      92842.26614                                        1.05040e+06                                    72513.43941               
      219100            9.26619                             0.99831                                          -0.05301                                      93591.68008                                        1.05087e+06                                    72452.97091               
      220100            9.22805                             0.99798                                           0.05116                                      93560.33734                                        1.05121e+06                                    72318.02161               
      221100            9.25324                             0.99210                                          -0.03326                                      93009.54084                                        1.05102e+06                                    72455.58212               
      222100            9.23103                             0.99242                                          -0.05319                                      93039.56465                                        1.05113e+06                                    72434.28364               
      223100            9.25876                             0.99454                                           0.01187                                      93237.84139                                        1.05143e+06                                    72308.44524               
      224100            9.23187                             0.99617                                          -0.05911                                      93390.89307                                        1.05251e+06                                    72402.29007               
      225100            9.45567                             0.98443                                          -0.00924                                      92290.11150                                        1.05194e+06                                    72362.72084               
      226100            9.21939                             0.98274                                          -0.07238                                      92131.77052                                        1.05251e+06                                    72507.64820               
      227100            9.22196                             1.00137                                           0.09274                                      93878.29904                                        1.05354e+06                                    72375.51861               
      228100            9.25336                             0.99597                                          -0.00878                                      93372.42742                                        1.05493e+06                                    72674.64202               
      229100            9.23427                             0.99697                                          -0.02949                                      93466.17251                                        1.05367e+06                                    72436.98784               
      230100            9.47688                             0.99609                                          -0.01231                                      93383.36885                                        1.05460e+06                                    72428.83449               
      231100            9.25363                             0.99568                                          -0.00458                                      93344.87593                                        1.05482e+06                                    72483.31005               
      232100            9.25787                             0.99304                                          -0.10997                                      93097.68710                                        1.05518e+06                                    72641.01725               
      233100            9.48940                             0.98958                                           0.01502                                      92772.94579                                        1.05513e+06                                    72489.45037               
      234100            9.19812                             0.99302                                          -0.07595                                      93095.49827                                        1.05603e+06                                    72574.30732               
      235100            9.22729                             0.99780                                          -0.06914                                      93544.13870                                        1.05632e+06                                    72515.27160               
      236100            9.22753                             0.98874                                          -0.04980                                      92694.01254                                        1.05663e+06                                    72541.39035               
      237100            9.23232                             0.99056                                          -0.06673                                      92864.74382                                        1.05664e+06                                    72530.14992               
      238100            9.49533                             0.99299                                          -0.08038                                      93092.61486                                        1.05704e+06                                    72413.66515               
      239100            9.22949                             0.99234                                          -0.06506                                      93031.58919                                        1.05755e+06                                    72496.88830               
      240100            9.42828                             0.99309                                          -0.02851                                      93101.98185                                        1.05829e+06                                    72563.27189               
      241100            9.23247                             0.98956                                          -0.04505                                      92771.15713                                        1.05706e+06                                    72344.08158               
      242100            9.25061                             0.98859                                          -0.09755                                      92679.96814                                        1.05856e+06                                    72491.25250               
      243100            9.24250                             0.99959                                          -0.01019                                      93711.13023                                        1.05776e+06                                    72297.73156               
      244100            9.21667                             1.00016                                           0.06148                                      93764.62557                                        1.05922e+06                                    72327.17301               
      245100            9.45087                             1.00010                                          -0.00460                                      93759.82142                                        1.05922e+06                                    72425.71864               
      246100            9.23612                             0.98748                                          -0.04639                                      92576.21697                                        1.05848e+06                                    72323.59335               
      247100            9.22842                             0.99053                                          -0.02192                                      92861.95799                                        1.05990e+06                                    72442.45428               
      248100            9.22006                             0.99291                                           0.02684                                      93085.69128                                        1.05874e+06                                    72252.21297               
      249100            9.44850                             0.99337                                           0.07065                                      93128.61167                                        1.06031e+06                                    72280.83900               
      250100            9.24514                             0.99033                                          -0.00107                                      92843.11774                                        1.06144e+06                                    72496.54253               
      251100            9.24138                             0.99287                                           0.07896                                      93081.58433                                        1.06030e+06                                    72285.03114               
      252100            9.22190                             0.99236                                           0.02580                                      93033.90452                                        1.05994e+06                                    72193.20078               
      253100            9.24788                             0.99271                                          -0.05406                                      93066.09841                                        1.06192e+06                                    72400.77065               
      254100            9.21558                             0.99078                                           0.03086                                      92885.30343                                        1.06164e+06                                    72329.36168               
      255100            9.23678                             0.99339                                           0.01724                                      93130.62273                                        1.06146e+06                                    72319.48954               
      256100            9.20769                             0.99502                                          -0.03048                                      93283.31107                                        1.06266e+06                                    72508.82321               
      257100            9.43667                             0.99689                                          -0.03228                                      93458.63029                                        1.06175e+06                                    72237.01423               
      258100            9.21214                             0.98988                                           0.04025                                      92800.81562                                        1.06145e+06                                    72164.34083               
      259100            9.47427                             0.99294                                          -0.07845                                      93088.19879                                        1.06350e+06                                    72407.17604               
      260100            9.17934                             0.98588                                           0.05492                                      92426.48912                                        1.06223e+06                                    72224.73004               
      261100            9.23188                             0.99244                                           0.01741                                      93041.38144                                        1.06286e+06                                    72223.82650               
      262100            9.21241                             0.99164                                           0.06115                                      92965.90031                                        1.06351e+06                                    72150.58776               
      263100            9.23433                             0.99244                                          -0.04392                                      93041.51591                                        1.06422e+06                                    72377.94425               
      264100            9.46971                             0.99294                                          -0.07209                                      93088.47580                                        1.06437e+06                                    72476.68416               
      265100            9.47099                             0.98463                                          -0.03404                                      92308.60411                                        1.06454e+06                                    72366.81595               
      266100            9.41404                             1.00075                                           0.10609                                      93820.71900                                        1.06444e+06                                    72256.81182               
      267100            9.20762                             0.99750                                           0.02721                                      93515.99925                                        1.06498e+06                                    72308.43373               
      268100            9.20227                             0.99433                                           0.05182                                      93218.40165                                        1.06494e+06                                    72148.69974               
      269100            9.21249                             0.99906                                           0.01794                                      93662.20044                                        1.06504e+06                                    72201.58465               
      270100            9.22975                             0.99791                                           0.01833                                      93553.71188                                        1.06631e+06                                    72267.74111               
      271100            9.24158                             1.00018                                          -0.03748                                      93766.52260                                        1.06607e+06                                    72361.67254               
      272100            9.22587                             0.99264                                           0.11157                                      93059.84127                                        1.06512e+06                                    72205.60497               
      273100            9.19830                             0.99521                                           0.08853                                      93300.61609                                        1.06491e+06                                    72029.12687               
      274100            9.21128                             0.99550                                           0.01188                                      93327.80857                                        1.06566e+06                                    72173.66414               
      275100            9.21157                             1.00295                                           0.00986                                      94026.68774                                        1.06659e+06                                    72270.38285               
      276100            9.19521                             1.00230                                           0.06895                                      93966.08198                                        1.06704e+06                                    72124.40728               
      277100            9.23674                             0.99584                                           0.04671                                      93360.32343                                        1.06692e+06                                    72178.00662               
      278100            9.21594                             0.99344                                          -0.10692                                      93135.03423                                        1.06653e+06                                    72232.47212               
      279100            9.20801                             0.99953                                           0.07374                                      93706.23011                                        1.06742e+06                                    72137.48374               
      280100            9.20983                             0.99422                                          -0.03915                                      93207.71484                                        1.06809e+06                                    72310.89634               
      281100            9.22411                             0.99945                                           0.12257                                      93698.89258                                        1.06859e+06                                    72226.37545               
      282100            9.20428                             0.98676                                           0.03858                                      92508.58377                                        1.06743e+06                                    72147.66704               
      283100            9.44439                             0.99579                                          -0.05499                                      93355.52560                                        1.06856e+06                                    72308.57672               
      284100            9.21716                             0.98779                                          -0.02866                                      92605.53131                                        1.06818e+06                                    72357.86836               
      285100            9.21393                             0.99252                                           0.00160                                      93048.77276                                        1.06888e+06                                    72261.14132               
      286100            9.42077                             0.99457                                           0.00348                                      93241.11655                                        1.06751e+06                                    72079.00466               
      287100            9.20654                             0.99246                                          -0.08810                                      93042.88310                                        1.06867e+06                                    72295.90871               
      288100            9.44753                             0.98974                                          -0.04572                                      92788.01413                                        1.06791e+06                                    72210.75486               
      289100            9.19457                             0.99511                                          -0.03441                                      93291.35081                                        1.06916e+06                                    72154.92617               
      290100            9.16725                             0.99334                                           0.01362                                      93125.74747                                        1.06911e+06                                    72184.99156               
      291100            9.24461                             0.99667                                          -0.11333                                      93437.71351                                        1.07020e+06                                    72430.27523               
      292100            9.43556                             0.99545                                           0.02440                                      93322.97013                                        1.07000e+06                                    72318.53036               
      293100            9.22338                             1.00876                                           0.10445                                      94571.26412                                        1.06996e+06                                    72053.52572               
      294100            9.19601                             1.00219                                           0.08667                                      93955.31535                                        1.06993e+06                                    72008.91560               
      295100            9.20384                             0.98984                                          -0.02339                                      92797.57585                                        1.06987e+06                                    72143.30894               
      296100            9.23978                             0.99176                                          -0.06592                                      92977.11102                                        1.07076e+06                                    72361.14674               
      297100            9.22984                             0.99308                                          -0.07973                                      93101.63287                                        1.07115e+06                                    72328.27885               
      298100            9.47169                             0.98960                                          -0.02248                                      92775.43722                                        1.06932e+06                                    72101.21854               
      299100            9.46127                             0.99255                                           0.03325                                      93051.50002                                        1.07099e+06                                    72271.08541               
      300100            9.24355                             0.99411                                           0.04597                                      93198.00594                                        1.07070e+06                                    72220.44031               
      301100            9.20809                             1.00017                                          -0.00096                                      93766.30467                                        1.07139e+06                                    72170.22045               
      302100            9.20932                             0.99155                                           0.02851                                      92957.59035                                        1.07086e+06                                    72044.52157               
      303100            9.20399                             0.99311                                          -0.04198                                      93103.89259                                        1.07113e+06                                    72151.58461               
      304100            9.15242                             0.99794                                          -0.04861                                      93557.26975                                        1.07130e+06                                    72142.65705               
      305100            9.42868                             0.99796                                           0.02706                                      93558.31164                                        1.07188e+06                                    72185.19248               
      306100            9.46104                             1.00096                                           0.05473                                      93839.84676                                        1.07253e+06                                    72164.79493               
      307100            9.21051                             0.98763                                          -0.01476                                      92589.88183                                        1.07162e+06                                    72037.54786               
      308100            9.22096                             0.99420                                          -0.00551                                      93206.33875                                        1.07145e+06                                    72112.31554               
      309100            9.20714                             0.98951                                           0.00396                                      92766.88880                                        1.07304e+06                                    72251.77735               
      310100            9.43698                             0.99975                                           0.00221                                      93726.83565                                        1.07264e+06                                    72225.88770               
      311100            9.21468                             0.97973                                           0.05695                                      91849.71601                                        1.07247e+06                                    72059.98822               
      312100            9.22277                             0.99529                                          -0.10807                                      93308.54906                                        1.07297e+06                                    72198.40029               
      313100            9.21704                             0.99784                                          -0.00064                                      93547.67602                                        1.07314e+06                                    72198.06088               
      314100            9.18621                             0.98975                                           0.01664                                      92789.50504                                        1.07340e+06                                    72260.46743               
      315100            9.22295                             0.99272                                          -0.02111                                      93067.45280                                        1.07349e+06                                    72219.88639               
      316100            9.43455                             0.99590                                           0.04226                                      93365.84567                                        1.07366e+06                                    72155.58677               
      317100            9.21384                             0.98307                                          -0.06084                                      92162.92727                                        1.07387e+06                                    72303.58136               
      318100            9.23961                             0.98816                                          -0.05853                                      92639.94001                                        1.07373e+06                                    72217.73929               
      319100            9.21269                             1.00182                                           0.03865                                      93921.07611                                        1.07406e+06                                    72098.24180               
      320100            9.45235                             0.99421                                          -0.03104                                      93207.54128                                        1.07437e+06                                    72330.79584               
      321100            9.22200                             0.99440                                           0.03036                                      93225.41334                                        1.07541e+06                                    72311.23827               
      322100            9.20330                             0.99355                                           0.10359                                      93145.22681                                        1.07401e+06                                    72109.24952               
      323100            9.43846                             0.99883                                          -0.06693                                      93639.99061                                        1.07434e+06                                    72206.51453               
      324100            9.21383                             0.98598                                          -0.06840                                      92435.86379                                        1.07518e+06                                    72325.59781               
      325100            9.23269                             0.98906                                          -0.01361                                      92724.01148                                        1.07589e+06                                    72421.17099               
      326100            9.24675                             0.99070                                          -0.10018                                      92878.47553                                        1.07527e+06                                    72327.11868               
      327100            9.20477                             0.99383                                          -0.04074                                      93171.52602                                        1.07630e+06                                    72338.63108               
      328100            9.22987                             0.98958                                          -0.15064                                      92772.74886                                        1.07611e+06                                    72362.50165               
      329100            9.20661                             0.99121                                           0.07026                                      92925.94066                                        1.07540e+06                                    72197.87892               
      330100            9.44567                             0.99235                                           0.00626                                      93032.95373                                        1.07407e+06                                    72107.78223               
      331100            9.20896                             0.98859                                          -0.02092                                      92680.29644                                        1.07548e+06                                    72203.58682               
      332100            9.44002                             0.99146                                          -0.04836                                      92949.52842                                        1.07532e+06                                    72257.11314               
      333100            9.40743                             0.99860                                           0.03453                                      93619.16747                                        1.07617e+06                                    72212.37899               
      334100            9.47447                             0.99481                                          -0.09735                                      93263.80222                                        1.07603e+06                                    72360.44146               
      335100            9.23793                             0.98859                                          -0.00047                                      92680.44363                                        1.07595e+06                                    72212.79927               
      336100            9.20679                             0.99412                                          -0.00694                                      93198.61548                                        1.07541e+06                                    72163.52804               
      337100            9.20800                             0.98880                                          -0.05621                                      92700.29013                                        1.07637e+06                                    72135.43048               
      338100            9.44580                             0.99165                                          -0.01406                                      92967.35558                                        1.07614e+06                                    72108.66070               
      339100            9.19109                             0.99050                                          -0.02160                                      92859.66855                                        1.07644e+06                                    72060.34239               
      340100            9.45570                             1.00197                                          -0.03930                                      93935.01933                                        1.07618e+06                                    72126.73118               
      341100            9.42709                             0.99613                                           0.07919                                      93387.16146                                        1.07634e+06                                    71978.24523               
      342100            9.18685                             0.98415                                           0.11409                                      92263.84704                                        1.07574e+06                                    71896.28524               
      343100            9.19845                             0.99388                                           0.02845                                      93176.20255                                        1.07691e+06                                    72016.02894               
      344100            9.18098                             0.99460                                           0.04378                                      93243.94631                                        1.07641e+06                                    71912.06386               
      345100            9.23148                             0.99383                                          -0.05937                                      93171.77235                                        1.07739e+06                                    72215.57737               
      346100            9.42756                             0.99827                                          -0.07101                                      93588.04754                                        1.07737e+06                                    72219.84903               
      347100            9.46596                             0.99015                                           0.05037                                      92826.25159                                        1.07775e+06                                    72192.44135               
      348100            9.21779                             0.99547                                           0.01778                                      93324.90623                                        1.07806e+06                                    72066.75758               
      349100            9.22352                             0.98961                                          -0.02828                                      92776.20347                                        1.07779e+06                                    72232.41832               
      350100            9.19856                             0.98888                                          -0.00005                                      92707.58331                                        1.07776e+06                                    72081.41991               
      351100            9.22028                             0.98868                                          -0.00655                                      92689.20004                                        1.07829e+06                                    72085.68658               
      352100            9.21602                             0.99662                                          -0.03949                                      93433.35150                                        1.07886e+06                                    72233.27216               
      353100            9.19366                             0.99167                                           0.12425                                      92968.98568                                        1.07745e+06                                    71864.70654               
      354100            9.20644                             0.99924                                           0.08496                                      93679.21228                                        1.07832e+06                                    72047.25339               
      355100            9.43321                             0.98347                                           0.04362                                      92200.73696                                        1.07801e+06                                    72025.00549               
      356100            9.42942                             0.99184                                          -0.04547                                      92984.84708                                        1.07839e+06                                    71984.17238               
      357100            9.19715                             0.98912                                           0.13641                                      92730.26616                                        1.07828e+06                                    71966.90921               
      358100            9.19911                             0.98906                                          -0.02403                                      92724.82302                                        1.07944e+06                                    72109.25360               
      359100            9.41256                             0.99640                                           0.04474                                      93412.26167                                        1.07770e+06                                    71863.84891               
      360100            9.41050                             0.99344                                           0.01757                                      93134.91974                                        1.07818e+06                                    71909.18910               
      361100            9.16962                             0.99175                                          -0.03440                                      92976.40625                                        1.07866e+06                                    72004.63181               
      362100            9.20242                             0.98660                                          -0.08296                                      92493.96154                                        1.07941e+06                                    72308.25107               
      363100            9.40968                             0.98212                                          -0.12533                                      92074.17932                                        1.07922e+06                                    72192.34909               
      364100            9.18173                             0.98991                                           0.06409                                      92804.23804                                        1.07910e+06                                    71935.03890               
      365100            9.20984                             1.00044                                          -0.01508                                      93791.19730                                        1.07968e+06                                    72039.19611               
      366100            9.18478                             0.99969                                           0.06814                                      93721.05634                                        1.08048e+06                                    72100.27295               
      367100            9.22597                             0.98648                                           0.01917                                      92482.95760                                        1.08091e+06                                    72124.56509               
      368100            9.17137                             0.98095                                          -0.08526                                      91963.75247                                        1.07940e+06                                    72178.56692               
      369100            9.18800                             0.99770                                          -0.03927                                      93533.93914                                        1.08112e+06                                    72197.58769               
      370100            9.20015                             0.99790                                           0.06030                                      93553.25178                                        1.08079e+06                                    72057.02317               
      371100            9.18561                             0.99396                                           0.03382                                      93183.42761                                        1.08001e+06                                    71991.97346               
      372100            9.46274                             0.99524                                          -0.02629                                      93303.43115                                        1.08036e+06                                    72106.39121               
      373100            9.21011                             0.99895                                           0.05658                                      93651.43696                                        1.08129e+06                                    72049.62382               
      374100            9.20255                             0.99457                                          -0.02496                                      93240.79981                                        1.08137e+06                                    72166.98270               
      375100            9.20790                             0.98369                                          -0.07858                                      92220.84338                                        1.08172e+06                                    72204.14546               
      376100            9.46057                             0.99325                                          -0.10517                                      93117.19102                                        1.08261e+06                                    72437.24403               
      377100            9.22585                             0.98624                                          -0.04604                                      92459.76275                                        1.08163e+06                                    72247.84548               
      378100            9.22690                             0.98862                                          -0.05637                                      92683.00823                                        1.08193e+06                                    72209.05917               
      379100            9.19796                             0.99667                                          -0.05719                                      93437.89693                                        1.08155e+06                                    72110.11905               
      380100            9.38894                             0.98288                                          -0.05966                                      92144.85642                                        1.08081e+06                                    72060.29189               
      381100            9.20374                             0.99163                                          -0.02030                                      92964.85381                                        1.08224e+06                                    72174.76508               
      382100            9.44618                             0.98882                                          -0.06074                                      92702.08140                                        1.08134e+06                                    72172.17951               
      383100            9.21570                             0.99047                                           0.02803                                      92856.09795                                        1.08070e+06                                    71916.79172               
      384100            9.18137                             0.98823                                           0.00360                                      92646.98980                                        1.08092e+06                                    71844.59188               
      385100            9.20249                             0.98809                                          -0.08149                                      92633.35334                                        1.08168e+06                                    72018.18851               
      386100            9.19868                             0.99038                                          -0.00154                                      92848.28200                                        1.08310e+06                                    72158.30357               
      387100            9.20434                             0.99209                                          -0.00829                                      93008.79063                                        1.08158e+06                                    72111.70759               
      388100            9.45479                             0.99671                                           0.06657                                      93441.94665                                        1.08223e+06                                    71971.98565               
      389100            9.16940                             0.99894                                          -0.02734                                      93650.19779                                        1.08182e+06                                    71993.28157               
      390100            9.20639                             0.99520                                          -0.07107                                      93300.42880                                        1.08300e+06                                    72156.90925               
      391100            9.20337                             0.98620                                          -0.06376                                      92455.89358                                        1.08138e+06                                    72042.54791               
      392100            9.22874                             1.00080                                          -0.11303                                      93824.62399                                        1.08319e+06                                    72226.92589               
      393100            9.19979                             0.99956                                           0.02644                                      93709.05902                                        1.08250e+06                                    72043.59397               
      394100            9.23585                             0.98534                                          -0.12925                                      92375.66182                                        1.08319e+06                                    72262.95380               
      395100            9.20019                             0.99275                                          -0.04769                                      93070.59822                                        1.08287e+06                                    72157.10106               
      396100            9.20415                             0.98886                                           0.07923                                      92705.80069                                        1.08205e+06                                    71938.30778               
      397100            9.22320                             1.00010                                          -0.05499                                      93759.41603                                        1.08397e+06                                    72058.43876               
      398100            9.17588                             0.99545                                           0.06707                                      93323.89956                                        1.08273e+06                                    71947.58241               
      399100            9.20016                             0.99640                                          -0.00029                                      93412.16676                                        1.08258e+06                                    71928.44923               
      400100            9.19136                             0.99513                                          -0.06608                                      93293.34932                                        1.08348e+06                                    72077.94646               
      401100            9.19539                             0.99492                                          -0.06110                                      93274.14565                                        1.08370e+06                                    72125.96384               
      402100            9.42380                             0.99202                                           0.02774                                      93002.30539                                        1.08365e+06                                    72035.18626               
      403100            9.18079                             0.99148                                          -0.00805                                      92950.87994                                        1.08296e+06                                    72013.53545               
      404100            9.18104                             0.99708                                          -0.01667                                      93476.48643                                        1.08381e+06                                    72056.08735               
      405100            9.14670                             0.99564                                           0.01036                                      93341.32837                                        1.08424e+06                                    72176.49632               
      406100            9.22062                             0.99422                                          -0.06410                                      93208.15284                                        1.08413e+06                                    72219.15654               
Simulation.timestep  Simulation.tps  md.compute.ThermodynamicQuantities.kinetic_temperature md.compute.ThermodynamicQuantities.pressure md.compute.ThermodynamicQuantities.kinetic_energy md.compute.ThermodynamicQuantities.potential_energy md.compute.ThermodynamicQuantities.volume
      407100            11.15203                            1.02081                                          -0.15492                                      9.57010e+04                                        1.07396e+06                                    7.16814e+04               
      408100            12.54972                            0.98480                                           0.01158                                      9.23251e+04                                        1.06823e+06                                    7.09361e+04               
      409100            12.60936                            1.00141                                          -0.00189                                      9.38821e+04                                        1.06986e+06                                    7.12020e+04               
      410100            10.14328                            0.99458                                          -0.05777                                      9.32415e+04                                        1.07021e+06                                    7.13872e+04               
      411100            10.05752                            0.99015                                           0.01901                                      9.28263e+04                                        1.06894e+06                                    7.11328e+04               
      412100            10.03960                            1.00048                                          -0.06188                                      9.37949e+04                                        1.07048e+06                                    7.12906e+04               
      413100            10.05163                            0.99549                                          -0.04259                                      9.33275e+04                                        1.07030e+06                                    7.12591e+04               
      414100            10.01907                            0.99146                                           0.04057                                      9.29494e+04                                        1.06896e+06                                    7.11305e+04               
      415100            10.17074                            0.98885                                          -0.06902                                      9.27046e+04                                        1.07043e+06                                    7.12990e+04               
      416100            10.43660                            0.99557                                           0.00458                                      9.33344e+04                                        1.07068e+06                                    7.12745e+04               
      417100            10.17473                            0.99231                                          -0.01517                                      9.30291e+04                                        1.07020e+06                                    7.12471e+04               
      418100            10.46589                            0.99219                                          -0.06734                                      9.30174e+04                                        1.07107e+06                                    7.13945e+04               
      419100            10.26016                            0.99918                                          -0.05236                                      9.36733e+04                                        1.07169e+06                                    7.13845e+04               
      420100            10.31039                            0.99917                                           0.06470                                      9.36719e+04                                        1.07078e+06                                    7.11846e+04               
      421100            10.45519                            0.99025                                           0.07166                                      9.28362e+04                                        1.06982e+06                                    7.11605e+04               
      422100            10.23469                            0.99233                                           0.00349                                      9.30310e+04                                        1.07124e+06                                    7.13077e+04               
      423100            10.42746                            0.98791                                           0.00303                                      9.26168e+04                                        1.07067e+06                                    7.13211e+04               
      424100            10.22855                            0.98934                                          -0.04188                                      9.27510e+04                                        1.07217e+06                                    7.14158e+04               
      425100            10.36595                            0.98198                                          -0.04975                                      9.20608e+04                                        1.07054e+06                                    7.14153e+04               
      426100            10.58215                            0.99172                                          -0.03803                                      9.29736e+04                                        1.07152e+06                                    7.13380e+04               
      427100            10.57014                            0.99706                                           0.02130                                      9.34742e+04                                        1.07061e+06                                    7.12323e+04               
      428100            10.74582                            0.99116                                           0.06488                                      9.29213e+04                                        1.07104e+06                                    7.12175e+04               
      429100            10.58616                            0.99198                                           0.07767                                      9.29983e+04                                        1.07189e+06                                    7.12580e+04               
      430100            10.49549                            0.99804                                           0.00500                                      9.35662e+04                                        1.07159e+06                                    7.13068e+04               
      431100            10.70008                            0.99958                                          -0.02002                                      9.37106e+04                                        1.07258e+06                                    7.14196e+04               
      432100            11.07042                            0.98766                                           0.01204                                      9.25929e+04                                        1.07112e+06                                    7.13314e+04               
      433100            10.81904                            0.99923                                           0.00422                                      9.36777e+04                                        1.07203e+06                                    7.12578e+04               
      434100            10.68472                            0.99639                                           0.00661                                      9.34113e+04                                        1.07244e+06                                    7.13002e+04               
      435100            10.67577                            0.99258                                          -0.07877                                      9.30543e+04                                        1.07345e+06                                    7.15787e+04               
      436100            10.65683                            0.99252                                           0.02732                                      9.30487e+04                                        1.07273e+06                                    7.13360e+04               
      437100            10.69803                            0.99382                                           0.08812                                      9.31705e+04                                        1.07278e+06                                    7.12126e+04               
      438100            10.67740                            0.99689                                           0.03191                                      9.34587e+04                                        1.07301e+06                                    7.12491e+04               
      439100            10.70006                            0.99769                                           0.02270                                      9.35331e+04                                        1.07315e+06                                    7.13504e+04               
      440100            10.67638                            0.98780                                          -0.11596                                      9.26063e+04                                        1.07328e+06                                    7.14967e+04               
      441100            10.64419                            0.99376                                           0.00780                                      9.31646e+04                                        1.07334e+06                                    7.13743e+04               
      442100            10.64834                            0.99250                                          -0.03045                                      9.30473e+04                                        1.07385e+06                                    7.13130e+04               
      443100            10.64580                            0.98894                                           0.08313                                      9.27127e+04                                        1.07251e+06                                    7.11013e+04               
      444100            10.62583                            0.99832                                          -0.06016                                      9.35924e+04                                        1.07400e+06                                    7.13617e+04               
      445100            10.66564                            0.99714                                          -0.01182                                      9.34814e+04                                        1.07413e+06                                    7.14213e+04               
      446100            10.58086                            0.99030                                           0.06782                                      9.28408e+04                                        1.07250e+06                                    7.11434e+04               
      447100            10.63388                            0.98949                                           0.02045                                      9.27645e+04                                        1.07372e+06                                    7.12074e+04               
      448100            10.62909                            0.99732                                          -0.06048                                      9.34983e+04                                        1.07387e+06                                    7.13648e+04               
      449100            10.66042                            0.98168                                          -0.07076                                      9.20324e+04                                        1.07398e+06                                    7.14120e+04               
      450100            10.93692                            0.98552                                           0.02870                                      9.23926e+04                                        1.07317e+06                                    7.12193e+04               
      451100            11.06647                            0.98713                                           0.02202                                      9.25433e+04                                        1.07363e+06                                    7.12157e+04               
      452100            10.78102                            0.99872                                           0.02802                                      9.36301e+04                                        1.07524e+06                                    7.13922e+04               
      453100            10.85744                            0.99981                                           0.03170                                      9.37319e+04                                        1.07527e+06                                    7.13376e+04               
      454100            10.78059                            0.99692                                           0.01181                                      9.34612e+04                                        1.07441e+06                                    7.12159e+04               
      455100            10.81957                            0.99799                                          -0.04646                                      9.35616e+04                                        1.07482e+06                                    7.13666e+04               
      456100            11.02253                            0.99117                                          -0.01812                                      9.29223e+04                                        1.07477e+06                                    7.13991e+04               
      457100            10.78757                            0.99065                                           0.00017                                      9.28730e+04                                        1.07550e+06                                    7.14115e+04               
      458100            10.88920                            0.99677                                           0.00388                                      9.34469e+04                                        1.07531e+06                                    7.13433e+04               
      459100            11.11301                            0.98883                                          -0.01011                                      9.27024e+04                                        1.07421e+06                                    7.11956e+04               
      460100            11.13138                            0.99207                                          -0.00449                                      9.30064e+04                                        1.07527e+06                                    7.13270e+04               
      461100            11.29168                            0.99507                                           0.00681                                      9.32879e+04                                        1.07540e+06                                    7.13925e+04               
      462100            11.56759                            0.98306                                          -0.02341                                      9.21614e+04                                        1.07450e+06                                    7.12252e+04               
      463100            11.48965                            0.99332                                           0.00330                                      9.31235e+04                                        1.07590e+06                                    7.13970e+04               
      464100            11.50284                            0.99424                                          -0.00154                                      9.32099e+04                                        1.07508e+06                                    7.12714e+04               
      465100            11.51516                            0.99917                                           0.02156                                      9.36720e+04                                        1.07580e+06                                    7.12269e+04               
      466100            11.76991                            1.00177                                           0.10089                                      9.39162e+04                                        1.07558e+06                                    7.11880e+04               
      467100            11.55390                            0.99295                                          -0.03902                                      9.30890e+04                                        1.07613e+06                                    7.13505e+04               
      468100            11.50482                            0.99328                                          -0.00193                                      9.31203e+04                                        1.07561e+06                                    7.13372e+04               
      469100            11.75091                            0.98517                                          -0.01975                                      9.23600e+04                                        1.07533e+06                                    7.13765e+04               
      470100            12.02465                            0.99126                                          -0.01232                                      9.29302e+04                                        1.07635e+06                                    7.13889e+04               
      471100            12.28921                            0.98873                                          -0.01093                                      9.26936e+04                                        1.07571e+06                                    7.13252e+04               
      472100            11.93179                            0.98914                                          -0.03782                                      9.27322e+04                                        1.07714e+06                                    7.14825e+04               
      473100            11.92940                            0.98361                                          -0.06836                                      9.22133e+04                                        1.07613e+06                                    7.14254e+04               
      474100            12.30568                            0.99639                                          -0.01382                                      9.34115e+04                                        1.07712e+06                                    7.14320e+04               
      475100            11.92945                            0.98837                                           0.03663                                      9.26592e+04                                        1.07594e+06                                    7.12467e+04               
      476100            12.00252                            1.00083                                           0.10418                                      9.38275e+04                                        1.07736e+06                                    7.13186e+04               
      477100            11.92956                            0.98929                                          -0.06616                                      9.27461e+04                                        1.07803e+06                                    7.15782e+04               
      478100            11.94734                            0.99893                                           0.07485                                      9.36498e+04                                        1.07669e+06                                    7.13742e+04               
      479100            12.23195                            0.98302                                           0.02123                                      9.21585e+04                                        1.07711e+06                                    7.13398e+04               
      480100            11.92956                            0.99756                                           0.08796                                      9.35212e+04                                        1.07854e+06                                    7.15331e+04               
      481100            11.92967                            0.99232                                          -0.02944                                      9.30303e+04                                        1.07698e+06                                    7.14204e+04               
      482100            11.97630                            0.99960                                          -0.05642                                      9.37121e+04                                        1.07721e+06                                    7.13578e+04               
      483100            12.00181                            0.99872                                          -0.07316                                      9.36302e+04                                        1.07820e+06                                    7.15413e+04               
      484100            12.33431                            0.98728                                          -0.05817                                      9.25576e+04                                        1.07869e+06                                    7.15559e+04               
      485100            11.93739                            0.99255                                          -0.03141                                      9.30520e+04                                        1.07715e+06                                    7.13373e+04               
      486100            12.08465                            0.99480                                          -0.01141                                      9.32629e+04                                        1.07787e+06                                    7.13793e+04               
      487100            12.16583                            1.00104                                           0.03077                                      9.38479e+04                                        1.07839e+06                                    7.13253e+04               
      488100            12.16029                            0.99041                                          -0.01738                                      9.28510e+04                                        1.07733e+06                                    7.12713e+04               
      489100            12.28277                            0.99739                                           0.02228                                      9.35055e+04                                        1.07816e+06                                    7.12685e+04               
      490100            12.13585                            0.99124                                           0.07521                                      9.29292e+04                                        1.07681e+06                                    7.10434e+04               
      491100            12.43887                            0.99173                                           0.02958                                      9.29748e+04                                        1.07829e+06                                    7.12738e+04               
      492100            12.38054                            0.99048                                           0.05318                                      9.28572e+04                                        1.07786e+06                                    7.12521e+04               
      493100            12.38328                            0.99044                                           0.00274                                      9.28538e+04                                        1.07838e+06                                    7.13478e+04               
      494100            12.42986                            0.99238                                           0.02569                                      9.30355e+04                                        1.07836e+06                                    7.14189e+04               
      495100            12.53067                            0.99012                                           0.01704                                      9.28236e+04                                        1.07803e+06                                    7.12947e+04               
      496100            12.58528                            0.99407                                           0.04892                                      9.31938e+04                                        1.07862e+06                                    7.13016e+04               
      497100            12.53949                            0.99037                                           0.02105                                      9.28474e+04                                        1.07832e+06                                    7.12043e+04               
      498100            12.61865                            0.99410                                          -0.06880                                      9.31966e+04                                        1.07888e+06                                    7.14107e+04               
      499100            12.89685                            0.99636                                          -0.10676                                      9.34090e+04                                        1.07934e+06                                    7.14316e+04               
      500100            12.58964                            0.99079                                          -0.02389                                      9.28864e+04                                        1.07773e+06                                    7.12677e+04               
      501100            12.56528                            0.98544                                           0.03379                                      9.23847e+04                                        1.07870e+06                                    7.13108e+04               
      502100            12.57690                            0.98974                                          -0.00428                                      9.27879e+04                                        1.07848e+06                                    7.12611e+04               
      503100            12.61122                            0.99878                                          -0.09575                                      9.36356e+04                                        1.07884e+06                                    7.13940e+04               
      504100            12.92348                            0.99027                                           0.05470                                      9.28383e+04                                        1.07954e+06                                    7.13824e+04               
      505100            12.91976                            0.98725                                          -0.00791                                      9.25544e+04                                        1.07896e+06                                    7.14039e+04               
      506100            12.54530                            0.99437                                           0.05687                                      9.32221e+04                                        1.07800e+06                                    7.11274e+04               
      507100            12.53134                            1.00054                                          -0.00307                                      9.38011e+04                                        1.07869e+06                                    7.11804e+04               
      508100            12.52356                            0.99806                                           0.06168                                      9.35678e+04                                        1.07927e+06                                    7.13535e+04               
      509100            12.59675                            0.98981                                          -0.03166                                      9.27950e+04                                        1.07990e+06                                    7.14351e+04               
      510100            12.59569                            0.99455                                           0.01241                                      9.32387e+04                                        1.08052e+06                                    7.14792e+04               
      511100            12.57997                            0.99005                                          -0.02641                                      9.28169e+04                                        1.07969e+06                                    7.14262e+04               
      512100            12.58563                            0.99775                                           0.02965                                      9.35388e+04                                        1.08011e+06                                    7.13928e+04               
      513100            12.60904                            0.99575                                          -0.10917                                      9.33515e+04                                        1.08002e+06                                    7.14255e+04               
      514100            12.60176                            0.99509                                          -0.03174                                      9.32895e+04                                        1.07972e+06                                    7.14203e+04               
      515100            12.64608                            0.99285                                          -0.01800                                      9.30793e+04                                        1.07941e+06                                    7.13532e+04               
      516100            12.66842                            0.99196                                          -0.06566                                      9.29964e+04                                        1.08003e+06                                    7.14536e+04               
      517100            12.70151                            0.98926                                          -0.05418                                      9.27434e+04                                        1.07896e+06                                    7.13412e+04               
      518100            12.67265                            1.00896                                          -0.02012                                      9.45899e+04                                        1.07945e+06                                    7.13511e+04               
      519100            12.59886                            0.99873                                           0.06828                                      9.36312e+04                                        1.07884e+06                                    7.11278e+04               
      520100            12.64837                            1.00459                                           0.01900                                      9.41804e+04                                        1.07997e+06                                    7.12330e+04               
      521100            12.65542                            0.99248                                          -0.00733                                      9.30453e+04                                        1.07991e+06                                    7.12586e+04               
      522100            12.70931                            0.99874                                          -0.08329                                      9.36316e+04                                        1.07963e+06                                    7.13514e+04               
      523100            12.66438                            0.99503                                          -0.00362                                      9.32845e+04                                        1.07998e+06                                    7.12478e+04               
      524100            12.66481                            0.99214                                           0.03254                                      9.30133e+04                                        1.07954e+06                                    7.12587e+04               
      525100            12.78709                            0.99519                                          -0.04504                                      9.32995e+04                                        1.07956e+06                                    7.13307e+04               
      526100            13.09497                            1.00032                                          -0.00788                                      9.37796e+04                                        1.07962e+06                                    7.13488e+04               
      527100            12.73573                            0.99687                                          -0.00505                                      9.34566e+04                                        1.07964e+06                                    7.12390e+04               
      528100            13.09952                            0.99768                                           0.07195                                      9.35328e+04                                        1.07919e+06                                    7.11484e+04               
      529100            12.76095                            0.99385                                           0.14414                                      9.31738e+04                                        1.07943e+06                                    7.09941e+04               
      530100            12.81560                            0.99016                                           0.09312                                      9.28274e+04                                        1.07947e+06                                    7.10613e+04               
      531100            12.82214                            0.99787                                           0.02687                                      9.35504e+04                                        1.07982e+06                                    7.12006e+04               
      532100            13.13835                            0.99151                                          -0.01638                                      9.29544e+04                                        1.07924e+06                                    7.10836e+04               
      533100            12.81843                            0.99430                                           0.01558                                      9.32155e+04                                        1.07982e+06                                    7.11374e+04               
      534100            12.95900                            0.99383                                           0.04355                                      9.31720e+04                                        1.07993e+06                                    7.11544e+04               
      535100            12.99837                            0.99301                                          -0.02939                                      9.30945e+04                                        1.08046e+06                                    7.13554e+04               
      536100            13.07504                            0.99511                                          -0.02917                                      9.32913e+04                                        1.08013e+06                                    7.13838e+04               
      537100            12.95034                            0.99162                                          -0.04192                                      9.29645e+04                                        1.08003e+06                                    7.12539e+04               
      538100            13.29305                            0.98748                                          -0.04370                                      9.25764e+04                                        1.08100e+06                                    7.14065e+04               
      539100            13.09581                            0.99091                                          -0.04920                                      9.28979e+04                                        1.08056e+06                                    7.13236e+04               
      540100            13.11253                            0.98769                                           0.00838                                      9.25964e+04                                        1.08046e+06                                    7.12126e+04               
      541100            13.06821                            0.98882                                          -0.01083                                      9.27015e+04                                        1.08081e+06                                    7.12749e+04               
      542100            13.12812                            1.00450                                           0.07138                                      9.41721e+04                                        1.08245e+06                                    7.13533e+04               
      543100            13.07433                            0.99083                                           0.02774                                      9.28900e+04                                        1.08029e+06                                    7.11947e+04               
      544100            13.41780                            1.00093                                           0.00355                                      9.38375e+04                                        1.08119e+06                                    7.12262e+04               
      545100            13.38032                            0.99145                                          -0.01112                                      9.29486e+04                                        1.08010e+06                                    7.11607e+04               
      546100            13.06946                            0.99149                                        -4.67946e-04                                    9.29519e+04                                        1.08179e+06                                    7.12782e+04               
Simulation.timestep  Simulation.tps  md.compute.ThermodynamicQuantities.kinetic_temperature md.compute.ThermodynamicQuantities.pressure md.compute.ThermodynamicQuantities.kinetic_energy md.compute.ThermodynamicQuantities.potential_energy md.compute.ThermodynamicQuantities.volume
      546100            10.98533                            0.99662                                           0.01076                                      9.34330e+04                                        1.08052e+06                                    7.11950e+04               
Simulation.timestep  Simulation.tps  md.compute.ThermodynamicQuantities.kinetic_temperature md.compute.ThermodynamicQuantities.pressure md.compute.ThermodynamicQuantities.kinetic_energy md.compute.ThermodynamicQuantities.potential_energy md.compute.ThermodynamicQuantities.volume
      546100            7.67281                             0.99662                                           0.01076                                      9.34330e+04                                        1.08052e+06                                    7.11950e+04               
      547100            8.94060                             0.99247                                           0.00543                                      9.30438e+04                                        1.08032e+06                                    7.12075e+04               
      548100            8.71836                             0.98988                                          -0.04366                                      9.28016e+04                                        1.08201e+06                                    7.13978e+04               
      549100            8.92043                             0.99732                                           0.03271                                      9.34990e+04                                        1.08033e+06                                    7.12055e+04               
      550100            8.73553                             1.00375                                           0.05875                                      9.41011e+04                                        1.08075e+06                                    7.11414e+04               
      551100            8.96728                             0.99864                                           0.05767                                      9.36229e+04                                        1.08050e+06                                    7.10446e+04               
      552100            8.95907                             0.99506                                          -0.01513                                      9.32872e+04                                        1.08121e+06                                    7.13523e+04               
      553100            8.89429                             0.99413                                          -0.05676                                      9.31996e+04                                        1.08065e+06                                    7.13184e+04               
      554100            8.90412                             0.99259                                          -0.01047                                      9.30553e+04                                        1.08081e+06                                    7.13077e+04               
      555100            8.73681                             0.99501                                          -0.06960                                      9.32822e+04                                        1.08145e+06                                    7.13355e+04               
      556100            8.67294                             0.98797                                           0.01804                                      9.26221e+04                                        1.08054e+06                                    7.11335e+04               
      557100            8.77950                             0.98726                                           0.05207                                      9.25560e+04                                        1.08051e+06                                    7.11433e+04               
      558100            8.72651                             0.99665                                          -0.07108                                      9.34355e+04                                        1.08129e+06                                    7.13832e+04               
      559100            8.88835                             0.99888                                          -0.05120                                      9.36452e+04                                        1.08126e+06                                    7.12536e+04               
      560100            8.73398                             0.99228                                          -0.02600                                      9.30258e+04                                        1.08091e+06                                    7.11642e+04               
      561100            8.91582                             0.99909                                           0.08262                                      9.36647e+04                                        1.08104e+06                                    7.11001e+04               
      562100            8.72496                             0.99570                                           0.03846                                      9.33469e+04                                        1.08104e+06                                    7.11415e+04               
      563100            8.70031                             0.98744                                           0.02363                                      9.25722e+04                                        1.08063e+06                                    7.10734e+04               
      564100            8.93071                             0.98745                                           0.08459                                      9.25738e+04                                        1.08084e+06                                    7.10477e+04               
      565100            8.67960                             0.99202                                           0.01349                                      9.30015e+04                                        1.08202e+06                                    7.12343e+04               
      566100            8.91956                             0.98723                                          -0.04121                                      9.25525e+04                                        1.08153e+06                                    7.12557e+04               
      567100            8.92764                             0.98680                                          -0.00769                                      9.25124e+04                                        1.08175e+06                                    7.12643e+04               
      568100            8.78819                             0.98693                                           0.02627                                      9.25243e+04                                        1.08213e+06                                    7.13298e+04               
      569100            8.75582                             0.99353                                           0.03737                                      9.31437e+04                                        1.08218e+06                                    7.12371e+04               
      570100            8.85988                             0.99422                                           0.02227                                      9.32083e+04                                        1.08305e+06                                    7.12577e+04               
      571100            8.91847                             0.99352                                          -0.06871                                      9.31428e+04                                        1.08296e+06                                    7.14232e+04               
      572100            9.14511                             0.99689                                          -0.03331                                      9.34586e+04                                        1.08363e+06                                    7.15000e+04               
      573100            8.90786                             0.99292                                          -0.07618                                      9.30862e+04                                        1.08316e+06                                    7.14500e+04               
      574100            8.95134                             0.99917                                           0.01643                                      9.36726e+04                                        1.08382e+06                                    7.14430e+04               
      575100            8.92410                             0.98678                                          -0.00831                                      9.25109e+04                                        1.08254e+06                                    7.13950e+04               
      576100            8.92776                             0.99302                                          -0.01816                                      9.30952e+04                                        1.08402e+06                                    7.14413e+04               
      577100            8.89530                             0.98998                                          -0.01779                                      9.28106e+04                                        1.08234e+06                                    7.12423e+04               
      578100            8.97625                             0.99198                                          -0.08401                                      9.29978e+04                                        1.08273e+06                                    7.13666e+04               
      579100            8.91174                             0.98816                                           0.00885                                      9.26403e+04                                        1.08273e+06                                    7.12609e+04               
      580100            8.87416                             0.99752                                           0.03081                                      9.35177e+04                                        1.08436e+06                                    7.13846e+04               
      581100            8.85161                             0.99568                                          -0.02653                                      9.33453e+04                                        1.08309e+06                                    7.12879e+04               
      582100            8.89957                             0.99209                                           0.05500                                      9.30083e+04                                        1.08326e+06                                    7.12850e+04               
      583100            8.97386                             0.99858                                          -0.02048                                      9.36171e+04                                        1.08331e+06                                    7.12963e+04               
      584100            8.89267                             0.99095                                           0.12709                                      9.29015e+04                                        1.08290e+06                                    7.11095e+04               
      585100            8.92836                             0.99782                                           0.01449                                      9.35456e+04                                        1.08336e+06                                    7.12755e+04               
      586100            9.12500                             0.98639                                          -0.01790                                      9.24740e+04                                        1.08222e+06                                    7.12369e+04               
      587100            8.91924                             0.99226                                          -0.11223                                      9.30248e+04                                        1.08378e+06                                    7.15053e+04               
      588100            9.14328                             0.98582                                          -0.01265                                      9.24203e+04                                        1.08244e+06                                    7.13499e+04               
      589100            9.15198                             0.99903                                           0.00531                                      9.36592e+04                                        1.08339e+06                                    7.10503e+04               
      590100            8.92593                             0.98748                                           0.03451                                      9.25763e+04                                        1.08266e+06                                    7.11421e+04               
      591100            8.95868                             0.99462                                          -0.07706                                      9.32453e+04                                        1.08298e+06                                    7.13199e+04               
      592100            8.88804                             0.99841                                           0.08409                                      9.36008e+04                                        1.08319e+06                                    7.11594e+04               
      593100            9.13897                             0.99597                                          -0.05113                                      9.33720e+04                                        1.08331e+06                                    7.11955e+04               
      594100            8.88699                             0.99140                                           0.02415                                      9.29437e+04                                        1.08249e+06                                    7.11228e+04               
      595100            8.92295                             0.99175                                          -0.03898                                      9.29764e+04                                        1.08347e+06                                    7.12934e+04               
      596100            8.90125                             0.98327                                          -0.03762                                      9.21811e+04                                        1.08287e+06                                    7.12045e+04               
      597100            8.91916                             0.99600                                           0.03153                                      9.33747e+04                                        1.08273e+06                                    7.11474e+04               
      598100            8.93633                             0.99651                                           0.00932                                      9.34229e+04                                        1.08400e+06                                    7.12628e+04               
      599100            9.15218                             1.00349                                           0.06725                                      9.40771e+04                                        1.08283e+06                                    7.10306e+04               
      600100            9.17434                             0.99689                                           0.03119                                      9.34584e+04                                        1.08319e+06                                    7.11246e+04               
      601100            8.93225                             0.99565                                          -0.05945                                      9.33420e+04                                        1.08370e+06                                    7.12568e+04               
      602100            8.91091                             0.99606                                          -0.00876                                      9.33802e+04                                        1.08340e+06                                    7.11752e+04               
      603100            9.15604                             0.98683                                           0.02179                                      9.25158e+04                                        1.08375e+06                                    7.13329e+04               
      604100            8.87243                             0.99368                                           0.09122                                      9.31571e+04                                        1.08351e+06                                    7.12227e+04               
      605100            9.10184                             0.99926                                           0.06862                                      9.36809e+04                                        1.08470e+06                                    7.12312e+04               
      606100            8.91354                             0.98829                                           0.00754                                      9.26521e+04                                        1.08301e+06                                    7.12259e+04               
      607100            8.87700                             0.99759                                          -0.00386                                      9.35244e+04                                        1.08428e+06                                    7.12962e+04               
      608100            8.92110                             0.98723                                          -0.04700                                      9.25525e+04                                        1.08325e+06                                    7.12487e+04               
      609100            8.89014                             0.99068                                           0.01942                                      9.28759e+04                                        1.08433e+06                                    7.13068e+04               
      610100            8.94860                             1.00344                                          -0.08096                                      9.40722e+04                                        1.08483e+06                                    7.14309e+04               
      611100            9.09065                             0.98211                                          -0.05577                                      9.20727e+04                                        1.08332e+06                                    7.10981e+04               
      612100            8.95793                             0.99553                                           0.06454                                      9.33310e+04                                        1.08422e+06                                    7.11534e+04               
      613100            8.91343                             0.99553                                          -0.11189                                      9.33312e+04                                        1.08475e+06                                    7.13046e+04               
      614100            8.90042                             0.99876                                          -0.03037                                      9.36341e+04                                        1.08366e+06                                    7.12262e+04               
      615100            8.89457                             0.98774                                           0.03988                                      9.26004e+04                                        1.08330e+06                                    7.10779e+04               
      616100            8.86480                             1.00133                                           0.02059                                      9.38747e+04                                        1.08494e+06                                    7.11270e+04               
      617100            8.87651                             0.99897                                           0.00613                                      9.36535e+04                                        1.08414e+06                                    7.11816e+04               
      618100            8.92981                             0.98943                                           0.06857                                      9.27590e+04                                        1.08371e+06                                    7.10521e+04               
      619100            8.89221                             0.99938                                           0.05002                                      9.36915e+04                                        1.08440e+06                                    7.12575e+04               
      620100            9.11681                             0.99273                                          -0.02479                                      9.30680e+04                                        1.08452e+06                                    7.12828e+04               
      621100            8.93848                             0.99374                                           0.00636                                      9.31629e+04                                        1.08453e+06                                    7.11843e+04               
      622100            8.85864                             0.99208                                          -0.02504                                      9.30076e+04                                        1.08445e+06                                    7.12355e+04               
      623100            8.90521                             0.99127                                          -0.10243                                      9.29314e+04                                        1.08389e+06                                    7.12113e+04               
      624100            9.19616                             0.98938                                          -0.05376                                      9.27547e+04                                        1.08355e+06                                    7.11709e+04               
      625100            8.90184                             0.99206                                          -0.05280                                      9.30054e+04                                        1.08401e+06                                    7.11497e+04               
      626100            8.87311                             0.99542                                           0.01024                                      9.33209e+04                                        1.08511e+06                                    7.11863e+04               
      627100            8.94273                             0.99161                                          -0.03161                                      9.29637e+04                                        1.08474e+06                                    7.12949e+04               
      628100            9.16099                             0.99352                                          -0.07972                                      9.31425e+04                                        1.08499e+06                                    7.13783e+04               
      629100            8.89592                             0.99532                                          -0.05033                                      9.33108e+04                                        1.08632e+06                                    7.15139e+04               
      630100            8.91253                             0.97653                                          -0.06557                                      9.15498e+04                                        1.08387e+06                                    7.12357e+04               
      631100            9.19520                             1.00271                                           0.02955                                      9.40037e+04                                        1.08619e+06                                    7.13325e+04               
      632100            9.09671                             0.99376                                           0.05302                                      9.31651e+04                                        1.08476e+06                                    7.11592e+04               
      633100            8.96879                             0.98914                                          -0.05789                                      9.27318e+04                                        1.08438e+06                                    7.12538e+04               
      634100            8.95431                             0.99722                                          -0.05156                                      9.34898e+04                                        1.08564e+06                                    7.12799e+04               
      635100            9.14535                             0.99695                                           0.11660                                      9.34641e+04                                        1.08649e+06                                    7.12204e+04               
      636100            9.01616                             0.98628                                          -0.07111                                      9.24640e+04                                        1.08503e+06                                    7.13322e+04               
      637100            9.11577                             0.99810                                          -0.02692                                      9.35716e+04                                        1.08578e+06                                    7.12521e+04               
      638100            8.92989                             0.99504                                           0.00823                                      9.32852e+04                                        1.08608e+06                                    7.12489e+04               
      639100            8.86922                             0.98944                                           0.05070                                      9.27598e+04                                        1.08542e+06                                    7.12437e+04               
      640100            8.88257                             0.99590                                          -0.00975                                      9.33652e+04                                        1.08686e+06                                    7.12885e+04               
      641100            8.95013                             0.99113                                           0.03192                                      9.29180e+04                                        1.08574e+06                                    7.12440e+04               
      642100            8.95671                             0.98921                                           0.04650                                      9.27387e+04                                        1.08505e+06                                    7.11671e+04               
      643100            8.92564                             0.99173                                           0.01924                                      9.29745e+04                                        1.08669e+06                                    7.14260e+04               
      644100            8.93379                             0.99301                                          -0.09469                                      9.30946e+04                                        1.08655e+06                                    7.14578e+04               
      645100            9.16257                             0.99260                                           0.01140                                      9.30563e+04                                        1.08615e+06                                    7.13244e+04               
      646100            8.92662                             0.99136                                        -9.47030e-05                                    9.29404e+04                                        1.08580e+06                                    7.12439e+04               
      647100            8.87649                             0.99085                                           0.02907                                      9.28920e+04                                        1.08681e+06                                    7.13149e+04               
      648100            8.94269                             0.99562                                          -0.00981                                      9.33392e+04                                        1.08646e+06                                    7.12138e+04               
      649100            9.16609                             0.99178                                           0.07666                                      9.29796e+04                                        1.08653e+06                                    7.11985e+04               
      650100            8.93505                             1.00157                                           0.00301                                      9.38976e+04                                        1.08673e+06                                    7.12450e+04               
      651100            8.91038                             0.99268                                          -0.03222                                      9.30639e+04                                        1.08670e+06                                    7.13346e+04               
      652100            8.90307                             0.98751                                          -0.00866                                      9.25793e+04                                        1.08584e+06                                    7.11420e+04               
      653100            8.86387                             0.99817                                           0.03826                                      9.35786e+04                                        1.08722e+06                                    7.12814e+04               
      654100            8.92444                             1.00024                                          -0.01465                                      9.37723e+04                                        1.08627e+06                                    7.12534e+04               
      655100            9.11872                             0.99033                                           0.02379                                      9.28431e+04                                        1.08603e+06                                    7.11218e+04               
      656100            8.88442                             0.98948                                           0.02114                                      9.27638e+04                                        1.08638e+06                                    7.12866e+04               
      657100            8.94932                             0.99250                                          -0.01446                                      9.30465e+04                                        1.08709e+06                                    7.13160e+04               
      658100            9.08820                             0.99941                                          -0.02570                                      9.36943e+04                                        1.08766e+06                                    7.13917e+04               
      659100            9.14691                             0.99070                                           0.03454                                      9.28778e+04                                        1.08678e+06                                    7.12081e+04               
      660100            8.88662                             0.99382                                           0.00820                                      9.31702e+04                                        1.08594e+06                                    7.12095e+04               
      661100            8.87466                             0.99485                                           0.00162                                      9.32675e+04                                        1.08644e+06                                    7.11470e+04               
      662100            8.91060                             0.99447                                          -0.04125                                      9.32312e+04                                        1.08718e+06                                    7.12467e+04               
      663100            8.85394                             0.99756                                        -7.23804e-04                                    9.35208e+04                                        1.08730e+06                                    7.12700e+04               
      664100            8.89852                             0.99726                                           0.01072                                      9.34933e+04                                        1.08741e+06                                    7.12077e+04               
      665100            8.92706                             0.99397                                          -0.03552                                      9.31844e+04                                        1.08696e+06                                    7.12927e+04               
      666100            8.83409                             0.99257                                          -0.06881                                      9.30537e+04                                        1.08790e+06                                    7.13350e+04               
      667100            8.88042                             1.00087                                           0.04779                                      9.38316e+04                                        1.08772e+06                                    7.11795e+04               
      668100            8.88585                             0.99469                                           0.02262                                      9.32523e+04                                        1.08714e+06                                    7.10751e+04               
      669100            8.85308                             0.98906                                          -0.01541                                      9.27243e+04                                        1.08768e+06                                    7.12431e+04               
      670100            8.86970                             0.99743                                           0.05398                                      9.35090e+04                                        1.08819e+06                                    7.13056e+04               
      671100            8.89650                             0.99733                                           0.02600                                      9.34993e+04                                        1.08805e+06                                    7.12825e+04               
      672100            8.86166                             0.98361                                           0.06706                                      9.22135e+04                                        1.08682e+06                                    7.11423e+04               
      673100            8.96194                             0.99284                                          -0.05433                                      9.30791e+04                                        1.08793e+06                                    7.14066e+04               
      674100            8.99536                             0.99158                                           0.04844                                      9.29610e+04                                        1.08806e+06                                    7.12403e+04               
      675100            8.84458                             0.99939                                           0.09790                                      9.36933e+04                                        1.08775e+06                                    7.11338e+04               
      676100            8.86534                             0.99929                                           0.00408                                      9.36831e+04                                        1.08892e+06                                    7.13719e+04               
      677100            8.92180                             0.99663                                           0.03531                                      9.34342e+04                                        1.08824e+06                                    7.13071e+04               
      678100            8.86718                             0.99295                                          -0.01314                                      9.30888e+04                                        1.08814e+06                                    7.13063e+04               
      679100            8.93620                             0.99233                                          -0.05782                                      9.30310e+04                                        1.08822e+06                                    7.13513e+04               
      680100            9.09183                             0.99674                                          -0.01268                                      9.34442e+04                                        1.08897e+06                                    7.13628e+04               
      681100            8.87028                             0.98513                                          -0.00221                                      9.23558e+04                                        1.08775e+06                                    7.12698e+04               
      682100            9.08939                             0.99079                                          -0.06675                                      9.28862e+04                                        1.08826e+06                                    7.12989e+04               
      683100            8.89138                             0.99194                                           0.02122                                      9.29948e+04                                        1.08854e+06                                    7.13218e+04               
      684100            8.89107                             0.99552                                          -0.03880                                      9.33300e+04                                        1.08941e+06                                    7.14313e+04               
      685100            8.86502                             0.98724                                           0.02195                                      9.25538e+04                                        1.08845e+06                                    7.12491e+04               
      686100            8.88262                             0.99756                                           0.02873                                      9.35210e+04                                        1.08803e+06                                    7.11786e+04               
      687100            8.89767                             0.99900                                          -0.05212                                      9.36566e+04                                        1.08913e+06                                    7.14050e+04               
      688100            9.16123                             0.98760                                          -0.12613                                      9.25871e+04                                        1.08825e+06                                    7.13727e+04               
      689100            8.85886                             0.99141                                          -0.02946                                      9.29444e+04                                        1.08818e+06                                    7.12144e+04               
      690100            8.90424                             0.99916                                          -0.04920                                      9.36708e+04                                        1.08993e+06                                    7.13710e+04               
      691100            8.91456                             0.99766                                           0.02419                                      9.35306e+04                                        1.08858e+06                                    7.11146e+04               
      692100            8.93168                             0.99636                                          -0.02439                                      9.34089e+04                                        1.08851e+06                                    7.12567e+04               
      693100            8.83254                             0.99346                                          -0.03808                                      9.31366e+04                                        1.08909e+06                                    7.13308e+04               
      694100            8.87080                             0.99139                                          -0.01613                                      9.29425e+04                                        1.08941e+06                                    7.13880e+04               
      695100            8.89142                             0.98745                                           0.03011                                      9.25737e+04                                        1.08851e+06                                    7.13079e+04               
      696100            8.89088                             0.99115                                          -0.11894                                      9.29199e+04                                        1.08904e+06                                    7.14276e+04               
      697100            8.94571                             0.99584                                           0.02717                                      9.33601e+04                                        1.08925e+06                                    7.11848e+04               
      698100            9.11888                             0.99737                                           0.02492                                      9.35034e+04                                        1.08925e+06                                    7.12268e+04               
      699100            8.91156                             0.99695                                          -0.00426                                      9.34645e+04                                        1.08910e+06                                    7.12965e+04               
      700100            8.84432                             0.98789                                          -0.07796                                      9.26150e+04                                        1.08862e+06                                    7.13239e+04               
      701100            9.12116                             0.98850                                          -0.07354                                      9.26723e+04                                        1.08841e+06                                    7.13128e+04               
      702100            8.92978                             0.99808                                           0.02072                                      9.35701e+04                                        1.08847e+06                                    7.11674e+04               
      703100            8.84784                             0.99311                                          -0.03025                                      9.31040e+04                                        1.08788e+06                                    7.12381e+04               
      704100            8.90038                             0.99733                                           0.00901                                      9.34993e+04                                        1.08931e+06                                    7.12478e+04               
      705100            8.84986                             0.99370                                           0.03363                                      9.31597e+04                                        1.08764e+06                                    7.10718e+04               
      706100            8.89212                             1.00131                                           0.02735                                      9.38725e+04                                        1.08897e+06                                    7.11211e+04               
      707100            8.96098                             0.99764                                          -0.01509                                      9.35287e+04                                        1.08856e+06                                    7.11951e+04               
      708100            8.89404                             0.98811                                          -0.03334                                      9.26353e+04                                        1.08960e+06                                    7.13900e+04               
      709100            8.92934                             0.98742                                          -0.00143                                      9.25710e+04                                        1.08754e+06                                    7.11379e+04               
      710100            8.89585                             0.99787                                          -0.00513                                      9.35504e+04                                        1.08978e+06                                    7.11736e+04               
      711100            8.94186                             0.99370                                          -0.00764                                      9.31597e+04                                        1.08938e+06                                    7.13820e+04               
      712100            8.88674                             0.99102                                           0.01629                                      9.29078e+04                                        1.08938e+06                                    7.12430e+04               
      713100            9.11469                             0.99011                                           0.03646                                      9.28224e+04                                        1.08887e+06                                    7.11899e+04               
      714100            8.85825                             0.99691                                          -0.05139                                      9.34605e+04                                        1.08995e+06                                    7.13833e+04               
      715100            8.90597                             0.99913                                          -0.02204                                      9.36685e+04                                        1.08869e+06                                    7.11844e+04               
      716100            9.14686                             0.98367                                           0.01813                                      9.22193e+04                                        1.08847e+06                                    7.12693e+04               
      717100            8.86113                             0.99306                                           0.02081                                      9.30994e+04                                        1.08828e+06                                    7.11773e+04               
      718100            9.10255                             0.99625                                          -0.02499                                      9.33983e+04                                        1.08874e+06                                    7.12377e+04               
      719100            8.86234                             0.99535                                          -0.02607                                      9.33141e+04                                        1.08925e+06                                    7.12794e+04               
      720100            8.91770                             0.99353                                           0.02685                                      9.31437e+04                                        1.08832e+06                                    7.10664e+04               
      721100            8.91583                             0.99024                                           0.00583                                      9.28352e+04                                        1.08884e+06                                    7.12386e+04               
      722100            8.92900                             0.99174                                           0.02486                                      9.29758e+04                                        1.08889e+06                                    7.12438e+04               
      723100            8.86639                             0.99776                                           0.04780                                      9.35398e+04                                        1.08871e+06                                    7.12487e+04               
      724100            8.92929                             0.99695                                           0.11162                                      9.34642e+04                                        1.08881e+06                                    7.10891e+04               
      725100            8.87247                             0.99671                                           0.06432                                      9.34414e+04                                        1.08828e+06                                    7.10564e+04               
      726100            8.83948                             1.00045                                           0.01357                                      9.37925e+04                                        1.08938e+06                                    7.12170e+04               
      727100            8.92192                             0.99353                                           0.01748                                      9.31438e+04                                        1.08935e+06                                    7.11503e+04               
      728100            8.83080                             0.99471                                           0.03919                                      9.32537e+04                                        1.08898e+06                                    7.11021e+04               
      729100            8.91247                             0.99628                                           0.05052                                      9.34015e+04                                        1.08904e+06                                    7.11313e+04               
      730100            8.92921                             0.99831                                           0.02199                                      9.35917e+04                                        1.08902e+06                                    7.11261e+04               
      731100            8.89969                             0.99084                                          -0.05066                                      9.28911e+04                                        1.08902e+06                                    7.12249e+04               
      732100            8.90961                             0.99681                                           0.02489                                      9.34509e+04                                        1.08938e+06                                    7.10809e+04               
      733100            8.86240                             0.99233                                          -0.02376                                      9.30310e+04                                        1.08886e+06                                    7.11319e+04               
      734100            8.92064                             0.99054                                           0.03471                                      9.28627e+04                                        1.09006e+06                                    7.11910e+04               
      735100            8.87518                             0.99863                                           0.01381                                      9.36219e+04                                        1.08998e+06                                    7.11793e+04               
      736100            8.87295                             0.99332                                           0.05010                                      9.31238e+04                                        1.08951e+06                                    7.11978e+04               
      737100            8.94386                             0.99043                                          -0.00166                                      9.28533e+04                                        1.09038e+06                                    7.13006e+04               
      738100            8.88443                             1.00026                                           0.02945                                      9.37744e+04                                        1.08982e+06                                    7.11490e+04               
      739100            8.93832                             1.00415                                           0.06358                                      9.41395e+04                                        1.09000e+06                                    7.11064e+04               
      740100            8.89740                             0.99939                                           0.01538                                      9.36925e+04                                        1.08950e+06                                    7.11293e+04               
      741100            8.83698                             0.98681                                          -0.01875                                      9.25136e+04                                        1.08921e+06                                    7.11660e+04               
      742100            8.91949                             0.99298                                        -9.52512e-05                                    9.30923e+04                                        1.09011e+06                                    7.12501e+04               
      743100            8.89427                             1.00252                                           0.18415                                      9.39866e+04                                        1.09017e+06                                    7.10505e+04               
      744100            9.05993                             0.99990                                           0.10164                                      9.37410e+04                                        1.08893e+06                                    7.09908e+04               
      745100            8.86553                             0.99022                                           0.03626                                      9.28333e+04                                        1.08939e+06                                    7.11163e+04               
      746100            8.98485                             0.99655                                          -0.03639                                      9.34267e+04                                        1.09062e+06                                    7.13037e+04               
      747100            8.90616                             0.99027                                           0.08949                                      9.28374e+04                                        1.08938e+06                                    7.11513e+04               
      748100            8.90829                             1.00156                                          -0.01200                                      9.38966e+04                                        1.09002e+06                                    7.12526e+04               
      749100            8.89494                             0.99498                                           0.02168                                      9.32790e+04                                        1.08876e+06                                    7.10742e+04               
      750100            9.11493                             0.99479                                           0.03218                                      9.32614e+04                                        1.08957e+06                                    7.11195e+04               
      751100            8.92457                             0.98786                                          -0.06086                                      9.26118e+04                                        1.09078e+06                                    7.13678e+04               
      752100            9.13772                             0.98595                                          -0.01207                                      9.24332e+04                                        1.08954e+06                                    7.11495e+04               
      753100            8.91376                             0.99329                                          -0.04589                                      9.31209e+04                                        1.09000e+06                                    7.12734e+04               
      754100            8.93886                             0.99169                                           0.00717                                      9.29711e+04                                        1.08979e+06                                    7.11568e+04               
      755100            9.07750                             0.99012                                          -0.04899                                      9.28234e+04                                        1.08952e+06                                    7.12310e+04               
      756100            9.10297                             0.98944                                          -0.06501                                      9.27602e+04                                        1.08995e+06                                    7.14232e+04               
      757100            8.91734                             0.99535                                           0.00790                                      9.33141e+04                                        1.09081e+06                                    7.14740e+04               
      758100            9.16293                             0.98585                                           0.03449                                      9.24234e+04                                        1.08948e+06                                    7.12944e+04               
      759100            8.93375                             0.99430                                           0.00299                                      9.32153e+04                                        1.08996e+06                                    7.11479e+04               
      760100            9.14830                             0.99050                                          -0.07577                                      9.28594e+04                                        1.08932e+06                                    7.11634e+04               
      761100            8.87718                             0.99224                                           0.00670                                      9.30223e+04                                        1.08958e+06                                    7.10929e+04               
      762100            9.14489                             0.99666                                          -0.01371                                      9.34366e+04                                        1.09047e+06                                    7.11516e+04               
      763100            8.85330                             0.99344                                           0.10006                                      9.31349e+04                                        1.08977e+06                                    7.11745e+04               
      764100            8.89180                             0.99580                                          -0.05139                                      9.33558e+04                                        1.09074e+06                                    7.12860e+04               
      765100            8.91620                             0.98702                                          -0.00632                                      9.25327e+04                                        1.08971e+06                                    7.11504e+04               
      766100            8.93545                             0.99437                                           0.03154                                      9.32225e+04                                        1.09068e+06                                    7.12520e+04               
      767100            8.88164                             0.98322                                          -0.02779                                      9.21769e+04                                        1.08969e+06                                    7.11981e+04               
      768100            8.88390                             0.99744                                          -0.01183                                      9.35096e+04                                        1.09039e+06                                    7.11654e+04               
      769100            8.84223                             0.99623                                           0.00737                                      9.33964e+04                                        1.09010e+06                                    7.11332e+04               
      770100            8.92009                             0.99340                                           0.01231                                      9.31314e+04                                        1.09090e+06                                    7.12464e+04               
      771100            8.95471                             0.99181                                           0.01261                                      9.29825e+04                                        1.09059e+06                                    7.13270e+04               
      772100            9.13551                             0.99740                                           0.00151                                      9.35062e+04                                        1.09154e+06                                    7.13093e+04               
      773100            9.14368                             0.99517                                           0.06993                                      9.32967e+04                                        1.09033e+06                                    7.11802e+04               
      774100            8.92727                             0.99662                                          -0.03177                                      9.34335e+04                                        1.09078e+06                                    7.12703e+04               
      775100            8.92015                             0.99583                                          -0.04103                                      9.33587e+04                                        1.09119e+06                                    7.13217e+04               
      776100            8.91104                             0.99775                                           0.01858                                      9.35386e+04                                        1.09082e+06                                    7.13059e+04               
      777100            9.10288                             0.98865                                          -0.04516                                      9.26861e+04                                        1.08937e+06                                    7.11339e+04               
      778100            8.91070                             1.00279                                           0.06819                                      9.40120e+04                                        1.09189e+06                                    7.12285e+04               
      779100            8.93098                             0.99952                                           0.02892                                      9.37048e+04                                        1.09073e+06                                    7.11590e+04               
      780100            8.91115                             0.98952                                           0.02373                                      9.27676e+04                                        1.09086e+06                                    7.11779e+04               
      781100            8.86857                             0.99411                                          -0.01986                                      9.31981e+04                                        1.09119e+06                                    7.12272e+04               
      782100            8.92912                             0.99516                                          -0.01691                                      9.32964e+04                                        1.09147e+06                                    7.13143e+04               
      783100            9.12711                             0.98897                                           0.00904                                      9.27156e+04                                        1.09052e+06                                    7.12612e+04               
      784100            9.08293                             0.99163                                           0.00755                                      9.29657e+04                                        1.09106e+06                                    7.12110e+04               
      785100            8.92063                             0.99142                                          -0.05408                                      9.29454e+04                                        1.09077e+06                                    7.12409e+04               
      786100            9.16495                             0.99655                                           0.03919                                      9.34268e+04                                        1.09132e+06                                    7.12538e+04               
      787100            8.90392                             0.99833                                           0.09141                                      9.35935e+04                                        1.09151e+06                                    7.11852e+04               
      788100            8.89373                             0.98853                                           0.03221                                      9.26743e+04                                        1.09133e+06                                    7.12496e+04               
      789100            8.92044                             0.99156                                           0.06249                                      9.29585e+04                                        1.09118e+06                                    7.11486e+04               
      790100            8.89462                             0.99428                                          -0.03861                                      9.32141e+04                                        1.09107e+06                                    7.11239e+04               
      791100            9.10348                             0.98758                                          -0.01836                                      9.25856e+04                                        1.09211e+06                                    7.12890e+04               
      792100            8.95469                             0.99473                                           0.02915                                      9.32562e+04                                        1.09148e+06                                    7.12439e+04               
      793100            9.15597                             0.98434                                           0.07542                                      9.22817e+04                                        1.09031e+06                                    7.10424e+04               
      794100            8.93174                             0.99433                                           0.02948                                      9.32184e+04                                        1.09070e+06                                    7.10731e+04               
      795100            9.05592                             0.99979                                          -0.02673                                      9.37302e+04                                        1.09229e+06                                    7.12857e+04               
      796100            9.16487                             0.98846                                          -0.00328                                      9.26679e+04                                        1.09095e+06                                    7.11530e+04               
      797100            8.90056                             0.99500                                           0.00239                                      9.32812e+04                                        1.09037e+06                                    7.10160e+04               
      798100            8.90570                             1.00277                                           0.04715                                      9.40095e+04                                        1.09153e+06                                    7.10765e+04               
      799100            8.85119                             0.98849                                           0.02801                                      9.26712e+04                                        1.09110e+06                                    7.10320e+04               
      800100            8.95005                             0.99907                                           0.07295                                      9.36624e+04                                        1.09161e+06                                    7.11609e+04               
      801100            8.88565                             0.99072                                           0.00439                                      9.28798e+04                                        1.09034e+06                                    7.11441e+04               
