Simulation.timestep  Simulation.tps  md.compute.ThermodynamicQuantities.kinetic_temperature md.compute.ThermodynamicQuantities.pressure md.compute.ThermodynamicQuantities.kinetic_energy md.compute.ThermodynamicQuantities.potential_energy md.compute.ThermodynamicQuantities.volume
       9100             7.79712                             1.00128                                          -0.07572                                      9.38704e+04                                        6.81037e+05                                    7.69637e+04               
       10100            8.42917                             1.00208                                           0.03377                                      9.39450e+04                                        6.83310e+05                                    7.58043e+04               
       11100            8.40357                             1.00084                                           0.03397                                      9.38291e+04                                        6.88438e+05                                    7.57311e+04               
       12100            8.96285                             1.00252                                           0.04901                                      9.39862e+04                                        6.92530e+05                                    7.56463e+04               
       13100            8.28255                             0.99561                                           0.00518                                      9.33382e+04                                        6.97558e+05                                    7.55807e+04               
       14100            8.30356                             0.99667                                          -0.00441                                      9.34379e+04                                        7.01789e+05                                    7.54671e+04               
       15100            8.35135                             0.99769                                           0.07075                                      9.35330e+04                                        7.06395e+05                                    7.54676e+04               
       16100            8.87541                             1.00270                                          -0.00394                                      9.40030e+04                                        7.11362e+05                                    7.56010e+04               
       17100            8.47548                             0.99183                                           0.00616                                      9.29843e+04                                        7.15334e+05                                    7.54303e+04               
       18100            8.41689                             0.99610                                          -0.01618                                      9.33841e+04                                        7.19605e+05                                    7.54480e+04               
       19100            8.31913                             0.99735                                           0.00366                                      9.35013e+04                                        7.24416e+05                                    7.53877e+04               
       20100            8.30813                             0.99250                                          -0.03740                                      9.30472e+04                                        7.28763e+05                                    7.51341e+04               
       21100            8.26679                             0.99432                                           0.01638                                      9.32176e+04                                        7.32818e+05                                    7.48766e+04               
       22100            8.28494                             0.99908                                          -0.00689                                      9.36639e+04                                        7.38299e+05                                    7.50313e+04               
       23100            8.24365                             0.99447                                           0.01743                                      9.32314e+04                                        7.41885e+05                                    7.49208e+04               
       24100            8.30304                             0.99231                                           0.08780                                      9.30288e+04                                        7.45796e+05                                    7.48757e+04               
       25100            8.86217                             0.98833                                          -0.03325                                      9.26560e+04                                        7.49984e+05                                    7.48968e+04               
       26100            8.27972                             0.99308                                          -0.09675                                      9.31012e+04                                        7.55250e+05                                    7.51642e+04               
       27100            8.30178                             0.99327                                          -0.06125                                      9.31194e+04                                        7.59521e+05                                    7.50780e+04               
       28100            8.92901                             0.98559                                           0.00810                                      9.23992e+04                                        7.62607e+05                                    7.48588e+04               
       29100            8.50850                             0.98620                                          -0.04458                                      9.24565e+04                                        7.65956e+05                                    7.48246e+04               
       30100            8.16698                             0.98884                                          -0.00486                                      9.27041e+04                                        7.68398e+05                                    7.45239e+04               
       31100            8.11219                             0.99238                                           0.03862                                      9.30353e+04                                        7.73904e+05                                    7.45917e+04               
       32100            8.36423                             0.99517                                           0.01003                                      9.32974e+04                                        7.77943e+05                                    7.46670e+04               
       33100            8.20033                             0.99838                                           0.00773                                      9.35983e+04                                        7.81388e+05                                    7.45896e+04               
       34100            8.24802                             0.99058                                           0.00083                                      9.28670e+04                                        7.84123e+05                                    7.45178e+04               
       35100            8.19319                             0.99451                                          -0.00876                                      9.32356e+04                                        7.88801e+05                                    7.46381e+04               
       36100            8.19017                             0.99006                                          -0.04637                                      9.28177e+04                                        7.93404e+05                                    7.46169e+04               
       37100            8.38471                             1.00157                                           0.06009                                      9.38970e+04                                        7.96727e+05                                    7.44033e+04               
       38100            8.91474                             0.99136                                          -0.06023                                      9.29402e+04                                        8.01861e+05                                    7.46353e+04               
       39100            8.23064                             0.99354                                           0.01114                                      9.31447e+04                                        8.05171e+05                                    7.43106e+04               
       40100            8.13206                             0.99709                                          -0.01035                                      9.34776e+04                                        8.10045e+05                                    7.44362e+04               
       41100            8.68126                             0.99791                                          -0.02832                                      9.35543e+04                                        8.12402e+05                                    7.42583e+04               
       42100            8.56451                             0.99635                                           0.00625                                      9.34081e+04                                        8.16432e+05                                    7.43303e+04               
       43100            8.15329                             0.99633                                          -0.07381                                      9.34056e+04                                        8.19061e+05                                    7.41959e+04               
       44100            8.35514                             0.99227                                          -0.02120                                      9.30250e+04                                        8.23764e+05                                    7.42486e+04               
       45100            8.93774                             0.98828                                           0.01632                                      9.26510e+04                                        8.26586e+05                                    7.40550e+04               
       46100            8.22547                             0.99014                                          -0.04025                                      9.28253e+04                                        8.28936e+05                                    7.38899e+04               
       47100            8.16632                             0.99263                                          -0.06460                                      9.30593e+04                                        8.32915e+05                                    7.39530e+04               
       48100            8.22772                             0.99557                                          -0.01643                                      9.33347e+04                                        8.36384e+05                                    7.38956e+04               
       49100            8.47525                             0.99312                                           0.03608                                      9.31051e+04                                        8.40526e+05                                    7.38959e+04               
       50100            8.12444                             0.98873                                          -0.05146                                      9.26935e+04                                        8.43888e+05                                    7.40133e+04               
       51100            8.56724                             0.99890                                          -0.06592                                      9.36473e+04                                        8.48055e+05                                    7.41963e+04               
       52100            8.09371                             0.99598                                           0.00976                                      9.33730e+04                                        8.52048e+05                                    7.40777e+04               
       53100            8.15325                             0.99893                                           0.05120                                      9.36494e+04                                        8.54812e+05                                    7.38391e+04               
       54100            8.15369                             0.99115                                           0.01354                                      9.29207e+04                                        8.56929e+05                                    7.37721e+04               
       55100            8.07982                             0.99557                                          -0.06536                                      9.33349e+04                                        8.60106e+05                                    7.37288e+04               
       56100            8.13207                             0.99882                                           0.03675                                      9.36395e+04                                        8.63036e+05                                    7.35212e+04               
       57100            8.64862                             1.00112                                          -0.00616                                      9.38548e+04                                        8.66595e+05                                    7.37804e+04               
       58100            8.05849                             0.99369                                          -0.02589                                      9.31580e+04                                        8.69071e+05                                    7.37262e+04               
       59100            7.97211                             0.98899                                          -0.01125                                      9.27176e+04                                        8.71811e+05                                    7.36524e+04               
       60100            8.53051                             0.99592                                          -0.02691                                      9.33678e+04                                        8.73883e+05                                    7.35431e+04               
       61100            8.03288                             0.99978                                          -0.02018                                      9.37293e+04                                        8.78907e+05                                    7.37604e+04               
       62100            8.00694                             0.99038                                          -0.01154                                      9.28486e+04                                        8.80458e+05                                    7.35219e+04               
       63100            8.17562                             0.99206                                           0.00847                                      9.30056e+04                                        8.83140e+05                                    7.36157e+04               
       64100            8.03689                             0.99018                                           0.03340                                      9.28292e+04                                        8.86108e+05                                    7.36224e+04               
       65100            8.10482                             0.99430                                           0.01737                                      9.32161e+04                                        8.87932e+05                                    7.35302e+04               
       66100            9.35793                             1.00121                                           0.01921                                      9.38637e+04                                        8.90357e+05                                    7.33766e+04               
       67100            8.02210                             1.00048                                          -0.00589                                      9.37951e+04                                        8.93862e+05                                    7.34143e+04               
       68100            7.97517                             0.99488                                          -0.00719                                      9.32704e+04                                        8.94621e+05                                    7.32651e+04               
       69100            8.67927                             0.99847                                           0.05129                                      9.36063e+04                                        8.96767e+05                                    7.30757e+04               
       70100            8.02099                             0.99993                                           0.01219                                      9.37439e+04                                        9.00640e+05                                    7.32175e+04               
       71100            8.13668                             0.99479                                           0.02997                                      9.32617e+04                                        9.04637e+05                                    7.34649e+04               
       72100            8.44471                             0.99118                                          -0.09283                                      9.29232e+04                                        9.05652e+05                                    7.33869e+04               
       73100            8.48890                             0.98712                                          -0.08776                                      9.25428e+04                                        9.07928e+05                                    7.35213e+04               
       74100            8.19771                             0.98642                                          -0.05053                                      9.24767e+04                                        9.10374e+05                                    7.32802e+04               
       75100            8.39555                             0.98934                                          -0.04882                                      9.27503e+04                                        9.12456e+05                                    7.31044e+04               
       76100            7.99985                             0.99890                                           0.04843                                      9.36467e+04                                        9.14972e+05                                    7.30588e+04               
       77100            8.66282                             0.99497                                          -0.01047                                      9.32781e+04                                        9.17231e+05                                    7.30354e+04               
       78100            8.59035                             0.98994                                          -0.05773                                      9.28071e+04                                        9.20083e+05                                    7.32797e+04               
       79100            7.99951                             0.99433                                           0.09621                                      9.32189e+04                                        9.21547e+05                                    7.29221e+04               
       80100            7.92872                             0.99941                                           0.01439                                      9.36942e+04                                        9.24178e+05                                    7.29527e+04               
       81100            8.51859                             0.99811                                          -0.01921                                      9.35731e+04                                        9.26986e+05                                    7.30126e+04               
       82100            8.62432                             0.99025                                          -0.03371                                      9.28356e+04                                        9.29361e+05                                    7.29956e+04               
       83100            8.07492                             0.98726                                           0.01000                                      9.25556e+04                                        9.30741e+05                                    7.28080e+04               
       84100            8.53085                             0.98314                                          -0.02899                                      9.21691e+04                                        9.32985e+05                                    7.30120e+04               
       85100            8.24793                             0.98754                                           0.01611                                      9.25823e+04                                        9.34827e+05                                    7.27235e+04               
       86100            7.88356                             0.99683                                          -0.00279                                      9.34531e+04                                        9.37331e+05                                    7.28083e+04               
       87100            8.58056                             0.99815                                          -0.01754                                      9.35766e+04                                        9.41230e+05                                    7.28955e+04               
       88100            7.84583                             1.00226                                           0.02611                                      9.39622e+04                                        9.43675e+05                                    7.27762e+04               
       89100            8.26013                             0.99847                                           0.03344                                      9.36065e+04                                        9.44395e+05                                    7.26494e+04               
       90100            8.12497                             1.00295                                          -0.00303                                      9.40265e+04                                        9.47936e+05                                    7.30216e+04               
       91100            7.85992                             0.99295                                           0.07800                                      9.30887e+04                                        9.47297e+05                                    7.24613e+04               
       92100            7.98519                             0.99765                                          -0.06535                                      9.35293e+04                                        9.51129e+05                                    7.28059e+04               
       93100            7.90297                             1.00537                                           0.11490                                      9.42532e+04                                        9.53814e+05                                    7.25270e+04               
       94100            7.92177                             0.99397                                           0.06953                                      9.31844e+04                                        9.54399e+05                                    7.24960e+04               
       95100            9.71366                             0.99625                                           0.01119                                      9.33989e+04                                        9.57429e+05                                    7.26501e+04               
       96100            9.66882                             0.99334                                           0.07084                                      9.31258e+04                                        9.58800e+05                                    7.25570e+04               
       97100            9.71467                             0.99882                                        -2.92651e-04                                    9.36395e+04                                        9.60794e+05                                    7.26258e+04               
       98100            9.73670                             0.99869                                           0.02577                                      9.36269e+04                                        9.63792e+05                                    7.26511e+04               
       99100            9.72110                             0.99988                                           0.05922                                      9.37389e+04                                        9.65507e+05                                    7.25107e+04               
      100100            9.70699                             0.99223                                          -0.08028                                      9.30220e+04                                        9.67764e+05                                    7.27891e+04               
      101100            9.71391                             0.99284                                           0.04814                                      9.30786e+04                                        9.68533e+05                                    7.24581e+04               
      102100            9.69293                             1.00246                                          -0.04778                                      9.39808e+04                                        9.71004e+05                                    7.25784e+04               
      103100            9.69998                             1.00312                                           0.00057                                      9.40427e+04                                        9.72753e+05                                    7.24850e+04               
      104100            9.70436                             0.99835                                        -3.82117e-04                                    9.35949e+04                                        9.75785e+05                                    7.26286e+04               
      105100            9.66002                             0.99336                                           0.03714                                      9.31274e+04                                        9.75277e+05                                    7.23073e+04               
      106100            9.69252                             0.99333                                          -0.04806                                      9.31247e+04                                        9.77065e+05                                    7.23971e+04               
      107100            9.94161                             0.99216                                          -0.02690                                      9.30154e+04                                        9.78141e+05                                    7.23153e+04               
      108100            9.70619                             0.99437                                          -0.05110                                      9.32225e+04                                        9.81002e+05                                    7.25781e+04               
      109100            9.72422                             0.99782                                           0.00611                                      9.35460e+04                                        9.82507e+05                                    7.25192e+04               
      110100            9.73476                             0.99529                                          -0.06606                                      9.33082e+04                                        9.84157e+05                                    7.26036e+04               
      111100            9.72534                             0.99639                                          -0.07671                                      9.34115e+04                                        9.85686e+05                                    7.26436e+04               
      112100            9.65912                             0.98917                                           0.02149                                      9.27349e+04                                        9.86753e+05                                    7.23628e+04               
      113100            9.65057                             0.99589                                           0.04591                                      9.33644e+04                                        9.88630e+05                                    7.21985e+04               
      114100            9.70562                             1.00230                                           0.05045                                      9.39655e+04                                        9.90403e+05                                    7.22039e+04               
      115100            9.68719                             0.99033                                          -0.05633                                      9.28438e+04                                        9.92226e+05                                    7.23781e+04               
      116100            9.68396                             0.99149                                          -0.00828                                      9.29526e+04                                        9.93019e+05                                    7.23043e+04               
      117100            9.62142                             0.98711                                          -0.06236                                      9.25418e+04                                        9.95415e+05                                    7.24520e+04               
      118100            9.68357                             0.99781                                           0.03207                                      9.35450e+04                                        9.96742e+05                                    7.23445e+04               
      119100            9.67130                             0.99617                                           0.03074                                      9.33910e+04                                        9.98682e+05                                    7.22458e+04               
      120100            9.94158                             0.99144                                           0.04141                                      9.29473e+04                                        9.98595e+05                                    7.21047e+04               
      121100            9.65319                             1.00179                                          -0.02030                                      9.39175e+04                                        1.00057e+06                                    7.21389e+04               
      122100            9.90192                             0.99537                                           0.04987                                      9.33164e+04                                        1.00161e+06                                    7.19909e+04               
      123100            9.64541                             0.99581                                          -0.02305                                      9.33570e+04                                        1.00346e+06                                    7.21049e+04               
      124100            9.65135                             0.99753                                           0.02835                                      9.35189e+04                                        1.00503e+06                                    7.20705e+04               
      125100            9.94298                             0.99352                                          -0.03085                                      9.31423e+04                                        1.00658e+06                                    7.21418e+04               
      126100            9.66884                             0.99736                                           0.09700                                      9.35021e+04                                        1.00802e+06                                    7.20831e+04               
      127100            9.64225                             1.00035                                           0.03879                                      9.37828e+04                                        1.00963e+06                                    7.19834e+04               
      128100            9.65762                             0.98858                                           0.02515                                      9.26791e+04                                        1.01062e+06                                    7.18427e+04               
      129100            9.89583                             0.99972                                           0.08456                                      9.37236e+04                                        1.01175e+06                                    7.19160e+04               
      130100            9.65477                             0.99307                                          -0.15167                                      9.31004e+04                                        1.01403e+06                                    7.21162e+04               
      131100            9.62078                             0.99592                                          -0.02186                                      9.33673e+04                                        1.01550e+06                                    7.20776e+04               
      132100            9.68373                             0.99003                                           0.03402                                      9.28153e+04                                        1.01668e+06                                    7.20298e+04               
      133100            9.64607                             0.99602                                           0.04526                                      9.33771e+04                                        1.01818e+06                                    7.20775e+04               
      134100            9.65541                             0.99750                                          -0.02600                                      9.35159e+04                                        1.02059e+06                                    7.22750e+04               
      135100            9.62975                             0.99303                                          -0.01747                                      9.30966e+04                                        1.02037e+06                                    7.20703e+04               
      136100            9.61241                             0.99171                                           0.05569                                      9.29725e+04                                        1.02190e+06                                    7.19557e+04               
      137100            9.66232                             0.99783                                           0.08386                                      9.35466e+04                                        1.02287e+06                                    7.19966e+04               
      138100            9.66282                             0.99710                                          -0.05438                                      9.34779e+04                                        1.02470e+06                                    7.21808e+04               
      139100            9.62676                             0.99417                                          -0.02072                                      9.32036e+04                                        1.02506e+06                                    7.20095e+04               
      140100            9.63526                             0.99372                                           0.01832                                      9.31616e+04                                        1.02568e+06                                    7.19516e+04               
      141100            9.61433                             0.99528                                          -0.00128                                      9.33074e+04                                        1.02571e+06                                    7.18427e+04               
      142100            9.61973                             0.99688                                           0.07236                                      9.34577e+04                                        1.02812e+06                                    7.19356e+04               
      143100            9.57347                             0.99882                                           0.06959                                      9.36389e+04                                        1.02857e+06                                    7.18244e+04               
      144100            9.66960                             0.99610                                           0.04426                                      9.33848e+04                                        1.02892e+06                                    7.17645e+04               
      145100            9.65059                             1.00068                                          -0.02267                                      9.38141e+04                                        1.03104e+06                                    7.19130e+04               
      146100            9.63395                             1.00079                                           0.03689                                      9.38238e+04                                        1.03173e+06                                    7.18269e+04               
      147100            9.88502                             0.99923                                           0.03331                                      9.36779e+04                                        1.03320e+06                                    7.17768e+04               
      148100            9.64962                             0.99324                                          -0.04888                                      9.31162e+04                                        1.03510e+06                                    7.20216e+04               
      149100            9.65472                             0.98915                                          -0.09637                                      9.27330e+04                                        1.03469e+06                                    7.18483e+04               
      150100            9.91093                             1.00016                                           0.01218                                      9.37648e+04                                        1.03704e+06                                    7.19537e+04               
      151100            9.67925                             0.99682                                          -0.11263                                      9.34515e+04                                        1.03796e+06                                    7.21927e+04               
      152100            9.89003                             0.98951                                           0.00556                                      9.27665e+04                                        1.03756e+06                                    7.18729e+04               
      153100            9.66885                             0.99196                                          -0.07887                                      9.29967e+04                                        1.03817e+06                                    7.19191e+04               
      154100            9.62361                             0.99733                                          -0.07796                                      9.35001e+04                                        1.03975e+06                                    7.19186e+04               
      155100            9.63238                             0.99277                                           0.07515                                      9.30722e+04                                        1.03959e+06                                    7.17170e+04               
      156100            9.62173                             0.99527                                           0.04245                                      9.33063e+04                                        1.04133e+06                                    7.18887e+04               
      157100            9.58404                             0.99257                                           0.04336                                      9.30535e+04                                        1.03988e+06                                    7.15877e+04               
      158100            9.86954                             0.99171                                          -0.04738                                      9.29733e+04                                        1.04150e+06                                    7.18095e+04               
      159100            9.61255                             0.98764                                          -0.01526                                      9.25914e+04                                        1.04306e+06                                    7.18122e+04               
      160100            9.57956                             0.99457                                           0.00641                                      9.32413e+04                                        1.04395e+06                                    7.16632e+04               
      161100            9.62766                             0.99589                                           0.00878                                      9.33649e+04                                        1.04514e+06                                    7.17829e+04               
      162100            9.61759                             0.98900                                           0.02160                                      9.27186e+04                                        1.04616e+06                                    7.16673e+04               
      163100            9.80107                             0.99918                                           0.06230                                      9.36735e+04                                        1.04662e+06                                    7.16547e+04               
      164100            9.58186                             0.99518                                           0.03245                                      9.32985e+04                                        1.04661e+06                                    7.15422e+04               
      165100            9.64168                             0.99957                                           0.05119                                      9.37096e+04                                        1.04943e+06                                    7.17958e+04               
      166100            9.60275                             1.00081                                           0.10018                                      9.38263e+04                                        1.04987e+06                                    7.16464e+04               
      167100            9.57027                             0.99597                                          -0.01787                                      9.33718e+04                                        1.05122e+06                                    7.17933e+04               
      168100            9.86377                             0.99442                                           0.01818                                      9.32271e+04                                        1.05160e+06                                    7.16716e+04               
      169100            9.86722                             0.98678                                          -0.06400                                      9.25106e+04                                        1.05193e+06                                    7.18055e+04               
      170100            9.63483                             0.98694                                          -0.07348                                      9.25257e+04                                        1.05302e+06                                    7.19183e+04               
      171100            9.62554                             0.99004                                          -0.10374                                      9.28158e+04                                        1.05328e+06                                    7.18892e+04               
      172100            9.38451                             1.00113                                          -0.03143                                      9.38558e+04                                        1.05448e+06                                    7.18589e+04               
      173100            9.63442                             0.99613                                           0.04143                                      9.33876e+04                                        1.05543e+06                                    7.18590e+04               
      174100            9.62282                             0.99650                                          -0.06429                                      9.34223e+04                                        1.05601e+06                                    7.20022e+04               
      175100            9.60860                             0.99957                                           0.01635                                      9.37092e+04                                        1.05664e+06                                    7.18133e+04               
      176100            9.63820                             0.98622                                          -0.01813                                      9.24585e+04                                        1.05754e+06                                    7.18013e+04               
      177100            9.55078                             0.99898                                           0.05655                                      9.36547e+04                                        1.05774e+06                                    7.16579e+04               
      178100            9.61006                             0.99597                                           0.02542                                      9.33719e+04                                        1.05779e+06                                    7.16103e+04               
      179100            9.63649                             1.00089                                           0.03906                                      9.38330e+04                                        1.05915e+06                                    7.16709e+04               
      180100            9.61663                             1.00231                                           0.04970                                      9.39661e+04                                        1.05901e+06                                    7.16043e+04               
      181100            9.59643                             0.99675                                           0.05011                                      9.34449e+04                                        1.05952e+06                                    7.15419e+04               
      182100            9.62413                             0.99654                                          -0.03269                                      9.34253e+04                                        1.06132e+06                                    7.17525e+04               
      183100            9.59893                             0.99444                                           0.05295                                      9.32289e+04                                        1.06040e+06                                    7.16006e+04               
      184100            9.61929                             0.99184                                          -0.01557                                      9.29846e+04                                        1.06056e+06                                    7.16216e+04               
      185100            9.84488                             0.98671                                           0.04234                                      9.25037e+04                                        1.06093e+06                                    7.14965e+04               
      186100            9.59942                             0.99881                                          -0.04802                                      9.36384e+04                                        1.06366e+06                                    7.19368e+04               
      187100            9.61808                             1.00526                                           0.00140                                      9.42427e+04                                        1.06322e+06                                    7.16374e+04               
      188100            9.61844                             0.99577                                          -0.05033                                      9.33533e+04                                        1.06474e+06                                    7.17879e+04               
      189100            9.61493                             1.00044                                           0.08893                                      9.37911e+04                                        1.06407e+06                                    7.15259e+04               
      190100            9.59167                             0.99987                                           0.01295                                      9.37382e+04                                        1.06457e+06                                    7.15486e+04               
      191100            9.56656                             0.99225                                           0.01858                                      9.30234e+04                                        1.06441e+06                                    7.15538e+04               
      192100            9.88206                             0.99057                                           0.01560                                      9.28655e+04                                        1.06502e+06                                    7.16131e+04               
      193100            9.83562                             0.99669                                          -0.06716                                      9.34397e+04                                        1.06626e+06                                    7.17317e+04               
      194100            9.57415                             0.99286                                          -0.06596                                      9.30810e+04                                        1.06616e+06                                    7.15911e+04               
      195100            9.57343                             0.99382                                           0.00126                                      9.31710e+04                                        1.06638e+06                                    7.15158e+04               
      196100            9.58331                             0.99370                                           0.00395                                      9.31595e+04                                        1.06603e+06                                    7.14351e+04               
      197100            9.58684                             0.99337                                          -0.05716                                      9.31283e+04                                        1.06815e+06                                    7.15456e+04               
      198100            9.55662                             0.99294                                           0.01293                                      9.30885e+04                                        1.06916e+06                                    7.16325e+04               
      199100            9.61115                             0.99328                                          -0.05160                                      9.31202e+04                                        1.06995e+06                                    7.16789e+04               
      200100            9.58581                             0.99396                                           0.04862                                      9.31838e+04                                        1.06921e+06                                    7.16128e+04               
      201100            9.54654                             0.99047                                           0.03651                                      9.28562e+04                                        1.06962e+06                                    7.14610e+04               
      202100            9.59114                             0.99294                                           0.01199                                      9.30878e+04                                        1.07049e+06                                    7.16227e+04               
      203100            9.59266                             0.99353                                          -0.00700                                      9.31432e+04                                        1.06986e+06                                    7.13378e+04               
      204100            9.56997                             0.99609                                           0.08504                                      9.33833e+04                                        1.07116e+06                                    7.15531e+04               
      205100            9.60591                             1.00070                                           0.01798                                      9.38157e+04                                        1.07331e+06                                    7.17553e+04               
      206100            9.58745                             0.99661                                           0.07548                                      9.34324e+04                                        1.07284e+06                                    7.15234e+04               
      207100            9.58239                             0.98677                                          -0.07637                                      9.25100e+04                                        1.07252e+06                                    7.16366e+04               
      208100            9.81793                             0.98918                                          -0.00106                                      9.27352e+04                                        1.07331e+06                                    7.16299e+04               
      209100            9.56970                             0.98705                                           0.00034                                      9.25362e+04                                        1.07409e+06                                    7.14230e+04               
      210100            9.59097                             0.99801                                           0.04799                                      9.35635e+04                                        1.07431e+06                                    7.15053e+04               
      211100            9.54410                             0.99819                                           0.02261                                      9.35801e+04                                        1.07428e+06                                    7.13782e+04               
      212100            9.60876                             0.99494                                           0.03053                                      9.32759e+04                                        1.07386e+06                                    7.13336e+04               
      213100            9.53414                             0.98998                                          -0.05004                                      9.28110e+04                                        1.07454e+06                                    7.14214e+04               
      214100            9.79894                             1.00013                                        -9.46583e-05                                    9.37620e+04                                        1.07510e+06                                    7.13776e+04               
      215100            9.53692                             0.99125                                          -0.02141                                      9.29293e+04                                        1.07641e+06                                    7.14710e+04               
      216100            9.59989                             0.99405                                          -0.09213                                      9.31926e+04                                        1.07670e+06                                    7.15159e+04               
      217100            9.56732                             0.99120                                          -0.04865                                      9.29254e+04                                        1.07734e+06                                    7.15456e+04               
      218100            9.58912                             0.99095                                          -0.04420                                      9.29017e+04                                        1.07711e+06                                    7.14003e+04               
      219100            9.59306                             0.99781                                          -0.04350                                      9.35448e+04                                        1.07863e+06                                    7.15717e+04               
      220100            9.55299                             0.99764                                          -0.01741                                      9.35285e+04                                        1.07847e+06                                    7.14566e+04               
      221100            9.58324                             0.98946                                          -0.03878                                      9.27617e+04                                        1.07874e+06                                    7.15505e+04               
      222100            9.58392                             0.98824                                           0.01042                                      9.26475e+04                                        1.07928e+06                                    7.16050e+04               
      223100            9.82046                             0.99928                                          -0.02061                                      9.36823e+04                                        1.07883e+06                                    7.13907e+04               
      224100            9.60084                             0.99337                                          -0.03958                                      9.31288e+04                                        1.08023e+06                                    7.14594e+04               
      225100            9.56566                             0.98663                                           0.07283                                      9.24968e+04                                        1.07878e+06                                    7.13408e+04               
      226100            9.58940                             0.97930                                          -0.03048                                      9.18089e+04                                        1.08046e+06                                    7.14808e+04               
      227100            9.55491                             0.99520                                           0.03598                                      9.32998e+04                                        1.08082e+06                                    7.13161e+04               
      228100            9.57890                             0.99565                                          -0.05371                                      9.33420e+04                                        1.08201e+06                                    7.15175e+04               
      229100            9.61126                             0.99596                                          -0.04147                                      9.33712e+04                                        1.08231e+06                                    7.14683e+04               
      230100            9.82825                             0.99504                                          -0.05669                                      9.32854e+04                                        1.08259e+06                                    7.15618e+04               
      231100            9.56325                             0.99563                                           0.04646                                      9.33407e+04                                        1.08278e+06                                    7.14996e+04               
      232100            9.62453                             0.99175                                          -0.00940                                      9.29765e+04                                        1.08430e+06                                    7.17623e+04               
      233100            9.59222                             0.99448                                        -8.29709e-04                                    9.32325e+04                                        1.08311e+06                                    7.14031e+04               
      234100            9.81971                             0.99603                                          -0.02676                                      9.33778e+04                                        1.08365e+06                                    7.15763e+04               
      235100            9.39362                             0.99635                                          -0.06170                                      9.34079e+04                                        1.08387e+06                                    7.14817e+04               
      236100            9.43838                             0.99238                                          -0.02735                                      9.30355e+04                                        1.08421e+06                                    7.14283e+04               
      237100            9.15662                             0.99014                                          -0.01669                                      9.28259e+04                                        1.08486e+06                                    7.14724e+04               
      238100            9.16273                             0.98801                                          -0.05189                                      9.26258e+04                                        1.08491e+06                                    7.14379e+04               
      239100            9.20266                             1.00046                                          -0.05763                                      9.37927e+04                                        1.08546e+06                                    7.14505e+04               
      240100            9.22501                             0.99937                                          -0.09511                                      9.36912e+04                                        1.08676e+06                                    7.15745e+04               
      241100            9.03651                             0.99229                                          -0.00632                                      9.30269e+04                                        1.08668e+06                                    7.14841e+04               
      242100            8.93772                             0.99031                                           0.05428                                      9.28417e+04                                        1.08675e+06                                    7.14488e+04               
      243100            8.92693                             0.99127                                           0.01804                                      9.29313e+04                                        1.08691e+06                                    7.13866e+04               
      244100            9.04830                             0.99832                                           0.05368                                      9.35928e+04                                        1.08662e+06                                    7.12847e+04               
      245100            9.01460                             0.99694                                           0.02088                                      9.34628e+04                                        1.08777e+06                                    7.14386e+04               
      246100            8.99458                             0.99056                                          -0.06217                                      9.28652e+04                                        1.08640e+06                                    7.13710e+04               
      247100            9.25323                             0.99400                                           0.00155                                      9.31878e+04                                        1.08841e+06                                    7.15952e+04               
      248100            9.18998                             0.98749                                           0.06229                                      9.25774e+04                                        1.08770e+06                                    7.11873e+04               
      249100            9.16660                             0.99428                                           0.08682                                      9.32134e+04                                        1.08758e+06                                    7.12290e+04               
      250100            8.97802                             1.00013                                          -0.02833                                      9.37619e+04                                        1.08810e+06                                    7.14101e+04               
      251100            8.94997                             0.99618                                           0.00984                                      9.33921e+04                                        1.08880e+06                                    7.14227e+04               
      252100            8.94151                             0.99870                                           0.02745                                      9.36280e+04                                        1.08799e+06                                    7.11762e+04               
      253100            9.30039                             0.99222                                           0.01265                                      9.30209e+04                                        1.09034e+06                                    7.14190e+04               
      254100            9.28515                             0.99516                                          -0.06732                                      9.32962e+04                                        1.08956e+06                                    7.13801e+04               
      255100            8.95101                             0.99193                                           0.00735                                      9.29939e+04                                        1.08967e+06                                    7.14182e+04               
      256100            9.08233                             0.99304                                          -0.08894                                      9.30971e+04                                        1.09071e+06                                    7.14818e+04               
      257100            9.07045                             0.99398                                           0.04033                                      9.31854e+04                                        1.09028e+06                                    7.12780e+04               
      258100            9.13756                             0.99243                                           0.02502                                      9.30407e+04                                        1.08994e+06                                    7.10935e+04               
      259100            9.23395                             1.00075                                          -0.02485                                      9.38206e+04                                        1.09195e+06                                    7.14007e+04               
      260100            9.23296                             0.99222                                           0.09782                                      9.30205e+04                                        1.09029e+06                                    7.11550e+04               
      261100            9.22452                             0.99704                                           0.08054                                      9.34723e+04                                        1.09163e+06                                    7.12620e+04               
      262100            9.03832                             0.99711                                           0.04960                                      9.34792e+04                                        1.09174e+06                                    7.11351e+04               
      263100            8.96896                             0.99684                                          -0.05303                                      9.34540e+04                                        1.09245e+06                                    7.14029e+04               
      264100            8.69761                             0.99122                                          -0.00515                                      9.29269e+04                                        1.09282e+06                                    7.14681e+04               
      265100            9.46412                             0.98886                                          -0.08308                                      9.27059e+04                                        1.09206e+06                                    7.12960e+04               
      266100            9.29985                             1.00206                                           0.08922                                      9.39432e+04                                        1.09350e+06                                    7.12936e+04               
      267100            9.28007                             0.99533                                           0.02742                                      9.33120e+04                                        1.09415e+06                                    7.14185e+04               
      268100            9.24540                             0.99765                                           0.04936                                      9.35294e+04                                        1.09330e+06                                    7.11810e+04               
      269100            9.23561                             0.99742                                           0.04249                                      9.35086e+04                                        1.09399e+06                                    7.12213e+04               
      270100            9.04941                             1.00102                                          -0.01013                                      9.38456e+04                                        1.09430e+06                                    7.13476e+04               
      271100            8.85394                             1.00243                                           0.07108                                      9.39774e+04                                        1.09440e+06                                    7.12774e+04               
      272100            8.90745                             0.99396                                           0.03720                                      9.31842e+04                                        1.09475e+06                                    7.12984e+04               
      273100            9.26170                             0.98931                                           0.07214                                      9.27476e+04                                        1.09387e+06                                    7.10661e+04               
      274100            9.25575                             0.99399                                          -0.00442                                      9.31866e+04                                        1.09422e+06                                    7.12203e+04               
      275100            9.31401                             1.00288                                          -0.01457                                      9.40202e+04                                        1.09564e+06                                    7.14260e+04               
      276100            9.44399                             1.00649                                           0.06907                                      9.43580e+04                                        1.09620e+06                                    7.12983e+04               
      277100            9.11923                             1.00050                                          -0.02422                                      9.37969e+04                                        1.09624e+06                                    7.13761e+04               
      278100            9.16537                             0.99203                                          -0.06013                                      9.30030e+04                                        1.09613e+06                                    7.13747e+04               
      279100            9.21860                             1.00154                                           0.03518                                      9.38941e+04                                        1.09626e+06                                    7.11821e+04               
      280100            9.18194                             0.99029                                          -0.09288                                      9.28398e+04                                        1.09650e+06                                    7.14067e+04               
      281100            9.03737                             1.00207                                          -0.06364                                      9.39441e+04                                        1.09693e+06                                    7.12958e+04               
      282100            9.10907                             0.98983                                          -0.00949                                      9.27969e+04                                        1.09726e+06                                    7.13480e+04               
      283100            8.76217                             0.99594                                          -0.04649                                      9.33694e+04                                        1.09749e+06                                    7.13302e+04               
      284100            9.02886                             0.98459                                          -0.03137                                      9.23049e+04                                        1.09686e+06                                    7.12991e+04               
      285100            9.17543                             0.98944                                           0.01085                                      9.27600e+04                                        1.09736e+06                                    7.12205e+04               
      286100            9.19834                             0.99004                                          -0.00157                                      9.28165e+04                                        1.09795e+06                                    7.12442e+04               
      287100            9.50348                             0.99307                                          -0.09206                                      9.31007e+04                                        1.09792e+06                                    7.13654e+04               
      288100            9.09223                             0.99380                                           0.08291                                      9.31688e+04                                        1.09765e+06                                    7.11890e+04               
      289100            9.04051                             0.99316                                          -0.00840                                      9.31088e+04                                        1.09828e+06                                    7.12470e+04               
      290100            9.05857                             0.99112                                          -0.00942                                      9.29179e+04                                        1.09768e+06                                    7.12017e+04               
      291100            9.06469                             0.99568                                          -0.11747                                      9.33450e+04                                        1.09886e+06                                    7.13977e+04               
      292100            8.92025                             0.99719                                          -0.02739                                      9.34868e+04                                        1.09886e+06                                    7.12161e+04               
      293100            9.25047                             1.00565                                           0.06415                                      9.42799e+04                                        1.09909e+06                                    7.11093e+04               
      294100            9.16722                             1.00391                                           0.15087                                      9.41163e+04                                        1.09835e+06                                    7.10347e+04               
      295100            9.04072                             0.98981                                           0.00119                                      9.27943e+04                                        1.09907e+06                                    7.12324e+04               
      296100            8.40565                             0.98705                                          -0.02741                                      9.25364e+04                                        1.09907e+06                                    7.12162e+04               
      297100            8.56706                             0.99181                                          -0.04909                                      9.29825e+04                                        1.09981e+06                                    7.13782e+04               
      298100            8.46016                             0.98921                                           0.02499                                      9.27386e+04                                        1.09963e+06                                    7.13202e+04               
      299100            9.06838                             0.99376                                          -0.11310                                      9.31650e+04                                        1.09941e+06                                    7.12832e+04               
      300100            9.24693                             0.99497                                          -0.01457                                      9.32785e+04                                        1.09983e+06                                    7.12838e+04               
      301100            9.06652                             0.99877                                           0.02928                                      9.36347e+04                                        1.10010e+06                                    7.11646e+04               
      302100            9.02201                             0.99098                                           0.03151                                      9.29048e+04                                        1.09907e+06                                    7.10335e+04               
      303100            9.13970                             0.99183                                          -0.00539                                      9.29837e+04                                        1.09988e+06                                    7.12279e+04               
      304100            9.16660                             0.99375                                           0.05261                                      9.31638e+04                                        1.09990e+06                                    7.11515e+04               
      305100            9.28386                             0.99818                                           0.04939                                      9.35795e+04                                        1.10044e+06                                    7.11528e+04               
      306100            9.05888                             0.99677                                           0.05073                                      9.34476e+04                                        1.10067e+06                                    7.11915e+04               
      307100            9.04034                             0.98977                                           0.04124                                      9.27907e+04                                        1.09953e+06                                    7.10786e+04               
      308100            8.77524                             0.98857                                           0.00414                                      9.26787e+04                                        1.09974e+06                                    7.10886e+04               
      309100            9.04411                             0.99345                                          -0.02124                                      9.31362e+04                                        1.10195e+06                                    7.13503e+04               
      310100            9.24180                             0.99289                                          -0.01096                                      9.30833e+04                                        1.10110e+06                                    7.12344e+04               
      311100            9.05694                             0.98643                                          -0.00315                                      9.24781e+04                                        1.10073e+06                                    7.10935e+04               
      312100            9.23368                             0.99388                                          -0.02006                                      9.31765e+04                                        1.10202e+06                                    7.12314e+04               
      313100            9.20332                             0.99598                                           0.01236                                      9.33736e+04                                        1.10218e+06                                    7.12375e+04               
      314100            9.08096                             0.98782                                          -0.01165                                      9.26082e+04                                        1.10224e+06                                    7.11937e+04               
      315100            9.18321                             0.99281                                          -0.02896                                      9.30757e+04                                        1.10260e+06                                    7.12300e+04               
      316100            9.13929                             0.99133                                           0.10509                                      9.29373e+04                                        1.10241e+06                                    7.10819e+04               
      317100            8.91031                             0.98702                                          -0.08587                                      9.25332e+04                                        1.10321e+06                                    7.14020e+04               
      318100            9.03929                             0.98433                                          -0.00563                                      9.22811e+04                                        1.10171e+06                                    7.10593e+04               
      319100            8.70278                             0.99708                                           0.07178                                      9.34760e+04                                        1.10166e+06                                    7.09173e+04               
      320100            9.02066                             0.99479                                           0.01641                                      9.32615e+04                                        1.10307e+06                                    7.11787e+04               
      321100            9.21086                             1.00067                                           0.01260                                      9.38131e+04                                        1.10431e+06                                    7.12957e+04               
      322100            9.00494                             0.99487                                          -0.01883                                      9.32694e+04                                        1.10341e+06                                    7.11193e+04               
      323100            9.10538                             0.99355                                          -0.00544                                      9.31456e+04                                        1.10395e+06                                    7.12309e+04               
      324100            9.17640                             0.98632                                           0.00385                                      9.24672e+04                                        1.10332e+06                                    7.12508e+04               
      325100            9.10237                             0.99440                                          -0.02797                                      9.32250e+04                                        1.10320e+06                                    7.11906e+04               
      326100            9.01604                             0.98742                                          -0.09932                                      9.25703e+04                                        1.10483e+06                                    7.13918e+04               
      327100            9.06039                             0.99285                                          -0.07469                                      9.30801e+04                                        1.10477e+06                                    7.13740e+04               
      328100            9.03019                             0.99188                                          -0.08701                                      9.29883e+04                                        1.10421e+06                                    7.12326e+04               
      329100            8.86709                             0.99823                                           0.02714                                      9.35843e+04                                        1.10406e+06                                    7.11086e+04               
      330100            9.10049                             0.98587                                          -0.02923                                      9.24257e+04                                        1.10466e+06                                    7.12046e+04               
      331100            9.24786                             0.98701                                          -0.09600                                      9.25320e+04                                        1.10460e+06                                    7.11665e+04               
      332100            9.24947                             0.99179                                           0.01274                                      9.29803e+04                                        1.10442e+06                                    7.11367e+04               
      333100            9.20826                             0.99551                                           0.01563                                      9.33287e+04                                        1.10477e+06                                    7.10773e+04               
      334100            9.13871                             0.98982                                          -0.07347                                      9.27955e+04                                        1.10513e+06                                    7.13799e+04               
      335100            9.17600                             0.99569                                           0.03973                                      9.33457e+04                                        1.10478e+06                                    7.11241e+04               
      336100            9.08487                             0.99202                                          -0.04941                                      9.30020e+04                                        1.10530e+06                                    7.12661e+04               
      337100            9.05997                             0.99644                                          -0.06592                                      9.34162e+04                                        1.10549e+06                                    7.12526e+04               
      338100            8.96343                             0.99305                                           0.03413                                      9.30984e+04                                        1.10566e+06                                    7.11615e+04               
      339100            9.01689                             0.99209                                           0.00297                                      9.30086e+04                                        1.10472e+06                                    7.10826e+04               
      340100            9.02207                             0.99554                                           0.02305                                      9.33319e+04                                        1.10593e+06                                    7.11929e+04               
      341100            9.03238                             0.99333                                          -0.01483                                      9.31246e+04                                        1.10495e+06                                    7.10315e+04               
      342100            9.09435                             0.98933                                           0.00404                                      9.27501e+04                                        1.10550e+06                                    7.09975e+04               
      343100            9.01538                             0.99312                                           0.01993                                      9.31049e+04                                        1.10603e+06                                    7.11244e+04               
      344100            9.11606                             0.99561                                           0.08471                                      9.33388e+04                                        1.10533e+06                                    7.09449e+04               
      345100            9.32563                             0.99006                                          -0.04573                                      9.28180e+04                                        1.10630e+06                                    7.12199e+04               
      346100            8.90102                             0.99898                                          -0.00447                                      9.36540e+04                                        1.10655e+06                                    7.12413e+04               
      347100            9.09285                             0.99079                                          -0.00298                                      9.28861e+04                                        1.10630e+06                                    7.10965e+04               
      348100            9.05150                             0.99087                                           0.05762                                      9.28940e+04                                        1.10722e+06                                    7.11883e+04               
      349100            9.14388                             0.99201                                          -0.04351                                      9.30013e+04                                        1.10737e+06                                    7.12837e+04               
      350100            9.37608                             0.99144                                          -0.01933                                      9.29471e+04                                        1.10688e+06                                    7.12501e+04               
      351100            9.38798                             0.99516                                          -0.02373                                      9.32963e+04                                        1.10641e+06                                    7.11450e+04               
      352100            9.36625                             0.99563                                          -0.00370                                      9.33407e+04                                        1.10808e+06                                    7.13047e+04               
      353100            9.64664                             0.99585                                           0.05613                                      9.33607e+04                                        1.10632e+06                                    7.09355e+04               
      354100            9.37458                             0.99947                                           0.02722                                      9.37001e+04                                        1.10828e+06                                    7.11132e+04               
      355100            9.53016                             0.99344                                          -0.02939                                      9.31351e+04                                        1.10755e+06                                    7.11564e+04               
      356100            9.50038                             0.99829                                           0.02807                                      9.35897e+04                                        1.10720e+06                                    7.09872e+04               
      357100            9.52284                             0.99658                                           0.09504                                      9.34292e+04                                        1.10777e+06                                    7.11047e+04               
      358100            9.68087                             0.99214                                          -0.01746                                      9.30132e+04                                        1.10754e+06                                    7.11314e+04               
      359100            9.42189                             0.98987                                           0.02952                                      9.28004e+04                                        1.10689e+06                                    7.09756e+04               
      360100            9.39922                             0.99068                                          -0.05556                                      9.28764e+04                                        1.10713e+06                                    7.10889e+04               
      361100            9.41213                             0.98749                                           0.04473                                      9.25775e+04                                        1.10762e+06                                    7.11247e+04               
      362100            8.80922                             0.98027                                          -0.04954                                      9.19001e+04                                        1.10730e+06                                    7.11869e+04               
      363100            8.76897                             0.98983                                          -0.07147                                      9.27962e+04                                        1.10721e+06                                    7.12177e+04               
      364100            8.15004                             0.99093                                           0.04864                                      9.28998e+04                                        1.10794e+06                                    7.10271e+04               
      365100            8.52362                             0.99546                                          -0.02322                                      9.33244e+04                                        1.10766e+06                                    7.09838e+04               
      366100            8.64711                             0.99668                                           0.01731                                      9.34385e+04                                        1.10855e+06                                    7.11329e+04               
      367100            9.57374                             0.99540                                           0.03944                                      9.33186e+04                                        1.10913e+06                                    7.12290e+04               
      368100            9.54740                             0.98329                                          -0.01264                                      9.21831e+04                                        1.10815e+06                                    7.12364e+04               
      369100            9.57457                             0.99500                                          -0.02374                                      9.32810e+04                                        1.11013e+06                                    7.13305e+04               
      370100            9.51756                             1.00282                                           0.00763                                      9.40147e+04                                        1.10981e+06                                    7.11963e+04               
      371100            9.51382                             0.99528                                           0.03085                                      9.33071e+04                                        1.10908e+06                                    7.11567e+04               
      372100            9.44493                             0.99796                                          -0.03205                                      9.35585e+04                                        1.10805e+06                                    7.11477e+04               
      373100            8.91604                             0.99835                                           0.07813                                      9.35953e+04                                        1.10900e+06                                    7.10892e+04               
      374100            8.88448                             0.99435                                          -0.02364                                      9.32207e+04                                        1.10889e+06                                    7.11089e+04               
      375100            9.52190                             0.98899                                          -0.05464                                      9.27180e+04                                        1.10839e+06                                    7.10722e+04               
      376100            8.97439                             0.99240                                          -0.04034                                      9.30374e+04                                        1.11013e+06                                    7.13210e+04               
      377100            8.84967                             0.98605                                          -0.03921                                      9.24421e+04                                        1.10879e+06                                    7.11176e+04               
      378100            9.72680                             0.99481                                          -0.04932                                      9.32634e+04                                        1.10965e+06                                    7.11528e+04               
      379100            8.88353                             1.00099                                          -0.05206                                      9.38424e+04                                        1.10976e+06                                    7.11309e+04               
      380100            8.90119                             0.98924                                           0.03355                                      9.27410e+04                                        1.10926e+06                                    7.09777e+04               
      381100            9.43860                             0.99331                                           0.02081                                      9.31228e+04                                        1.10956e+06                                    7.11237e+04               
      382100            8.86261                             0.98604                                          -0.05747                                      9.24415e+04                                        1.10917e+06                                    7.12140e+04               
      383100            8.84225                             0.99240                                           0.01819                                      9.30375e+04                                        1.10858e+06                                    7.10068e+04               
      384100            8.84115                             0.98936                                           0.02369                                      9.27523e+04                                        1.10810e+06                                    7.08785e+04               
      385100            9.53007                             0.99563                                           0.02214                                      9.33407e+04                                        1.10919e+06                                    7.10699e+04               
      386100            9.48521                             0.99429                                          -0.07198                                      9.32148e+04                                        1.10893e+06                                    7.10482e+04               
      387100            9.53913                             0.98629                                           0.02593                                      9.24645e+04                                        1.11048e+06                                    7.12430e+04               
      388100            9.04374                             0.99989                                           0.07284                                      9.37400e+04                                        1.11040e+06                                    7.10615e+04               
      389100            9.02560                             0.99531                                           0.05077                                      9.33107e+04                                        1.11105e+06                                    7.12092e+04               
      390100            9.15808                             0.99635                                          -0.07581                                      9.34077e+04                                        1.11155e+06                                    7.13645e+04               
      391100            9.13837                             0.98343                                          -0.04908                                      9.21962e+04                                        1.10984e+06                                    7.11390e+04               
      392100            9.55802                             0.99088                                          -0.10095                                      9.28946e+04                                        1.11103e+06                                    7.12840e+04               
      393100            9.52987                             0.99501                                           0.00388                                      9.32819e+04                                        1.11072e+06                                    7.11186e+04               
      394100            9.56022                             0.99094                                          -0.12308                                      9.29010e+04                                        1.11148e+06                                    7.13858e+04               
      395100            9.57693                             0.99444                                          -0.04127                                      9.32286e+04                                        1.11134e+06                                    7.12515e+04               
      396100            9.55143                             0.98385                                          -0.05798                                      9.22360e+04                                        1.11080e+06                                    7.11724e+04               
      397100            9.51738                             0.99928                                          -0.00315                                      9.36824e+04                                        1.11168e+06                                    7.11856e+04               
      398100            9.52340                             0.99868                                          -0.01316                                      9.36261e+04                                        1.11170e+06                                    7.11269e+04               
      399100            9.12082                             0.99132                                           0.00747                                      9.29366e+04                                        1.11114e+06                                    7.10279e+04               
      400100            8.84792                             0.99481                                          -0.08230                                      9.32633e+04                                        1.11220e+06                                    7.13150e+04               
      401100            8.85030                             0.99230                                          -0.03571                                      9.30278e+04                                        1.11187e+06                                    7.12391e+04               
      402100            8.89086                             0.99619                                           0.01658                                      9.33930e+04                                        1.11166e+06                                    7.11690e+04               
      403100            9.52990                             0.99252                                          -0.03096                                      9.30484e+04                                        1.11158e+06                                    7.10656e+04               
      404100            9.50631                             0.99283                                           0.03549                                      9.30780e+04                                        1.11126e+06                                    7.10656e+04               
      405100            9.77741                             0.99431                                          -0.07090                                      9.32163e+04                                        1.11154e+06                                    7.11575e+04               
      406100            9.77233                             0.99374                                          -0.07951                                      9.31633e+04                                        1.11183e+06                                    7.12236e+04               
      407100            9.53817                             0.99243                                          -0.04533                                      9.30401e+04                                        1.11256e+06                                    7.11857e+04               
      408100            9.56681                             0.99563                                          -0.03291                                      9.33401e+04                                        1.11299e+06                                    7.12907e+04               
      409100            9.53968                             0.99811                                          -0.03039                                      9.35731e+04                                        1.11204e+06                                    7.11633e+04               
      410100            9.52684                             0.99178                                          -0.03935                                      9.29790e+04                                        1.11249e+06                                    7.13469e+04               
      411100            9.77262                             0.99243                                          -0.01867                                      9.30406e+04                                        1.11047e+06                                    7.09438e+04               
      412100            9.53149                             0.99447                                          -0.06081                                      9.32317e+04                                        1.11137e+06                                    7.10165e+04               
      413100            9.52671                             0.99339                                           0.06215                                      9.31300e+04                                        1.11305e+06                                    7.11197e+04               
      414100            9.50682                             0.98930                                          -0.02897                                      9.27469e+04                                        1.11176e+06                                    7.10563e+04               
      415100            9.54313                             0.98657                                          -0.00885                                      9.24910e+04                                        1.11255e+06                                    7.11686e+04               
      416100            9.51933                             0.99704                                           0.01289                                      9.34727e+04                                        1.11270e+06                                    7.11282e+04               
      417100            9.51520                             0.99410                                          -0.00923                                      9.31969e+04                                        1.11228e+06                                    7.10217e+04               
      418100            9.56683                             0.98828                                          -0.01262                                      9.26510e+04                                        1.11211e+06                                    7.09919e+04               
      419100            9.52134                             0.99455                                           0.04603                                      9.32395e+04                                        1.11239e+06                                    7.09764e+04               
      420100            9.50597                             1.00002                                           0.05668                                      9.37519e+04                                        1.11281e+06                                    7.10433e+04               
      421100            9.51028                             0.99161                                          -0.00363                                      9.29634e+04                                        1.11211e+06                                    7.09071e+04               
      422100            9.56077                             0.99693                                          -0.09119                                      9.34620e+04                                        1.11328e+06                                    7.11357e+04               
      423100            9.51533                             0.99294                                           0.01076                                      9.30877e+04                                        1.11262e+06                                    7.10441e+04               
      424100            9.55993                             0.99655                                          -0.03541                                      9.34263e+04                                        1.11316e+06                                    7.11610e+04               
      425100            9.52756                             0.98316                                          -0.07839                                      9.21712e+04                                        1.11297e+06                                    7.11507e+04               
      426100            9.55115                             0.99582                                          -0.06551                                      9.33583e+04                                        1.11337e+06                                    7.11727e+04               
      427100            9.51943                             0.99010                                           0.02431                                      9.28223e+04                                        1.11285e+06                                    7.10007e+04               
      428100            9.55984                             0.99662                                           0.02207                                      9.34335e+04                                        1.11213e+06                                    7.10144e+04               
      429100            9.57179                             0.99671                                          -0.00342                                      9.34418e+04                                        1.11347e+06                                    7.10994e+04               
      430100            9.55004                             0.99702                                           0.01233                                      9.34705e+04                                        1.11384e+06                                    7.11792e+04               
      431100            9.51831                             0.99798                                          -0.00680                                      9.35603e+04                                        1.11379e+06                                    7.11639e+04               
      432100            9.73790                             0.99067                                           0.01493                                      9.28748e+04                                        1.11315e+06                                    7.11430e+04               
      433100            9.47831                             0.99399                                           0.00678                                      9.31863e+04                                        1.11316e+06                                    7.10619e+04               
      434100            9.47126                             0.99370                                           0.00854                                      9.31598e+04                                        1.11311e+06                                    7.09935e+04               
      435100            9.51087                             0.98760                                          -0.05394                                      9.25872e+04                                        1.11467e+06                                    7.13528e+04               
      436100            9.52356                             0.99617                                           0.04862                                      9.33914e+04                                        1.11409e+06                                    7.11269e+04               
      437100            9.52340                             0.99865                                          -0.00268                                      9.36230e+04                                        1.11347e+06                                    7.09659e+04               
      438100            9.55378                             1.00196                                           0.00134                                      9.39341e+04                                        1.11352e+06                                    7.10425e+04               
      439100            9.57841                             0.99317                                           0.00909                                      9.31093e+04                                        1.11475e+06                                    7.12329e+04               
      440100            9.47859                             0.98123                                          -0.09566                                      9.19907e+04                                        1.11372e+06                                    7.12219e+04               
      441100            9.51265                             0.99082                                           0.00260                                      9.28896e+04                                        1.11297e+06                                    7.10770e+04               
      442100            9.53297                             0.99168                                          -0.03444                                      9.29699e+04                                        1.11432e+06                                    7.11404e+04               
      443100            9.74724                             0.99357                                           0.05747                                      9.31469e+04                                        1.11314e+06                                    7.08963e+04               
      444100            9.49354                             0.99578                                          -0.02686                                      9.33544e+04                                        1.11501e+06                                    7.12070e+04               
      445100            9.50273                             1.00320                                          -0.00364                                      9.40496e+04                                        1.11519e+06                                    7.12722e+04               
      446100            9.73671                             0.99909                                           0.06753                                      9.36646e+04                                        1.11374e+06                                    7.09717e+04               
      447100            9.55452                             0.99803                                          -0.01115                                      9.35657e+04                                        1.11432e+06                                    7.10500e+04               
      448100            9.78297                             0.99416                                          -0.05086                                      9.32026e+04                                        1.11609e+06                                    7.13418e+04               
      449100            9.43994                             0.98177                                          -0.04655                                      9.20405e+04                                        1.11378e+06                                    7.11427e+04               
      450100            9.49411                             0.99205                                          -0.00772                                      9.30051e+04                                        1.11375e+06                                    7.10123e+04               
      451100            9.49368                             0.98850                                           0.00896                                      9.26721e+04                                        1.11427e+06                                    7.10567e+04               
      452100            9.46670                             0.99965                                           0.02108                                      9.37171e+04                                        1.11473e+06                                    7.10512e+04               
      453100            9.48148                             0.99842                                          -0.00867                                      9.36015e+04                                        1.11425e+06                                    7.09913e+04               
      454100            9.46426                             1.00020                                           0.03942                                      9.37686e+04                                        1.11494e+06                                    7.10453e+04               
      455100            9.51619                             0.99308                                           0.10813                                      9.31010e+04                                        1.11500e+06                                    7.10464e+04               
      456100            9.50119                             0.99130                                          -0.00991                                      9.29345e+04                                        1.11397e+06                                    7.10439e+04               
      457100            9.54617                             0.99738                                           0.03135                                      9.35047e+04                                        1.11457e+06                                    7.11442e+04               
      458100            9.46362                             0.99449                                           0.00249                                      9.32337e+04                                        1.11499e+06                                    7.10616e+04               
      459100            9.76402                             0.99607                                           0.10611                                      9.33815e+04                                        1.11427e+06                                    7.09118e+04               
      460100            9.51271                             0.99561                                          -0.07005                                      9.33388e+04                                        1.11523e+06                                    7.11820e+04               
      461100            9.51480                             0.99824                                           0.04023                                      9.35850e+04                                        1.11534e+06                                    7.11035e+04               
      462100            9.48008                             0.99058                                           0.04815                                      9.28673e+04                                        1.11408e+06                                    7.09669e+04               
      463100            9.47672                             0.98653                                          -0.05273                                      9.24870e+04                                        1.11493e+06                                    7.11200e+04               
      464100            9.48572                             0.98731                                          -0.00904                                      9.25601e+04                                        1.11414e+06                                    7.09638e+04               
      465100            9.52275                             0.99735                                           0.02579                                      9.35016e+04                                        1.11476e+06                                    7.09876e+04               
      466100            9.63395                             0.99801                                           0.08608                                      9.35636e+04                                        1.11466e+06                                    7.09385e+04               
      467100            9.56388                             0.99162                                           0.06524                                      9.29642e+04                                        1.11527e+06                                    7.10195e+04               
      468100            9.62946                             0.99262                                          -0.00507                                      9.30577e+04                                        1.11451e+06                                    7.09765e+04               
      469100            9.56790                             0.98639                                           0.02705                                      9.24738e+04                                        1.11453e+06                                    7.09975e+04               
      470100            9.56953                             1.00025                                           0.00609                                      9.37734e+04                                        1.11478e+06                                    7.10315e+04               
      471100            9.60838                             0.98669                                           0.00352                                      9.25018e+04                                        1.11474e+06                                    7.09477e+04               
      472100            9.79815                             0.99616                                           0.04279                                      9.33903e+04                                        1.11548e+06                                    7.11984e+04               
      473100            9.61705                             0.98822                                          -0.09102                                      9.26458e+04                                        1.11499e+06                                    7.11380e+04               
      474100            9.58015                             0.99182                                           0.01094                                      9.29832e+04                                        1.11540e+06                                    7.10433e+04               
      475100            9.55134                             0.99039                                           0.02102                                      9.28486e+04                                        1.11394e+06                                    7.08903e+04               
      476100            9.63854                             0.99290                                           0.08114                                      9.30843e+04                                        1.11562e+06                                    7.09774e+04               
      477100            9.53185                             0.99007                                          -0.02110                                      9.28187e+04                                        1.11646e+06                                    7.12903e+04               
      478100            9.56549                             0.99769                                           0.08309                                      9.35339e+04                                        1.11587e+06                                    7.10469e+04               
      479100            9.63014                             0.99304                                           0.00779                                      9.30978e+04                                        1.11551e+06                                    7.10978e+04               
      480100            9.67142                             1.00073                                          -0.01187                                      9.38185e+04                                        1.11647e+06                                    7.12487e+04               
      481100            9.60871                             0.98876                                          -0.01262                                      9.26964e+04                                        1.11584e+06                                    7.10719e+04               
      482100            9.62052                             0.99006                                          -0.05761                                      9.28182e+04                                        1.11583e+06                                    7.10834e+04               
      483100            9.63488                             1.00043                                          -0.02927                                      9.37907e+04                                        1.11660e+06                                    7.12628e+04               
      484100            9.87523                             0.99460                                          -0.02411                                      9.32436e+04                                        1.11727e+06                                    7.13592e+04               
      485100            9.66771                             0.99407                                           0.03669                                      9.31940e+04                                        1.11608e+06                                    7.11436e+04               
      486100            9.84583                             0.98960                                          -0.00520                                      9.27753e+04                                        1.11622e+06                                    7.11831e+04               
      487100            9.62078                             0.99111                                          -0.07013                                      9.29162e+04                                        1.11622e+06                                    7.10482e+04               
      488100            9.56511                             0.99075                                           0.03943                                      9.28831e+04                                        1.11566e+06                                    7.11029e+04               
      489100            9.59621                             0.99375                                           0.04373                                      9.31636e+04                                        1.11619e+06                                    7.10239e+04               
      490100            9.64093                             0.99299                                           0.06311                                      9.30927e+04                                        1.11507e+06                                    7.08459e+04               
      491100            9.56551                             0.99289                                           0.04740                                      9.30831e+04                                        1.11663e+06                                    7.11922e+04               
      492100            9.41759                             0.99718                                          -0.02843                                      9.34860e+04                                        1.11608e+06                                    7.10916e+04               
      493100            9.65737                             0.99314                                          -0.01086                                      9.31071e+04                                        1.11601e+06                                    7.10684e+04               
      494100            9.64125                             0.98743                                          -0.00557                                      9.25714e+04                                        1.11608e+06                                    7.11037e+04               
      495100            9.62662                             0.98661                                          -0.05817                                      9.24948e+04                                        1.11585e+06                                    7.10233e+04               
      496100            9.51294                             0.99619                                          -0.04090                                      9.33925e+04                                        1.11678e+06                                    7.11663e+04               
      497100            9.59600                             0.99814                                           0.06170                                      9.35758e+04                                        1.11576e+06                                    7.08799e+04               
      498100            9.65361                             0.99467                                           0.01012                                      9.32504e+04                                        1.11667e+06                                    7.10975e+04               
      499100            9.59398                             0.99994                                          -0.00611                                      9.37447e+04                                        1.11746e+06                                    7.12545e+04               
      500100            9.58113                             0.99537                                           0.02298                                      9.33161e+04                                        1.11568e+06                                    7.09709e+04               
      501100            9.61378                             0.99251                                           0.07792                                      9.30482e+04                                        1.11486e+06                                    7.07450e+04               
      502100            9.64538                             0.99209                                        -9.03903e-04                                    9.30084e+04                                        1.11555e+06                                    7.09404e+04               
      503100            9.61250                             0.99535                                          -0.00859                                      9.33140e+04                                        1.11664e+06                                    7.10988e+04               
      504100            9.63353                             1.00189                                           0.03409                                      9.39268e+04                                        1.11679e+06                                    7.10548e+04               
      505100            9.56934                             0.99243                                           0.00856                                      9.30404e+04                                        1.11605e+06                                    7.10463e+04               
      506100            9.59043                             0.99333                                           0.02409                                      9.31247e+04                                        1.11548e+06                                    7.08176e+04               
      507100            9.83764                             0.99707                                           0.09283                                      9.34755e+04                                        1.11599e+06                                    7.08111e+04               
      508100            9.62059                             1.00062                                           0.00919                                      9.38082e+04                                        1.11657e+06                                    7.10050e+04               
      509100            9.59215                             0.99727                                          -0.01500                                      9.34945e+04                                        1.11652e+06                                    7.10809e+04               
      510100            9.61873                             0.99133                                          -0.01160                                      9.29375e+04                                        1.11735e+06                                    7.11797e+04               
      511100            9.64498                             0.98833                                          -0.02449                                      9.26561e+04                                        1.11687e+06                                    7.11064e+04               
      512100            9.51312                             0.99515                                           0.00787                                      9.32949e+04                                        1.11692e+06                                    7.10646e+04               
      513100            9.61862                             0.99004                                           0.03020                                      9.28158e+04                                        1.11764e+06                                    7.11548e+04               
      514100            9.62546                             0.99406                                          -0.09895                                      9.31929e+04                                        1.11661e+06                                    7.11216e+04               
      515100            9.61227                             0.99531                                          -0.04164                                      9.33106e+04                                        1.11664e+06                                    7.10562e+04               
      516100            9.63672                             0.99385                                          -0.07769                                      9.31733e+04                                        1.11734e+06                                    7.12436e+04               
      517100            9.63233                             0.99089                                          -0.07389                                      9.28958e+04                                        1.11626e+06                                    7.11538e+04               
      518100            9.60719                             0.99826                                          -0.02958                                      9.35873e+04                                        1.11705e+06                                    7.10766e+04               
      519100            9.64587                             0.99659                                           0.00756                                      9.34301e+04                                        1.11654e+06                                    7.09954e+04               
      520100            9.81758                             1.00273                                           0.02482                                      9.40062e+04                                        1.11729e+06                                    7.11064e+04               
      521100            9.59392                             0.99550                                          -0.03116                                      9.33281e+04                                        1.11701e+06                                    7.10990e+04               
      522100            9.81926                             0.99401                                           0.00660                                      9.31882e+04                                        1.11740e+06                                    7.12008e+04               
      523100            9.71073                             0.99737                                          -0.01225                                      9.35033e+04                                        1.11654e+06                                    7.09642e+04               
      524100            9.70270                             0.99347                                          -0.00944                                      9.31382e+04                                        1.11649e+06                                    7.09709e+04               
      525100            9.70842                             0.99586                                          -0.04427                                      9.33622e+04                                        1.11742e+06                                    7.10690e+04               
      526100            9.67412                             0.99622                                          -0.09550                                      9.33961e+04                                        1.11881e+06                                    7.13403e+04               
      527100            9.73474                             0.99500                                           0.02548                                      9.32815e+04                                        1.11742e+06                                    7.10519e+04               
      528100            9.82418                             0.99822                                           0.05822                                      9.35835e+04                                        1.11727e+06                                    7.09698e+04               
      529100            9.78629                             1.00568                                           0.10303                                      9.42828e+04                                        1.11588e+06                                    7.07444e+04               
      530100            9.61461                             0.99801                                           0.04542                                      9.35633e+04                                        1.11666e+06                                    7.09181e+04               
      531100            9.80402                             0.99859                                          -0.01754                                      9.36174e+04                                        1.11832e+06                                    7.12032e+04               
      532100            9.73986                             0.99511                                           0.07116                                      9.32915e+04                                        1.11685e+06                                    7.09299e+04               
      533100            9.67084                             0.99155                                           0.07823                                      9.29580e+04                                        1.11571e+06                                    7.07237e+04               
      534100            9.82464                             0.99493                                           0.06878                                      9.32750e+04                                        1.11644e+06                                    7.08466e+04               
      535100            9.82112                             0.99639                                           0.01122                                      9.34112e+04                                        1.11686e+06                                    7.10761e+04               
      536100            9.81602                             0.99562                                          -0.01644                                      9.33397e+04                                        1.11794e+06                                    7.11457e+04               
      537100            9.82334                             0.98709                                           0.01037                                      9.25398e+04                                        1.11705e+06                                    7.10205e+04               
      538100            9.76440                             0.99144                                           0.02041                                      9.29476e+04                                        1.11707e+06                                    7.10867e+04               
      539100            9.59465                             0.99757                                           0.00173                                      9.35221e+04                                        1.11719e+06                                    7.10642e+04               
      540100            9.82911                             0.98904                                           0.08205                                      9.27223e+04                                        1.11698e+06                                    7.08872e+04               
      541100            9.88298                             0.98867                                           0.00128                                      9.26883e+04                                        1.11669e+06                                    7.08813e+04               
      542100            9.76102                             1.00685                                           0.03153                                      9.43922e+04                                        1.11905e+06                                    7.11641e+04               
      543100            9.76973                             0.99352                                           0.05406                                      9.31422e+04                                        1.11818e+06                                    7.10934e+04               
      544100            9.71383                             0.99819                                           0.00660                                      9.35804e+04                                        1.11846e+06                                    7.11343e+04               
      545100            9.76444                             0.99115                                          -0.01209                                      9.29202e+04                                        1.11786e+06                                    7.11081e+04               
      546100            9.69016                             0.99234                                          -0.03725                                      9.30322e+04                                        1.11719e+06                                    7.09069e+04               
      547100            9.73727                             0.99296                                           0.00046                                      9.30898e+04                                        1.11651e+06                                    7.08746e+04               
      548100            9.62597                             0.99786                                           0.04665                                      9.35492e+04                                        1.11814e+06                                    7.10785e+04               
      549100            9.83502                             0.99628                                           0.03932                                      9.34011e+04                                        1.11755e+06                                    7.09125e+04               
      550100            9.65152                             0.99757                                           0.00284                                      9.35223e+04                                        1.11747e+06                                    7.09399e+04               
      551100            10.06010                            0.99863                                           0.08487                                      9.36219e+04                                        1.11696e+06                                    7.08141e+04               
