Simulation.timestep  Simulation.tps  md.compute.ThermodynamicQuantities.kinetic_temperature md.compute.ThermodynamicQuantities.pressure md.compute.ThermodynamicQuantities.kinetic_energy md.compute.ThermodynamicQuantities.potential_energy md.compute.ThermodynamicQuantities.volume
       9100             9.74804                             1.03191                                          -0.05220                                      9.67420e+04                                        6.85401e+05                                    7.71587e+04               
       9600             10.13623                            1.02416                                           0.27177                                      9.60148e+04                                        6.81095e+05                                    7.52865e+04               
       10100            10.16594                            1.02511                                           0.11040                                      9.61044e+04                                        6.84649e+05                                    7.57728e+04               
       10600            9.80539                             1.01191                                           0.14040                                      9.48665e+04                                        6.85178e+05                                    7.56208e+04               
       11100            9.85350                             1.01198                                           0.05638                                      9.48727e+04                                        6.86940e+05                                    7.57506e+04               
       11600            9.84702                             1.00721                                           0.12845                                      9.44257e+04                                        6.87292e+05                                    7.53939e+04               
       12100            9.83530                             1.00568                                           0.08031                                      9.42826e+04                                        6.88867e+05                                    7.55458e+04               
       12600            9.83304                             1.00071                                           0.05458                                      9.38163e+04                                        6.91509e+05                                    7.57086e+04               
       13100            10.42427                            1.00157                                           0.07689                                      9.38971e+04                                        6.92957e+05                                    7.57066e+04               
       13600            9.81173                             1.00389                                          -0.01023                                      9.41143e+04                                        6.94786e+05                                    7.58855e+04               
       14100            9.85912                             0.99742                                           0.05914                                      9.35085e+04                                        6.94987e+05                                    7.54501e+04               
       14600            9.83523                             1.00317                                          -0.01738                                      9.40472e+04                                        6.98890e+05                                    7.60182e+04               
       15100            9.90623                             0.99764                                           0.04862                                      9.35283e+04                                        6.98965e+05                                    7.57497e+04               
       15600            10.37882                            0.99381                                          -0.00906                                      9.31697e+04                                        7.00808e+05                                    7.57245e+04               
       16100            9.87498                             0.99456                                           0.00811                                      9.32401e+04                                        7.01731e+05                                    7.57100e+04               
       16600            9.83784                             0.99113                                          -0.02133                                      9.29187e+04                                        7.02148e+05                                    7.55530e+04               
       17100            9.85040                             0.98973                                          -0.05791                                      9.27875e+04                                        7.03381e+05                                    7.56607e+04               
       17600            9.84184                             0.99126                                          -0.02284                                      9.29306e+04                                        7.04626e+05                                    7.56649e+04               
       18100            9.85218                             0.99570                                           0.02958                                      9.33471e+04                                        7.05925e+05                                    7.55400e+04               
       18600            9.84879                             0.99216                                           0.00264                                      9.30154e+04                                        7.08081e+05                                    7.56082e+04               
       19100            9.87380                             0.99624                                          -0.03555                                      9.33972e+04                                        7.10105e+05                                    7.57359e+04               
       19600            9.86543                             0.99590                                          -0.00960                                      9.33657e+04                                        7.10417e+05                                    7.55010e+04               
       20100            9.86517                             0.99247                                          -0.08013                                      9.30438e+04                                        7.11919e+05                                    7.55959e+04               
       20600            9.86340                             0.98807                                          -0.04692                                      9.26316e+04                                        7.14359e+05                                    7.56912e+04               
       21100            10.37253                            0.98895                                          -0.03085                                      9.27137e+04                                        7.14077e+05                                    7.52821e+04               
       21600            9.84796                             0.99191                                          -0.00881                                      9.29917e+04                                        7.17227e+05                                    7.54368e+04               
       22100            10.36618                            0.99749                                           0.04559                                      9.35144e+04                                        7.17437e+05                                    7.52892e+04               
       22600            9.81893                             1.00423                                           0.01360                                      9.41461e+04                                        7.19667e+05                                    7.54437e+04               
       23100            9.81384                             1.00065                                           0.01156                                      9.38113e+04                                        7.19830e+05                                    7.52315e+04               
       23600            9.84688                             1.00518                                           0.01298                                      9.42353e+04                                        7.22555e+05                                    7.54709e+04               
       24100            9.80805                             0.99973                                          -0.00617                                      9.37248e+04                                        7.22549e+05                                    7.51727e+04               
       24600            10.36486                            0.99656                                        -8.68173e-04                                    9.34271e+04                                        7.24220e+05                                    7.52496e+04               
       25100            9.86528                             0.99361                                          -0.01490                                      9.31512e+04                                        7.25692e+05                                    7.53646e+04               
       25600            9.83842                             0.99245                                          -0.06823                                      9.30418e+04                                        7.27926e+05                                    7.55003e+04               
       26100            10.40043                            0.99634                                          -0.03181                                      9.34073e+04                                        7.29279e+05                                    7.53913e+04               
       26600            9.71114                             0.99357                                          -0.00466                                      9.31474e+04                                        7.29332e+05                                    7.51492e+04               
       27100            9.82583                             0.99434                                        -5.91600e-04                                    9.32189e+04                                        7.31135e+05                                    7.52150e+04               
       27600            9.85497                             0.99818                                          -0.03809                                      9.35790e+04                                        7.34216e+05                                    7.56038e+04               
       28100            9.81919                             0.99282                                          -0.00531                                      9.30771e+04                                        7.33875e+05                                    7.52345e+04               
       28600            9.79198                             0.98569                                          -0.03469                                      9.24087e+04                                        7.34534e+05                                    7.51201e+04               
       29100            10.30486                            0.98341                                          -0.04184                                      9.21946e+04                                        7.36498e+05                                    7.51958e+04               
       29600            9.79256                             0.98874                                          -0.04846                                      9.26945e+04                                        7.38836e+05                                    7.54278e+04               
       30100            9.82120                             0.98711                                          -0.05117                                      9.25414e+04                                        7.39721e+05                                    7.52028e+04               
       30600            10.33283                            0.98956                                          -0.08973                                      9.27709e+04                                        7.40203e+05                                    7.51494e+04               
       31100            9.75062                             0.99004                                           0.03056                                      9.28159e+04                                        7.41298e+05                                    7.50286e+04               
       31600            9.81160                             0.99871                                          -0.05030                                      9.36291e+04                                        7.43930e+05                                    7.53533e+04               
       32100            9.82563                             0.99575                                          -0.00943                                      9.33514e+04                                        7.44536e+05                                    7.51394e+04               
       32600            9.75871                             0.99408                                           0.03328                                      9.31949e+04                                        7.45016e+05                                    7.49877e+04               
       33100            9.77415                             0.99534                                          -0.01738                                      9.33132e+04                                        7.47108e+05                                    7.50961e+04               
       33600            10.34148                            0.99057                                          -0.01696                                      9.28658e+04                                        7.47644e+05                                    7.50337e+04               
       34100            10.33281                            0.99020                                          -0.01249                                      9.28308e+04                                        7.49003e+05                                    7.50042e+04               
       34600            9.29258                             0.99403                                          -0.02988                                      9.31899e+04                                        7.50129e+05                                    7.50339e+04               
       35100            9.80058                             0.99248                                          -0.07695                                      9.30449e+04                                        7.51469e+05                                    7.50230e+04               
       35600            10.31788                            0.99041                                          -0.07137                                      9.28505e+04                                        7.53013e+05                                    7.51254e+04               
       36100            9.77883                             0.99108                                          -0.06334                                      9.29140e+04                                        7.54944e+05                                    7.52481e+04               
       36600            9.78344                             0.99159                                           0.01618                                      9.29618e+04                                        7.55534e+05                                    7.49781e+04               
       37100            9.77615                             1.00257                                           0.02937                                      9.39914e+04                                        7.56290e+05                                    7.49554e+04               
       37600            9.79685                             0.99505                                          -0.03134                                      9.32863e+04                                        7.58533e+05                                    7.52314e+04               
       38100            9.82701                             0.99202                                           0.01294                                      9.30023e+04                                        7.59437e+05                                    7.52000e+04               
       38600            9.74678                             0.99450                                          -0.05906                                      9.32340e+04                                        7.59998e+05                                    7.50792e+04               
       39100            9.77955                             0.99326                                           0.04359                                      9.31180e+04                                        7.61433e+05                                    7.50216e+04               
       39600            9.70331                             0.99401                                           0.03496                                      9.31886e+04                                        7.61402e+05                                    7.46918e+04               
       40100            9.76082                             0.99654                                          -0.02765                                      9.34256e+04                                        7.65093e+05                                    7.50696e+04               
       40600            9.74061                             1.00388                                           0.04040                                      9.41138e+04                                        7.63985e+05                                    7.45862e+04               
       41100            10.33349                            1.00214                                           0.04009                                      9.39507e+04                                        7.65297e+05                                    7.46750e+04               
       41600            9.77426                             0.99726                                           0.05083                                      9.34933e+04                                        7.65701e+05                                    7.45963e+04               
       42100            9.81643                             0.99515                                           0.00019                                      9.32952e+04                                        7.69220e+05                                    7.50090e+04               
       42600            10.24461                            0.99522                                           0.02510                                      9.33017e+04                                        7.68711e+05                                    7.46816e+04               
       43100            10.27392                            0.99776                                           0.00931                                      9.35398e+04                                        7.70508e+05                                    7.47679e+04               
       43600            9.77466                             0.99245                                          -0.06415                                      9.30425e+04                                        7.71072e+05                                    7.48373e+04               
       44100            9.72727                             0.98961                                          -0.00829                                      9.27758e+04                                        7.73151e+05                                    7.49979e+04               
       44600            9.75566                             0.98716                                          -0.03706                                      9.25466e+04                                        7.73188e+05                                    7.47597e+04               
       45100            9.75931                             0.99681                                          -0.00608                                      9.34512e+04                                        7.74389e+05                                    7.47389e+04               
       45600            9.75017                             0.99968                                          -0.02329                                      9.37197e+04                                        7.76288e+05                                    7.47964e+04               
       46100            10.23742                            0.99032                                           0.02809                                      9.28428e+04                                        7.76036e+05                                    7.44295e+04               
       46600            10.20099                            0.99330                                           0.04924                                      9.31217e+04                                        7.77455e+05                                    7.46165e+04               
       47100            9.76633                             0.99409                                          -0.02177                                      9.31955e+04                                        7.78878e+05                                    7.46877e+04               
       47600            9.73925                             0.99483                                           0.01480                                      9.32654e+04                                        7.80141e+05                                    7.46972e+04               
       48100            9.76187                             0.99690                                           0.03551                                      9.34590e+04                                        7.80936e+05                                    7.46480e+04               
       48600            9.67483                             0.99460                                           0.06294                                      9.32436e+04                                        7.81835e+05                                    7.45118e+04               
       49100            9.75191                             0.99948                                           0.03740                                      9.37009e+04                                        7.83201e+05                                    7.45874e+04               
       49600            10.27735                            0.99499                                           0.01590                                      9.32798e+04                                        7.84354e+05                                    7.45977e+04               
       50100            9.76329                             0.99486                                          -0.00408                                      9.32685e+04                                        7.85227e+05                                    7.46459e+04               
       50600            10.21640                            1.00090                                          -0.00852                                      9.38344e+04                                        7.86382e+05                                    7.45851e+04               
       51100            9.86329                             0.99988                                          -0.01114                                      9.37387e+04                                        7.88735e+05                                    7.48011e+04               
       51600            9.81439                             0.99525                                           0.04478                                      9.33048e+04                                        7.88627e+05                                    7.45390e+04               
       52100            9.83264                             1.00096                                          -0.05522                                      9.38404e+04                                        7.91456e+05                                    7.49431e+04               
       52600            9.77983                             1.00076                                          -0.04643                                      9.38217e+04                                        7.90663e+05                                    7.46015e+04               
       53100            10.32035                            1.00391                                          -0.05406                                      9.41162e+04                                        7.92050e+05                                    7.46491e+04               
       53600            9.78087                             0.99085                                          -0.00657                                      9.28918e+04                                        7.92555e+05                                    7.45172e+04               
       54100            9.78068                             0.98869                                          -0.04106                                      9.26895e+04                                        7.94141e+05                                    7.45529e+04               
       54600            9.75581                             0.99256                                          -0.00785                                      9.30529e+04                                        7.95040e+05                                    7.44205e+04               
       55100            9.79212                             0.99562                                          -0.02840                                      9.33391e+04                                        7.97045e+05                                    7.46927e+04               
       55600            9.77725                             0.99296                                          -0.06237                                      9.30904e+04                                        7.97425e+05                                    7.45162e+04               
       56100            9.77802                             0.99558                                           0.04582                                      9.33355e+04                                        7.98045e+05                                    7.42266e+04               
       56600            9.79413                             0.99648                                          -0.03947                                      9.34199e+04                                        8.00423e+05                                    7.45091e+04               
       57100            9.82970                             0.99491                                           0.04345                                      9.32727e+04                                        8.00906e+05                                    7.44376e+04               
       57600            9.29977                             0.99825                                          -0.01378                                      9.35856e+04                                        8.01524e+05                                    7.43896e+04               
       58100            9.82520                             0.99542                                           0.04651                                      9.33205e+04                                        8.02578e+05                                    7.43079e+04               
       58600            9.77155                             0.98972                                          -0.06598                                      9.27866e+04                                        8.03643e+05                                    7.43800e+04               
       59100            10.29803                            0.98435                                          -0.08416                                      9.22825e+04                                        8.04113e+05                                    7.43297e+04               
       59600            9.25848                             0.99246                                          -0.04240                                      9.30436e+04                                        8.06064e+05                                    7.45327e+04               
       60100            9.73719                             0.99185                                          -0.01062                                      9.29859e+04                                        8.05629e+05                                    7.42545e+04               
       60600            10.31893                            0.99659                                           0.00353                                      9.34305e+04                                        8.08487e+05                                    7.45201e+04               
       61100            9.75339                             1.00224                                           0.00659                                      9.39600e+04                                        8.09590e+05                                    7.45175e+04               
       61600            10.24662                            1.00346                                           0.04319                                      9.40744e+04                                        8.07859e+05                                    7.40963e+04               
       62100            9.81793                             0.99328                                          -0.01652                                      9.31200e+04                                        8.09910e+05                                    7.42999e+04               
       62600            9.79601                             0.98807                                          -0.08438                                      9.26314e+04                                        8.11152e+05                                    7.44508e+04               
       63100            9.77530                             0.99652                                          -0.08459                                      9.34239e+04                                        8.11951e+05                                    7.43688e+04               
       63600            10.32481                            0.99540                                           0.01254                                      9.33189e+04                                        8.12526e+05                                    7.42630e+04               
       64100            9.76196                             0.99390                                          -0.03940                                      9.31779e+04                                        8.13743e+05                                    7.42660e+04               
       64600            10.22760                            0.99967                                           0.01643                                      9.37189e+04                                        8.14779e+05                                    7.43318e+04               
       65100            10.36004                            1.00021                                          -0.00536                                      9.37700e+04                                        8.16433e+05                                    7.44635e+04               
       65600            9.79148                             1.00148                                           0.02895                                      9.38887e+04                                        8.16686e+05                                    7.43331e+04               
       66100            9.79349                             0.99790                                           0.02592                                      9.35528e+04                                        8.17324e+05                                    7.42554e+04               
       66600            10.29551                            0.99641                                           0.06809                                      9.34131e+04                                        8.18522e+05                                    7.42744e+04               
       67100            9.76460                             1.00160                                           0.03309                                      9.39001e+04                                        8.20240e+05                                    7.43881e+04               
       67600            10.28508                            0.99820                                           0.03840                                      9.35809e+04                                        8.20170e+05                                    7.42285e+04               
       68100            9.71255                             0.99726                                           0.00929                                      9.34930e+04                                        8.20809e+05                                    7.42384e+04               
       68600            9.76865                             0.99257                                           0.00092                                      9.30539e+04                                        8.22539e+05                                    7.43573e+04               
       69100            9.73182                             0.99497                                           0.03867                                      9.32788e+04                                        8.21694e+05                                    7.39415e+04               
       69600            9.69325                             1.00480                                           0.07259                                      9.42003e+04                                        8.24675e+05                                    7.41418e+04               
       70100            9.76284                             1.00308                                           0.03352                                      9.40389e+04                                        8.24943e+05                                    7.40648e+04               
       70600            10.28061                            0.99989                                        -7.52198e-04                                    9.37395e+04                                        8.25742e+05                                    7.40989e+04               
       71100            9.79305                             0.99681                                           0.01262                                      9.34506e+04                                        8.27923e+05                                    7.43244e+04               
       71600            10.30078                            0.99319                                          -0.03129                                      9.31117e+04                                        8.28053e+05                                    7.42616e+04               
       72100            10.29153                            0.99283                                           0.01361                                      9.30780e+04                                        8.28936e+05                                    7.42798e+04               
       72600            9.71828                             0.98913                                          -0.04637                                      9.27306e+04                                        8.29503e+05                                    7.40739e+04               
       73100            10.30657                            0.98998                                          -0.03901                                      9.28109e+04                                        8.31738e+05                                    7.44228e+04               
       73600            10.25138                            0.98758                                          -0.04838                                      9.25855e+04                                        8.31197e+05                                    7.41217e+04               
       74100            9.68472                             0.99149                                          -0.03072                                      9.29526e+04                                        8.32889e+05                                    7.42137e+04               
       74600            9.75948                             0.99546                                          -0.00753                                      9.33248e+04                                        8.34698e+05                                    7.42356e+04               
       75100            10.27104                            0.99990                                          -0.02128                                      9.37407e+04                                        8.34627e+05                                    7.41384e+04               
       75600            9.72205                             0.99625                                           0.05284                                      9.33988e+04                                        8.35403e+05                                    7.40332e+04               
       76100            9.75131                             0.99957                                           0.01892                                      9.37097e+04                                        8.36382e+05                                    7.40186e+04               
       76600            9.67720                             0.99400                                           0.05118                                      9.31879e+04                                        8.36668e+05                                    7.38931e+04               
       77100            9.69571                             0.99276                                           0.00934                                      9.30709e+04                                        8.37967e+05                                    7.39413e+04               
       77600            9.61132                             0.98456                                           0.00198                                      9.23027e+04                                        8.38516e+05                                    7.38101e+04               
       78100            9.72213                             0.99203                                          -0.12991                                      9.30027e+04                                        8.40726e+05                                    7.41880e+04               
       78600            9.69888                             0.99082                                          -0.03750                                      9.28891e+04                                        8.40618e+05                                    7.39309e+04               
       79100            9.72003                             0.98734                                          -0.01334                                      9.25631e+04                                        8.41248e+05                                    7.36990e+04               
       79600            9.69559                             1.00000                                           0.04952                                      9.37501e+04                                        8.42470e+05                                    7.38733e+04               
       80100            9.69053                             0.99922                                           0.10389                                      9.36768e+04                                        8.43889e+05                                    7.39322e+04               
       80600            9.68974                             0.99684                                           0.04902                                      9.34541e+04                                        8.44199e+05                                    7.38664e+04               
       81100            9.67432                             1.00091                                           0.12541                                      9.38352e+04                                        8.44603e+05                                    7.39114e+04               
       81600            10.23935                            1.00079                                           0.03324                                      9.38243e+04                                        8.45365e+05                                    7.38964e+04               
       82100            9.74434                             0.99399                                           0.04448                                      9.31867e+04                                        8.46381e+05                                    7.39023e+04               
       82600            9.70659                             0.99571                                           0.00632                                      9.33482e+04                                        8.47159e+05                                    7.40295e+04               
       83100            9.73323                             0.98804                                          -0.00361                                      9.26291e+04                                        8.47193e+05                                    7.38027e+04               
       83600            9.72836                             0.99371                                          -0.06295                                      9.31603e+04                                        8.48781e+05                                    7.41650e+04               
       84100            9.73069                             0.98923                                          -0.04363                                      9.27404e+04                                        8.47965e+05                                    7.39090e+04               
       84600            9.75680                             0.99400                                          -0.03140                                      9.31875e+04                                        8.49693e+05                                    7.40212e+04               
       85100            9.64151                             0.99087                                           0.03475                                      9.28944e+04                                        8.49449e+05                                    7.36231e+04               
       85600            9.69680                             1.00489                                          -0.00605                                      9.42088e+04                                        8.51533e+05                                    7.39588e+04               
       86100            9.76124                             0.99510                                           0.03265                                      9.32906e+04                                        8.51871e+05                                    7.38937e+04               
       86600            10.26470                            0.99002                                           0.01026                                      9.28142e+04                                        8.52119e+05                                    7.38827e+04               
       87100            9.71177                             0.99757                                           0.01326                                      9.35222e+04                                        8.54254e+05                                    7.40247e+04               
       87600            9.68124                             0.99610                                           0.10046                                      9.33845e+04                                        8.54058e+05                                    7.36654e+04               
       88100            10.06896                            1.00046                                           0.06140                                      9.37930e+04                                        8.55314e+05                                    7.37862e+04               
       88600            9.67113                             0.99874                                           0.04401                                      9.36323e+04                                        8.57299e+05                                    7.40282e+04               
       89100            10.19582                            0.99626                                           0.05370                                      9.33994e+04                                        8.56332e+05                                    7.37424e+04               
       89600            10.17232                            0.99432                                           0.06997                                      9.32173e+04                                        8.55848e+05                                    7.35467e+04               
       90100            9.74052                             1.00159                                           0.09049                                      9.38991e+04                                        8.58922e+05                                    7.39974e+04               
       90600            9.67449                             0.99822                                           0.03285                                      9.35833e+04                                        8.57836e+05                                    7.37957e+04               
       91100            9.73083                             0.99018                                           0.05098                                      9.28293e+04                                        8.58589e+05                                    7.37183e+04               
       91600            10.16083                            0.99789                                          -0.03673                                      9.35522e+04                                        8.59163e+05                                    7.38083e+04               
       92100            9.69887                             0.99400                                           0.02611                                      9.31873e+04                                        8.60555e+05                                    7.38796e+04               
       92600            9.63729                             0.99752                                           0.07039                                      9.35171e+04                                        8.60568e+05                                    7.37198e+04               
       93100            9.69722                             1.00660                                           0.06278                                      9.43688e+04                                        8.62177e+05                                    7.37876e+04               
       93600            9.67836                             0.99601                                           0.10298                                      9.33762e+04                                        8.62352e+05                                    7.36872e+04               
       94100            9.66524                             0.99188                                           0.02271                                      9.29888e+04                                        8.61452e+05                                    7.35843e+04               
       94600            9.73269                             0.99214                                           0.01969                                      9.30135e+04                                        8.63591e+05                                    7.37064e+04               
       95100            9.68331                             0.99262                                           0.02237                                      9.30582e+04                                        8.63794e+05                                    7.37067e+04               
       95600            9.66259                             0.99553                                           0.01595                                      9.33311e+04                                        8.64437e+05                                    7.37608e+04               
       96100            9.71541                             0.99858                                          -0.01710                                      9.36166e+04                                        8.64283e+05                                    7.37217e+04               
       96600            9.69748                             0.99236                                          -0.03179                                      9.30340e+04                                        8.65874e+05                                    7.37607e+04               
       97100            9.69539                             0.99363                                           0.04608                                      9.31533e+04                                        8.65622e+05                                    7.36075e+04               
       97600            9.64193                             0.99888                                          -0.02046                                      9.36448e+04                                        8.68148e+05                                    7.38922e+04               
       98100            9.68720                             0.99844                                          -0.02372                                      9.36036e+04                                        8.67253e+05                                    7.36131e+04               
       98600            10.24788                            0.99715                                           0.01343                                      9.34826e+04                                        8.68584e+05                                    7.37341e+04               
       99100            9.68807                             0.99590                                           0.06345                                      9.33660e+04                                        8.68961e+05                                    7.36612e+04               
       99600            9.65746                             0.99026                                           0.03275                                      9.28370e+04                                        8.68456e+05                                    7.36040e+04               
      100100            9.72401                             0.99138                                          -0.02474                                      9.29420e+04                                        8.70292e+05                                    7.38376e+04               
      100600            9.68949                             0.99025                                          -0.04385                                      9.28359e+04                                        8.71059e+05                                    7.36850e+04               
      101100            9.67222                             0.98881                                          -0.00225                                      9.27011e+04                                        8.70428e+05                                    7.35574e+04               
      101600            9.69272                             0.99823                                           0.07659                                      9.35843e+04                                        8.72740e+05                                    7.35993e+04               
      102100            9.65375                             0.99822                                          -0.03195                                      9.35834e+04                                        8.73246e+05                                    7.36307e+04               
      102600            9.52955                             0.99364                                           0.03695                                      9.31539e+04                                        8.73649e+05                                    7.35155e+04               
      103100            9.67463                             0.99625                                          -0.01503                                      9.33981e+04                                        8.74103e+05                                    7.35895e+04               
      103600            9.67397                             0.99398                                          -0.01980                                      9.31861e+04                                        8.75789e+05                                    7.36501e+04               
      104100            9.63028                             0.99916                                          -0.04726                                      9.36715e+04                                        8.76442e+05                                    7.37525e+04               
      104600            9.66440                             1.00073                                           0.08066                                      9.38185e+04                                        8.75706e+05                                    7.35294e+04               
      105100            10.14855                            0.99308                                           0.08838                                      9.31010e+04                                        8.76402e+05                                    7.34040e+04               
      105600            9.66816                             1.00162                                          -0.06056                                      9.39021e+04                                        8.78226e+05                                    7.36979e+04               
      106100            9.23179                             0.99298                                          -0.01596                                      9.30917e+04                                        8.77741e+05                                    7.34352e+04               
      106600            10.24558                            0.99871                                          -0.00188                                      9.36293e+04                                        8.79623e+05                                    7.37194e+04               
      107100            9.69288                             0.99427                                           0.01441                                      9.32130e+04                                        8.78833e+05                                    7.34514e+04               
      107600            9.68966                             0.99278                                           0.00426                                      9.30734e+04                                        8.79857e+05                                    7.34962e+04               
      108100            9.67850                             0.99543                                          -0.01973                                      9.33216e+04                                        8.81839e+05                                    7.36747e+04               
      108600            10.16689                            0.99499                                          -0.06970                                      9.32799e+04                                        8.81016e+05                                    7.34433e+04               
      109100            9.67903                             0.99566                                          -0.02649                                      9.33428e+04                                        8.82166e+05                                    7.35920e+04               
      109600            10.23424                            0.99235                                          -0.01587                                      9.30332e+04                                        8.82818e+05                                    7.35443e+04               
      110100            9.71617                             0.99633                                          -0.02483                                      9.34060e+04                                        8.82532e+05                                    7.35468e+04               
      110600            10.17838                            0.98913                                          -0.04452                                      9.27305e+04                                        8.83164e+05                                    7.35110e+04               
      111100            9.65827                             0.99124                                          -0.11812                                      9.29289e+04                                        8.84440e+05                                    7.36876e+04               
      111600            9.63743                             0.98755                                          -0.08206                                      9.25827e+04                                        8.84958e+05                                    7.37414e+04               
      112100            9.68018                             0.99084                                           0.00633                                      9.28909e+04                                        8.85859e+05                                    7.35693e+04               
      112600            10.22595                            0.99628                                           0.03798                                      9.34009e+04                                        8.86926e+05                                    7.35215e+04               
      113100            9.66625                             1.00063                                           0.04118                                      9.38088e+04                                        8.87070e+05                                    7.34256e+04               
      113600            9.64290                             1.00408                                          -0.01632                                      9.41322e+04                                        8.87470e+05                                    7.34269e+04               
      114100            9.62374                             0.99692                                           0.16043                                      9.34610e+04                                        8.88350e+05                                    7.33001e+04               
      114600            10.18468                            1.00050                                           0.06742                                      9.37972e+04                                        8.89193e+05                                    7.34508e+04               
      115100            9.65939                             0.99570                                          -0.05745                                      9.33468e+04                                        8.89701e+05                                    7.34868e+04               
      115600            10.19304                            0.99709                                           0.01617                                      9.34774e+04                                        8.90025e+05                                    7.34914e+04               
      116100            9.70560                             0.98827                                          -0.00162                                      9.26500e+04                                        8.90844e+05                                    7.33957e+04               
      116600            10.18262                            0.99399                                          -0.04961                                      9.31865e+04                                        8.91096e+05                                    7.34298e+04               
      117100            9.71237                             0.98844                                          -0.05747                                      9.26664e+04                                        8.91874e+05                                    7.35826e+04               
      117600            9.65601                             0.98833                                          -0.00204                                      9.26556e+04                                        8.91581e+05                                    7.33933e+04               
      118100            9.61201                             0.99137                                          -0.01740                                      9.29406e+04                                        8.93172e+05                                    7.34219e+04               
      118600            9.65764                             0.99645                                           0.04485                                      9.34173e+04                                        8.92583e+05                                    7.32240e+04               
      119100            9.65748                             0.99664                                           0.00512                                      9.34350e+04                                        8.94641e+05                                    7.33920e+04               
      119600            10.18641                            0.99769                                          -0.01068                                      9.35336e+04                                        8.94570e+05                                    7.34453e+04               
      120100            9.61056                             0.99327                                           0.01432                                      9.31192e+04                                        8.94107e+05                                    7.32490e+04               
      120600            9.65652                             0.99549                                           0.01765                                      9.33270e+04                                        8.96236e+05                                    7.34296e+04               
      121100            9.67980                             0.99454                                           0.03112                                      9.32383e+04                                        8.96730e+05                                    7.34306e+04               
      121600            9.63447                             0.99714                                          -0.07299                                      9.34820e+04                                        8.96239e+05                                    7.33466e+04               
      122100            9.65283                             0.99445                                           0.08655                                      9.32293e+04                                        8.95852e+05                                    7.31635e+04               
      122600            10.22253                            0.99442                                           0.00397                                      9.32269e+04                                        8.98249e+05                                    7.34123e+04               
      123100            9.65879                             0.99552                                           0.09999                                      9.33296e+04                                        8.98516e+05                                    7.33154e+04               
      123600            9.63905                             0.99017                                          -0.02052                                      9.28285e+04                                        8.99070e+05                                    7.34229e+04               
      124100            9.68276                             0.99348                                           0.09985                                      9.31392e+04                                        8.98785e+05                                    7.32531e+04               
      124600            10.13530                            0.99984                                           0.01555                                      9.37355e+04                                        8.99237e+05                                    7.32580e+04               
      125100            9.69577                             0.99215                                          -0.00892                                      9.30140e+04                                        9.00881e+05                                    7.33814e+04               
      125600            9.65110                             0.99629                                          -0.06551                                      9.34018e+04                                        9.01557e+05                                    7.34069e+04               
      126100            9.62926                             0.98951                                           0.03558                                      9.27667e+04                                        9.01682e+05                                    7.32708e+04               
      126600            10.13604                            1.00150                                           0.03501                                      9.38908e+04                                        9.03173e+05                                    7.33680e+04               
      127100            10.14841                            1.00938                                           0.03930                                      9.46292e+04                                        9.02549e+05                                    7.31926e+04               
      127600            10.17216                            0.99667                                           0.05560                                      9.34374e+04                                        9.04000e+05                                    7.33372e+04               
      128100            9.65242                             0.99766                                           0.03645                                      9.35308e+04                                        9.03538e+05                                    7.31929e+04               
      128600            9.66212                             1.00162                                           0.04424                                      9.39023e+04                                        9.03909e+05                                    7.32340e+04               
      129100            9.61846                             0.99985                                           0.08988                                      9.37360e+04                                        9.04112e+05                                    7.31114e+04               
      129600            9.62366                             0.99939                                           0.05495                                      9.36932e+04                                        9.04854e+05                                    7.30611e+04               
      130100            9.59419                             0.99604                                          -0.04302                                      9.33785e+04                                        9.06015e+05                                    7.32565e+04               
      130600            10.14531                            0.99019                                          -0.04213                                      9.28300e+04                                        9.06089e+05                                    7.32131e+04               
      131100            9.69139                             0.99294                                           0.01486                                      9.30884e+04                                        9.07690e+05                                    7.33341e+04               
      131600            9.66904                             0.99814                                           0.05670                                      9.35753e+04                                        9.07589e+05                                    7.32181e+04               
      132100            9.62742                             0.99456                                           0.01682                                      9.32402e+04                                        9.07535e+05                                    7.32249e+04               
      132600            9.64979                             0.99390                                           0.04350                                      9.31781e+04                                        9.08765e+05                                    7.32686e+04               
      133100            9.67957                             0.99299                                          -0.02771                                      9.30931e+04                                        9.08531e+05                                    7.31704e+04               
      133600            9.63170                             0.98763                                           0.00964                                      9.25906e+04                                        9.08625e+05                                    7.30034e+04               
      134100            9.63861                             0.99342                                          -0.01206                                      9.31333e+04                                        9.10571e+05                                    7.33477e+04               
      134600            10.14443                            0.99293                                           0.02324                                      9.30868e+04                                        9.08629e+05                                    7.30208e+04               
      135100            9.62948                             0.99509                                           0.03532                                      9.32899e+04                                        9.10850e+05                                    7.31705e+04               
      135600            9.62717                             0.99892                                          -0.01607                                      9.36485e+04                                        9.11562e+05                                    7.33224e+04               
      136100            9.61352                             1.00092                                           0.00477                                      9.38361e+04                                        9.10744e+05                                    7.31711e+04               
      136600            9.63647                             0.99298                                           0.01343                                      9.30914e+04                                        9.11917e+05                                    7.31695e+04               
      137100            9.64284                             0.99657                                           0.03754                                      9.34282e+04                                        9.11790e+05                                    7.31799e+04               
      137600            10.18101                            0.99898                                           0.00668                                      9.36546e+04                                        9.12777e+05                                    7.32157e+04               
      138100            9.62973                             0.99792                                          -0.03209                                      9.35549e+04                                        9.14226e+05                                    7.34062e+04               
      138600            9.60326                             0.98962                                           0.07597                                      9.27765e+04                                        9.12375e+05                                    7.29916e+04               
      139100            9.65557                             0.98972                                           0.00522                                      9.27862e+04                                        9.14095e+05                                    7.31551e+04               
      139600            10.14506                            0.99671                                           0.01108                                      9.34416e+04                                        9.14023e+05                                    7.31920e+04               
      140100            10.15350                            0.99300                                          -0.07237                                      9.30941e+04                                        9.14572e+05                                    7.31939e+04               
      140600            10.20129                            0.99668                                          -0.05227                                      9.34384e+04                                        9.14471e+05                                    7.31017e+04               
      141100            9.65724                             0.99000                                          -0.06194                                      9.28122e+04                                        9.14825e+05                                    7.30385e+04               
      141600            9.62444                             0.99022                                          -0.06775                                      9.28330e+04                                        9.15658e+05                                    7.32276e+04               
      142100            9.67738                             0.99952                                          -0.00425                                      9.37049e+04                                        9.16343e+05                                    7.31477e+04               
      142600            10.15410                            0.99921                                           0.05802                                      9.36763e+04                                        9.16909e+05                                    7.31048e+04               
      143100            9.59515                             1.00449                                          -0.02250                                      9.41714e+04                                        9.16905e+05                                    7.29511e+04               
      143600            10.10090                            0.99258                                          -0.01315                                      9.30542e+04                                        9.18050e+05                                    7.30868e+04               
      144100            9.66023                             0.99676                                          -0.00564                                      9.34460e+04                                        9.18369e+05                                    7.31236e+04               
      144600            10.15382                            0.99314                                           0.10166                                      9.31069e+04                                        9.18143e+05                                    7.29479e+04               
      145100            9.67186                             0.99926                                           0.06036                                      9.36810e+04                                        9.19920e+05                                    7.31136e+04               
      145600            10.10751                            0.99453                                          -0.00808                                      9.32368e+04                                        9.19493e+05                                    7.30658e+04               
      146100            9.61527                             0.99216                                          -0.06886                                      9.30152e+04                                        9.19752e+05                                    7.30796e+04               
      146600            9.63167                             0.99581                                          -0.01517                                      9.33568e+04                                        9.21611e+05                                    7.33698e+04               
      147100            9.63153                             0.99677                                           0.10153                                      9.34471e+04                                        9.21074e+05                                    7.31335e+04               
      147600            9.61317                             0.99517                                          -0.00402                                      9.32971e+04                                        9.21115e+05                                    7.30546e+04               
      148100            10.12625                            0.99587                                          -0.11950                                      9.33630e+04                                        9.21754e+05                                    7.32888e+04               
      148600            10.11786                            0.98609                                           0.02795                                      9.24459e+04                                        9.21574e+05                                    7.30094e+04               
      149100            9.63564                             0.99092                                          -0.06745                                      9.28992e+04                                        9.21338e+05                                    7.30158e+04               
      149600            9.62039                             1.00022                                           0.00253                                      9.37702e+04                                        9.24134e+05                                    7.32809e+04               
      150100            9.63693                             0.99555                                           0.02820                                      9.33329e+04                                        9.23740e+05                                    7.31008e+04               
      150600            10.14647                            0.99437                                           0.02260                                      9.32221e+04                                        9.24506e+05                                    7.31299e+04               
      151100            9.64235                             0.99584                                          -0.02529                                      9.33604e+04                                        9.25239e+05                                    7.33705e+04               
      151600            9.65401                             0.98726                                          -0.00760                                      9.25559e+04                                        9.25271e+05                                    7.32800e+04               
      152100            9.64262                             0.99391                                          -0.01735                                      9.31787e+04                                        9.24831e+05                                    7.31262e+04               
      152600            10.12822                            0.98925                                          -0.03294                                      9.27426e+04                                        9.25243e+05                                    7.31021e+04               
      153100            9.60772                             0.98192                                          -0.06284                                      9.20550e+04                                        9.25498e+05                                    7.30754e+04               
      153600            10.19650                            0.98898                                          -0.13263                                      9.27169e+04                                        9.26577e+05                                    7.32100e+04               
      154100            9.60519                             0.99664                                          -0.02908                                      9.34349e+04                                        9.26629e+05                                    7.30670e+04               
      154600            9.65582                             0.99236                                          -0.05894                                      9.30340e+04                                        9.28577e+05                                    7.32856e+04               
      155100            9.58791                             0.99045                                           0.04774                                      9.28548e+04                                        9.26715e+05                                    7.29288e+04               
      155600            9.60624                             0.99035                                          -0.02825                                      9.28456e+04                                        9.28292e+05                                    7.30094e+04               
      156100            9.65471                             0.99398                                          -0.01983                                      9.31856e+04                                        9.28199e+05                                    7.29747e+04               
      156600            10.11364                            0.99589                                          -0.02926                                      9.33649e+04                                        9.28559e+05                                    7.28978e+04               
      157100            9.60066                             0.99415                                           0.02761                                      9.32011e+04                                        9.27595e+05                                    7.27571e+04               
      157600            10.12140                            0.99699                                          -0.04347                                      9.34681e+04                                        9.29611e+05                                    7.29712e+04               
      158100            9.59460                             0.98841                                          -0.02409                                      9.26636e+04                                        9.29685e+05                                    7.29473e+04               
      158600            9.60383                             0.98731                                          -0.01804                                      9.25600e+04                                        9.29800e+05                                    7.29151e+04               
      159100            9.62501                             0.99262                                          -0.01256                                      9.30582e+04                                        9.30665e+05                                    7.30250e+04               
      159600            10.10930                            0.99374                                           0.00545                                      9.31635e+04                                        9.31296e+05                                    7.29264e+04               
      160100            9.61737                             0.99886                                           0.02017                                      9.36428e+04                                        9.31379e+05                                    7.29117e+04               
      160600            10.09585                            0.99878                                           0.05754                                      9.36359e+04                                        9.31730e+05                                    7.29020e+04               
      161100            9.66091                             0.99568                                          -0.01522                                      9.33454e+04                                        9.32606e+05                                    7.29712e+04               
      161600            10.08505                            0.99846                                           0.03236                                      9.36054e+04                                        9.31724e+05                                    7.28724e+04               
      162100            9.61147                             0.99531                                           0.06468                                      9.33100e+04                                        9.32380e+05                                    7.28670e+04               
      162600            9.59815                             1.00262                                           0.09769                                      9.39955e+04                                        9.33513e+05                                    7.27696e+04               
      163100            9.57364                             1.00021                                           0.04161                                      9.37700e+04                                        9.34429e+05                                    7.28743e+04               
      163600            9.62761                             0.99159                                           0.05584                                      9.29620e+04                                        9.34396e+05                                    7.28848e+04               
      164100            9.59526                             0.98894                                           0.09327                                      9.27130e+04                                        9.34771e+05                                    7.27682e+04               
      164600            9.60785                             0.99636                                           0.03882                                      9.34083e+04                                        9.35160e+05                                    7.28077e+04               
      165100            9.60172                             1.00400                                          -0.02106                                      9.41251e+04                                        9.35882e+05                                    7.29132e+04               
      165600            9.63882                             0.99447                                           0.01276                                      9.32319e+04                                        9.35908e+05                                    7.28232e+04               
      166100            10.15059                            0.99580                                           0.08250                                      9.33560e+04                                        9.36121e+05                                    7.27840e+04               
      166600            10.12885                            0.99735                                           0.03489                                      9.35017e+04                                        9.36433e+05                                    7.28739e+04               
      167100            10.10696                            0.99308                                           0.03959                                      9.31016e+04                                        9.37271e+05                                    7.28754e+04               
      167600            9.58143                             0.99342                                          -0.07420                                      9.31331e+04                                        9.37239e+05                                    7.29148e+04               
      168100            10.08984                            0.98841                                           0.03942                                      9.26632e+04                                        9.37633e+05                                    7.28457e+04               
      168600            10.05347                            0.98924                                           0.02092                                      9.27411e+04                                        9.37734e+05                                    7.28450e+04               
      169100            9.59721                             0.98921                                          -0.08110                                      9.27381e+04                                        9.37915e+05                                    7.29528e+04               
      169600            9.57776                             0.99020                                          -0.00757                                      9.28315e+04                                        9.38027e+05                                    7.27987e+04               
      170100            9.61281                             0.99390                                          -0.08542                                      9.31783e+04                                        9.38929e+05                                    7.30507e+04               
      170600            9.60481                             0.98695                                           0.04312                                      9.25263e+04                                        9.38748e+05                                    7.28819e+04               
      171100            9.64407                             0.99147                                          -0.08460                                      9.29504e+04                                        9.39401e+05                                    7.30010e+04               
      171600            9.60781                             0.99215                                           0.04298                                      9.30141e+04                                        9.39699e+05                                    7.28692e+04               
      172100            9.62274                             0.99876                                          -0.02441                                      9.36342e+04                                        9.40856e+05                                    7.29309e+04               
      172600            10.12451                            0.99309                                          -0.01135                                      9.31019e+04                                        9.40065e+05                                    7.27797e+04               
      173100            9.62191                             0.99796                                          -0.07270                                      9.35584e+04                                        9.41676e+05                                    7.31166e+04               
      173600            9.58985                             0.99282                                           0.03548                                      9.30770e+04                                        9.41792e+05                                    7.29063e+04               
      174100            10.18584                            0.99103                                          -0.07313                                      9.29086e+04                                        9.42383e+05                                    7.31914e+04               
      174600            10.06625                            0.98471                                           0.00073                                      9.23162e+04                                        9.41351e+05                                    7.28895e+04               
      175100            9.63747                             0.99647                                          -0.03768                                      9.34187e+04                                        9.43064e+05                                    7.31146e+04               
      175600            10.09323                            0.99167                                           0.00184                                      9.29689e+04                                        9.42759e+05                                    7.29275e+04               
      176100            9.60399                             0.99481                                          -0.03195                                      9.32638e+04                                        9.42382e+05                                    7.28497e+04               
      176600            9.57777                             0.99711                                          -0.04462                                      9.34791e+04                                        9.42823e+05                                    7.27460e+04               
      177100            9.58432                             0.99117                                           0.01277                                      9.29223e+04                                        9.44641e+05                                    7.29615e+04               
      177600            9.56862                             0.98823                                          -0.03289                                      9.26468e+04                                        9.43154e+05                                    7.28087e+04               
      178100            9.61679                             0.98782                                           0.06178                                      9.26083e+04                                        9.43793e+05                                    7.27510e+04               
      178600            10.11977                            0.99730                                          -0.05432                                      9.34966e+04                                        9.44421e+05                                    7.28009e+04               
      179100            9.59533                             0.99411                                           0.02031                                      9.31976e+04                                        9.45370e+05                                    7.27995e+04               
      179600            9.55830                             0.99851                                          -0.02484                                      9.36100e+04                                        9.45428e+05                                    7.27893e+04               
      180100            9.60837                             1.00064                                          -0.03618                                      9.38103e+04                                        9.46036e+05                                    7.28551e+04               
      180600            10.07683                            0.99401                                           0.08008                                      9.31886e+04                                        9.46148e+05                                    7.28031e+04               
      181100            9.59929                             0.99806                                           0.00961                                      9.35679e+04                                        9.46465e+05                                    7.28163e+04               
      181600            10.08189                            0.99584                                           0.02383                                      9.33603e+04                                        9.46062e+05                                    7.25774e+04               
      182100            9.62237                             1.00059                                          -0.03247                                      9.38052e+04                                        9.48194e+05                                    7.29008e+04               
      182600            10.10388                            0.99802                                           0.09780                                      9.35643e+04                                        9.46818e+05                                    7.27146e+04               
      183100            9.64105                             0.99043                                          -0.05607                                      9.28527e+04                                        9.47913e+05                                    7.28488e+04               
      183600            10.14789                            0.99206                                          -0.08837                                      9.30060e+04                                        9.49424e+05                                    7.30858e+04               
      184100            9.61523                             0.98632                                           0.02325                                      9.24675e+04                                        9.47649e+05                                    7.27591e+04               
      184600            10.07670                            0.98744                                          -0.08846                                      9.25723e+04                                        9.49437e+05                                    7.30504e+04               
      185100            9.52481                             0.98515                                          -0.00176                                      9.23581e+04                                        9.47718e+05                                    7.26790e+04               
      185600            10.09090                            0.98832                                          -0.03928                                      9.26551e+04                                        9.49024e+05                                    7.28548e+04               
      186100            9.57301                             0.99643                                          -0.01158                                      9.34156e+04                                        9.50074e+05                                    7.30037e+04               
      186600            10.08295                            0.99172                                           0.04097                                      9.29737e+04                                        9.49920e+05                                    7.28025e+04               
      187100            9.56893                             0.99981                                           0.03215                                      9.37326e+04                                        9.51087e+05                                    7.29137e+04               
      187600            9.53568                             0.99287                                           0.04720                                      9.30816e+04                                        9.50193e+05                                    7.26551e+04               
      188100            9.58027                             1.00340                                          -0.02600                                      9.40684e+04                                        9.51878e+05                                    7.29651e+04               
      188600            10.09103                            0.99583                                           0.03372                                      9.33589e+04                                        9.51620e+05                                    7.26361e+04               
      189100            9.56672                             1.00673                                           0.07427                                      9.43805e+04                                        9.51963e+05                                    7.27018e+04               
      189600            10.07207                            1.00538                                           0.07955                                      9.42540e+04                                        9.52681e+05                                    7.27258e+04               
      190100            9.60834                             0.99928                                           0.03071                                      9.36826e+04                                        9.51688e+05                                    7.26065e+04               
      190600            9.62762                             0.99646                                           0.02858                                      9.34181e+04                                        9.52876e+05                                    7.28961e+04               
      191100            9.57254                             0.99204                                          -0.04247                                      9.30034e+04                                        9.53618e+05                                    7.28654e+04               
      191600            10.06748                            0.99870                                           0.02738                                      9.36279e+04                                        9.52475e+05                                    7.27112e+04               
      192100            9.62688                             0.99030                                          -0.02847                                      9.28411e+04                                        9.53828e+05                                    7.27647e+04               
      192600            10.08105                            0.98985                                          -0.00316                                      9.27985e+04                                        9.53328e+05                                    7.25236e+04               
      193100            10.10926                            0.99288                                          -0.06356                                      9.30826e+04                                        9.54553e+05                                    7.28331e+04               
      193600            9.58767                             0.99392                                          -0.00204                                      9.31795e+04                                        9.54371e+05                                    7.26595e+04               
      194100            9.58923                             0.99534                                           0.05872                                      9.33130e+04                                        9.55676e+05                                    7.28013e+04               
      194600            10.07828                            0.99450                                          -0.03204                                      9.32344e+04                                        9.55511e+05                                    7.27533e+04               
      195100            9.58401                             0.98860                                          -0.00350                                      9.26810e+04                                        9.54934e+05                                    7.26054e+04               
      195600            9.62179                             0.99609                                           0.01411                                      9.33838e+04                                        9.57008e+05                                    7.29248e+04               
      196100            9.56004                             0.99100                                           0.01814                                      9.29063e+04                                        9.56185e+05                                    7.27409e+04               
      196600            10.07814                            0.98590                                           0.02080                                      9.24283e+04                                        9.56000e+05                                    7.25942e+04               
      197100            10.10955                            0.99495                                           0.04365                                      9.32770e+04                                        9.57391e+05                                    7.27742e+04               
      197600            9.56209                             0.99474                                           0.00948                                      9.32567e+04                                        9.56396e+05                                    7.25453e+04               
      198100            9.59339                             0.99276                                           0.02168                                      9.30710e+04                                        9.57007e+05                                    7.25646e+04               
      198600            9.55452                             0.99970                                           0.02453                                      9.37216e+04                                        9.57189e+05                                    7.26228e+04               
      199100            9.61992                             1.00131                                          -0.00385                                      9.38731e+04                                        9.58633e+05                                    7.27748e+04               
      199600            9.60092                             0.99592                                           0.07789                                      9.33679e+04                                        9.57828e+05                                    7.25952e+04               
      200100            9.59496                             0.99416                                          -0.01089                                      9.32022e+04                                        9.58549e+05                                    7.27801e+04               
      200600            9.59527                             0.99760                                           0.06495                                      9.35252e+04                                        9.58992e+05                                    7.28069e+04               
      201100            9.61605                             0.99112                                          -0.05932                                      9.29172e+04                                        9.59493e+05                                    7.27604e+04               
      201600            9.54087                             0.99605                                          -0.00208                                      9.33798e+04                                        9.59469e+05                                    7.27141e+04               
      202100            9.57931                             0.99616                                           0.00754                                      9.33901e+04                                        9.60170e+05                                    7.27388e+04               
      202600            9.60012                             0.99613                                           0.04206                                      9.33874e+04                                        9.59573e+05                                    7.25888e+04               
      203100            9.53448                             0.99256                                           0.07236                                      9.30528e+04                                        9.59702e+05                                    7.25004e+04               
      203600            9.61944                             0.99851                                           0.04109                                      9.36101e+04                                        9.60581e+05                                    7.26402e+04               
      204100            9.57737                             0.99374                                          -0.05901                                      9.31631e+04                                        9.60841e+05                                    7.26087e+04               
      204600            9.60180                             0.99483                                           0.00211                                      9.32655e+04                                        9.61163e+05                                    7.26399e+04               
      205100            9.62639                             1.00164                                          -0.02199                                      9.39041e+04                                        9.62870e+05                                    7.28217e+04               
      205600            9.59107                             0.99211                                           0.03080                                      9.30102e+04                                        9.62653e+05                                    7.27212e+04               
      206100            10.03089                            0.99078                                           0.03302                                      9.28852e+04                                        9.61640e+05                                    7.25264e+04               
      206600            9.58423                             0.98996                                          -0.03782                                      9.28091e+04                                        9.62584e+05                                    7.27603e+04               
      207100            9.56338                             0.98136                                          -0.13858                                      9.20029e+04                                        9.62492e+05                                    7.27771e+04               
      207600            9.59248                             0.98079                                           0.01373                                      9.19487e+04                                        9.62367e+05                                    7.26527e+04               
      208100            9.59768                             0.98735                                          -0.13513                                      9.25642e+04                                        9.63094e+05                                    7.27643e+04               
      208600            9.58303                             0.99502                                          -0.08298                                      9.32833e+04                                        9.64384e+05                                    7.29235e+04               
      209100            10.07292                            0.99068                                          -0.00186                                      9.28762e+04                                        9.64074e+05                                    7.26634e+04               
      209600            10.07502                            0.99588                                          -0.05125                                      9.33638e+04                                        9.64806e+05                                    7.27831e+04               
      210100            9.61141                             0.99943                                           0.04405                                      9.36963e+04                                        9.65090e+05                                    7.26989e+04               
      210600            9.59039                             0.99600                                          -0.00705                                      9.33754e+04                                        9.66369e+05                                    7.27864e+04               
      211100            9.57992                             0.99801                                           0.10123                                      9.35634e+04                                        9.65119e+05                                    7.25124e+04               
      211600            9.55510                             1.00170                                           0.05663                                      9.39094e+04                                        9.65918e+05                                    7.26543e+04               
      212100            9.59771                             0.99572                                          -0.04220                                      9.33491e+04                                        9.65859e+05                                    7.26098e+04               
      212600            9.57754                             0.99886                                          -0.11103                                      9.36434e+04                                        9.66733e+05                                    7.28314e+04               
      213100            9.57049                             0.99120                                          -0.04433                                      9.29254e+04                                        9.65709e+05                                    7.25594e+04               
      213600            10.06342                            0.99238                                          -0.06177                                      9.30354e+04                                        9.67463e+05                                    7.27655e+04               
      214100            9.56283                             0.99714                                          -0.01466                                      9.34818e+04                                        9.67090e+05                                    7.26325e+04               
      214600            9.55202                             0.99036                                           0.03289                                      9.28462e+04                                        9.67777e+05                                    7.25624e+04               
      215100            9.09297                             0.99570                                           0.02216                                      9.33473e+04                                        9.67374e+05                                    7.25917e+04               
      215600            10.07162                            0.99063                                          -0.01540                                      9.28712e+04                                        9.66659e+05                                    7.24201e+04               
      216100            9.59714                             0.98703                                           0.01596                                      9.25338e+04                                        9.67869e+05                                    7.25554e+04               
      216600            9.55839                             0.99253                                          -0.03351                                      9.30497e+04                                        9.68211e+05                                    7.26021e+04               
      217100            9.57732                             0.99520                                          -0.08018                                      9.32998e+04                                        9.69342e+05                                    7.27478e+04               
      217600            10.10160                            0.99076                                           0.01823                                      9.28840e+04                                        9.67895e+05                                    7.23702e+04               
      218100            10.08996                            0.99487                                           0.03122                                      9.32692e+04                                        9.68941e+05                                    7.25899e+04               
      218600            9.56960                             0.99186                                          -0.01135                                      9.29864e+04                                        9.69193e+05                                    7.26104e+04               
      219100            9.60101                             1.00379                                          -0.03824                                      9.41054e+04                                        9.69957e+05                                    7.27123e+04               
      219600            10.03617                            0.99744                                           0.02676                                      9.35099e+04                                        9.69672e+05                                    7.23427e+04               
      220100            9.55185                             0.99657                                           0.03831                                      9.34282e+04                                        9.71002e+05                                    7.25173e+04               
      220600            10.03888                            0.99650                                           0.04579                                      9.34220e+04                                        9.69959e+05                                    7.24181e+04               
      221100            9.56732                             0.99118                                          -0.01153                                      9.29227e+04                                        9.70186e+05                                    7.25902e+04               
      221600            9.55889                             0.99507                                           0.00917                                      9.32874e+04                                        9.70108e+05                                    7.25117e+04               
      222100            9.58079                             0.99235                                          -0.03664                                      9.30326e+04                                        9.70734e+05                                    7.25949e+04               
      222600            10.07472                            0.99350                                          -0.02505                                      9.31406e+04                                        9.72222e+05                                    7.27352e+04               
      223100            9.56914                             0.98866                                           0.05053                                      9.26865e+04                                        9.71495e+05                                    7.24832e+04               
      223600            9.59075                             0.98821                                           0.00687                                      9.26449e+04                                        9.71974e+05                                    7.25946e+04               
      224100            10.09614                            0.99498                                          -0.02658                                      9.32789e+04                                        9.72647e+05                                    7.26530e+04               
      224600            10.06390                            0.99157                                          -0.10716                                      9.29601e+04                                        9.73093e+05                                    7.28170e+04               
      225100            10.05598                            0.98614                                          -0.04609                                      9.24509e+04                                        9.71762e+05                                    7.25669e+04               
      225600            9.55554                             0.98539                                          -0.00851                                      9.23806e+04                                        9.74362e+05                                    7.27840e+04               
      226100            9.58804                             0.98570                                          -0.08319                                      9.24098e+04                                        9.73585e+05                                    7.27065e+04               
      226600            10.08348                            0.98741                                          -0.05421                                      9.25698e+04                                        9.73958e+05                                    7.26547e+04               
      227100            9.55106                             0.99918                                           0.03513                                      9.36728e+04                                        9.74049e+05                                    7.24759e+04               
      227600            9.55023                             0.99650                                           0.03068                                      9.34220e+04                                        9.74196e+05                                    7.24775e+04               
      228100            9.09648                             1.00338                                          -0.05841                                      9.40667e+04                                        9.75415e+05                                    7.27295e+04               
      228600            9.53764                             0.99482                                           0.09955                                      9.32640e+04                                        9.74926e+05                                    7.24640e+04               
      229100            9.55773                             0.99861                                           0.00716                                      9.36202e+04                                        9.74377e+05                                    7.25051e+04               
      229600            9.56379                             0.99548                                          -0.02030                                      9.33263e+04                                        9.74580e+05                                    7.25179e+04               
      230100            9.56317                             0.99295                                          -0.03488                                      9.30887e+04                                        9.75764e+05                                    7.26632e+04               
      230600            10.05498                            0.99332                                           0.07090                                      9.31237e+04                                        9.75007e+05                                    7.24221e+04               
      231100            9.58431                             0.99910                                           0.02037                                      9.36654e+04                                        9.76650e+05                                    7.26863e+04               
      231600            9.55174                             0.98986                                          -0.06721                                      9.27992e+04                                        9.75524e+05                                    7.24679e+04               
      232100            9.59010                             0.98937                                          -0.08549                                      9.27532e+04                                        9.77432e+05                                    7.27786e+04               
      232600            9.53799                             0.98447                                           0.00296                                      9.22945e+04                                        9.76355e+05                                    7.25259e+04               
      233100            9.56736                             0.98415                                          -0.02416                                      9.22644e+04                                        9.76791e+05                                    7.25527e+04               
      233600            9.52560                             0.98818                                          -0.09353                                      9.26415e+04                                        9.78189e+05                                    7.27937e+04               
      234100            10.10319                            0.99153                                           0.04306                                      9.29564e+04                                        9.77646e+05                                    7.26285e+04               
      234600            10.09972                            0.99673                                           0.06046                                      9.34438e+04                                        9.78152e+05                                    7.26601e+04               
      235100            9.55498                             0.98962                                           0.00625                                      9.27771e+04                                        9.77864e+05                                    7.25776e+04               
      235600            9.55623                             0.99085                                          -0.03247                                      9.28924e+04                                        9.78605e+05                                    7.27646e+04               
      236100            9.57783                             0.98154                                          -0.01010                                      9.20196e+04                                        9.77802e+05                                    7.24610e+04               
      236600            9.56043                             0.98879                                          -0.06550                                      9.26993e+04                                        9.79582e+05                                    7.28090e+04               
      237100            9.56006                             0.98883                                           0.00310                                      9.27031e+04                                        9.78599e+05                                    7.25495e+04               
      237600            9.58663                             0.99987                                          -0.00274                                      9.37380e+04                                        9.79022e+05                                    7.26001e+04               
      238100            9.58109                             0.99474                                          -0.04382                                      9.32571e+04                                        9.79601e+05                                    7.26088e+04               
      238600            9.55963                             0.99274                                           0.04317                                      9.30692e+04                                        9.78952e+05                                    7.24497e+04               
      239100            9.53558                             0.99666                                          -0.01929                                      9.34365e+04                                        9.80370e+05                                    7.25554e+04               
      239600            9.54897                             0.99510                                           0.00091                                      9.32904e+04                                        9.79912e+05                                    7.24410e+04               
      240100            9.56293                             0.99933                                           0.02109                                      9.36876e+04                                        9.80513e+05                                    7.26099e+04               
      240600            10.06256                            0.99236                                          -0.02221                                      9.30336e+04                                        9.80025e+05                                    7.24008e+04               
      241100            9.54303                             0.98951                                          -0.02243                                      9.27668e+04                                        9.80554e+05                                    7.24413e+04               
      241600            9.52327                             0.98176                                           0.00043                                      9.20397e+04                                        9.80797e+05                                    7.23731e+04               
      242100            9.53024                             0.98885                                           0.03193                                      9.27050e+04                                        9.81391e+05                                    7.25484e+04               
      242600            10.04732                            0.99650                                           0.01642                                      9.34222e+04                                        9.81924e+05                                    7.25508e+04               
      243100            9.55689                             0.99370                                           0.09292                                      9.31596e+04                                        9.81874e+05                                    7.23681e+04               
      243600            10.04547                            0.99472                                           0.07047                                      9.32548e+04                                        9.82622e+05                                    7.23878e+04               
      244100            9.54219                             0.99920                                           0.07071                                      9.36747e+04                                        9.82644e+05                                    7.24336e+04               
      244600            9.52547                             1.00308                                           0.04202                                      9.40389e+04                                        9.83804e+05                                    7.25229e+04               
      245100            9.56509                             0.99535                                           0.03099                                      9.33141e+04                                        9.83618e+05                                    7.24943e+04               
      245600            9.55778                             0.99014                                           0.10657                                      9.28256e+04                                        9.83083e+05                                    7.23540e+04               
      246100            9.56135                             0.98909                                          -0.04442                                      9.27271e+04                                        9.83353e+05                                    7.25350e+04               
      246600            10.03754                            0.98512                                           0.01164                                      9.23547e+04                                        9.83451e+05                                    7.24712e+04               
      247100            9.52559                             0.99450                                          -0.02048                                      9.32345e+04                                        9.84015e+05                                    7.25920e+04               
      247600            10.04200                            0.98988                                          -0.04378                                      9.28013e+04                                        9.83584e+05                                    7.24485e+04               
      248100            9.54082                             0.98634                                          -0.00137                                      9.24693e+04                                        9.84543e+05                                    7.23863e+04               
      248600            10.07361                            1.00037                                          -0.10343                                      9.37848e+04                                        9.85640e+05                                    7.25943e+04               
      249100            9.56984                             0.99125                                           0.02393                                      9.29293e+04                                        9.84525e+05                                    7.23935e+04               
      249600            10.05856                            0.99410                                           0.05682                                      9.31971e+04                                        9.85840e+05                                    7.25689e+04               
      250100            10.06481                            0.99440                                          -0.00488                                      9.32246e+04                                        9.86185e+05                                    7.25826e+04               
      250600            9.51588                             0.99040                                           0.03219                                      9.28501e+04                                        9.85424e+05                                    7.23498e+04               
      251100            9.56351                             0.99222                                           0.00786                                      9.30209e+04                                        9.86613e+05                                    7.24925e+04               
      251600            9.52462                             0.99884                                           0.03276                                      9.36415e+04                                        9.87020e+05                                    7.25346e+04               
      252100            9.50180                             0.99098                                           0.05022                                      9.29047e+04                                        9.85643e+05                                    7.22553e+04               
      252600            9.57205                             0.99787                                           0.02125                                      9.35507e+04                                        9.86556e+05                                    7.24648e+04               
      253100            9.55687                             0.99682                                          -0.03610                                      9.34520e+04                                        9.86916e+05                                    7.25061e+04               
      253600            9.52978                             0.99259                                           0.01799                                      9.30557e+04                                        9.87191e+05                                    7.23710e+04               
      254100            10.02599                            0.99453                                          -0.02446                                      9.32373e+04                                        9.86864e+05                                    7.23942e+04               
      254600            9.99704                             0.99549                                           0.03551                                      9.33268e+04                                        9.87398e+05                                    7.23808e+04               
      255100            9.52244                             0.99220                                           0.09777                                      9.30192e+04                                        9.87483e+05                                    7.23084e+04               
      255600            9.52124                             0.99475                                          -0.02829                                      9.32582e+04                                        9.88175e+05                                    7.24138e+04               
      256100            9.55484                             0.99629                                           0.04221                                      9.34024e+04                                        9.87992e+05                                    7.23746e+04               
      256600            9.52813                             0.99544                                           0.07194                                      9.33224e+04                                        9.88601e+05                                    7.23100e+04               
      257100            9.54113                             0.99445                                          -0.02310                                      9.32294e+04                                        9.88905e+05                                    7.23535e+04               
      257600            9.55633                             0.98952                                          -0.04424                                      9.27679e+04                                        9.88871e+05                                    7.23922e+04               
      258100            9.56654                             0.98783                                           0.02664                                      9.26094e+04                                        9.88038e+05                                    7.21283e+04               
      258600            9.51420                             0.99145                                          -0.01852                                      9.29488e+04                                        9.89846e+05                                    7.23577e+04               
      259100            9.53513                             0.99851                                          -0.05507                                      9.36106e+04                                        9.89869e+05                                    7.24276e+04               
      259600            9.50343                             0.99303                                          -0.00342                                      9.30970e+04                                        9.89974e+05                                    7.24720e+04               
      260100            10.03582                            0.98693                                          -0.00726                                      9.25247e+04                                        9.89481e+05                                    7.22731e+04               
      260600            9.51656                             1.00020                                          -0.03754                                      9.37690e+04                                        9.90785e+05                                    7.25096e+04               
      261100            9.54447                             0.99994                                           0.07173                                      9.37445e+04                                        9.90254e+05                                    7.23095e+04               
      261600            10.04432                            1.00046                                           0.08076                                      9.37932e+04                                        9.90982e+05                                    7.23949e+04               
      262100            9.55198                             1.00243                                           0.06056                                      9.39781e+04                                        9.91037e+05                                    7.23371e+04               
      262600            9.52544                             1.00449                                           0.09589                                      9.41707e+04                                        9.90746e+05                                    7.21822e+04               
      263100            9.54160                             1.00027                                          -0.05231                                      9.37754e+04                                        9.90893e+05                                    7.23171e+04               
      263600            9.53844                             0.99146                                           0.11066                                      9.29498e+04                                        9.90089e+05                                    7.20995e+04               
      264100            9.54709                             0.99405                                          -0.09375                                      9.31920e+04                                        9.92129e+05                                    7.24812e+04               
      264600            10.03199                            0.98915                                          -0.10062                                      9.27326e+04                                        9.91840e+05                                    7.24757e+04               
      265100            9.57355                             0.98648                                           0.01139                                      9.24821e+04                                        9.91588e+05                                    7.23126e+04               
      265600            9.55539                             0.99224                                          -0.02566                                      9.30225e+04                                        9.92501e+05                                    7.22891e+04               
      266100            9.50954                             0.99618                                           0.05025                                      9.33923e+04                                        9.92740e+05                                    7.22435e+04               
      266600            10.01707                            0.98955                                           0.06249                                      9.27705e+04                                        9.91177e+05                                    7.21268e+04               
      267100            9.52777                             0.99612                                           0.02913                                      9.33862e+04                                        9.93632e+05                                    7.24303e+04               
      267600            9.53320                             0.99821                                           0.01289                                      9.35818e+04                                        9.94317e+05                                    7.23694e+04               
      268100            9.54975                             1.00423                                           0.05840                                      9.41462e+04                                        9.93963e+05                                    7.22671e+04               
      268600            9.56086                             1.00499                                          -0.02305                                      9.42180e+04                                        9.94384e+05                                    7.22997e+04               
      269100            9.57856                             0.99876                                           0.04011                                      9.36333e+04                                        9.95183e+05                                    7.23503e+04               
      269600            9.46362                             0.99504                                           0.05590                                      9.32848e+04                                        9.94407e+05                                    7.22194e+04               
      270100            9.53161                             1.00034                                           0.02491                                      9.37820e+04                                        9.95232e+05                                    7.23260e+04               
      270600            9.50056                             1.00024                                           0.07792                                      9.37723e+04                                        9.93857e+05                                    7.21252e+04               
      271100            9.99533                             1.00044                                        -1.29619e-04                                    9.37915e+04                                        9.95766e+05                                    7.24267e+04               
      271600            10.03649                            0.98649                                           0.05454                                      9.24833e+04                                        9.95135e+05                                    7.21439e+04               
      272100            9.52355                             0.99191                                          -0.05852                                      9.29917e+04                                        9.96917e+05                                    7.24536e+04               
      272600            10.03828                            0.99106                                          -0.01953                                      9.29120e+04                                        9.95911e+05                                    7.23334e+04               
      273100            9.48581                             0.99501                                           0.06612                                      9.32819e+04                                        9.95030e+05                                    7.20599e+04               
      273600            10.07974                            0.99772                                           0.02960                                      9.35365e+04                                        9.97804e+05                                    7.24548e+04               
      274100            9.53536                             0.99297                                          -0.02741                                      9.30905e+04                                        9.95723e+05                                    7.22017e+04               
      274600            9.97138                             0.99521                                           0.07224                                      9.33006e+04                                        9.95861e+05                                    7.20665e+04               
      275100            10.01577                            0.99886                                           0.05297                                      9.36430e+04                                        9.97364e+05                                    7.22583e+04               
      275600            9.53544                             0.99986                                           0.06610                                      9.37373e+04                                        9.96317e+05                                    7.20154e+04               
      276100            10.04164                            1.00699                                           0.05984                                      9.44050e+04                                        9.97362e+05                                    7.21745e+04               
      276600            9.52095                             1.00322                                           0.07509                                      9.40515e+04                                        9.98101e+05                                    7.21634e+04               
      277100            9.46154                             0.99815                                          -0.05675                                      9.35767e+04                                        9.98030e+05                                    7.23622e+04               
      277600            9.51871                             0.98701                                          -0.04718                                      9.25325e+04                                        9.97987e+05                                    7.24388e+04               
      278100            9.55880                             0.98793                                           0.01759                                      9.26182e+04                                        9.97595e+05                                    7.23447e+04               
      278600            9.52298                             0.99045                                          -0.01956                                      9.28548e+04                                        9.99434e+05                                    7.24616e+04               
      279100            9.53417                             0.99796                                           0.06341                                      9.35588e+04                                        9.98886e+05                                    7.22543e+04               
      279600            9.51955                             0.99853                                           0.06099                                      9.36126e+04                                        9.98881e+05                                    7.22772e+04               
      280100            10.11185                            0.99477                                          -0.05738                                      9.32595e+04                                        1.00044e+06                                    7.26551e+04               
      280600            9.98384                             0.98372                                           0.05851                                      9.22238e+04                                        9.98319e+05                                    7.21796e+04               
      281100            9.52415                             0.99162                                           0.03181                                      9.29642e+04                                        1.00008e+06                                    7.23027e+04               
      281600            10.04025                            0.99730                                           0.00715                                      9.34973e+04                                        9.99822e+05                                    7.23829e+04               
      282100            9.50099                             0.99112                                           0.00956                                      9.29174e+04                                        9.99525e+05                                    7.23068e+04               
      282600            9.49904                             0.99239                                          -0.00711                                      9.30367e+04                                        1.00039e+06                                    7.23849e+04               
      283100            9.56559                             0.99253                                           0.01877                                      9.30498e+04                                        1.00054e+06                                    7.24134e+04               
      283600            10.09872                            0.99143                                           0.01796                                      9.29469e+04                                        1.00058e+06                                    7.23816e+04               
      284100            10.01740                            0.98929                                          -0.02398                                      9.27460e+04                                        1.00026e+06                                    7.23717e+04               
      284600            9.51078                             0.99243                                           0.05456                                      9.30407e+04                                        1.00094e+06                                    7.22584e+04               
      285100            9.54427                             0.99281                                          -0.09516                                      9.30762e+04                                        1.00165e+06                                    7.24067e+04               
      285600            10.05576                            0.98980                                          -0.05832                                      9.27941e+04                                        1.00121e+06                                    7.24101e+04               
      286100            9.54448                             0.99083                                          -0.05835                                      9.28902e+04                                        1.00080e+06                                    7.23139e+04               
      286600            10.03726                            0.99975                                          -0.01188                                      9.37264e+04                                        1.00144e+06                                    7.22967e+04               
      287100            10.02902                            0.99218                                           0.00850                                      9.30169e+04                                        1.00189e+06                                    7.24253e+04               
      287600            9.53572                             0.98935                                          -0.04968                                      9.27515e+04                                        1.00158e+06                                    7.25050e+04               
      288100            9.54709                             0.98985                                          -0.06354                                      9.27988e+04                                        1.00125e+06                                    7.23300e+04               
      288600            10.05014                            0.99135                                          -0.02824                                      9.29395e+04                                        1.00183e+06                                    7.23020e+04               
      289100            9.52976                             0.99055                                          -0.02986                                      9.28637e+04                                        1.00256e+06                                    7.23978e+04               
      289600            9.54727                             0.98805                                          -0.02689                                      9.26301e+04                                        1.00235e+06                                    7.24105e+04               
      290100            9.53420                             0.98399                                           0.00034                                      9.22488e+04                                        1.00212e+06                                    7.22471e+04               
      290600            10.00698                            0.99487                                           0.03718                                      9.32688e+04                                        1.00276e+06                                    7.23584e+04               
      291100            9.51301                             0.99103                                          -0.04364                                      9.29092e+04                                        1.00322e+06                                    7.24672e+04               
      291600            10.08441                            0.98609                                          -0.07848                                      9.24462e+04                                        1.00278e+06                                    7.23741e+04               
      292100            9.47365                             0.99149                                           0.00801                                      9.29520e+04                                        1.00372e+06                                    7.23698e+04               
      292600            9.98633                             1.00039                                           0.17513                                      9.37862e+04                                        1.00413e+06                                    7.21399e+04               
      293100            9.52141                             1.00622                                           0.07331                                      9.43335e+04                                        1.00391e+06                                    7.21756e+04               
      293600            9.33806                             0.99960                                           0.00330                                      9.37128e+04                                        1.00339e+06                                    7.21279e+04               
      294100            9.55778                             1.00231                                           0.11807                                      9.39665e+04                                        1.00320e+06                                    7.20881e+04               
      294600            10.04150                            0.99169                                          -0.02988                                      9.29711e+04                                        1.00432e+06                                    7.22873e+04               
      295100            9.99662                             0.99036                                           0.03949                                      9.28459e+04                                        1.00345e+06                                    7.21671e+04               
      295600            9.54603                             0.99679                                          -0.01249                                      9.34487e+04                                        1.00495e+06                                    7.24147e+04               
      296100            9.55577                             0.98634                                          -0.00836                                      9.24695e+04                                        1.00379e+06                                    7.22298e+04               
      296600            10.07687                            0.98771                                          -0.06883                                      9.25981e+04                                        1.00401e+06                                    7.23277e+04               
      297100            9.49905                             0.99233                                          -0.06554                                      9.30305e+04                                        1.00486e+06                                    7.24003e+04               
      297600            9.48925                             0.98439                                          -0.03678                                      9.22866e+04                                        1.00368e+06                                    7.21988e+04               
      298100            10.05585                            0.98938                                           0.03909                                      9.27546e+04                                        1.00444e+06                                    7.23199e+04               
      298600            10.03388                            0.99102                                           0.00612                                      9.29081e+04                                        1.00500e+06                                    7.22793e+04               
      299100            9.51926                             0.98827                                          -0.02827                                      9.26504e+04                                        1.00506e+06                                    7.22929e+04               
      299600            9.56032                             0.98874                                           0.00505                                      9.26941e+04                                        1.00515e+06                                    7.22650e+04               
      300100            9.50276                             0.99743                                           0.00286                                      9.35093e+04                                        1.00606e+06                                    7.23591e+04               
      300600            10.03582                            0.99570                                          -0.02155                                      9.33472e+04                                        1.00511e+06                                    7.21124e+04               
      301100            9.53341                             0.99885                                           0.02107                                      9.36422e+04                                        1.00571e+06                                    7.22088e+04               
      301600            10.03482                            0.99314                                           0.02182                                      9.31069e+04                                        1.00589e+06                                    7.22430e+04               
      302100            10.01187                            0.98525                                           0.05881                                      9.23668e+04                                        1.00517e+06                                    7.20272e+04               
      302600            10.00144                            0.99222                                          -0.02663                                      9.30207e+04                                        1.00570e+06                                    7.21932e+04               
      303100            9.51872                             0.99172                                          -0.05932                                      9.29740e+04                                        1.00589e+06                                    7.21100e+04               
      303600            9.51796                             0.99572                                           0.02050                                      9.33492e+04                                        1.00631e+06                                    7.21906e+04               
      304100            9.51955                             0.99116                                           0.01434                                      9.29208e+04                                        1.00647e+06                                    7.21255e+04               
      304600            9.52562                             0.99570                                           0.00308                                      9.33465e+04                                        1.00639e+06                                    7.20922e+04               
      305100            9.54435                             0.99902                                          -0.00420                                      9.36586e+04                                        1.00687e+06                                    7.21542e+04               
      305600            10.03444                            0.99141                                           0.05069                                      9.29448e+04                                        1.00725e+06                                    7.22104e+04               
      306100            9.54265                             0.99538                                           0.00514                                      9.33168e+04                                        1.00762e+06                                    7.22142e+04               
      306600            9.53738                             0.99248                                          -0.06763                                      9.30453e+04                                        1.00744e+06                                    7.23115e+04               
      307100            9.55399                             0.98626                                          -0.05343                                      9.24616e+04                                        1.00689e+06                                    7.22061e+04               
      307600            9.53463                             0.99350                                          -0.02753                                      9.31407e+04                                        1.00839e+06                                    7.24359e+04               
      308100            9.52754                             0.98166                                           0.10519                                      9.20303e+04                                        1.00783e+06                                    7.20292e+04               
      308600            10.05092                            0.99466                                          -0.00461                                      9.32493e+04                                        1.00819e+06                                    7.23015e+04               
      309100            9.56488                             0.99261                                          -0.03234                                      9.30570e+04                                        1.00858e+06                                    7.22355e+04               
      309600            9.48776                             0.99663                                           0.04355                                      9.34343e+04                                        1.00879e+06                                    7.22147e+04               
      310100            9.52356                             0.99630                                          -0.01919                                      9.34029e+04                                        1.00812e+06                                    7.21474e+04               
      310600            9.53954                             0.99049                                          -0.02808                                      9.28580e+04                                        1.00888e+06                                    7.23197e+04               
      311100            9.50496                             0.98253                                           0.02734                                      9.21120e+04                                        1.00758e+06                                    7.19947e+04               
      311600            9.54329                             0.99808                                          -0.05428                                      9.35702e+04                                        1.00946e+06                                    7.23181e+04               
      312100            10.08490                            0.99466                                          -0.04796                                      9.32496e+04                                        1.00926e+06                                    7.22533e+04               
      312600            9.99861                             0.99175                                           0.09647                                      9.29768e+04                                        1.00849e+06                                    7.20627e+04               
      313100            10.03600                            0.99639                                          -0.04835                                      9.34113e+04                                        1.01070e+06                                    7.23387e+04               
      313600            9.50990                             0.99510                                          -0.02694                                      9.32905e+04                                        1.00994e+06                                    7.22103e+04               
      314100            9.53511                             0.99551                                          -0.03969                                      9.33293e+04                                        1.01008e+06                                    7.23276e+04               
      314600            9.52848                             0.99322                                          -0.05827                                      9.31147e+04                                        1.01034e+06                                    7.22571e+04               
      315100            9.99068                             0.99191                                          -0.04650                                      9.29913e+04                                        1.01116e+06                                    7.22845e+04               
      315600            9.50318                             0.99754                                          -0.01320                                      9.35193e+04                                        1.01125e+06                                    7.23114e+04               
      316100            9.51769                             0.99228                                           0.04908                                      9.30267e+04                                        1.01116e+06                                    7.21668e+04               
      316600            9.51638                             0.99024                                          -0.07362                                      9.28351e+04                                        1.01145e+06                                    7.23685e+04               
      317100            9.55135                             0.98014                                          -0.03495                                      9.18880e+04                                        1.01144e+06                                    7.23078e+04               
      317600            10.02729                            0.98706                                          -0.02249                                      9.25368e+04                                        1.01142e+06                                    7.23261e+04               
      318100            9.48808                             0.99122                                          -0.06593                                      9.29266e+04                                        1.01029e+06                                    7.21578e+04               
      318600            10.04503                            0.99910                                          -0.00773                                      9.36661e+04                                        1.01299e+06                                    7.24591e+04               
      319100            9.51970                             0.99297                                           0.12419                                      9.30913e+04                                        1.01151e+06                                    7.21157e+04               
      319600            9.48972                             0.99450                                          -0.02417                                      9.32348e+04                                        1.01245e+06                                    7.22803e+04               
      320100            9.56136                             0.99212                                          -0.02183                                      9.30113e+04                                        1.01212e+06                                    7.22281e+04               
      320600            9.99444                             0.99704                                          -0.04603                                      9.34724e+04                                        1.01258e+06                                    7.23190e+04               
      321100            9.53533                             0.99575                                          -0.07919                                      9.33512e+04                                        1.01282e+06                                    7.23010e+04               
      321600            9.53852                             0.99268                                          -0.07304                                      9.30640e+04                                        1.01261e+06                                    7.23271e+04               
      322100            9.56110                             0.99265                                           0.04883                                      9.30605e+04                                        1.01266e+06                                    7.21592e+04               
      322600            10.01055                            0.99346                                           0.05002                                      9.31373e+04                                        1.01328e+06                                    7.22218e+04               
      323100            9.51136                             0.99283                                          -0.01637                                      9.30782e+04                                        1.01277e+06                                    7.22949e+04               
      323600            9.56082                             0.98467                                          -0.08062                                      9.23130e+04                                        1.01275e+06                                    7.22873e+04               
      324100            9.51990                             0.98611                                          -0.12714                                      9.24482e+04                                        1.01286e+06                                    7.23230e+04               
      324600            10.06022                            0.98966                                          -0.06313                                      9.27802e+04                                        1.01316e+06                                    7.22882e+04               
      325100            9.49234                             0.98782                                          -0.06366                                      9.26084e+04                                        1.01382e+06                                    7.23018e+04               
      325600            9.49916                             0.99019                                          -0.08860                                      9.28299e+04                                        1.01353e+06                                    7.23103e+04               
      326100            9.54452                             0.98694                                          -0.06599                                      9.25256e+04                                        1.01373e+06                                    7.23294e+04               
      326600            9.54514                             0.98758                                          -0.05162                                      9.25853e+04                                        1.01321e+06                                    7.22342e+04               
      327100            9.52491                             0.98772                                          -0.08797                                      9.25984e+04                                        1.01433e+06                                    7.23081e+04               
      327600            10.00487                            0.99060                                          -0.00974                                      9.28691e+04                                        1.01281e+06                                    7.19227e+04               
      328100            9.49019                             0.99423                                           0.00862                                      9.32090e+04                                        1.01453e+06                                    7.22190e+04               
      328600            9.48624                             0.99332                                           0.01260                                      9.31239e+04                                        1.01402e+06                                    7.21318e+04               
      329100            9.51878                             1.00010                                           0.06328                                      9.37590e+04                                        1.01461e+06                                    7.21145e+04               
      329600            10.02044                            0.99389                                          -0.06069                                      9.31770e+04                                        1.01457e+06                                    7.21808e+04               
      330100            9.50369                             0.98895                                          -0.03410                                      9.27137e+04                                        1.01362e+06                                    7.20817e+04               
      330600            9.52093                             0.99093                                          -0.04156                                      9.29001e+04                                        1.01530e+06                                    7.23327e+04               
      331100            9.51063                             0.99065                                          -0.05599                                      9.28736e+04                                        1.01493e+06                                    7.21972e+04               
      331600            10.07290                            0.99597                                           0.03337                                      9.33722e+04                                        1.01542e+06                                    7.21607e+04               
      332100            9.55389                             0.99158                                          -0.01533                                      9.29606e+04                                        1.01514e+06                                    7.22148e+04               
      332600            10.03555                            0.99087                                           0.07744                                      9.28942e+04                                        1.01487e+06                                    7.19215e+04               
      333100            9.50918                             0.99973                                          -0.01680                                      9.37244e+04                                        1.01634e+06                                    7.22025e+04               
      333600            10.03955                            0.99237                                          -0.03242                                      9.30349e+04                                        1.01531e+06                                    7.20633e+04               
      334100            9.52615                             0.98994                                          -0.05364                                      9.28071e+04                                        1.01648e+06                                    7.24142e+04               
      334600            9.52397                             0.98740                                           0.07140                                      9.25692e+04                                        1.01582e+06                                    7.21588e+04               
      335100            9.54409                             0.99256                                          -0.02276                                      9.30528e+04                                        1.01619e+06                                    7.21940e+04               
      335600            9.56440                             0.99279                                           0.04696                                      9.30738e+04                                        1.01695e+06                                    7.22991e+04               
      336100            9.50838                             0.99564                                          -0.00786                                      9.33411e+04                                        1.01595e+06                                    7.21776e+04               
      336600            9.99881                             0.99208                                          -0.03303                                      9.30077e+04                                        1.01634e+06                                    7.21651e+04               
      337100            9.52693                             0.99211                                          -0.04657                                      9.30101e+04                                        1.01782e+06                                    7.23292e+04               
      337600            9.55966                             0.99234                                           0.04129                                      9.30320e+04                                        1.01628e+06                                    7.20863e+04               
      338100            9.51438                             0.99308                                          -0.00496                                      9.31010e+04                                        1.01748e+06                                    7.22904e+04               
      338600            10.02337                            0.99157                                           0.01264                                      9.29598e+04                                        1.01664e+06                                    7.21074e+04               
      339100            9.53383                             0.99101                                           0.01259                                      9.29076e+04                                        1.01610e+06                                    7.20696e+04               
      339600            9.50779                             0.98822                                          -0.07873                                      9.26456e+04                                        1.01785e+06                                    7.23287e+04               
      340100            9.52476                             0.99560                                          -0.02196                                      9.33375e+04                                        1.01726e+06                                    7.21623e+04               
      340600            9.56326                             0.99586                                           0.01934                                      9.33618e+04                                        1.01782e+06                                    7.21992e+04               
      341100            9.56421                             0.99971                                           0.04295                                      9.37227e+04                                        1.01696e+06                                    7.20634e+04               
      341600            9.51223                             0.99885                                           0.03233                                      9.36420e+04                                        1.01836e+06                                    7.22081e+04               
      342100            9.50164                             0.98979                                           0.05805                                      9.27925e+04                                        1.01746e+06                                    7.19442e+04               
      342600            9.99065                             0.99580                                          -0.01110                                      9.33562e+04                                        1.01870e+06                                    7.22281e+04               
      343100            10.04903                            0.99829                                           0.02248                                      9.35895e+04                                        1.01798e+06                                    7.20431e+04               
      343600            10.01975                            1.00016                                           0.05529                                      9.37655e+04                                        1.01866e+06                                    7.20756e+04               
      344100            10.00040                            0.99921                                           0.08822                                      9.36755e+04                                        1.01778e+06                                    7.19464e+04               
      344600            9.49887                             0.99434                                           0.07096                                      9.32195e+04                                        1.01821e+06                                    7.20126e+04               
      345100            10.05294                            0.98993                                          -0.01695                                      9.28063e+04                                        1.01860e+06                                    7.21301e+04               
      345600            10.01258                            0.99465                                           0.03133                                      9.32481e+04                                        1.01770e+06                                    7.19354e+04               
      346100            9.49194                             0.99640                                          -0.03362                                      9.34121e+04                                        1.02001e+06                                    7.21738e+04               
      346600            9.50210                             0.98574                                           0.00602                                      9.24129e+04                                        1.01902e+06                                    7.20422e+04               
      347100            9.52667                             0.98985                                           0.01198                                      9.27985e+04                                        1.01952e+06                                    7.21786e+04               
      347600            10.01620                            0.98867                                          -0.05787                                      9.26874e+04                                        1.01881e+06                                    7.20341e+04               
      348100            9.51544                             0.98950                                           0.01803                                      9.27654e+04                                        1.01990e+06                                    7.20737e+04               
      348600            10.03890                            0.99406                                          -0.03289                                      9.31928e+04                                        1.02010e+06                                    7.21778e+04               
      349100            9.55123                             0.99226                                          -0.03489                                      9.30243e+04                                        1.01952e+06                                    7.21394e+04               
      349600            10.02049                            0.98953                                          -0.03488                                      9.27687e+04                                        1.01934e+06                                    7.21567e+04               
      350100            9.56388                             0.99086                                          -0.06776                                      9.28929e+04                                        1.02014e+06                                    7.21883e+04               
      350600            10.02487                            0.99873                                          -0.07956                                      9.36307e+04                                        1.02150e+06                                    7.21692e+04               
      351100            9.53515                             0.99491                                          -0.00184                                      9.32726e+04                                        1.02031e+06                                    7.20903e+04               
      351600            9.53224                             0.98966                                          -0.00521                                      9.27804e+04                                        1.01991e+06                                    7.20695e+04               
      352100            9.55722                             0.99734                                           0.02444                                      9.35002e+04                                        1.02110e+06                                    7.21472e+04               
      352600            9.98019                             0.99999                                           0.06380                                      9.37494e+04                                        1.02153e+06                                    7.21772e+04               
      353100            9.52759                             0.99659                                           0.04146                                      9.34304e+04                                        1.02020e+06                                    7.19617e+04               
      353600            9.54406                             0.99740                                          -0.02307                                      9.35063e+04                                        1.02160e+06                                    7.21774e+04               
      354100            10.00858                            0.99573                                           0.06720                                      9.33495e+04                                        1.02108e+06                                    7.19798e+04               
      354600            9.53378                             0.99520                                          -0.02158                                      9.33003e+04                                        1.02097e+06                                    7.21284e+04               
      355100            10.03532                            0.99395                                           0.03999                                      9.31824e+04                                        1.02113e+06                                    7.20704e+04               
      355600            9.52501                             0.99462                                           0.01461                                      9.32458e+04                                        1.02217e+06                                    7.21195e+04               
      356100            9.50289                             0.99310                                           0.07068                                      9.31033e+04                                        1.02198e+06                                    7.20142e+04               
      356600            9.52160                             0.99749                                           0.04695                                      9.35151e+04                                        1.02206e+06                                    7.20826e+04               
      357100            9.50597                             0.99629                                           0.01601                                      9.34023e+04                                        1.02169e+06                                    7.20507e+04               
      357600            9.97575                             0.99044                                          -0.01829                                      9.28535e+04                                        1.02247e+06                                    7.21893e+04               
      358100            9.52146                             0.99355                                        -2.14839e-04                                    9.31449e+04                                        1.02256e+06                                    7.21542e+04               
      358600            9.51208                             0.98937                                          -0.04053                                      9.27538e+04                                        1.02246e+06                                    7.20830e+04               
      359100            9.52361                             0.99395                                           0.07440                                      9.31824e+04                                        1.02173e+06                                    7.19771e+04               
      359600            9.97245                             0.99460                                          -0.05247                                      9.32436e+04                                        1.02315e+06                                    7.22010e+04               
      360100            9.53494                             0.98952                                           0.01684                                      9.27674e+04                                        1.02266e+06                                    7.20132e+04               
      360600            10.04704                            0.99728                                          -0.01008                                      9.34946e+04                                        1.02376e+06                                    7.21899e+04               
      361100            9.50695                             0.99852                                           0.00859                                      9.36109e+04                                        1.02314e+06                                    7.21701e+04               
      361600            10.04630                            0.99295                                          -0.06558                                      9.30888e+04                                        1.02329e+06                                    7.23093e+04               
      362100            9.52337                             0.98062                                          -0.09248                                      9.19330e+04                                        1.02303e+06                                    7.22367e+04               
      362600            10.06562                            0.98172                                          -0.07128                                      9.20367e+04                                        1.02338e+06                                    7.23024e+04               
      363100            9.53779                             0.98293                                          -0.07566                                      9.21494e+04                                        1.02338e+06                                    7.22525e+04               
      363600            9.52165                             0.99020                                          -0.06583                                      9.28315e+04                                        1.02369e+06                                    7.21833e+04               
      364100            9.50689                             0.99230                                           0.05130                                      9.30286e+04                                        1.02266e+06                                    7.18704e+04               
      364600            9.51238                             1.00120                                           0.06292                                      9.38622e+04                                        1.02445e+06                                    7.20547e+04               
      365100            9.48883                             0.99334                                           0.05603                                      9.31258e+04                                        1.02329e+06                                    7.18495e+04               
      365600            9.49076                             0.99906                                           0.02230                                      9.36618e+04                                        1.02379e+06                                    7.20132e+04               
      366100            9.48278                             0.99784                                           0.00895                                      9.35471e+04                                        1.02482e+06                                    7.20569e+04               
      366600            9.49193                             0.99934                                           0.02860                                      9.36878e+04                                        1.02423e+06                                    7.20926e+04               
      367100            10.07317                            0.99731                                          -0.02179                                      9.34978e+04                                        1.02500e+06                                    7.22355e+04               
      367600            9.52682                             0.99206                                          -0.11732                                      9.30060e+04                                        1.02436e+06                                    7.21534e+04               
      368100            10.02535                            0.98113                                          -0.09995                                      9.19812e+04                                        1.02390e+06                                    7.20836e+04               
      368600            9.50901                             0.98908                                           0.04080                                      9.27261e+04                                        1.02415e+06                                    7.19878e+04               
      369100            9.48384                             0.99183                                          -0.13542                                      9.29838e+04                                        1.02505e+06                                    7.20132e+04               
      369600            10.02701                            0.99405                                          -0.03798                                      9.31926e+04                                        1.02422e+06                                    7.19036e+04               
      370100            9.54366                             0.99524                                           0.04840                                      9.33039e+04                                        1.02572e+06                                    7.20738e+04               
      370600            10.02799                            0.99901                                          -0.01394                                      9.36576e+04                                        1.02463e+06                                    7.19346e+04               
      371100            9.53243                             0.99745                                           0.03390                                      9.35105e+04                                        1.02624e+06                                    7.21261e+04               
      371600            9.51001                             0.99449                                          -0.00770                                      9.32330e+04                                        1.02641e+06                                    7.21266e+04               
      372100            9.49235                             0.99244                                          -0.01894                                      9.30412e+04                                        1.02537e+06                                    7.19314e+04               
      372600            9.98472                             0.99843                                           0.04707                                      9.36029e+04                                        1.02639e+06                                    7.19820e+04               
      373100            9.40236                             0.99976                                           0.03843                                      9.37270e+04                                        1.02576e+06                                    7.18666e+04               
      373600            9.96938                             1.00094                                           0.07689                                      9.38385e+04                                        1.02654e+06                                    7.20801e+04               
      374100            9.48494                             0.99187                                           0.02190                                      9.29874e+04                                        1.02627e+06                                    7.19732e+04               
      374600            10.00191                            1.00229                                          -0.02839                                      9.39647e+04                                        1.02696e+06                                    7.21458e+04               
      375100            9.54986                             0.99491                                           0.01202                                      9.32724e+04                                        1.02574e+06                                    7.20352e+04               
      375600            9.49143                             0.98799                                          -0.00289                                      9.26242e+04                                        1.02538e+06                                    7.18736e+04               
      376100            9.55452                             0.99679                                          -0.12263                                      9.34486e+04                                        1.02720e+06                                    7.23109e+04               
      376600            9.47109                             0.98289                                          -0.01609                                      9.21461e+04                                        1.02611e+06                                    7.20413e+04               
      377100            9.52428                             0.98787                                          -0.04967                                      9.26126e+04                                        1.02594e+06                                    7.20285e+04               
      377600            9.54192                             0.99414                                          -0.03560                                      9.32003e+04                                        1.02613e+06                                    7.19717e+04               
      378100            10.01613                            0.99096                                          -0.00557                                      9.29025e+04                                        1.02634e+06                                    7.19340e+04               
      378600            10.01755                            0.99732                                          -0.02064                                      9.34985e+04                                        1.02669e+06                                    7.19385e+04               
      379100            9.54287                             1.00010                                           0.02704                                      9.37595e+04                                        1.02750e+06                                    7.20219e+04               
      379600            9.50086                             0.99187                                          -0.05074                                      9.29880e+04                                        1.02730e+06                                    7.20364e+04               
      380100            9.47026                             0.98719                                           0.00566                                      9.25492e+04                                        1.02713e+06                                    7.19493e+04               
      380600            9.50685                             0.98936                                           0.01059                                      9.27528e+04                                        1.02742e+06                                    7.20192e+04               
      381100            9.43017                             0.99265                                          -0.05509                                      9.30607e+04                                        1.02774e+06                                    7.21278e+04               
      381600            9.50595                             0.98874                                          -0.08378                                      9.26942e+04                                        1.02719e+06                                    7.21501e+04               
      382100            9.53049                             0.99335                                          -0.07271                                      9.31268e+04                                        1.02714e+06                                    7.20406e+04               
      382600            9.52543                             0.99160                                           0.00832                                      9.29627e+04                                        1.02800e+06                                    7.20845e+04               
      383100            9.47851                             0.98917                                          -0.04339                                      9.27342e+04                                        1.02779e+06                                    7.19566e+04               
      383600            9.96643                             0.98999                                          -0.00985                                      9.28114e+04                                        1.02774e+06                                    7.19099e+04               
      384100            9.96216                             0.99075                                           0.03464                                      9.28825e+04                                        1.02737e+06                                    7.18197e+04               
      384600            9.87824                             0.99450                                           0.01311                                      9.32340e+04                                        1.02875e+06                                    7.19467e+04               
      385100            9.46132                             0.98868                                           0.01234                                      9.26886e+04                                        1.02787e+06                                    7.18450e+04               
      385600            9.47558                             0.99230                                           0.02623                                      9.30282e+04                                        1.02854e+06                                    7.19420e+04               
      386100            9.46645                             0.98606                                          -0.02274                                      9.24429e+04                                        1.02894e+06                                    7.19542e+04               
      386600            9.51970                             0.99126                                           0.00712                                      9.29307e+04                                        1.02905e+06                                    7.19788e+04               
      387100            9.38459                             0.98810                                          -0.00868                                      9.26348e+04                                        1.02973e+06                                    7.21732e+04               
      387600            9.99011                             0.99149                                           0.00296                                      9.29525e+04                                        1.02910e+06                                    7.19740e+04               
      388100            9.51903                             0.99746                                           0.05120                                      9.35120e+04                                        1.02968e+06                                    7.19059e+04               
      388600            9.49301                             0.99029                                           0.09513                                      9.28400e+04                                        1.02922e+06                                    7.18326e+04               
      389100            9.53187                             0.99735                                          -0.00716                                      9.35017e+04                                        1.02971e+06                                    7.19887e+04               
      389600            10.01483                            0.99647                                           0.03615                                      9.34191e+04                                        1.03014e+06                                    7.19104e+04               
      390100            9.52191                             0.99830                                           0.04150                                      9.35909e+04                                        1.03091e+06                                    7.22449e+04               
      390600            9.51366                             0.99144                                           0.00031                                      9.29474e+04                                        1.03043e+06                                    7.20727e+04               
      391100            9.50020                             0.98299                                          -0.11297                                      9.21557e+04                                        1.03009e+06                                    7.20861e+04               
      391600            9.54854                             0.99299                                          -0.10170                                      9.30929e+04                                        1.02993e+06                                    7.21590e+04               
      392100            9.53004                             0.99347                                          -0.03018                                      9.31381e+04                                        1.03092e+06                                    7.21141e+04               
      392600            9.48633                             0.99332                                           0.04475                                      9.31242e+04                                        1.03002e+06                                    7.19134e+04               
      393100            9.50672                             0.99548                                           0.00392                                      9.33263e+04                                        1.03068e+06                                    7.20850e+04               
      393600            10.02188                            0.98537                                           0.00088                                      9.23781e+04                                        1.03045e+06                                    7.19363e+04               
      394100            9.56483                             0.98734                                          -0.10809                                      9.25630e+04                                        1.03201e+06                                    7.22943e+04               
      394600            9.48719                             0.98629                                          -0.07004                                      9.24649e+04                                        1.03108e+06                                    7.20985e+04               
      395100            9.49821                             0.99383                                          -0.05445                                      9.31711e+04                                        1.03155e+06                                    7.21445e+04               
      395600            10.01737                            0.99285                                          -0.01769                                      9.30800e+04                                        1.03221e+06                                    7.21916e+04               
      396100            9.52206                             0.98799                                          -0.00770                                      9.26238e+04                                        1.03165e+06                                    7.21157e+04               
      396600            10.05037                            0.99455                                           0.06443                                      9.32386e+04                                        1.03187e+06                                    7.19782e+04               
      397100            10.04284                            1.00388                                           0.00508                                      9.41138e+04                                        1.03261e+06                                    7.20675e+04               
      397600            10.00664                            0.99547                                           0.08915                                      9.33250e+04                                        1.03200e+06                                    7.18466e+04               
      398100            9.53056                             0.99552                                           0.03685                                      9.33303e+04                                        1.03191e+06                                    7.19619e+04               
      398600            10.02256                            0.99658                                           0.02164                                      9.34295e+04                                        1.03254e+06                                    7.20253e+04               
      399100            9.50214                             0.99095                                          -0.02806                                      9.29012e+04                                        1.03179e+06                                    7.19430e+04               
      399600            9.50483                             0.99373                                           0.03691                                      9.31626e+04                                        1.03173e+06                                    7.18625e+04               
      400100            9.51477                             0.99014                                          -0.04741                                      9.28259e+04                                        1.03226e+06                                    7.20320e+04               
      400600            9.50053                             0.99103                                          -0.06067                                      9.29087e+04                                        1.03168e+06                                    7.19638e+04               
      401100            9.53213                             0.99563                                           0.01424                                      9.33399e+04                                        1.03239e+06                                    7.20276e+04               
      401600            9.49615                             0.99531                                           0.00802                                      9.33102e+04                                        1.03257e+06                                    7.19784e+04               
      402100            9.48924                             0.99735                                           0.02479                                      9.35018e+04                                        1.03333e+06                                    7.20973e+04               
      402600            9.49042                             0.98789                                           0.03333                                      9.26149e+04                                        1.03209e+06                                    7.18921e+04               
      403100            9.48987                             0.98947                                          -0.06515                                      9.27627e+04                                        1.03207e+06                                    7.19472e+04               
      403600            9.50420                             0.99850                                           0.07285                                      9.36089e+04                                        1.03341e+06                                    7.21024e+04               
      404100            9.50727                             0.99107                                          -0.02918                                      9.29131e+04                                        1.03305e+06                                    7.19672e+04               
      404600            10.04855                            0.98974                                          -0.01444                                      9.27885e+04                                        1.03282e+06                                    7.19466e+04               
      405100            9.50963                             0.99443                                          -0.09726                                      9.32281e+04                                        1.03346e+06                                    7.21294e+04               
      405600            9.49867                             0.99257                                           0.02874                                      9.30530e+04                                        1.03188e+06                                    7.18575e+04               
      406100            9.52649                             0.99370                                          -0.03057                                      9.31597e+04                                        1.03251e+06                                    7.19828e+04               
      406600            9.54066                             0.99995                                          -0.01445                                      9.37453e+04                                        1.03345e+06                                    7.20656e+04               
      407100            10.01036                            0.99708                                           0.01006                                      9.34762e+04                                        1.03301e+06                                    7.19515e+04               
      407600            9.47948                             0.99476                                          -0.02806                                      9.32591e+04                                        1.03318e+06                                    7.20203e+04               
      408100            9.52166                             0.99620                                          -0.04091                                      9.33938e+04                                        1.03406e+06                                    7.21532e+04               
      408600            9.97307                             0.99599                                           0.04559                                      9.33739e+04                                        1.03328e+06                                    7.18812e+04               
      409100            9.01790                             0.99828                                           0.05414                                      9.35890e+04                                        1.03419e+06                                    7.20115e+04               
      409600            10.05568                            0.99244                                          -0.03781                                      9.30410e+04                                        1.03357e+06                                    7.20052e+04               
      410100            9.54846                             0.98864                                          -0.08676                                      9.26849e+04                                        1.03436e+06                                    7.21031e+04               
      410600            9.99265                             0.99320                                          -0.04596                                      9.31122e+04                                        1.03471e+06                                    7.21291e+04               
      411100            9.51322                             0.99239                                           0.05225                                      9.30364e+04                                        1.03356e+06                                    7.19106e+04               
      411600            9.46150                             0.99361                                           0.02694                                      9.31512e+04                                        1.03327e+06                                    7.19302e+04               
      412100            9.52665                             0.99939                                           0.01205                                      9.36925e+04                                        1.03451e+06                                    7.20428e+04               
      412600            9.47397                             0.99257                                          -0.03155                                      9.30532e+04                                        1.03442e+06                                    7.19873e+04               
      413100            9.50156                             0.99676                                           0.01629                                      9.34460e+04                                        1.03440e+06                                    7.20671e+04               
      413600            9.50363                             0.99123                                          -0.13414                                      9.29277e+04                                        1.03412e+06                                    7.21720e+04               
      414100            9.48745                             0.98635                                          -0.07044                                      9.24704e+04                                        1.03413e+06                                    7.21922e+04               
      414600            9.48587                             0.98425                                          -0.00407                                      9.22733e+04                                        1.03475e+06                                    7.21776e+04               
      415100            10.02474                            0.98576                                          -0.01459                                      9.24155e+04                                        1.03455e+06                                    7.21875e+04               
      415600            9.99277                             0.98854                                          -0.08912                                      9.26753e+04                                        1.03428e+06                                    7.20530e+04               
      416100            9.53953                             0.99627                                           0.01382                                      9.33999e+04                                        1.03482e+06                                    7.19984e+04               
      416600            9.47591                             0.99785                                          -0.08740                                      9.35488e+04                                        1.03556e+06                                    7.21897e+04               
      417100            9.48538                             0.99114                                          -0.01146                                      9.29197e+04                                        1.03427e+06                                    7.18726e+04               
      417600            10.00135                            0.99618                                           0.03141                                      9.33917e+04                                        1.03460e+06                                    7.19881e+04               
      418100            10.03039                            0.99388                                          -0.02395                                      9.31761e+04                                        1.03426e+06                                    7.20011e+04               
      418600            9.53076                             0.99402                                          -0.05383                                      9.31897e+04                                        1.03445e+06                                    7.19500e+04               
      419100            9.48809                             0.99791                                          -0.04926                                      9.35540e+04                                        1.03493e+06                                    7.19447e+04               
      419600            9.48144                             0.98813                                           0.12651                                      9.26368e+04                                        1.03397e+06                                    7.17086e+04               
      420100            9.54884                             0.99611                                           0.03985                                      9.33855e+04                                        1.03523e+06                                    7.19554e+04               
      420600            9.47981                             0.99558                                           0.04119                                      9.33357e+04                                        1.03508e+06                                    7.19945e+04               
Simulation.timestep  Simulation.tps  md.compute.ThermodynamicQuantities.kinetic_temperature md.compute.ThermodynamicQuantities.pressure md.compute.ThermodynamicQuantities.kinetic_energy md.compute.ThermodynamicQuantities.potential_energy md.compute.ThermodynamicQuantities.volume
      420600            7.91487                             1.02051                                           0.05158                                      9.56730e+04                                        1.02560e+06                                    7.16674e+04               
      421100            9.22045                             1.01256                                           0.09037                                      9.49276e+04                                        1.02227e+06                                    7.09852e+04               
      421600            9.63675                             0.98851                                           0.06397                                      9.26725e+04                                        1.02061e+06                                    7.09477e+04               
      422100            9.22938                             0.99123                                           0.01727                                      9.29278e+04                                        1.02361e+06                                    7.13393e+04               
      422600            9.20734                             0.99758                                           0.04541                                      9.35231e+04                                        1.02271e+06                                    7.12688e+04               
      423100            9.20639                             0.99111                                          -0.01480                                      9.29166e+04                                        1.02269e+06                                    7.13613e+04               
      423600            9.68613                             0.98799                                          -0.05037                                      9.26239e+04                                        1.02263e+06                                    7.13919e+04               
      424100            9.29749                             0.99358                                          -0.07896                                      9.31484e+04                                        1.02279e+06                                    7.14644e+04               
      424600            9.20512                             0.98758                                          -0.11367                                      9.25853e+04                                        1.02382e+06                                    7.15999e+04               
      425100            9.52031                             0.98262                                          -0.10443                                      9.21202e+04                                        1.02255e+06                                    7.14280e+04               
      425600            9.66618                             0.98783                                          -0.05511                                      9.26092e+04                                        1.02279e+06                                    7.14392e+04               
      426100            9.15966                             1.00128                                          -0.02936                                      9.38699e+04                                        1.02394e+06                                    7.15009e+04               
      426600            9.18956                             0.99631                                           0.01122                                      9.34041e+04                                        1.02289e+06                                    7.12618e+04               
      427100            9.20076                             0.99676                                          -0.01281                                      9.34458e+04                                        1.02214e+06                                    7.12782e+04               
      427600            9.19734                             0.98977                                          -0.10812                                      9.27906e+04                                        1.02398e+06                                    7.15850e+04               
      428100            9.62083                             0.99313                                           0.05418                                      9.31058e+04                                        1.02250e+06                                    7.12890e+04               
      428600            9.16000                             0.99754                                          -0.06028                                      9.35195e+04                                        1.02476e+06                                    7.15419e+04               
      429100            9.20657                             0.99938                                           0.07923                                      9.36918e+04                                        1.02402e+06                                    7.13218e+04               
      429600            9.20603                             0.99837                                           0.01412                                      9.35972e+04                                        1.02486e+06                                    7.13282e+04               
      430100            9.17478                             0.99643                                           0.01958                                      9.34158e+04                                        1.02536e+06                                    7.14476e+04               
      430600            9.58794                             0.99024                                           0.03586                                      9.28350e+04                                        1.02422e+06                                    7.11909e+04               
      431100            9.17028                             0.99123                                          -0.03498                                      9.29279e+04                                        1.02487e+06                                    7.13964e+04               
      431600            9.09614                             0.98571                                          -0.04852                                      9.24107e+04                                        1.02348e+06                                    7.13645e+04               
      432100            9.74985                             0.98504                                          -0.10887                                      9.23472e+04                                        1.02472e+06                                    7.15445e+04               
      432600            9.12539                             0.98500                                          -0.05709                                      9.23434e+04                                        1.02403e+06                                    7.12705e+04               
      433100            9.18736                             0.99462                                          -0.01089                                      9.32455e+04                                        1.02512e+06                                    7.14028e+04               
      433600            9.59394                             0.99968                                           0.02457                                      9.37196e+04                                        1.02494e+06                                    7.12784e+04               
      434100            9.59023                             0.99536                                          -0.03681                                      9.33152e+04                                        1.02508e+06                                    7.13230e+04               
      434600            9.16200                             0.99510                                          -0.03570                                      9.32907e+04                                        1.02511e+06                                    7.14229e+04               
      435100            9.71876                             0.98955                                          -0.05276                                      9.27702e+04                                        1.02550e+06                                    7.15008e+04               
      435600            9.68105                             0.99073                                           0.00229                                      9.28812e+04                                        1.02419e+06                                    7.13467e+04               
      436100            9.22105                             0.99152                                           0.01027                                      9.29554e+04                                        1.02502e+06                                    7.13503e+04               
      436600            9.63357                             0.99444                                           0.03706                                      9.32292e+04                                        1.02578e+06                                    7.13383e+04               
      437100            9.18497                             0.99837                                           0.04286                                      9.35976e+04                                        1.02533e+06                                    7.12165e+04               
      437600            9.54206                             0.99988                                           0.18480                                      9.37389e+04                                        1.02453e+06                                    7.09441e+04               
      438100            9.15052                             1.00236                                           0.04489                                      9.39711e+04                                        1.02564e+06                                    7.12558e+04               
      438600            9.59157                             0.99430                                           0.06584                                      9.32158e+04                                        1.02442e+06                                    7.10925e+04               
      439100            9.16936                             1.00219                                           0.03050                                      9.39556e+04                                        1.02615e+06                                    7.14066e+04               
      439600            9.61020                             0.99205                                           0.04752                                      9.30049e+04                                        1.02687e+06                                    7.13927e+04               
      440100            9.64940                             0.98459                                          -0.05494                                      9.23049e+04                                        1.02555e+06                                    7.14147e+04               
      440600            9.12790                             0.98718                                           0.04568                                      9.25481e+04                                        1.02552e+06                                    7.14098e+04               
      441100            9.13110                             0.99071                                          -0.01843                                      9.28786e+04                                        1.02603e+06                                    7.13436e+04               
      441600            9.15304                             0.99221                                          -0.04496                                      9.30199e+04                                        1.02577e+06                                    7.13217e+04               
      442100            9.22815                             0.99085                                          -0.04321                                      9.28918e+04                                        1.02627e+06                                    7.14390e+04               
      442600            9.13948                             0.99003                                           0.01549                                      9.28150e+04                                        1.02567e+06                                    7.13005e+04               
      443100            9.10615                             0.99093                                           0.07418                                      9.28994e+04                                        1.02506e+06                                    7.11948e+04               
      443600            9.64727                             0.99761                                          -0.04703                                      9.35260e+04                                        1.02677e+06                                    7.13339e+04               
      444100            9.63312                             1.00127                                          -0.04726                                      9.38689e+04                                        1.02683e+06                                    7.13963e+04               
      444600            9.17211                             0.99349                                          -0.00829                                      9.31397e+04                                        1.02527e+06                                    7.11398e+04               
      445100            9.68960                             1.00183                                        -1.63997e-04                                    9.39214e+04                                        1.02707e+06                                    7.13738e+04               
      445600            9.59219                             0.99348                                           0.09596                                      9.31386e+04                                        1.02600e+06                                    7.11325e+04               
      446100            9.13280                             0.99467                                           0.11800                                      9.32503e+04                                        1.02669e+06                                    7.12129e+04               
      446600            9.14926                             0.99533                                           0.02439                                      9.33124e+04                                        1.02737e+06                                    7.13438e+04               
      447100            9.64844                             0.98997                                           0.02292                                      9.28092e+04                                        1.02722e+06                                    7.13128e+04               
      447600            9.50005                             0.99572                                          -0.03975                                      9.33489e+04                                        1.02686e+06                                    7.13555e+04               
      448100            9.02374                             0.99956                                          -0.04122                                      9.37083e+04                                        1.02791e+06                                    7.15836e+04               
      448600            8.96909                             0.98922                                          -0.01825                                      9.27395e+04                                        1.02662e+06                                    7.13988e+04               
      449100            9.05301                             0.98153                                          -0.09281                                      9.20184e+04                                        1.02726e+06                                    7.14771e+04               
      449600            8.93709                             0.98898                                          -0.12553                                      9.27173e+04                                        1.02712e+06                                    7.14986e+04               
      450100            9.00656                             0.99118                                           0.04312                                      9.29236e+04                                        1.02649e+06                                    7.12135e+04               
      450600            9.00367                             0.99937                                           0.00352                                      9.36912e+04                                        1.02909e+06                                    7.15375e+04               
      451100            9.41392                             0.99685                                           0.00736                                      9.34548e+04                                        1.02579e+06                                    7.11430e+04               
      451600            9.10898                             0.99824                                           0.02902                                      9.35851e+04                                        1.02722e+06                                    7.12843e+04               
      452100            9.11987                             0.99496                                           0.01802                                      9.32779e+04                                        1.02782e+06                                    7.13213e+04               
      452600            9.62017                             0.99189                                           0.12159                                      9.29897e+04                                        1.02715e+06                                    7.11301e+04               
      453100            9.13299                             1.00179                                           0.11163                                      9.39175e+04                                        1.02815e+06                                    7.12973e+04               
      453600            9.19202                             0.99698                                           0.01111                                      9.34667e+04                                        1.02810e+06                                    7.12516e+04               
      454100            9.12660                             0.99584                                          -0.00196                                      9.33601e+04                                        1.02779e+06                                    7.12618e+04               
      454600            9.11557                             0.99698                                          -0.06226                                      9.34672e+04                                        1.02854e+06                                    7.14029e+04               
      455100            9.66175                             0.99645                                           0.06550                                      9.34173e+04                                        1.02791e+06                                    7.12997e+04               
      455600            9.15339                             0.99679                                           0.00779                                      9.34492e+04                                        1.02794e+06                                    7.14112e+04               
      456100            9.17964                             0.98939                                          -0.00998                                      9.27555e+04                                        1.02845e+06                                    7.13581e+04               
      456600            9.63231                             0.99444                                          -0.00382                                      9.32284e+04                                        1.02839e+06                                    7.13637e+04               
      457100            9.11293                             0.99386                                           0.02241                                      9.31741e+04                                        1.02939e+06                                    7.14457e+04               
      457600            9.18372                             0.99428                                          -0.04019                                      9.32141e+04                                        1.02849e+06                                    7.13143e+04               
      458100            9.20030                             0.99369                                           0.07137                                      9.31580e+04                                        1.02940e+06                                    7.13289e+04               
      458600            9.52530                             0.99687                                           0.04498                                      9.34564e+04                                        1.02911e+06                                    7.13369e+04               
      459100            9.17404                             0.99121                                           0.07378                                      9.29255e+04                                        1.02819e+06                                    7.11535e+04               
      459600            9.64932                             0.99399                                          -0.03970                                      9.31866e+04                                        1.02931e+06                                    7.13537e+04               
      460100            9.21867                             0.99497                                          -0.00204                                      9.32787e+04                                        1.02897e+06                                    7.13070e+04               
      460600            9.54465                             0.99367                                           0.00034                                      9.31568e+04                                        1.02865e+06                                    7.12961e+04               
      461100            9.22870                             0.98994                                           0.02707                                      9.28072e+04                                        1.02930e+06                                    7.12347e+04               
      461600            9.22740                             0.99373                                          -0.05457                                      9.31625e+04                                        1.02990e+06                                    7.14735e+04               
      462100            9.18736                             0.98837                                          -0.03551                                      9.26599e+04                                        1.02827e+06                                    7.11793e+04               
      462600            9.17249                             0.98911                                          -0.01359                                      9.27289e+04                                        1.02903e+06                                    7.12678e+04               
      463100            9.23926                             0.99217                                           0.02351                                      9.30161e+04                                        1.02987e+06                                    7.13913e+04               
      463600            9.17404                             0.99233                                          -0.00223                                      9.30312e+04                                        1.02971e+06                                    7.13784e+04               
      464100            9.23606                             0.99674                                           0.00472                                      9.34442e+04                                        1.02897e+06                                    7.12816e+04               
      464600            9.57345                             0.99547                                          -0.01486                                      9.33251e+04                                        1.02929e+06                                    7.12883e+04               
      465100            9.71966                             0.99907                                           0.09631                                      9.36631e+04                                        1.02937e+06                                    7.11619e+04               
      465600            9.14614                             1.00280                                           0.01292                                      9.40121e+04                                        1.03034e+06                                    7.12894e+04               
      466100            9.16195                             0.99608                                           0.11392                                      9.33827e+04                                        1.02987e+06                                    7.10859e+04               
      466600            9.15600                             0.99722                                           0.07853                                      9.34892e+04                                        1.03021e+06                                    7.12341e+04               
      467100            9.70655                             0.99113                                           0.06024                                      9.29184e+04                                        1.02983e+06                                    7.11803e+04               
      467600            9.69664                             0.99668                                           0.03515                                      9.34388e+04                                        1.03042e+06                                    7.13650e+04               
      468100            9.16684                             0.99277                                          -0.00706                                      9.30725e+04                                        1.02946e+06                                    7.12627e+04               
      468600            9.12292                             0.98594                                          -0.09662                                      9.24323e+04                                        1.03077e+06                                    7.15148e+04               
      469100            9.21869                             0.98441                                           0.00463                                      9.22883e+04                                        1.02993e+06                                    7.12871e+04               
      469600            9.19187                             0.99597                                          -0.03705                                      9.33723e+04                                        1.03075e+06                                    7.15012e+04               
      470100            9.22318                             0.98881                                          -0.04187                                      9.27009e+04                                        1.03086e+06                                    7.13002e+04               
      470600            9.64794                             0.98875                                          -0.06021                                      9.26956e+04                                        1.03130e+06                                    7.14442e+04               
      471100            9.18386                             0.98742                                          -0.01404                                      9.25702e+04                                        1.03019e+06                                    7.12349e+04               
      471600            9.74028                             0.99064                                          -0.03836                                      9.28726e+04                                        1.03154e+06                                    7.13929e+04               
      472100            9.20900                             0.99182                                          -0.08665                                      9.29827e+04                                        1.03149e+06                                    7.14488e+04               
      472600            9.25397                             0.98509                                          -0.09411                                      9.23524e+04                                        1.02997e+06                                    7.13174e+04               
      473100            9.23365                             0.98870                                          -0.10930                                      9.26911e+04                                        1.03090e+06                                    7.15226e+04               
      473600            9.24197                             0.98129                                          -0.06684                                      9.19958e+04                                        1.03156e+06                                    7.14852e+04               
      474100            9.25155                             0.98754                                          -0.01259                                      9.25821e+04                                        1.03192e+06                                    7.14090e+04               
      474600            9.20809                             0.98922                                           0.00996                                      9.27397e+04                                        1.03135e+06                                    7.12945e+04               
      475100            9.66360                             0.99088                                           0.03618                                      9.28955e+04                                        1.03104e+06                                    7.12041e+04               
      475600            9.65335                             0.99821                                           0.03947                                      9.35821e+04                                        1.03186e+06                                    7.12479e+04               
      476100            9.19750                             0.99992                                           0.01632                                      9.37421e+04                                        1.03181e+06                                    7.12008e+04               
      476600            9.66124                             0.99370                                          -0.03111                                      9.31595e+04                                        1.03162e+06                                    7.12069e+04               
      477100            9.26154                             0.99060                                          -0.01694                                      9.28683e+04                                        1.03196e+06                                    7.13497e+04               
      477600            9.16097                             0.98856                                           0.02682                                      9.26772e+04                                        1.03071e+06                                    7.11580e+04               
      478100            9.19836                             0.99354                                          -0.04301                                      9.31446e+04                                        1.03188e+06                                    7.12574e+04               
      478600            9.16779                             0.99118                                          -0.06367                                      9.29236e+04                                        1.03181e+06                                    7.12907e+04               
      479100            9.22498                             0.98576                                           0.04589                                      9.24146e+04                                        1.03146e+06                                    7.12501e+04               
      479600            9.11101                             0.99634                                          -0.04709                                      9.34071e+04                                        1.03242e+06                                    7.13748e+04               
      480100            9.61372                             0.99263                                          -0.02776                                      9.30592e+04                                        1.03264e+06                                    7.12911e+04               
      480600            9.23427                             0.98751                                          -0.08368                                      9.25790e+04                                        1.03234e+06                                    7.12530e+04               
      481100            9.23190                             0.99024                                           0.03274                                      9.28350e+04                                        1.03192e+06                                    7.11904e+04               
      481600            9.66572                             0.99010                                           0.03051                                      9.28223e+04                                        1.03292e+06                                    7.12424e+04               
      482100            9.22919                             0.99275                                          -0.02323                                      9.30698e+04                                        1.03326e+06                                    7.12957e+04               
      482600            9.22258                             0.99503                                          -0.02136                                      9.32839e+04                                        1.03257e+06                                    7.12631e+04               
      483100            9.22537                             0.98996                                          -0.11060                                      9.28088e+04                                        1.03405e+06                                    7.14913e+04               
      483600            9.20556                             0.98138                                          -0.03718                                      9.20040e+04                                        1.03312e+06                                    7.13560e+04               
      484100            9.30825                             0.98829                                          -0.05458                                      9.26518e+04                                        1.03343e+06                                    7.15550e+04               
      484600            9.30989                             0.98822                                          -0.00723                                      9.26460e+04                                        1.03319e+06                                    7.13828e+04               
      485100            9.88865                             0.99733                                          -0.04532                                      9.35000e+04                                        1.03281e+06                                    7.14054e+04               
      485600            9.28009                             0.99700                                           0.02674                                      9.34686e+04                                        1.03357e+06                                    7.14478e+04               
      486100            9.37596                             0.99201                                          -0.05429                                      9.30014e+04                                        1.03297e+06                                    7.13813e+04               
      486600            9.35900                             0.99582                                          -0.02384                                      9.33583e+04                                        1.03355e+06                                    7.13414e+04               
      487100            9.33555                             0.99895                                          -0.03469                                      9.36516e+04                                        1.03330e+06                                    7.12827e+04               
      487600            9.81084                             0.99464                                          -0.02800                                      9.32477e+04                                        1.03328e+06                                    7.13777e+04               
      488100            9.90287                             0.99169                                           0.01850                                      9.29705e+04                                        1.03337e+06                                    7.13982e+04               
      488600            9.32677                             0.99208                                          -0.03447                                      9.30077e+04                                        1.03424e+06                                    7.14904e+04               
      489100            9.38722                             0.99690                                          -0.01325                                      9.34592e+04                                        1.03358e+06                                    7.12253e+04               
      489600            9.68141                             0.99323                                           0.01502                                      9.31155e+04                                        1.03438e+06                                    7.13435e+04               
      490100            9.28979                             0.99201                                           0.01783                                      9.30007e+04                                        1.03290e+06                                    7.11293e+04               
      490600            9.20663                             0.99587                                        -3.84619e-04                                    9.33626e+04                                        1.03349e+06                                    7.12802e+04               
      491100            9.73183                             0.99140                                          -0.00442                                      9.29437e+04                                        1.03430e+06                                    7.13622e+04               
      491600            9.80143                             0.99563                                          -0.06838                                      9.33406e+04                                        1.03389e+06                                    7.13818e+04               
      492100            9.29353                             0.99202                                          -0.06374                                      9.30015e+04                                        1.03369e+06                                    7.13335e+04               
      492600            9.27681                             0.98653                                          -0.02272                                      9.24875e+04                                        1.03309e+06                                    7.11748e+04               
      493100            9.30469                             0.99615                                          -0.00222                                      9.33888e+04                                        1.03324e+06                                    7.12850e+04               
      493600            9.35441                             0.99191                                          -0.10384                                      9.29920e+04                                        1.03394e+06                                    7.14498e+04               
      494100            9.30494                             0.98664                                           0.01678                                      9.24972e+04                                        1.03321e+06                                    7.12369e+04               
      494600            9.32877                             0.99191                                          -0.06236                                      9.29918e+04                                        1.03458e+06                                    7.14105e+04               
      495100            9.28573                             0.98846                                           0.00969                                      9.26682e+04                                        1.03378e+06                                    7.12112e+04               
      495600            9.63635                             0.99367                                          -0.01168                                      9.31565e+04                                        1.03421e+06                                    7.12703e+04               
      496100            9.27417                             0.99822                                          -0.04660                                      9.35836e+04                                        1.03394e+06                                    7.12704e+04               
      496600            9.25466                             0.99524                                           0.11373                                      9.33042e+04                                        1.03379e+06                                    7.11208e+04               
      497100            9.28805                             0.99164                                           0.03970                                      9.29663e+04                                        1.03298e+06                                    7.09822e+04               
      497600            9.23638                             0.99852                                          -0.08699                                      9.36108e+04                                        1.03398e+06                                    7.12528e+04               
      498100            9.22484                             0.99593                                          -0.02200                                      9.33682e+04                                        1.03417e+06                                    7.12325e+04               
      498600            9.25473                             0.99556                                           0.07341                                      9.33337e+04                                        1.03434e+06                                    7.11243e+04               
      499100            9.65923                             1.00068                                          -0.02166                                      9.38141e+04                                        1.03484e+06                                    7.12540e+04               
      499600            9.20684                             0.99347                                           0.03003                                      9.31379e+04                                        1.03408e+06                                    7.11405e+04               
      500100            9.23786                             0.99157                                          -0.01826                                      9.29599e+04                                        1.03341e+06                                    7.11148e+04               
      500600            9.25831                             0.99074                                          -0.03684                                      9.28819e+04                                        1.03414e+06                                    7.11545e+04               
      501100            9.28810                             0.99205                                           0.03842                                      9.30047e+04                                        1.03407e+06                                    7.11004e+04               
      501600            9.20362                             0.99484                                          -0.01145                                      9.32664e+04                                        1.03445e+06                                    7.11245e+04               
      502100            9.21277                             0.99647                                          -0.02399                                      9.34188e+04                                        1.03460e+06                                    7.11776e+04               
      502600            9.23696                             0.99731                                          -0.01878                                      9.34979e+04                                        1.03425e+06                                    7.11373e+04               
      503100            9.28231                             0.99593                                           0.01809                                      9.33684e+04                                        1.03521e+06                                    7.12336e+04               
      503600            9.78512                             0.98965                                          -0.04289                                      9.27798e+04                                        1.03469e+06                                    7.11485e+04               
      504100            9.27660                             0.99652                                          -0.03768                                      9.34236e+04                                        1.03488e+06                                    7.11832e+04               
      504600            9.75467                             0.99155                                          -0.06593                                      9.29579e+04                                        1.03583e+06                                    7.13584e+04               
      505100            9.26931                             0.99030                                          -0.05410                                      9.28404e+04                                        1.03511e+06                                    7.12980e+04               
      505600            9.34628                             0.99471                                          -0.04727                                      9.32540e+04                                        1.03576e+06                                    7.13452e+04               
      506100            9.27079                             0.99873                                           0.04117                                      9.36307e+04                                        1.03443e+06                                    7.09815e+04               
      506600            9.29918                             1.00221                                          -0.02792                                      9.39568e+04                                        1.03677e+06                                    7.13279e+04               
      507100            9.31764                             0.99936                                           0.03890                                      9.36904e+04                                        1.03487e+06                                    7.09675e+04               
      507600            9.82052                             0.99953                                           0.09920                                      9.37055e+04                                        1.03594e+06                                    7.10740e+04               
      508100            9.30142                             1.00351                                          -0.00573                                      9.40793e+04                                        1.03598e+06                                    7.12454e+04               
      508600            9.25286                             0.99240                                          -0.00736                                      9.30380e+04                                        1.03517e+06                                    7.11008e+04               
      509100            9.73906                             0.99390                                           0.04428                                      9.31777e+04                                        1.03618e+06                                    7.12804e+04               
      509600            9.73714                             0.99527                                          -0.02969                                      9.33069e+04                                        1.03603e+06                                    7.12469e+04               
      510100            9.82948                             0.99475                                          -0.00677                                      9.32576e+04                                        1.03664e+06                                    7.13799e+04               
      510600            9.25118                             0.99109                                           0.04396                                      9.29150e+04                                        1.03677e+06                                    7.12716e+04               
      511100            9.32952                             0.98998                                          -0.01247                                      9.28103e+04                                        1.03579e+06                                    7.12109e+04               
      511600            9.24006                             0.99054                                           0.03152                                      9.28629e+04                                        1.03569e+06                                    7.11423e+04               
      512100            9.77310                             0.99287                                          -0.06052                                      9.30817e+04                                        1.03746e+06                                    7.13972e+04               
      512600            9.27692                             0.99550                                          -0.07782                                      9.33279e+04                                        1.03625e+06                                    7.13648e+04               
      513100            9.27769                             0.99487                                          -0.05457                                      9.32688e+04                                        1.03661e+06                                    7.13908e+04               
      513600            9.28955                             0.99443                                          -0.08308                                      9.32280e+04                                        1.03776e+06                                    7.14371e+04               
      514100            9.29260                             0.98790                                           0.00690                                      9.26161e+04                                        1.03687e+06                                    7.13720e+04               
      514600            9.71523                             0.98007                                        -1.84363e-05                                    9.18812e+04                                        1.03711e+06                                    7.13237e+04               
      515100            9.34170                             0.98972                                          -0.03073                                      9.27859e+04                                        1.03767e+06                                    7.13691e+04               
      515600            9.28127                             0.99191                                          -0.01005                                      9.29918e+04                                        1.03814e+06                                    7.13992e+04               
      516100            9.28190                             0.99327                                          -0.00117                                      9.31189e+04                                        1.03738e+06                                    7.13687e+04               
      516600            9.73515                             0.99604                                          -0.00749                                      9.33783e+04                                        1.03781e+06                                    7.14133e+04               
      517100            9.73024                             0.98504                                          -0.00653                                      9.23472e+04                                        1.03725e+06                                    7.13700e+04               
      517600            9.30164                             0.98455                                          -0.03928                                      9.23017e+04                                        1.03688e+06                                    7.12185e+04               
      518100            9.78062                             0.99740                                          -0.00900                                      9.35060e+04                                        1.03780e+06                                    7.12961e+04               
      518600            9.35659                             0.99545                                          -0.02428                                      9.33234e+04                                        1.03707e+06                                    7.12548e+04               
      519100            9.33870                             0.99348                                           0.03676                                      9.31387e+04                                        1.03646e+06                                    7.10848e+04               
      519600            9.27950                             0.99991                                           0.05662                                      9.37415e+04                                        1.03685e+06                                    7.10923e+04               
      520100            9.31329                             1.00373                                           0.00776                                      9.40994e+04                                        1.03779e+06                                    7.12377e+04               
      520600            9.28519                             0.99620                                          -0.00655                                      9.33941e+04                                        1.03759e+06                                    7.12492e+04               
      521100            9.30039                             0.99246                                           0.02627                                      9.30434e+04                                        1.03702e+06                                    7.11560e+04               
      521600            9.10263                             0.98489                                          -0.02477                                      9.23334e+04                                        1.03708e+06                                    7.11353e+04               
      522100            9.16905                             0.99408                                          -0.06205                                      9.31954e+04                                        1.03735e+06                                    7.13322e+04               
      522600            9.11075                             0.99357                                           0.06946                                      9.31467e+04                                        1.03793e+06                                    7.12280e+04               
      523100            9.01334                             0.99314                                          -0.01415                                      9.31073e+04                                        1.03692e+06                                    7.11211e+04               
      523600            9.09066                             0.99109                                          -0.01422                                      9.29148e+04                                        1.03700e+06                                    7.11360e+04               
      524100            9.07001                             0.98883                                          -0.02225                                      9.27030e+04                                        1.03725e+06                                    7.11529e+04               
      524600            9.03437                             0.98766                                           0.00762                                      9.25927e+04                                        1.03655e+06                                    7.10532e+04               
      525100            9.61239                             0.99133                                           0.01845                                      9.29375e+04                                        1.03813e+06                                    7.12382e+04               
      525600            9.16095                             0.99667                                          -0.01215                                      9.34379e+04                                        1.03725e+06                                    7.11160e+04               
      526100            9.14236                             0.99407                                           0.00771                                      9.31938e+04                                        1.03748e+06                                    7.10919e+04               
      526600            9.16052                             0.99696                                           0.08752                                      9.34650e+04                                        1.03771e+06                                    7.11246e+04               
      527100            9.12989                             0.99431                                           0.04150                                      9.32170e+04                                        1.03695e+06                                    7.10561e+04               
      527600            9.54760                             0.99670                                           0.09759                                      9.34406e+04                                        1.03854e+06                                    7.12058e+04               
      528100            9.15949                             1.00104                                           0.01210                                      9.38476e+04                                        1.03853e+06                                    7.11644e+04               
      528600            9.10555                             1.00096                                           0.05561                                      9.38403e+04                                        1.03898e+06                                    7.12389e+04               
      529100            9.16292                             0.99539                                           0.05213                                      9.33175e+04                                        1.03850e+06                                    7.10853e+04               
      529600            9.17633                             0.99875                                           0.01024                                      9.36325e+04                                        1.03809e+06                                    7.12517e+04               
      530100            9.11902                             0.99042                                           0.05635                                      9.28523e+04                                        1.03831e+06                                    7.11943e+04               
      530600            9.12298                             0.99563                                          -0.01551                                      9.33400e+04                                        1.03778e+06                                    7.10929e+04               
      531100            9.14859                             0.99830                                           0.02067                                      9.35902e+04                                        1.04002e+06                                    7.13113e+04               
      531600            9.00359                             0.99713                                           0.02818                                      9.34808e+04                                        1.03817e+06                                    7.10451e+04               
      532100            9.08045                             0.99206                                           0.01320                                      9.30052e+04                                        1.03919e+06                                    7.11828e+04               
      532600            9.05906                             0.99391                                           0.07917                                      9.31790e+04                                        1.03848e+06                                    7.10444e+04               
      533100            9.19184                             0.99933                                           0.07608                                      9.36869e+04                                        1.03818e+06                                    7.10340e+04               
      533600            9.56092                             0.99297                                           0.03578                                      9.30905e+04                                        1.03940e+06                                    7.12029e+04               
      534100            9.11228                             0.99080                                           0.07110                                      9.28876e+04                                        1.03906e+06                                    7.10737e+04               
      534600            9.08816                             0.99843                                           0.02741                                      9.36031e+04                                        1.03948e+06                                    7.12397e+04               
      535100            9.18501                             0.99060                                          -0.09835                                      9.28685e+04                                        1.03948e+06                                    7.12757e+04               
      535600            9.08526                             0.98734                                          -0.03741                                      9.25632e+04                                        1.03898e+06                                    7.11259e+04               
      536100            9.07557                             0.99552                                          -0.03239                                      9.33301e+04                                        1.03915e+06                                    7.12254e+04               
      536600            9.56108                             0.99527                                           0.06917                                      9.33064e+04                                        1.03868e+06                                    7.10911e+04               
      537100            9.15341                             0.99185                                          -0.10947                                      9.29856e+04                                        1.03942e+06                                    7.12118e+04               
      537600            9.12681                             0.98737                                          -0.04105                                      9.25662e+04                                        1.03933e+06                                    7.12472e+04               
      538100            9.21881                             0.99169                                          -0.06258                                      9.29707e+04                                        1.03945e+06                                    7.12761e+04               
      538600            9.68231                             0.98600                                          -0.03356                                      9.24378e+04                                        1.04011e+06                                    7.13397e+04               
      539100            9.10159                             0.98623                                           0.03383                                      9.24591e+04                                        1.03994e+06                                    7.12001e+04               
      539600            9.11596                             0.99360                                          -0.06396                                      9.31504e+04                                        1.03952e+06                                    7.12353e+04               
      540100            8.98089                             1.00090                                           0.06079                                      9.38339e+04                                        1.03953e+06                                    7.11458e+04               
      540600            9.58501                             0.99947                                           0.02288                                      9.37002e+04                                        1.04023e+06                                    7.12322e+04               
      541100            9.59082                             0.99048                                           0.05112                                      9.28576e+04                                        1.03959e+06                                    7.10112e+04               
      541600            9.68246                             0.99939                                           0.00523                                      9.36931e+04                                        1.04037e+06                                    7.12268e+04               
      542100            9.08997                             1.00442                                           0.03105                                      9.41647e+04                                        1.04089e+06                                    7.12170e+04               
      542600            9.17128                             0.99847                                           0.12011                                      9.36067e+04                                        1.04118e+06                                    7.11220e+04               
      543100            9.65721                             0.99232                                           0.07909                                      9.30298e+04                                        1.04009e+06                                    7.11727e+04               
      543600            9.10634                             0.99492                                           0.02363                                      9.32735e+04                                        1.03967e+06                                    7.10907e+04               
      544100            9.59288                             1.00592                                           0.08016                                      9.43052e+04                                        1.04024e+06                                    7.11265e+04               
      544600            9.19096                             0.99525                                           0.03767                                      9.33049e+04                                        1.04092e+06                                    7.12864e+04               
      545100            9.11303                             0.99110                                           0.03761                                      9.29154e+04                                        1.03976e+06                                    7.10974e+04               
      545600            9.56330                             0.99507                                           0.01722                                      9.32878e+04                                        1.04143e+06                                    7.12822e+04               
      546100            9.14316                             0.99443                                           0.03523                                      9.32279e+04                                        1.04022e+06                                    7.10723e+04               
      546600            9.09804                             1.00333                                           0.03385                                      9.40625e+04                                        1.04034e+06                                    7.10516e+04               
      547100            9.13099                             0.99748                                          -0.05335                                      9.35141e+04                                        1.04054e+06                                    7.11396e+04               
      547600            9.19348                             0.99288                                           0.06196                                      9.30828e+04                                        1.04041e+06                                    7.11282e+04               
      548100            8.94258                             0.99106                                          -0.06117                                      9.29119e+04                                        1.04097e+06                                    7.12711e+04               
      548600            8.87333                             0.98868                                          -0.04363                                      9.26883e+04                                        1.04036e+06                                    7.11935e+04               
      549100            9.31042                             0.99418                                           0.03380                                      9.32042e+04                                        1.04056e+06                                    7.10914e+04               
      549600            8.84418                             1.00512                                           0.09627                                      9.42302e+04                                        1.04151e+06                                    7.10880e+04               
      550100            8.87649                             1.00255                                           0.10396                                      9.39895e+04                                        1.04113e+06                                    7.10819e+04               
      550600            8.83775                             1.00082                                           0.06362                                      9.38266e+04                                        1.04139e+06                                    7.10724e+04               
      551100            8.22433                             0.99203                                           0.06016                                      9.30025e+04                                        1.04083e+06                                    7.10487e+04               
      551600            8.51767                             0.99080                                           0.02825                                      9.28875e+04                                        1.04141e+06                                    7.11803e+04               
      552100            8.20308                             0.98958                                          -0.07421                                      9.27735e+04                                        1.04217e+06                                    7.14022e+04               
      552600            8.60736                             0.98590                                          -0.10564                                      9.24285e+04                                        1.04169e+06                                    7.13531e+04               
      553100            8.12730                             0.98638                                          -0.03173                                      9.24736e+04                                        1.04154e+06                                    7.13061e+04               
      553600            8.14106                             0.99233                                          -0.06231                                      9.30311e+04                                        1.04114e+06                                    7.12489e+04               
      554100            8.18869                             0.98890                                           0.00221                                      9.27098e+04                                        1.04209e+06                                    7.13449e+04               
      554600            8.60882                             0.98699                                          -0.07596                                      9.25302e+04                                        1.04023e+06                                    7.11841e+04               
      555100            8.65855                             0.99053                                          -0.10826                                      9.28620e+04                                        1.04191e+06                                    7.13463e+04               
      555600            8.66723                             0.99053                                          -0.06627                                      9.28624e+04                                        1.04219e+06                                    7.13739e+04               
      556100            8.20972                             0.99064                                          -0.02085                                      9.28724e+04                                        1.04102e+06                                    7.11552e+04               
      556600            8.21215                             0.98750                                          -0.08594                                      9.25781e+04                                        1.04220e+06                                    7.12878e+04               
      557100            8.64500                             0.99099                                           0.03632                                      9.29052e+04                                        1.04095e+06                                    7.10650e+04               
      557600            8.15391                             0.98848                                          -0.04687                                      9.26700e+04                                        1.04182e+06                                    7.12128e+04               
      558100            8.29522                             0.99491                                          -0.04300                                      9.32727e+04                                        1.04262e+06                                    7.13616e+04               
      558600            8.66348                             0.99274                                           0.03087                                      9.30695e+04                                        1.04108e+06                                    7.10179e+04               
      559100            8.72077                             0.99794                                          -0.07648                                      9.35570e+04                                        1.04252e+06                                    7.13283e+04               
      559600            8.25964                             0.98656                                          -0.01047                                      9.24904e+04                                        1.04226e+06                                    7.11443e+04               
      560100            8.21280                             0.99142                                          -0.01901                                      9.29453e+04                                        1.04156e+06                                    7.11450e+04               
      560600            8.24532                             0.99917                                           0.08393                                      9.36721e+04                                        1.04157e+06                                    7.11053e+04               
      561100            8.22446                             0.99715                                           0.04533                                      9.34826e+04                                        1.04185e+06                                    7.10715e+04               
      561600            8.22348                             0.99766                                           0.11451                                      9.35310e+04                                        1.04185e+06                                    7.10507e+04               
      562100            8.17676                             0.99284                                          -0.02983                                      9.30788e+04                                        1.04231e+06                                    7.11712e+04               
      562600            8.18250                             0.99543                                          -0.02422                                      9.33218e+04                                        1.04177e+06                                    7.12193e+04               
      563100            8.68167                             0.98630                                          -0.00322                                      9.24655e+04                                        1.04176e+06                                    7.11061e+04               
      563600            8.24549                             0.99478                                           0.02668                                      9.32608e+04                                        1.04286e+06                                    7.13060e+04               
      564100            8.22430                             0.99222                                          -0.01386                                      9.30203e+04                                        1.04192e+06                                    7.11549e+04               
      564600            8.65834                             0.98762                                          -0.01557                                      9.25891e+04                                        1.04228e+06                                    7.12442e+04               
      565100            8.52220                             0.98902                                          -0.00122                                      9.27208e+04                                        1.04247e+06                                    7.10891e+04               
      565600            8.63206                             0.99770                                          -0.00406                                      9.35344e+04                                        1.04293e+06                                    7.11954e+04               
      566100            8.22466                             0.99763                                           0.02487                                      9.35275e+04                                        1.04187e+06                                    7.11474e+04               
      566600            8.65717                             0.99054                                          -0.01654                                      9.28630e+04                                        1.04268e+06                                    7.12462e+04               
      567100            8.68973                             0.99193                                          -0.00111                                      9.29936e+04                                        1.04234e+06                                    7.11730e+04               
      567600            8.05654                             0.98781                                          -0.11492                                      9.26075e+04                                        1.04272e+06                                    7.13619e+04               
      568100            8.14854                             0.98412                                          -0.03061                                      9.22610e+04                                        1.04247e+06                                    7.11790e+04               
      568600            8.16596                             0.99262                                           0.00576                                      9.30584e+04                                        1.04239e+06                                    7.11146e+04               
      569100            8.23558                             0.99971                                           0.00552                                      9.37229e+04                                        1.04282e+06                                    7.10548e+04               
      569600            8.54487                             0.99833                                           0.00713                                      9.35939e+04                                        1.04389e+06                                    7.12004e+04               
      570100            8.26000                             0.99703                                          -0.01453                                      9.34714e+04                                        1.04262e+06                                    7.10859e+04               
      570600            8.15891                             0.99362                                           0.04113                                      9.31519e+04                                        1.04232e+06                                    7.11231e+04               
      571100            8.17119                             0.98961                                          -0.03496                                      9.27755e+04                                        1.04254e+06                                    7.11170e+04               
      571600            8.10143                             0.99282                                          -0.03884                                      9.30773e+04                                        1.04357e+06                                    7.13092e+04               
      572100            8.13797                             0.99913                                          -0.08592                                      9.36688e+04                                        1.04441e+06                                    7.14216e+04               
      572600            8.46280                             0.99603                                           0.12332                                      9.33774e+04                                        1.04212e+06                                    7.09635e+04               
      573100            8.13768                             0.98831                                           0.01332                                      9.26540e+04                                        1.04354e+06                                    7.12543e+04               
      573600            8.03872                             0.99313                                           0.03804                                      9.31059e+04                                        1.04288e+06                                    7.10549e+04               
      574100            8.01735                             0.99840                                           0.07133                                      9.36002e+04                                        1.04303e+06                                    7.10705e+04               
      574600            8.29955                             0.99825                                          -0.04338                                      9.35857e+04                                        1.04271e+06                                    7.11360e+04               
      575100            8.27480                             0.98696                                          -0.02862                                      9.25276e+04                                        1.04306e+06                                    7.12395e+04               
      575600            8.13731                             0.99109                                           0.04125                                      9.29143e+04                                        1.04450e+06                                    7.13170e+04               
      576100            8.25513                             1.00007                                          -0.07061                                      9.37564e+04                                        1.04406e+06                                    7.13576e+04               
      576600            8.14319                             0.99406                                           0.01844                                      9.31930e+04                                        1.04294e+06                                    7.11778e+04               
      577100            8.05011                             0.99135                                           0.00397                                      9.29392e+04                                        1.04427e+06                                    7.13965e+04               
      577600            8.70025                             0.98922                                          -0.01854                                      9.27397e+04                                        1.04385e+06                                    7.12677e+04               
      578100            8.13986                             0.98723                                          -0.01969                                      9.25527e+04                                        1.04430e+06                                    7.13447e+04               
      578600            8.34041                             0.99362                                          -0.07261                                      9.31522e+04                                        1.04303e+06                                    7.12183e+04               
      579100            8.71770                             0.99213                                           0.11618                                      9.30124e+04                                        1.04392e+06                                    7.12148e+04               
      579600            9.16633                             0.99798                                           0.06343                                      9.35603e+04                                        1.04329e+06                                    7.10224e+04               
      580100            8.81104                             1.00967                                           0.04362                                      9.46565e+04                                        1.04402e+06                                    7.11788e+04               
      580600            9.40508                             0.99403                                           0.04936                                      9.31901e+04                                        1.04353e+06                                    7.09199e+04               
      581100            8.93738                             1.00106                                          -0.00940                                      9.38497e+04                                        1.04423e+06                                    7.13273e+04               
      581600            8.98307                             0.99308                                          -0.01393                                      9.31009e+04                                        1.04274e+06                                    7.10772e+04               
      582100            9.00786                             0.99502                                          -0.07688                                      9.32830e+04                                        1.04396e+06                                    7.12286e+04               
      582600            9.04173                             0.99319                                          -0.04116                                      9.31115e+04                                        1.04332e+06                                    7.10326e+04               
      583100            8.91091                             0.99761                                           0.06118                                      9.35257e+04                                        1.04402e+06                                    7.11181e+04               
      583600            9.09625                             1.00336                                           0.00739                                      9.40646e+04                                        1.04404e+06                                    7.10745e+04               
      584100            9.37877                             0.99979                                           0.11123                                      9.37305e+04                                        1.04335e+06                                    7.09574e+04               
      584600            8.25959                             0.99815                                           0.03423                                      9.35768e+04                                        1.04515e+06                                    7.12062e+04               
      585100            8.62759                             0.99903                                           0.02463                                      9.36594e+04                                        1.04370e+06                                    7.10460e+04               
      585600            8.26893                             0.99837                                          -0.05221                                      9.35975e+04                                        1.04406e+06                                    7.12256e+04               
      586100            8.70065                             0.98556                                          -0.04816                                      9.23959e+04                                        1.04302e+06                                    7.10587e+04               
      586600            8.20244                             0.98327                                          -0.04427                                      9.21812e+04                                        1.04412e+06                                    7.11934e+04               
      587100            8.25791                             0.98672                                          -0.06896                                      9.25050e+04                                        1.04492e+06                                    7.13629e+04               
      587600            8.24554                             0.98485                                          -0.02644                                      9.23301e+04                                        1.04294e+06                                    7.10612e+04               
      588100            8.30502                             0.98815                                          -0.10221                                      9.26392e+04                                        1.04355e+06                                    7.11950e+04               
      588600            8.24239                             0.99666                                           0.05048                                      9.34369e+04                                        1.04472e+06                                    7.11209e+04               
      589100            8.71547                             1.00236                                           0.16707                                      9.39716e+04                                        1.04413e+06                                    7.09037e+04               
      589600            8.32585                             0.99608                                           0.07336                                      9.33821e+04                                        1.04596e+06                                    7.12637e+04               
      590100            8.29630                             0.99000                                          -0.00402                                      9.28129e+04                                        1.04439e+06                                    7.11006e+04               
      590600            8.72573                             0.99268                                           0.00545                                      9.30636e+04                                        1.04462e+06                                    7.11491e+04               
      591100            8.73737                             0.99144                                          -0.08093                                      9.29475e+04                                        1.04470e+06                                    7.12229e+04               
      591600            8.31569                             0.98725                                          -0.03090                                      9.25548e+04                                        1.04461e+06                                    7.11723e+04               
      592100            8.31951                             0.99536                                           0.00105                                      9.33152e+04                                        1.04532e+06                                    7.12413e+04               
      592600            8.77357                             0.99538                                           0.03382                                      9.33169e+04                                        1.04562e+06                                    7.12378e+04               
      593100            8.35242                             0.99601                                           0.05489                                      9.33760e+04                                        1.04519e+06                                    7.12678e+04               
      593600            8.65176                             0.99697                                           0.00818                                      9.34664e+04                                        1.04543e+06                                    7.12310e+04               
      594100            8.31339                             0.99442                                           0.10454                                      9.32265e+04                                        1.04416e+06                                    7.10108e+04               
      594600            8.77329                             0.98952                                          -0.02965                                      9.27675e+04                                        1.04517e+06                                    7.11326e+04               
      595100            8.24694                             0.99223                                          -0.06834                                      9.30218e+04                                        1.04523e+06                                    7.12840e+04               
      595600            8.75993                             0.98561                                           0.01950                                      9.24008e+04                                        1.04465e+06                                    7.12381e+04               
      596100            8.30087                             0.98678                                          -0.02126                                      9.25111e+04                                        1.04453e+06                                    7.12286e+04               
      596600            8.29684                             0.99414                                           0.02434                                      9.32009e+04                                        1.04505e+06                                    7.12068e+04               
      597100            8.73990                             0.99519                                           0.01977                                      9.32995e+04                                        1.04566e+06                                    7.12042e+04               
      597600            8.71615                             0.99346                                           0.05517                                      9.31372e+04                                        1.04481e+06                                    7.09986e+04               
      598100            8.28790                             1.00042                                           0.07026                                      9.37890e+04                                        1.04655e+06                                    7.12903e+04               
      598600            8.29031                             0.99833                                           0.10892                                      9.35935e+04                                        1.04503e+06                                    7.10073e+04               
      599100            8.36207                             0.99841                                           0.14062                                      9.36006e+04                                        1.04581e+06                                    7.10821e+04               
      599600            8.71549                             0.99806                                           0.09409                                      9.35677e+04                                        1.04586e+06                                    7.11228e+04               
      600100            8.32737                             1.00018                                           0.04188                                      9.37667e+04                                        1.04519e+06                                    7.10909e+04               
      600600            8.24779                             0.98906                                          -0.00743                                      9.27242e+04                                        1.04496e+06                                    7.10499e+04               
      601100            8.32544                             0.99254                                          -0.07516                                      9.30502e+04                                        1.04491e+06                                    7.11711e+04               
      601600            8.70972                             0.99069                                           0.04387                                      9.28775e+04                                        1.04449e+06                                    7.10690e+04               
      602100            8.70779                             0.99539                                          -0.00326                                      9.33182e+04                                        1.04567e+06                                    7.12409e+04               
      602600            8.28277                             0.99188                                           0.01325                                      9.29883e+04                                        1.04586e+06                                    7.11901e+04               
      603100            8.34518                             0.98830                                          -0.08260                                      9.26534e+04                                        1.04561e+06                                    7.12040e+04               
      603600            8.31685                             0.99046                                          -0.01044                                      9.28556e+04                                        1.04573e+06                                    7.12070e+04               
      604100            8.33605                             0.99271                                           0.04464                                      9.30665e+04                                        1.04614e+06                                    7.11961e+04               
      604600            8.30034                             0.99635                                          -0.02597                                      9.34075e+04                                        1.04637e+06                                    7.12453e+04               
      605100            8.76794                             0.99676                                          -0.00117                                      9.34463e+04                                        1.04618e+06                                    7.11476e+04               
      605600            8.23699                             0.99668                                           0.01894                                      9.34387e+04                                        1.04563e+06                                    7.10240e+04               
      606100            8.33946                             0.98498                                           0.01732                                      9.23415e+04                                        1.04539e+06                                    7.11129e+04               
      606600            8.68667                             0.99229                                          -0.06041                                      9.30274e+04                                        1.04584e+06                                    7.11941e+04               
      607100            8.69535                             0.99831                                         6.80777e-05                                    9.35914e+04                                        1.04656e+06                                    7.12959e+04               
      607600            8.27995                             0.99306                                          -0.05609                                      9.30997e+04                                        1.04570e+06                                    7.11688e+04               
      608100            8.75370                             0.98673                                          -0.01399                                      9.25056e+04                                        1.04511e+06                                    7.11616e+04               
      608600            8.80423                             0.99090                                          -0.04319                                      9.28966e+04                                        1.04618e+06                                    7.12885e+04               
      609100            8.77425                             0.98832                                          -0.04080                                      9.26547e+04                                        1.04658e+06                                    7.13088e+04               
      609600            8.70356                             0.99012                                          -0.04462                                      9.28242e+04                                        1.04632e+06                                    7.12022e+04               
      610100            8.78718                             1.00078                                          -0.06298                                      9.38227e+04                                        1.04703e+06                                    7.14271e+04               
      610600            8.35936                             0.99006                                           0.04568                                      9.28180e+04                                        1.04691e+06                                    7.13197e+04               
      611100            8.30041                             0.98388                                          -0.06077                                      9.22387e+04                                        1.04569e+06                                    7.11348e+04               
      611600            8.63605                             0.98663                                           0.00943                                      9.24963e+04                                        1.04574e+06                                    7.10888e+04               
      612100            8.68399                             0.99615                                           0.03670                                      9.33893e+04                                        1.04710e+06                                    7.11565e+04               
      612600            8.74895                             0.99894                                           0.10192                                      9.36507e+04                                        1.04643e+06                                    7.10146e+04               
      613100            8.37463                             0.99715                                          -0.02587                                      9.34824e+04                                        1.04682e+06                                    7.11703e+04               
      613600            8.44280                             0.99382                                           0.11053                                      9.31710e+04                                        1.04637e+06                                    7.10091e+04               
      614100            8.41416                             1.00363                                           0.06816                                      9.40902e+04                                        1.04679e+06                                    7.11460e+04               
      614600            8.93733                             1.00090                                          -0.08678                                      9.38341e+04                                        1.04761e+06                                    7.13374e+04               
      615100            8.48585                             0.99094                                           0.04990                                      9.29008e+04                                        1.04642e+06                                    7.10655e+04               
      615600            8.60780                             0.99696                                           0.05881                                      9.34646e+04                                        1.04707e+06                                    7.11618e+04               
      616100            8.81019                             1.00358                                           0.04459                                      9.40856e+04                                        1.04672e+06                                    7.10971e+04               
      616600            8.69910                             1.00003                                           0.10845                                      9.37532e+04                                        1.04656e+06                                    7.10384e+04               
      617100            8.87514                             1.00134                                           0.02016                                      9.38753e+04                                        1.04655e+06                                    7.11153e+04               
      617600            9.44714                             0.99230                                           0.08430                                      9.30284e+04                                        1.04671e+06                                    7.11127e+04               
      618100            9.02505                             0.99080                                           0.05571                                      9.28877e+04                                        1.04663e+06                                    7.10615e+04               
      618600            9.34025                             1.00145                                          -0.05037                                      9.38862e+04                                        1.04851e+06                                    7.14283e+04               
      619100            8.89222                             0.99729                                           0.00813                                      9.34960e+04                                        1.04765e+06                                    7.11555e+04               
      619600            8.83005                             0.98991                                           0.08552                                      9.28044e+04                                        1.04676e+06                                    7.10307e+04               
      620100            8.30658                             0.99156                                           0.01998                                      9.29588e+04                                        1.04778e+06                                    7.11824e+04               
      620600            8.29657                             0.99787                                           0.05938                                      9.35502e+04                                        1.04799e+06                                    7.12074e+04               
      621100            8.28349                             0.99162                                           0.01743                                      9.29647e+04                                        1.04674e+06                                    7.10903e+04               
      621600            8.28809                             1.00026                                           0.00867                                      9.37745e+04                                        1.04642e+06                                    7.10768e+04               
      622100            8.31932                             0.99159                                          -0.02109                                      9.29619e+04                                        1.04723e+06                                    7.12243e+04               
      622600            8.70775                             0.98894                                          -0.01768                                      9.27127e+04                                        1.04709e+06                                    7.12593e+04               
      623100            8.31549                             0.98577                                          -0.05794                                      9.24158e+04                                        1.04766e+06                                    7.12634e+04               
      623600            8.81048                             0.99122                                          -0.11539                                      9.29272e+04                                        1.04704e+06                                    7.13413e+04               
      624100            8.77109                             0.98976                                           0.02914                                      9.27904e+04                                        1.04689e+06                                    7.12103e+04               
      624600            8.76854                             0.99191                                          -0.16901                                      9.29919e+04                                        1.04775e+06                                    7.14234e+04               
      625100            8.34313                             0.98891                                          -0.01966                                      9.27099e+04                                        1.04735e+06                                    7.11633e+04               
      625600            8.38368                             0.99205                                           0.03078                                      9.30050e+04                                        1.04875e+06                                    7.13152e+04               
      626100            8.31529                             0.99508                                          -0.06002                                      9.32884e+04                                        1.04763e+06                                    7.11789e+04               
      626600            8.24380                             0.98658                                          -0.02810                                      9.24917e+04                                        1.04716e+06                                    7.10690e+04               
      627100            8.33061                             0.98903                                          -0.10124                                      9.27211e+04                                        1.04754e+06                                    7.12659e+04               
      627600            8.36551                             0.98935                                          -0.08834                                      9.27520e+04                                        1.04766e+06                                    7.12597e+04               
      628100            8.31593                             0.98683                                          -0.04378                                      9.25150e+04                                        1.04788e+06                                    7.12938e+04               
      628600            8.29429                             0.97830                                          -0.03138                                      9.17156e+04                                        1.04724e+06                                    7.11919e+04               
      629100            8.38136                             0.99198                                          -0.14720                                      9.29983e+04                                        1.04913e+06                                    7.14753e+04               
      629600            8.33521                             0.98411                                          -0.07011                                      9.22600e+04                                        1.04812e+06                                    7.12742e+04               
      630100            8.39172                             0.97967                                          -0.09327                                      9.18440e+04                                        1.04721e+06                                    7.12503e+04               
      630600            7.94938                             0.98447                                          -0.00822                                      9.22940e+04                                        1.04748e+06                                    7.11368e+04               
      631100            8.18361                             1.00075                                          -0.02952                                      9.38206e+04                                        1.04934e+06                                    7.13482e+04               
      631600            8.27546                             0.98968                                           0.03646                                      9.27827e+04                                        1.04789e+06                                    7.10733e+04               
      632100            8.20878                             0.99976                                           0.01942                                      9.37275e+04                                        1.04857e+06                                    7.11861e+04               
      632600            8.27151                             0.99952                                           0.02317                                      9.37047e+04                                        1.04748e+06                                    7.11029e+04               
      633100            8.29554                             0.99308                                          -0.03846                                      9.31016e+04                                        1.04871e+06                                    7.13065e+04               
      633600            8.20575                             0.99098                                           0.04225                                      9.29048e+04                                        1.04853e+06                                    7.12221e+04               
      634100            8.11209                             0.99564                                          -0.03029                                      9.33414e+04                                        1.04951e+06                                    7.12924e+04               
      634600            8.34176                             0.99386                                           0.07445                                      9.31748e+04                                        1.04833e+06                                    7.10585e+04               
      635100            8.04720                             1.00238                                          -0.03936                                      9.39731e+04                                        1.04924e+06                                    7.12510e+04               
      635600            8.35434                             0.99357                                           0.06119                                      9.31473e+04                                        1.04840e+06                                    7.11091e+04               
      636100            8.32302                             0.98552                                          -0.03377                                      9.23926e+04                                        1.04859e+06                                    7.12156e+04               
      636600            8.71348                             0.98455                                          -0.05993                                      9.23018e+04                                        1.04809e+06                                    7.11044e+04               
      637100            8.30054                             0.99505                                          -0.02999                                      9.32858e+04                                        1.04897e+06                                    7.11803e+04               
      637600            8.29864                             1.00026                                           0.09082                                      9.37745e+04                                        1.04872e+06                                    7.11687e+04               
      638100            8.30882                             0.99689                                           0.00155                                      9.34587e+04                                        1.04870e+06                                    7.11071e+04               
      638600            8.78288                             0.99450                                           0.05928                                      9.32341e+04                                        1.04886e+06                                    7.11669e+04               
      639100            8.72575                             0.98819                                           0.02587                                      9.26428e+04                                        1.04786e+06                                    7.10975e+04               
      639600            8.28483                             0.99344                                           0.01674                                      9.31351e+04                                        1.04927e+06                                    7.12214e+04               
      640100            8.24153                             0.99687                                           0.00670                                      9.34564e+04                                        1.04809e+06                                    7.10278e+04               
      640600            8.36556                             0.99374                                           0.00604                                      9.31632e+04                                        1.04797e+06                                    7.09956e+04               
      641100            8.69339                             1.00055                                           0.03209                                      9.38015e+04                                        1.04779e+06                                    7.10384e+04               
      641600            8.74043                             0.99506                                          -0.04420                                      9.32866e+04                                        1.04844e+06                                    7.11784e+04               
      642100            8.36384                             0.98969                                          -0.00760                                      9.27835e+04                                        1.04740e+06                                    7.09472e+04               
      642600            8.34180                             0.99333                                          -0.09173                                      9.31251e+04                                        1.04888e+06                                    7.11393e+04               
      643100            8.36325                             0.99396                                          -0.05417                                      9.31841e+04                                        1.04839e+06                                    7.11517e+04               
      643600            8.22001                             0.99230                                          -0.01212                                      9.30282e+04                                        1.04881e+06                                    7.11114e+04               
      644100            8.28892                             0.99310                                          -0.05964                                      9.31031e+04                                        1.04862e+06                                    7.11280e+04               
      644600            9.22356                             0.99160                                          -0.05007                                      9.29624e+04                                        1.04828e+06                                    7.10783e+04               
      645100            8.90348                             0.99000                                           0.05758                                      9.28123e+04                                        1.04931e+06                                    7.11709e+04               
      645600            9.07853                             0.99549                                          -0.04554                                      9.33267e+04                                        1.04881e+06                                    7.11367e+04               
      646100            8.85419                             0.98981                                          -0.05458                                      9.27949e+04                                        1.04928e+06                                    7.10879e+04               
      646600            8.77103                             0.98963                                          -0.02432                                      9.27776e+04                                        1.04877e+06                                    7.10913e+04               
      647100            8.90116                             0.99041                                          -0.01988                                      9.28507e+04                                        1.04901e+06                                    7.11392e+04               
      647600            9.29464                             0.99238                                           0.06480                                      9.30352e+04                                        1.04891e+06                                    7.10487e+04               
      648100            8.87066                             0.99111                                           0.02056                                      9.29169e+04                                        1.04953e+06                                    7.10772e+04               
      648600            8.76107                             0.99627                                           0.05385                                      9.34003e+04                                        1.04960e+06                                    7.09985e+04               
      649100            8.98021                             0.98945                                           0.00112                                      9.27606e+04                                        1.05006e+06                                    7.10489e+04               
      649600            9.48789                             0.99132                                           0.04392                                      9.29362e+04                                        1.04941e+06                                    7.09130e+04               
      650100            9.53281                             0.99631                                           0.03072                                      9.34040e+04                                        1.04995e+06                                    7.10796e+04               
      650600            8.98452                             0.99910                                          -0.03675                                      9.36657e+04                                        1.05040e+06                                    7.12019e+04               
      651100            9.70071                             0.98748                                          -0.03005                                      9.25761e+04                                        1.05037e+06                                    7.12828e+04               
      651600            9.64709                             0.98377                                          -0.03951                                      9.22280e+04                                        1.04927e+06                                    7.12247e+04               
      652100            9.60733                             0.98692                                           0.02507                                      9.25238e+04                                        1.04898e+06                                    7.10474e+04               
      652600            9.64617                             0.99257                                           0.07743                                      9.30537e+04                                        1.04967e+06                                    7.10105e+04               
      653100            9.20265                             0.99777                                           0.04146                                      9.35414e+04                                        1.05063e+06                                    7.12131e+04               
      653600            9.64403                             0.99194                                          -0.01247                                      9.29946e+04                                        1.04899e+06                                    7.09818e+04               
      654100            9.58416                             0.99547                                         1.42934e-05                                    9.33256e+04                                        1.05015e+06                                    7.12223e+04               
      654600            9.53853                             0.99172                                           0.00479                                      9.29739e+04                                        1.04927e+06                                    7.10259e+04               
      655100            9.67242                             0.99502                                           0.02769                                      9.32828e+04                                        1.04952e+06                                    7.10643e+04               
      655600            9.23299                             0.98974                                          -0.03855                                      9.27883e+04                                        1.04948e+06                                    7.10337e+04               
      656100            8.64696                             0.98933                                          -0.10721                                      9.27494e+04                                        1.04941e+06                                    7.11050e+04               
      656600            8.73315                             0.98424                                          -0.06280                                      9.22724e+04                                        1.04905e+06                                    7.10678e+04               
      657100            8.64901                             0.99061                                          -0.05705                                      9.28701e+04                                        1.04943e+06                                    7.11158e+04               
      657600            8.66708                             0.99385                                          -0.04211                                      9.31736e+04                                        1.05028e+06                                    7.11294e+04               
      658100            9.12546                             0.99192                                          -0.02603                                      9.29922e+04                                        1.04977e+06                                    7.10883e+04               
      658600            8.62261                             0.99120                                          -0.02356                                      9.29246e+04                                        1.04915e+06                                    7.10032e+04               
      659100            8.68278                             0.98945                                          -0.00353                                      9.27607e+04                                        1.05044e+06                                    7.10380e+04               
      659600            9.09785                             0.99168                                          -0.03321                                      9.29702e+04                                        1.04994e+06                                    7.10081e+04               
      660100            8.73537                             0.98996                                           0.06049                                      9.28084e+04                                        1.04876e+06                                    7.07967e+04               
      660600            9.10158                             0.99746                                           0.06587                                      9.35119e+04                                        1.05036e+06                                    7.10593e+04               
      661100            8.67312                             0.98747                                           0.03835                                      9.25753e+04                                        1.04952e+06                                    7.09146e+04               
      661600            8.66577                             0.99583                                          -0.05171                                      9.33594e+04                                        1.05104e+06                                    7.11736e+04               
      662100            8.65040                             0.99110                                           0.03095                                      9.29158e+04                                        1.04946e+06                                    7.09799e+04               
      662600            8.66995                             0.99876                                           0.08886                                      9.36337e+04                                        1.04969e+06                                    7.10120e+04               
      663100            8.66504                             0.99657                                          -0.08764                                      9.34284e+04                                        1.05064e+06                                    7.10656e+04               
      663600            8.66343                             0.99129                                           0.04781                                      9.29336e+04                                        1.04943e+06                                    7.07688e+04               
      664100            8.71974                             1.00026                                          -0.03384                                      9.37742e+04                                        1.04975e+06                                    7.09790e+04               
      664600            9.14654                             0.98895                                           0.02368                                      9.27138e+04                                        1.05053e+06                                    7.09494e+04               
      665100            8.79201                             0.99050                                          -0.03707                                      9.28591e+04                                        1.05155e+06                                    7.12515e+04               
      665600            8.65147                             0.98576                                          -0.04344                                      9.24150e+04                                        1.05002e+06                                    7.10561e+04               
      666100            8.71156                             0.99454                                          -0.08455                                      9.32382e+04                                        1.05140e+06                                    7.12442e+04               
      666600            9.11265                             1.00752                                           0.04797                                      9.44548e+04                                        1.05126e+06                                    7.09970e+04               
      667100            8.67450                             1.00436                                           0.14020                                      9.41590e+04                                        1.05100e+06                                    7.08915e+04               
      667600            8.62778                             1.00151                                          -0.00611                                      9.38913e+04                                        1.05100e+06                                    7.09846e+04               
      668100            8.64947                             0.99704                                           0.07886                                      9.34725e+04                                        1.05030e+06                                    7.08988e+04               
      668600            9.24457                             0.99854                                           0.13373                                      9.36128e+04                                        1.05186e+06                                    7.11104e+04               
      669100            8.64625                             0.99544                                          -0.01790                                      9.33224e+04                                        1.05065e+06                                    7.10277e+04               
      669600            8.74696                             0.99392                                           0.02177                                      9.31801e+04                                        1.05150e+06                                    7.11129e+04               
      670100            9.09655                             0.99728                                           0.02630                                      9.34950e+04                                        1.05171e+06                                    7.10876e+04               
      670600            9.15859                             0.99786                                          -0.03350                                      9.35495e+04                                        1.05200e+06                                    7.10476e+04               
      671100            8.69015                             0.99662                                          -0.00785                                      9.34332e+04                                        1.05248e+06                                    7.12599e+04               
      671600            8.69305                             0.98694                                           0.02257                                      9.25258e+04                                        1.05119e+06                                    7.11180e+04               
      672100            8.71203                             0.98564                                           0.07376                                      9.24038e+04                                        1.05055e+06                                    7.09807e+04               
      672600            9.13510                             0.99273                                          -0.06617                                      9.30687e+04                                        1.05122e+06                                    7.11144e+04               
      673100            8.75460                             0.98930                                          -0.01266                                      9.27467e+04                                        1.05147e+06                                    7.11172e+04               
      673600            9.16998                             0.98530                                           0.04277                                      9.23721e+04                                        1.05135e+06                                    7.09906e+04               
      674100            8.72509                             0.99393                                           0.03668                                      9.31808e+04                                        1.05164e+06                                    7.10314e+04               
      674600            8.67875                             0.99461                                           0.01029                                      9.32444e+04                                        1.05138e+06                                    7.09532e+04               
      675100            8.73494                             1.00042                                           0.08656                                      9.37892e+04                                        1.05086e+06                                    7.09215e+04               
      675600            9.09788                             0.99771                                          -0.02369                                      9.35357e+04                                        1.05159e+06                                    7.09863e+04               
      676100            9.21691                             0.99423                                          -0.01588                                      9.32095e+04                                        1.05246e+06                                    7.11403e+04               
      676600            8.73483                             0.98782                                           0.13582                                      9.26078e+04                                        1.05025e+06                                    7.08283e+04               
      677100            8.75742                             0.99942                                          -0.07333                                      9.36954e+04                                        1.05211e+06                                    7.12210e+04               
      677600            9.08884                             0.99281                                          -0.01094                                      9.30755e+04                                        1.05143e+06                                    7.10803e+04               
      678100            8.72389                             0.99217                                          -0.02477                                      9.30161e+04                                        1.05165e+06                                    7.10998e+04               
      678600            8.62144                             0.98674                                          -0.15235                                      9.25071e+04                                        1.05121e+06                                    7.11200e+04               
      679100            8.62830                             0.99061                                          -0.06648                                      9.28695e+04                                        1.05134e+06                                    7.11405e+04               
      679600            8.71475                             0.99529                                           0.04253                                      9.33082e+04                                        1.05308e+06                                    7.10886e+04               
      680100            8.77866                             0.99439                                          -0.08500                                      9.32239e+04                                        1.05291e+06                                    7.11937e+04               
      680600            9.21443                             0.99368                                           0.03342                                      9.31573e+04                                        1.05227e+06                                    7.11314e+04               
      681100            9.20438                             0.98755                                          -0.07921                                      9.25824e+04                                        1.05215e+06                                    7.11883e+04               
      681600            8.72414                             0.98827                                          -0.02696                                      9.26506e+04                                        1.05213e+06                                    7.11554e+04               
      682100            8.75482                             0.99360                                          -0.12024                                      9.31504e+04                                        1.05266e+06                                    7.12538e+04               
      682600            9.15597                             0.99573                                          -0.03808                                      9.33498e+04                                        1.05319e+06                                    7.11549e+04               
      683100            8.71812                             0.99195                                          -0.10125                                      9.29956e+04                                        1.05205e+06                                    7.11286e+04               
      683600            8.76273                             0.98756                                          -0.02158                                      9.25838e+04                                        1.05220e+06                                    7.10952e+04               
      684100            9.16470                             0.99123                                          -0.04556                                      9.29277e+04                                        1.05295e+06                                    7.11455e+04               
      684600            8.80750                             0.99446                                          -0.04327                                      9.32305e+04                                        1.05245e+06                                    7.11629e+04               
      685100            8.63035                             0.99038                                           0.03934                                      9.28483e+04                                        1.05140e+06                                    7.09916e+04               
      685600            9.19149                             0.99631                                          -0.00756                                      9.34040e+04                                        1.05349e+06                                    7.12592e+04               
      686100            9.26610                             0.99619                                           0.01563                                      9.33927e+04                                        1.05160e+06                                    7.09394e+04               
      686600            9.29337                             0.99041                                          -0.04789                                      9.28507e+04                                        1.05201e+06                                    7.10944e+04               
      687100            8.88545                             0.99115                                          -0.04282                                      9.29204e+04                                        1.05357e+06                                    7.13433e+04               
      687600            9.43833                             0.98534                                           0.01324                                      9.23755e+04                                        1.05170e+06                                    7.10085e+04               
      688100            9.09211                             0.99089                                          -0.04809                                      9.28963e+04                                        1.05189e+06                                    7.11807e+04               
      688600            9.10713                             0.98906                                          -0.05553                                      9.27247e+04                                        1.05249e+06                                    7.11752e+04               
      689100            9.53552                             0.99075                                          -0.03031                                      9.28832e+04                                        1.05250e+06                                    7.10209e+04               
      689600            9.61219                             0.99572                                           0.01193                                      9.33491e+04                                        1.05276e+06                                    7.09606e+04               
      690100            9.21557                             1.00711                                           0.01662                                      9.44168e+04                                        1.05419e+06                                    7.12520e+04               
      690600            9.60273                             1.00319                                           0.08327                                      9.40490e+04                                        1.05307e+06                                    7.09594e+04               
      691100            9.11518                             1.00041                                           0.03907                                      9.37880e+04                                        1.05336e+06                                    7.10632e+04               
      691600            9.18371                             0.99424                                           0.06311                                      9.32102e+04                                        1.05371e+06                                    7.10359e+04               
      692100            9.19021                             0.99347                                           0.01641                                      9.31375e+04                                        1.05270e+06                                    7.10507e+04               
      692600            9.23969                             0.99689                                           0.07516                                      9.34585e+04                                        1.05207e+06                                    7.10525e+04               
      693100            9.82729                             0.99393                                           0.06715                                      9.31809e+04                                        1.05282e+06                                    7.11478e+04               
      693600            9.86069                             0.99108                                          -0.00786                                      9.29137e+04                                        1.05312e+06                                    7.11504e+04               
      694100            9.14144                             0.99279                                          -0.04994                                      9.30745e+04                                        1.05387e+06                                    7.13365e+04               
      694600            9.35810                             0.98752                                           0.03367                                      9.25798e+04                                        1.05224e+06                                    7.10610e+04               
      695100            9.19022                             0.99040                                          -0.02245                                      9.28504e+04                                        1.05271e+06                                    7.11361e+04               
      695600            9.20989                             0.98915                                          -0.02981                                      9.27328e+04                                        1.05262e+06                                    7.10594e+04               
      696100            9.74328                             0.99025                                          -0.07453                                      9.28362e+04                                        1.05351e+06                                    7.11978e+04               
      696600            9.71313                             0.99318                                           0.02993                                      9.31103e+04                                        1.05391e+06                                    7.11419e+04               
      697100            9.28807                             0.99311                                           0.05426                                      9.31037e+04                                        1.05312e+06                                    7.09621e+04               
      697600            9.75819                             1.00388                                           0.08025                                      9.41138e+04                                        1.05417e+06                                    7.10318e+04               
      698100            9.63561                             1.00118                                           0.07923                                      9.38609e+04                                        1.05366e+06                                    7.10303e+04               
      698600            9.26207                             0.99777                                           0.04793                                      9.35406e+04                                        1.05306e+06                                    7.10244e+04               
      699100            9.28723                             0.99742                                           0.02568                                      9.35082e+04                                        1.05337e+06                                    7.10443e+04               
      699600            9.31605                             0.99000                                          -0.03593                                      9.28126e+04                                        1.05323e+06                                    7.10903e+04               
      700100            9.30193                             0.98624                                          -0.05335                                      9.24596e+04                                        1.05345e+06                                    7.12490e+04               
      700600            9.24530                             0.99218                                          -0.03550                                      9.30165e+04                                        1.05301e+06                                    7.12122e+04               
      701100            9.31946                             0.99449                                          -0.06398                                      9.32330e+04                                        1.05385e+06                                    7.12366e+04               
      701600            9.82302                             0.99130                                           0.05599                                      9.29343e+04                                        1.05379e+06                                    7.10706e+04               
      702100            9.30524                             0.99958                                           0.02095                                      9.37104e+04                                        1.05318e+06                                    7.10636e+04               
      702600            9.28161                             0.99910                                           0.06950                                      9.36654e+04                                        1.05402e+06                                    7.11980e+04               
      703100            9.27872                             0.98969                                          -0.00162                                      9.27839e+04                                        1.05267e+06                                    7.09398e+04               
      703600            9.67964                             0.99350                                           0.06483                                      9.31402e+04                                        1.05263e+06                                    7.08753e+04               
      704100            9.29577                             1.00193                                          -0.02022                                      9.39312e+04                                        1.05412e+06                                    7.11025e+04               
      704600            9.23906                             0.99341                                          -0.03679                                      9.31321e+04                                        1.05325e+06                                    7.09095e+04               
      705100            9.29000                             0.99076                                           0.01200                                      9.28834e+04                                        1.05313e+06                                    7.09011e+04               
      705600            9.37037                             0.99557                                           0.05633                                      9.33350e+04                                        1.05387e+06                                    7.10535e+04               
      706100            9.28324                             0.99855                                           0.01729                                      9.36142e+04                                        1.05341e+06                                    7.09279e+04               
      706600            9.32861                             0.99681                                          -0.01572                                      9.34505e+04                                        1.05436e+06                                    7.10871e+04               
      707100            9.83001                             0.99207                                           0.05449                                      9.30065e+04                                        1.05328e+06                                    7.09626e+04               
      707600            9.85752                             0.98666                                          -0.04546                                      9.24997e+04                                        1.05393e+06                                    7.11364e+04               
      708100            9.82910                             0.98638                                          -0.04093                                      9.24734e+04                                        1.05389e+06                                    7.11289e+04               
      708600            9.75721                             0.98649                                          -0.05928                                      9.24832e+04                                        1.05391e+06                                    7.11913e+04               
      709100            9.73333                             0.99238                                           0.04215                                      9.30354e+04                                        1.05279e+06                                    7.09941e+04               
      709600            9.76411                             0.99703                                         3.59919e-06                                    9.34719e+04                                        1.05511e+06                                    7.10520e+04               
      710100            9.29499                             1.00072                                           0.03784                                      9.38172e+04                                        1.05403e+06                                    7.09085e+04               
      710600            9.69154                             0.99675                                           0.03370                                      9.34453e+04                                        1.05427e+06                                    7.11099e+04               
      711100            9.82085                             0.99253                                          -0.05509                                      9.30496e+04                                        1.05454e+06                                    7.11902e+04               
      711600            9.85734                             0.98918                                          -0.01019                                      9.27360e+04                                        1.05433e+06                                    7.10414e+04               
      712100            9.36648                             0.99613                                           0.01788                                      9.33874e+04                                        1.05426e+06                                    7.09858e+04               
      712600            9.36972                             0.99955                                           0.03389                                      9.37076e+04                                        1.05484e+06                                    7.11445e+04               
      713100            9.86849                             0.99424                                           0.02744                                      9.32096e+04                                        1.05418e+06                                    7.10418e+04               
      713600            9.82824                             0.99440                                           0.03295                                      9.32254e+04                                        1.05416e+06                                    7.10526e+04               
      714100            9.36289                             0.99592                                          -0.01509                                      9.33674e+04                                        1.05476e+06                                    7.12013e+04               
      714600            9.79231                             0.99393                                           0.02795                                      9.31807e+04                                        1.05433e+06                                    7.10390e+04               
      715100            9.34179                             0.99788                                           0.06591                                      9.35511e+04                                        1.05402e+06                                    7.09197e+04               
      715600            9.89985                             1.00012                                          -0.15296                                      9.37611e+04                                        1.05485e+06                                    7.12310e+04               
      716100            9.33661                             0.98418                                          -0.04535                                      9.22666e+04                                        1.05299e+06                                    7.09399e+04               
      716600            9.35038                             0.99077                                          -0.05605                                      9.28849e+04                                        1.05463e+06                                    7.11411e+04               
      717100            9.29150                             0.99369                                           0.00769                                      9.31581e+04                                        1.05355e+06                                    7.08537e+04               
      717600            9.27903                             0.99902                                           0.06872                                      9.36577e+04                                        1.05496e+06                                    7.10714e+04               
      718100            9.29386                             0.99888                                          -0.04403                                      9.36447e+04                                        1.05429e+06                                    7.09658e+04               
      718600            9.30951                             0.99324                                          -0.02425                                      9.31166e+04                                        1.05478e+06                                    7.10029e+04               
      719100            9.38978                             0.99759                                          -0.02002                                      9.35241e+04                                        1.05530e+06                                    7.11947e+04               
      719600            9.87006                             0.99525                                           0.08119                                      9.33049e+04                                        1.05548e+06                                    7.09836e+04               
      720100            9.30308                             0.99771                                           0.01805                                      9.35355e+04                                        1.05403e+06                                    7.08818e+04               
      720600            9.35468                             0.99025                                          -0.01472                                      9.28361e+04                                        1.05528e+06                                    7.11825e+04               
      721100            9.85616                             0.99064                                          -0.01348                                      9.28727e+04                                        1.05357e+06                                    7.09631e+04               
      721600            9.37104                             0.99111                                          -0.02425                                      9.29162e+04                                        1.05542e+06                                    7.11425e+04               
      722100            9.36761                             0.99417                                           0.00898                                      9.32033e+04                                        1.05497e+06                                    7.11360e+04               
      722600            9.42081                             0.98752                                          -0.01547                                      9.25800e+04                                        1.05534e+06                                    7.12287e+04               
      723100            9.32333                             0.99208                                          -0.03627                                      9.30072e+04                                        1.05554e+06                                    7.11800e+04               
      723600            9.83540                             0.98877                                          -0.10336                                      9.26972e+04                                        1.05463e+06                                    7.09931e+04               
      724100            9.84298                             0.99867                                           0.02111                                      9.36256e+04                                        1.05529e+06                                    7.10076e+04               
      724600            9.27001                             0.99784                                          -0.02386                                      9.35477e+04                                        1.05496e+06                                    7.09439e+04               
      725100            9.33579                             0.99411                                           0.08620                                      9.31979e+04                                        1.05470e+06                                    7.09502e+04               
      725600            9.78601                             0.99650                                           0.11227                                      9.34215e+04                                        1.05522e+06                                    7.10041e+04               
      726100            9.89416                             1.00085                                           0.01894                                      9.38294e+04                                        1.05571e+06                                    7.10504e+04               
      726600            9.33662                             0.99294                                           0.04665                                      9.30883e+04                                        1.05538e+06                                    7.09495e+04               
      727100            9.15233                             0.99902                                           0.03976                                      9.36586e+04                                        1.05511e+06                                    7.09671e+04               
      727600            9.60428                             0.99589                                           0.09552                                      9.33643e+04                                        1.05536e+06                                    7.10238e+04               
      728100            9.02512                             0.99807                                           0.01374                                      9.35689e+04                                        1.05492e+06                                    7.09373e+04               
      728600            9.10331                             0.99719                                           0.01914                                      9.34870e+04                                        1.05596e+06                                    7.10716e+04               
      729100            9.14376                             1.00094                                           0.06601                                      9.38384e+04                                        1.05540e+06                                    7.09711e+04               
      729600            9.02591                             1.00068                                           0.06526                                      9.38138e+04                                        1.05542e+06                                    7.09883e+04               
      730100            9.49634                             1.00131                                           0.02979                                      9.38725e+04                                        1.05552e+06                                    7.09795e+04               
      730600            9.47437                             1.00007                                           0.01050                                      9.37562e+04                                        1.05632e+06                                    7.11170e+04               
      731100            9.02433                             0.99319                                          -0.01866                                      9.31115e+04                                        1.05541e+06                                    7.10492e+04               
      731600            9.10683                             0.99143                                           0.02928                                      9.29470e+04                                        1.05561e+06                                    7.10067e+04               
      732100            9.06602                             0.99436                                           0.05200                                      9.32217e+04                                        1.05584e+06                                    7.09776e+04               
      732600            9.57857                             0.99530                                          -0.04783                                      9.33096e+04                                        1.05609e+06                                    7.10826e+04               
      733100            9.10073                             0.98854                                          -0.02698                                      9.26753e+04                                        1.05534e+06                                    7.09930e+04               
      733600            9.06027                             0.99450                                          -0.05937                                      9.32348e+04                                        1.05596e+06                                    7.10844e+04               
      734100            9.06455                             0.99371                                          -0.01229                                      9.31605e+04                                        1.05528e+06                                    7.10195e+04               
      734600            9.08054                             0.98950                                           0.01133                                      9.27655e+04                                        1.05519e+06                                    7.09222e+04               
      735100            9.12908                             1.00245                                           0.07997                                      9.39794e+04                                        1.05675e+06                                    7.11446e+04               
      735600            9.05877                             0.99673                                           0.07252                                      9.34432e+04                                        1.05547e+06                                    7.09177e+04               
      736100            9.51513                             0.99256                                           0.03638                                      9.30526e+04                                        1.05621e+06                                    7.10150e+04               
      736600            9.06031                             0.99315                                           0.01152                                      9.31077e+04                                        1.05618e+06                                    7.10307e+04               
      737100            9.13830                             0.99799                                          -0.01850                                      9.35617e+04                                        1.05641e+06                                    7.10993e+04               
      737600            9.13302                             1.00297                                           0.06105                                      9.40286e+04                                        1.05569e+06                                    7.10226e+04               
      738100            9.01762                             1.00387                                           0.04426                                      9.41129e+04                                        1.05657e+06                                    7.09995e+04               
      738600            9.52849                             1.00805                                           0.04735                                      9.45050e+04                                        1.05603e+06                                    7.09961e+04               
      739100            8.99689                             0.99879                                           0.05416                                      9.36361e+04                                        1.05616e+06                                    7.09130e+04               
      739600            9.12105                             0.99844                                           0.05342                                      9.36039e+04                                        1.05664e+06                                    7.09258e+04               
      740100            9.04790                             0.99241                                           0.06439                                      9.30389e+04                                        1.05686e+06                                    7.10175e+04               
      740600            9.06831                             0.99302                                          -0.00257                                      9.30955e+04                                        1.05703e+06                                    7.11676e+04               
      741100            9.11312                             0.99192                                          -0.00845                                      9.29927e+04                                        1.05694e+06                                    7.11035e+04               
      741600            9.54069                             0.99373                                          -0.08855                                      9.31622e+04                                        1.05794e+06                                    7.13566e+04               
      742100            9.54043                             0.98704                                           0.04068                                      9.25350e+04                                        1.05772e+06                                    7.11576e+04               
      742600            9.12140                             0.98971                                          -0.00544                                      9.27850e+04                                        1.05716e+06                                    7.10845e+04               
      743100            9.06920                             1.00152                                           0.06949                                      9.38925e+04                                        1.05696e+06                                    7.09661e+04               
      743600            9.56935                             1.00442                                           0.00140                                      9.41640e+04                                        1.05712e+06                                    7.10642e+04               
      744100            9.55477                             0.99590                                           0.00213                                      9.33655e+04                                        1.05693e+06                                    7.09829e+04               
      744600            9.12846                             0.99001                                          -0.05580                                      9.28138e+04                                        1.05757e+06                                    7.12127e+04               
      745100            9.53335                             0.99533                                           0.02670                                      9.33124e+04                                        1.05602e+06                                    7.10792e+04               
      745600            9.09108                             0.99383                                          -0.03568                                      9.31711e+04                                        1.05755e+06                                    7.11841e+04               
      746100            9.08122                             1.00067                                          -0.02440                                      9.38126e+04                                        1.05738e+06                                    7.11528e+04               
      746600            9.13468                             0.99224                                          -0.02541                                      9.30224e+04                                        1.05726e+06                                    7.11757e+04               
      747100            9.12718                             0.98894                                          -0.01372                                      9.27132e+04                                        1.05721e+06                                    7.11096e+04               
      747600            9.63006                             0.99562                                           0.02273                                      9.33396e+04                                        1.05764e+06                                    7.10811e+04               
      748100            9.07826                             0.99673                                           0.00769                                      9.34432e+04                                        1.05760e+06                                    7.11805e+04               
      748600            9.14453                             0.99393                                           0.04522                                      9.31810e+04                                        1.05728e+06                                    7.10272e+04               
      749100            9.16357                             0.99794                                           0.00262                                      9.35568e+04                                        1.05709e+06                                    7.11309e+04               
      749600            9.54384                             0.99544                                          -0.00348                                      9.33228e+04                                        1.05729e+06                                    7.10395e+04               
      750100            9.08311                             0.99302                                           0.01261                                      9.30960e+04                                        1.05694e+06                                    7.09963e+04               
      750600            9.58404                             0.98934                                          -0.02691                                      9.27510e+04                                        1.05721e+06                                    7.11359e+04               
      751100            9.60623                             0.99466                                          -0.06177                                      9.32493e+04                                        1.05776e+06                                    7.13513e+04               
      751600            8.95671                             0.99194                                           0.01999                                      9.29943e+04                                        1.05715e+06                                    7.11690e+04               
      752100            9.54530                             0.98518                                          -0.02823                                      9.23610e+04                                        1.05671e+06                                    7.10329e+04               
      752600            9.13354                             0.99057                                          -0.05580                                      9.28660e+04                                        1.05880e+06                                    7.13298e+04               
      753100            9.01632                             0.98997                                          -0.04476                                      9.28100e+04                                        1.05844e+06                                    7.13055e+04               
      753600            9.11708                             0.98708                                          -0.02422                                      9.25385e+04                                        1.05692e+06                                    7.10515e+04               
      754100            8.96358                             0.99797                                           0.00694                                      9.35600e+04                                        1.05730e+06                                    7.10294e+04               
      754600            9.03927                             0.99008                                           0.04569                                      9.28199e+04                                        1.05837e+06                                    7.11635e+04               
      755100            9.05032                             0.99115                                           0.03659                                      9.29199e+04                                        1.05720e+06                                    7.08816e+04               
      755600            9.57753                             0.99467                                           0.01228                                      9.32502e+04                                        1.05730e+06                                    7.09674e+04               
      756100            9.03434                             0.99387                                          -0.01339                                      9.31756e+04                                        1.05751e+06                                    7.10915e+04               
      756600            9.55901                             0.99157                                          -0.09148                                      9.29602e+04                                        1.05779e+06                                    7.11633e+04               
      757100            9.12269                             0.98523                                          -0.06814                                      9.23651e+04                                        1.05844e+06                                    7.12768e+04               
      757600            9.12522                             0.98388                                          -0.11061                                      9.22386e+04                                        1.05891e+06                                    7.14250e+04               
      758100            9.50548                             0.98259                                           0.01722                                      9.21178e+04                                        1.05711e+06                                    7.10691e+04               
      758600            9.08895                             0.98915                                          -0.04443                                      9.27324e+04                                        1.05871e+06                                    7.13406e+04               
      759100            9.64427                             0.99599                                          -0.02403                                      9.33741e+04                                        1.05800e+06                                    7.11466e+04               
      759600            9.12678                             0.99098                                           0.00454                                      9.29048e+04                                        1.05921e+06                                    7.12239e+04               
      760100            9.13507                             0.98896                                          -0.00565                                      9.27147e+04                                        1.05806e+06                                    7.10387e+04               
      760600            9.14588                             0.98894                                          -0.01544                                      9.27128e+04                                        1.05799e+06                                    7.11328e+04               
      761100            9.19907                             0.99285                                          -0.01736                                      9.30796e+04                                        1.05742e+06                                    7.09739e+04               
      761600            9.13735                             0.99612                                          -0.04447                                      9.33865e+04                                        1.05842e+06                                    7.10718e+04               
      762100            9.66259                             0.99920                                           0.01946                                      9.36749e+04                                        1.05822e+06                                    7.10714e+04               
      762600            9.09794                             0.99688                                          -0.02946                                      9.34572e+04                                        1.05862e+06                                    7.11922e+04               
      763100            9.14382                             0.98904                                           0.04937                                      9.27225e+04                                        1.05846e+06                                    7.10408e+04               
      763600            9.21405                             0.98998                                           0.03977                                      9.28105e+04                                        1.05820e+06                                    7.10699e+04               
      764100            9.76598                             0.98925                                          -0.01190                                      9.27424e+04                                        1.05890e+06                                    7.12385e+04               
      764600            9.84914                             0.99364                                          -0.05334                                      9.31542e+04                                        1.05879e+06                                    7.12353e+04               
      765100            9.64637                             0.98570                                          -0.01390                                      9.24093e+04                                        1.05763e+06                                    7.10313e+04               
      765600            9.13620                             0.99353                                          -0.08093                                      9.31433e+04                                        1.05859e+06                                    7.11657e+04               
      766100            9.25296                             0.99546                                          -0.03376                                      9.33248e+04                                        1.05864e+06                                    7.11045e+04               
      766600            9.51003                             0.98648                                          -0.07353                                      9.24822e+04                                        1.05813e+06                                    7.11431e+04               
      767100            9.12020                             0.98700                                          -0.12224                                      9.25316e+04                                        1.05780e+06                                    7.11533e+04               
      767600            9.04851                             0.98791                                          -0.08246                                      9.26162e+04                                        1.05799e+06                                    7.10448e+04               
      768100            9.07647                             0.99846                                          -0.00865                                      9.36059e+04                                        1.05854e+06                                    7.11514e+04               
      768600            9.03474                             0.99309                                           0.00491                                      9.31020e+04                                        1.05833e+06                                    7.10178e+04               
      769100            9.07671                             0.99084                                           0.01599                                      9.28916e+04                                        1.05834e+06                                    7.09275e+04               
      769600            9.04924                             0.99737                                           0.01741                                      9.35030e+04                                        1.05879e+06                                    7.10641e+04               
      770100            9.15913                             0.99578                                          -0.05318                                      9.33548e+04                                        1.05848e+06                                    7.10383e+04               
      770600            9.64010                             0.99320                                        -3.55305e-04                                    9.31128e+04                                        1.05911e+06                                    7.11620e+04               
      771100            9.10479                             0.99556                                           0.01268                                      9.33333e+04                                        1.05880e+06                                    7.11115e+04               
      771600            9.03017                             0.99375                                           0.03774                                      9.31636e+04                                        1.05791e+06                                    7.08850e+04               
      772100            9.55466                             0.99829                                           0.04969                                      9.35893e+04                                        1.05947e+06                                    7.10842e+04               
      772600            9.08252                             0.99640                                          -0.00748                                      9.34122e+04                                        1.05860e+06                                    7.09952e+04               
      773100            9.11779                             0.99664                                           0.00132                                      9.34354e+04                                        1.05879e+06                                    7.10189e+04               
      773600            9.11592                             0.99301                                           0.00829                                      9.30943e+04                                        1.05844e+06                                    7.09731e+04               
      774100            9.11857                             0.99518                                           0.04265                                      9.32986e+04                                        1.05891e+06                                    7.10585e+04               
      774600            9.47098                             1.00162                                           0.03789                                      9.39020e+04                                        1.05894e+06                                    7.10563e+04               
      775100            9.01499                             0.99451                                          -0.01798                                      9.32358e+04                                        1.05926e+06                                    7.12013e+04               
Simulation.timestep  Simulation.tps  md.compute.ThermodynamicQuantities.kinetic_temperature md.compute.ThermodynamicQuantities.pressure md.compute.ThermodynamicQuantities.kinetic_energy md.compute.ThermodynamicQuantities.potential_energy md.compute.ThermodynamicQuantities.volume
      775100            9.44263                             0.99810                                           0.01298                                      9.35717e+04                                        1.05836e+06                                    7.11155e+04               
      775600            9.90899                             0.99765                                          -0.02383                                      9.35299e+04                                        1.05781e+06                                    7.09643e+04               
      776100            9.42139                             0.99941                                           0.02313                                      9.36951e+04                                        1.05772e+06                                    7.10403e+04               
      776600            9.93213                             0.99707                                          -0.00802                                      9.34757e+04                                        1.05726e+06                                    7.09782e+04               
      777100            9.45794                             0.99470                                           0.06206                                      9.32527e+04                                        1.05724e+06                                    7.09315e+04               
      777600            9.44521                             0.99809                                           0.03234                                      9.35713e+04                                        1.05771e+06                                    7.08893e+04               
      778100            9.46836                             1.00792                                           0.02450                                      9.44921e+04                                        1.05873e+06                                    7.10718e+04               
      778600            9.45401                             1.00256                                           0.07777                                      9.39896e+04                                        1.05832e+06                                    7.09870e+04               
      779100            9.99763                             0.99615                                           0.05444                                      9.33895e+04                                        1.05819e+06                                    7.09047e+04               
      779600            9.45803                             0.98985                                           0.00417                                      9.27988e+04                                        1.05717e+06                                    7.09213e+04               
      780100            9.44541                             0.99191                                          -0.00759                                      9.29915e+04                                        1.05807e+06                                    7.09525e+04               
      780600            9.35959                             0.99608                                           0.00978                                      9.33824e+04                                        1.05777e+06                                    7.09143e+04               
      781100            9.42784                             0.99315                                           0.02311                                      9.31078e+04                                        1.05823e+06                                    7.10256e+04               
      781600            9.96916                             0.99299                                           0.04180                                      9.30931e+04                                        1.05775e+06                                    7.08971e+04               
      782100            9.47732                             0.99785                                          -0.02976                                      9.35488e+04                                        1.05818e+06                                    7.09925e+04               
      782600            9.06658                             0.99368                                          -0.06446                                      9.31577e+04                                        1.05775e+06                                    7.09637e+04               
      783100            9.46263                             0.98963                                        -2.79056e-05                                    9.27778e+04                                        1.05766e+06                                    7.08988e+04               
      783600            9.51929                             0.99106                                           0.05826                                      9.29121e+04                                        1.05858e+06                                    7.10546e+04               
      784100            9.99622                             0.99503                                          -0.02006                                      9.32840e+04                                        1.05679e+06                                    7.08393e+04               
      784600            10.01798                            0.98894                                          -0.16949                                      9.27130e+04                                        1.05831e+06                                    7.11303e+04               
      785100            9.47503                             0.98976                                          -0.01347                                      9.27896e+04                                        1.05724e+06                                    7.09503e+04               
      785600            9.46573                             0.99236                                          -0.02794                                      9.30342e+04                                        1.05884e+06                                    7.11260e+04               
      786100            9.47620                             0.99559                                           0.07298                                      9.33361e+04                                        1.05738e+06                                    7.08696e+04               
      786600            9.94898                             0.99549                                          -0.06840                                      9.33272e+04                                        1.05931e+06                                    7.11719e+04               
      787100            9.98341                             0.99366                                           0.08089                                      9.31554e+04                                        1.05808e+06                                    7.08461e+04               
      787600            9.47501                             0.99221                                           0.08724                                      9.30196e+04                                        1.05865e+06                                    7.09304e+04               
      788100            9.51711                             0.99379                                           0.04036                                      9.31679e+04                                        1.05767e+06                                    7.08754e+04               
      788600            9.97741                             0.98982                                           0.01435                                      9.27958e+04                                        1.05818e+06                                    7.09494e+04               
      789100            9.45416                             0.99616                                          -0.04016                                      9.33904e+04                                        1.05921e+06                                    7.10726e+04               
      789600            10.01118                            0.99310                                          -0.00906                                      9.31033e+04                                        1.05895e+06                                    7.09626e+04               
      790100            9.47698                             0.99107                                          -0.02019                                      9.29124e+04                                        1.05873e+06                                    7.10192e+04               
      790600            9.99636                             0.98781                                          -0.05803                                      9.26069e+04                                        1.05922e+06                                    7.10954e+04               
      791100            9.46832                             0.99651                                          -0.07197                                      9.34226e+04                                        1.05830e+06                                    7.10770e+04               
      791600            9.92939                             0.98601                                          -0.04978                                      9.24388e+04                                        1.05849e+06                                    7.10687e+04               
      792100            9.50638                             0.98695                                          -0.10914                                      9.25269e+04                                        1.05846e+06                                    7.11385e+04               
