Simulation.timestep  Simulation.tps  md.compute.ThermodynamicQuantities.kinetic_temperature md.compute.ThermodynamicQuantities.pressure md.compute.ThermodynamicQuantities.kinetic_energy md.compute.ThermodynamicQuantities.potential_energy md.compute.ThermodynamicQuantities.volume
       9100             8.14074                             1.02459                                           0.04218                                      93173.46663                                        6.13492e+05                                    74990.30592               
       10100            9.89722                             1.02211                                           0.11988                                      92948.34956                                        6.14716e+05                                    74460.99839               
       11100            9.70109                             1.01695                                           0.06718                                      92478.95208                                        6.15689e+05                                    74532.75449               
       12100            9.93659                             1.01166                                           0.06075                                      91997.98658                                        6.16551e+05                                    74306.75042               
       13100            9.89785                             1.00841                                           0.06288                                      91702.70805                                        6.17697e+05                                    74310.22083               
       14100            9.89839                             0.99677                                           0.05096                                      90643.49652                                        6.19403e+05                                    74196.65412               
       15100            9.90373                             1.00506                                          -0.00862                                      91397.44380                                        6.21667e+05                                    74482.52945               
       16100            9.69685                             1.00096                                          -0.01573                                      91025.18993                                        6.22853e+05                                    74385.20794               
       17100            9.92256                             0.99215                                          -0.02077                                      90223.78599                                        6.24254e+05                                    74483.70001               
       18100            9.91518                             0.99255                                           0.01697                                      90259.66654                                        6.26127e+05                                    74428.97552               
       19100            9.88572                             0.99469                                          -0.04238                                      90454.44779                                        6.28164e+05                                    74513.26101               
       20100            9.89312                             0.99008                                           0.02345                                      90035.84546                                        6.29157e+05                                    74357.16657               
       21100            9.87989                             0.98872                                           0.00150                                      89911.53951                                        6.31477e+05                                    74275.84264               
       22100            9.89913                             0.99656                                           0.04526                                      90624.70341                                        6.33244e+05                                    74182.51219               
       23100            9.92016                             1.00357                                          -0.00573                                      91262.31063                                        6.34004e+05                                    74176.36194               
       24100            9.89994                             0.99488                                           0.01207                                      90472.32753                                        6.35980e+05                                    74140.26025               
       25100            9.88966                             0.99169                                          -0.04257                                      90182.23258                                        6.37780e+05                                    74233.23597               
       26100            9.91450                             0.98884                                           0.00036                                      89922.60538                                        6.41127e+05                                    74389.30840               
       27100            9.89017                             0.99023                                          -0.04352                                      90048.76370                                        6.43075e+05                                    74346.70727               
       28100            9.90247                             0.99489                                          -0.07802                                      90472.87949                                        6.43766e+05                                    74273.92849               
       29100            9.91937                             0.98817                                          -0.07891                                      89861.47830                                        6.44964e+05                                    74181.11884               
       30100            9.85174                             0.99216                                          -0.02177                                      90224.47526                                        6.45726e+05                                    73981.85733               
       31100            9.83549                             0.98798                                          -0.00091                                      89844.52878                                        6.47877e+05                                    73891.75025               
       32100            9.89790                             0.99427                                           0.02283                                      90416.05077                                        6.49645e+05                                    74000.62642               
       33100            9.87861                             0.99365                                          -0.00519                                      90360.37834                                        6.50870e+05                                    73986.84056               
       34100            9.91758                             0.99353                                          -0.10157                                      90349.47881                                        6.53628e+05                                    74206.85273               
       35100            9.89813                             0.99242                                          -0.00681                                      90248.40552                                        6.54909e+05                                    74071.81862               
       36100            9.90418                             0.98802                                          -0.09834                                      89848.33546                                        6.56233e+05                                    74181.39183               
       37100            9.87895                             0.99718                                          -0.01261                                      90680.63087                                        6.57445e+05                                    73952.44854               
       38100            9.89637                             0.99117                                           0.00950                                      90134.34580                                        6.60052e+05                                    74156.29633               
       39100            9.87804                             0.99359                                          -0.03461                                      90354.56991                                        6.61179e+05                                    74127.06099               
       40100            9.63925                             1.00185                                          -0.07649                                      91105.77632                                        6.62463e+05                                    74102.46237               
       41100            9.84784                             0.99378                                          -0.02257                                      90371.51702                                        6.63505e+05                                    73891.86656               
       42100            9.87240                             0.99427                                           0.03746                                      90416.07802                                        6.66363e+05                                    74006.68889               
       43100            9.82473                             0.99723                                           0.01443                                      90685.81684                                        6.67367e+05                                    73904.04285               
       44100            9.91889                             0.99525                                           0.01695                                      90505.28876                                        6.68745e+05                                    73984.09106               
       45100            9.85516                             0.99460                                           0.01502                                      90446.53118                                        6.70196e+05                                    73789.01079               
       46100            9.84720                             0.98995                                          -0.00055                                      90023.40400                                        6.70145e+05                                    73544.45638               
       47100            9.86304                             0.99310                                           0.08906                                      90310.47372                                        6.73292e+05                                    73924.29802               
       48100            9.86584                             0.99714                                          -0.00034                                      90677.07445                                        6.73643e+05                                    73739.15465               
       49100            9.85932                             0.99125                                          -0.04493                                      90141.49888                                        6.75854e+05                                    73733.67717               
       50100            9.83276                             0.98923                                          -0.07364                                      89957.95333                                        6.77109e+05                                    73865.64698               
       51100            9.86567                             0.99247                                          -0.05044                                      90253.12367                                        6.79448e+05                                    74097.84858               
       52100            9.88483                             0.99330                                           0.00650                                      90328.33016                                        6.81233e+05                                    74069.60438               
       53100            9.80683                             0.99446                                          -0.01008                                      90434.05661                                        6.81815e+05                                    73893.60736               
       54100            9.86750                             0.99189                                           0.02695                                      90199.66428                                        6.82763e+05                                    73725.70625               
       55100            9.83192                             0.99430                                          -0.05187                                      90419.54057                                        6.83845e+05                                    73638.28405               
       56100            9.58668                             0.99404                                           0.03283                                      90395.06065                                        6.85283e+05                                    73365.75751               
       57100            9.80674                             0.99471                                           0.05315                                      90456.22722                                        6.86614e+05                                    73450.20989               
       58100            9.84870                             0.99562                                           0.00024                                      90538.82948                                        6.88281e+05                                    73570.87189               
       59100            10.06859                            0.98438                                          -0.07701                                      89517.16402                                        6.89578e+05                                    73603.72096               
       60100            9.86000                             0.99030                                           0.00792                                      90055.07635                                        6.90035e+05                                    73417.95959               
       61100            9.85669                             1.00050                                           0.02184                                      90982.73490                                        6.94214e+05                                    73801.98037               
       62100            9.86625                             0.99593                                          -0.03599                                      90567.24928                                        6.93965e+05                                    73593.94373               
       63100            9.81355                             0.99424                                          -0.02370                                      90413.58422                                        6.95222e+05                                    73527.93447               
       64100            9.79810                             0.99131                                           0.05855                                      90146.99905                                        6.97575e+05                                    73524.62582               
       65100            9.81638                             0.99647                                           0.00809                                      90616.84422                                        6.98512e+05                                    73469.29764               
       66100            9.83135                             0.99859                                           0.01409                                      90808.91028                                        7.00182e+05                                    73506.65546               
       67100            9.77752                             0.99994                                           0.04104                                      90932.35604                                        7.02868e+05                                    73556.29181               
       68100            9.81592                             0.99456                                          -0.00753                                      90442.39018                                        7.02508e+05                                    73474.10585               
       69100            9.83238                             0.98486                                           0.06509                                      89560.96715                                        7.03244e+05                                    73252.16431               
       70100            9.79660                             1.00543                                          -0.01971                                      91431.49585                                        7.04500e+05                                    73236.32843               
       71100            10.08660                            1.00023                                          -0.06072                                      90958.12525                                        7.07214e+05                                    73538.38584               
       72100            9.81482                             0.98823                                           0.04024                                      89867.00522                                        7.08356e+05                                    73484.83528               
       73100            9.83112                             0.99124                                          -0.06352                                      90141.16496                                        7.08950e+05                                    73513.55344               
       74100            9.81378                             0.99117                                          -0.05282                                      90134.36722                                        7.09986e+05                                    73407.25421               
       75100            9.73129                             0.99689                                           0.03530                                      90655.13564                                        7.11241e+05                                    73254.56932               
       76100            9.74104                             0.99549                                          -0.04979                                      90527.01121                                        7.12797e+05                                    73165.35923               
       77100            9.79018                             0.99479                                          -0.01140                                      90463.26499                                        7.14469e+05                                    73249.17778               
       78100            9.78250                             0.99327                                          -0.02751                                      90325.10982                                        7.17006e+05                                    73539.39548               
       79100            9.80095                             0.99514                                           0.00984                                      90495.69754                                        7.17086e+05                                    73104.38723               
       80100            9.74280                             1.00012                                          -0.01634                                      90948.56917                                        7.19382e+05                                    73216.94133               
       81100            9.76837                             1.00331                                           0.03894                                      91238.79283                                        7.19492e+05                                    73136.26143               
       82100            9.79201                             1.00024                                           0.00975                                      90959.42016                                        7.21886e+05                                    73194.80372               
       83100            9.75677                             0.98895                                           0.05290                                      89933.03075                                        7.22770e+05                                    73108.46748               
       84100            9.76375                             0.98107                                          -0.05270                                      89216.39473                                        7.23798e+05                                    73162.92103               
       85100            9.73294                             0.99351                                           0.05382                                      90347.70836                                        7.24848e+05                                    73052.94715               
       86100            9.73547                             0.99822                                           0.00808                                      90775.21156                                        7.26302e+05                                    73105.57843               
       87100            9.80955                             0.99970                                          -0.00656                                      90909.94348                                        7.28644e+05                                    73389.87681               
       88100            9.76114                             0.99773                                           0.02028                                      90731.36013                                        7.28333e+05                                    72946.55575               
       89100            9.75899                             0.99837                                          -0.00725                                      90789.22680                                        7.29660e+05                                    72943.68124               
       90100            9.77167                             0.99983                                          -0.00400                                      90922.20146                                        7.32509e+05                                    73180.74845               
       91100            9.75090                             0.99272                                           0.08065                                      90275.63773                                        7.32798e+05                                    72896.37530               
       92100            9.78927                             0.99861                                          -0.01854                                      90811.02591                                        7.34792e+05                                    73162.86329               
       93100            9.99820                             1.00653                                           0.11982                                      91530.96853                                        7.36126e+05                                    72984.26782               
       94100            9.75533                             0.99205                                           0.01788                                      90214.78087                                        7.35645e+05                                    72890.18090               
       95100            9.72704                             0.99467                                           0.05342                                      90452.72460                                        7.36953e+05                                    72818.53458               
       96100            9.99870                             0.99207                                           0.03672                                      90216.40555                                        7.38059e+05                                    72856.86592               
       97100            9.75995                             0.99653                                           0.00796                                      90622.38066                                        7.40077e+05                                    73033.50004               
       98100            9.68875                             0.99798                                          -0.05038                                      90754.15635                                        7.41572e+05                                    73005.32635               
       99100            9.75680                             0.99231                                           0.00254                                      90237.83052                                        7.42744e+05                                    72964.18126               
      100100            9.77866                             0.98861                                          -0.07407                                      89901.42623                                        7.43856e+05                                    73023.02937               
      101100            9.75071                             0.99198                                           0.01384                                      90208.59375                                        7.44866e+05                                    72871.61936               
      102100            9.74166                             0.99852                                          -0.05681                                      90802.89669                                        7.47273e+05                                    72997.80275               
      103100            9.73612                             1.00173                                           0.01313                                      91095.15029                                        7.47589e+05                                    72812.73664               
      104100            9.74525                             0.99652                                           0.07691                                      90621.16222                                        7.49112e+05                                    72937.53134               
      105100            9.73455                             0.99718                                           0.06552                                      90681.43699                                        7.48564e+05                                    72656.54684               
      106100            9.50416                             0.99479                                           0.02744                                      90463.97014                                        7.50085e+05                                    72692.37736               
      107100            9.74569                             0.99202                                           0.00001                                      90211.84179                                        7.51246e+05                                    72789.72446               
      108100            9.69002                             0.99539                                          -0.07797                                      90518.28187                                        7.53250e+05                                    72894.45611               
      109100            9.71583                             1.00046                                           0.04377                                      90979.43020                                        7.53885e+05                                    72755.79418               
      110100            9.70018                             0.99306                                          -0.04106                                      90306.13930                                        7.55126e+05                                    72855.06286               
      111100            9.68955                             0.99893                                          -0.02826                                      90839.82213                                        7.56092e+05                                    72855.41751               
      112100            9.72588                             0.99760                                           0.06266                                      90718.86096                                        7.57590e+05                                    72796.85810               
      113100            9.66940                             1.00566                                           0.02764                                      91452.26663                                        7.57725e+05                                    72623.40149               
      114100            9.67153                             1.00185                                           0.11690                                      91105.48120                                        7.58727e+05                                    72474.28038               
      115100            9.71682                             0.99608                                           0.03842                                      90580.68434                                        7.60796e+05                                    72763.66092               
      116100            9.77125                             0.99439                                          -0.06859                                      90427.20013                                        7.61577e+05                                    72848.92442               
      117100            9.74399                             0.99234                                          -0.01710                                      90241.36893                                        7.63260e+05                                    72922.84003               
      118100            9.71239                             0.99704                                          -0.00254                                      90667.96484                                        7.63413e+05                                    72664.89273               
      119100            9.73188                             1.00121                                           0.06015                                      91047.16245                                        7.65217e+05                                    72721.17502               
      120100            9.70903                             0.99200                                           0.04712                                      90210.02719                                        7.64582e+05                                    72502.70605               
      121100            9.67716                             0.99522                                           0.04198                                      90502.93868                                        7.67322e+05                                    72841.14110               
      122100            9.66603                             0.99519                                           0.11580                                      90500.39734                                        7.67264e+05                                    72368.88295               
      123100            9.68411                             0.99878                                           0.06492                                      90826.45678                                        7.68857e+05                                    72514.55579               
      124100            9.67995                             0.99539                                           0.04051                                      90518.11914                                        7.69337e+05                                    72513.50797               
      125100            9.95644                             0.99496                                          -0.06865                                      90479.51968                                        7.70149e+05                                    72625.74159               
      126100            9.68886                             0.99352                                          -0.04208                                      90348.05472                                        7.71422e+05                                    72559.37494               
      127100            9.69829                             0.99963                                           0.03525                                      90903.54320                                        7.73150e+05                                    72505.20642               
      128100            9.66358                             0.99386                                           0.05557                                      90379.23414                                        7.73376e+05                                    72303.34268               
      129100            9.66628                             0.99801                                           0.02496                                      90756.92246                                        7.74851e+05                                    72413.58189               
      130100            9.67118                             0.99114                                           0.00743                                      90131.36721                                        7.74812e+05                                    72348.69126               
      131100            9.67982                             0.99577                                          -0.01869                                      90552.95810                                        7.77397e+05                                    72683.19147               
      132100            9.68958                             0.99384                                           0.04296                                      90377.76848                                        7.78342e+05                                    72510.68369               
      133100            9.48143                             0.99468                                          -0.00910                                      90454.09976                                        7.80307e+05                                    72613.01390               
      134100            9.71775                             0.99388                                           0.00810                                      90380.88131                                        7.81247e+05                                    72688.84886               
      135100            9.70339                             0.99497                                          -0.08359                                      90479.99910                                        7.81957e+05                                    72631.84523               
      136100            9.68196                             0.99849                                           0.02971                                      90799.98895                                        7.82697e+05                                    72479.91080               
      137100            9.68653                             0.99652                                           0.00911                                      90621.46881                                        7.83167e+05                                    72380.81600               
      138100            9.45295                             0.99328                                           0.00385                                      90326.19274                                        7.86532e+05                                    72742.41805               
      139100            9.69073                             0.99908                                          -0.02734                                      90853.94889                                        7.87163e+05                                    72632.64673               
      140100            9.68170                             0.99216                                          -0.01104                                      90224.24275                                        7.87396e+05                                    72399.49779               
      141100            9.64831                             0.99673                                           0.05912                                      90639.76477                                        7.87027e+05                                    72244.47157               
      142100            9.69047                             0.99698                                          -0.00748                                      90662.70699                                        7.89695e+05                                    72526.28768               
      143100            9.67032                             0.99601                                           0.05643                                      90575.07104                                        7.88698e+05                                    72196.99090               
      144100            9.65803                             0.99423                                           0.03723                                      90412.72268                                        7.90535e+05                                    72276.62620               
      145100            9.67257                             0.99859                                          -0.01799                                      90808.86327                                        7.93107e+05                                    72522.07904               
      146100            9.66022                             0.99695                                          -0.03002                                      90659.86386                                        7.93598e+05                                    72571.09470               
      147100            9.69038                             0.99625                                           0.01808                                      90596.25404                                        7.94873e+05                                    72483.76922               
      148100            9.69692                             0.99386                                          -0.06575                                      90378.76005                                        7.95839e+05                                    72552.98070               
Simulation.timestep  Simulation.tps  md.compute.ThermodynamicQuantities.kinetic_temperature md.compute.ThermodynamicQuantities.pressure md.compute.ThermodynamicQuantities.kinetic_energy md.compute.ThermodynamicQuantities.potential_energy md.compute.ThermodynamicQuantities.volume
      148100            8.24096                             1.01030                                           0.02880                                      91873.80446                                        7.90620e+05                                    72410.82394               
      149100            9.64524                             0.98872                                          -0.01061                                      89911.49984                                        7.88849e+05                                    71835.91278               
      150100            9.68485                             0.99990                                          -0.00564                                      90928.82387                                        7.91442e+05                                    72114.81127               
      151100            9.65295                             0.99042                                          -0.03296                                      90066.24809                                        7.92743e+05                                    72234.97287               
      152100            9.66385                             0.98591                                          -0.04180                                      89656.44090                                        7.93142e+05                                    72107.61372               
      153100            9.63291                             0.98892                                          -0.01886                                      89929.57919                                        7.93401e+05                                    71913.09761               
      154100            9.61573                             0.99830                                           0.03013                                      90783.21301                                        7.94950e+05                                    71975.84105               
      155100            9.62644                             0.99769                                          -0.03767                                      90727.58149                                        7.95504e+05                                    72073.26443               
      156100            9.62604                             0.98991                                          -0.05849                                      90020.38146                                        7.96328e+05                                    72020.33842               
      157100            9.56219                             0.99063                                          -0.01922                                      90085.43875                                        7.95491e+05                                    71679.63045               
      158100            9.59785                             0.99423                                          -0.04291                                      90413.23078                                        7.97333e+05                                    71835.06190               
      159100            9.59875                             0.99398                                          -0.00431                                      90390.19363                                        7.98856e+05                                    71858.99300               
      160100            9.63009                             0.99272                                          -0.00541                                      90275.56218                                        7.99775e+05                                    71759.29523               
      161100            9.63197                             0.99403                                          -0.04220                                      90394.45409                                        8.01130e+05                                    71881.05660               
      162100            9.63881                             0.99360                                           0.00257                                      90355.29441                                        8.01560e+05                                    71830.33089               
      163100            9.63146                             0.99715                                           0.03743                                      90678.53264                                        8.02388e+05                                    71783.84688               
      164100            9.62780                             0.99409                                           0.11058                                      90399.93898                                        8.02506e+05                                    71587.96728               
      165100            9.66256                             0.99815                                          -0.02111                                      90769.29669                                        8.04299e+05                                    71747.94007               
      166100            9.61045                             0.99975                                           0.00244                                      90914.67376                                        8.04844e+05                                    71652.65118               
      167100            9.64049                             0.99443                                          -0.05080                                      90431.21192                                        8.05810e+05                                    71955.97060               
      168100            9.64256                             0.99387                                          -0.03593                                      90379.71495                                        8.06664e+05                                    71859.86223               
      169100            9.88556                             0.98039                                          -0.04312                                      89153.80624                                        8.08018e+05                                    72005.59060               
      170100            9.62451                             0.98907                                          -0.13424                                      89943.55948                                        8.08758e+05                                    71998.47058               
      171100            9.65733                             0.99133                                          -0.07099                                      90149.29353                                        8.09512e+05                                    71926.87952               
      172100            9.41246                             1.00007                                          -0.01638                                      90943.76294                                        8.11398e+05                                    71965.27444               
      173100            9.61295                             0.99499                                          -0.07892                                      90481.67316                                        8.12111e+05                                    71923.94002               
      174100            9.65351                             0.99205                                          -0.08029                                      90214.66813                                        8.13938e+05                                    72205.13309               
      175100            9.62202                             0.99310                                          -0.03265                                      90310.03693                                        8.14453e+05                                    72054.67021               
      176100            9.62042                             0.98533                                          -0.07226                                      89603.13645                                        8.13613e+05                                    71745.05903               
      177100            9.65093                             0.99512                                          -0.00143                                      90493.32617                                        8.15354e+05                                    71844.86442               
      178100            9.61246                             0.99486                                          -0.00375                                      90469.92809                                        8.14146e+05                                    71556.72866               
      179100            9.62020                             0.99443                                          -0.01122                                      90430.80824                                        8.16852e+05                                    71831.40323               
      180100            9.62031                             0.99886                                           0.08164                                      90833.97011                                        8.17901e+05                                    71683.39778               
      181100            9.58730                             1.00075                                           0.04471                                      91005.41384                                        8.17394e+05                                    71551.85159               
      182100            9.64049                             1.00652                                          -0.06497                                      91530.53651                                        8.19622e+05                                    71877.34115               
      183100            9.57342                             0.99265                                          -0.02038                                      90269.14897                                        8.20464e+05                                    71848.46509               
      184100            9.64079                             0.98804                                          -0.03902                                      89850.22723                                        8.20446e+05                                    71801.51892               
      185100            9.61625                             0.98793                                           0.00375                                      89839.76014                                        8.20671e+05                                    71615.09357               
      186100            9.58561                             0.99179                                          -0.05101                                      90190.45779                                        8.22728e+05                                    71853.06653               
      187100            9.61144                             0.99792                                           0.01102                                      90748.39126                                        8.23504e+05                                    71659.59924               
      188100            9.62130                             0.99851                                          -0.01652                                      90802.24716                                        8.24566e+05                                    71861.97792               
      189100            9.58567                             1.00120                                           0.06053                                      91046.40592                                        8.24403e+05                                    71464.69615               
      190100            9.61025                             1.00225                                           0.05128                                      91142.52660                                        8.24887e+05                                    71516.62389               
      191100            9.60071                             0.99418                                           0.00553                                      90408.09654                                        8.26501e+05                                    71751.22601               
      192100            9.60576                             0.99096                                          -0.04632                                      90115.79585                                        8.26930e+05                                    71738.81213               
      193100            9.61697                             0.99954                                          -0.01055                                      90895.59063                                        8.28135e+05                                    71754.92015               
      194100            9.59970                             0.99413                                           0.04153                                      90404.11609                                        8.29443e+05                                    71547.25424               
      195100            9.59020                             0.99266                                           0.02570                                      90270.11044                                        8.29068e+05                                    71610.07883               
      196100            9.80848                             0.98778                                          -0.01727                                      89826.38155                                        8.29347e+05                                    71559.06402               
      197100            9.60865                             0.99386                                          -0.02907                                      90379.10267                                        8.31140e+05                                    71607.12389               
      198100            9.56528                             0.99402                                           0.03900                                      90393.25592                                        8.32202e+05                                    71559.71951               
      199100            9.58404                             1.00295                                           0.01225                                      91206.18397                                        8.32998e+05                                    71622.92303               
      200100            9.61548                             0.99386                                           0.01131                                      90379.42006                                        8.34148e+05                                    71737.73683               
      201100            9.60925                             1.00140                                          -0.03456                                      91065.10866                                        8.33068e+05                                    71523.96281               
      202100            9.58807                             0.99685                                           0.01633                                      90651.48393                                        8.34357e+05                                    71548.46016               
      203100            9.59471                             0.98711                                           0.01983                                      89765.55214                                        8.35077e+05                                    71505.36292               
      204100            9.58617                             0.99000                                          -0.02892                                      90027.78575                                        8.35455e+05                                    71470.03817               
      205100            9.58399                             0.99092                                          -0.02636                                      90111.70595                                        8.37351e+05                                    71748.82592               
      206100            9.58506                             0.98982                                           0.00681                                      90011.82550                                        8.36796e+05                                    71430.75208               
      207100            9.57532                             0.98796                                          -0.11833                                      89842.68755                                        8.37505e+05                                    71659.34080               
      208100            9.57781                             0.98838                                          -0.11223                                      89880.69899                                        8.38231e+05                                    71495.81323               
      209100            9.56029                             0.98936                                           0.00982                                      89970.22832                                        8.38967e+05                                    71396.95213               
      210100            9.59893                             0.99988                                           0.01367                                      90926.35155                                        8.40902e+05                                    71570.51388               
      211100            9.59852                             1.00060                                           0.01674                                      90992.22583                                        8.40590e+05                                    71441.71595               
      212100            9.56060                             0.99276                                          -0.00633                                      90279.19388                                        8.41143e+05                                    71476.68426               
      213100            9.79312                             0.99114                                          -0.00702                                      90131.79121                                        8.40819e+05                                    71373.95935               
      214100            9.55621                             0.99999                                          -0.02127                                      90936.33739                                        8.42442e+05                                    71443.78285               
      215100            9.58254                             0.99980                                           0.05656                                      90919.61914                                        8.42767e+05                                    71308.63475               
      216100            9.59795                             0.99495                                          -0.06337                                      90478.19506                                        8.43747e+05                                    71425.31313               
      217100            9.57671                             0.99223                                          -0.04702                                      90231.36810                                        8.44948e+05                                    71599.25916               
      218100            9.52020                             0.99616                                          -0.01687                                      90588.44480                                        8.45317e+05                                    71390.50921               
      219100            9.54879                             1.00045                                           0.03603                                      90978.21857                                        8.46230e+05                                    71489.79178               
      220100            9.56413                             0.99570                                          -0.01372                                      90546.52257                                        8.47359e+05                                    71459.81235               
      221100            9.78961                             0.98958                                           0.04041                                      89990.19171                                        8.47389e+05                                    71463.27026               
      222100            9.57162                             0.98992                                          -0.01580                                      90020.57139                                        8.48388e+05                                    71464.25640               
      223100            9.57502                             0.99444                                          -0.01013                                      90431.49489                                        8.48986e+05                                    71381.03916               
      224100            9.53951                             0.99506                                           0.05222                                      90488.51011                                        8.48891e+05                                    71216.81850               
      225100            9.57946                             0.98786                                           0.03185                                      89833.17824                                        8.48609e+05                                    71216.32129               
      226100            9.58955                             0.98188                                          -0.02315                                      89289.67757                                        8.50521e+05                                    71493.93217               
      227100            9.49381                             0.99754                                           0.03455                                      90713.56222                                        8.50853e+05                                    71245.49873               
      228100            9.59003                             0.99979                                           0.04376                                      90918.21273                                        8.53423e+05                                    71603.66803               
      229100            9.56194                             0.99865                                          -0.02149                                      90814.38079                                        8.52601e+05                                    71381.48423               
      230100            9.56809                             0.99872                                          -0.00912                                      90821.26808                                        8.53662e+05                                    71461.04277               
      231100            9.57403                             0.99961                                           0.07327                                      90902.36909                                        8.54197e+05                                    71373.77079               
      232100            9.60644                             0.98742                                          -0.11286                                      89793.72805                                        8.56537e+05                                    71822.89783               
      233100            9.56390                             0.99076                                          -0.02450                                      90097.61032                                        8.54779e+05                                    71441.97917               
      234100            9.51632                             0.98687                                           0.00578                                      89743.63173                                        8.56399e+05                                    71576.35613               
      235100            9.56620                             0.99188                                          -0.06037                                      90198.94018                                        8.55985e+05                                    71515.45198               
      236100            9.55242                             0.99046                                          -0.01327                                      90069.72862                                        8.56765e+05                                    71511.38503               
      237100            9.56909                             0.98974                                          -0.02750                                      90004.91667                                        8.56755e+05                                    71465.55093               
      238100            9.54399                             0.99275                                          -0.03782                                      90278.07690                                        8.56987e+05                                    71212.70024               
      239100            9.56928                             0.99877                                           0.01390                                      90825.58365                                        8.58395e+05                                    71291.57610               
      240100            9.57627                             0.99787                                          -0.03725                                      90744.04513                                        8.59963e+05                                    71588.90574               
      241100            9.53911                             0.99833                                          -0.07296                                      90785.25275                                        8.59853e+05                                    71439.48241               
      242100            9.58082                             0.99227                                           0.04551                                      90234.13288                                        8.60062e+05                                    71190.46712               
      243100            9.56880                             0.99604                                           0.02050                                      90577.48121                                        8.61041e+05                                    71189.75676               
      244100            9.34431                             0.99707                                           0.05912                                      90671.08400                                        8.61206e+05                                    71124.21531               
      245100            9.55967                             0.99684                                           0.03369                                      90650.29006                                        8.62024e+05                                    71289.90896               
      246100            9.51403                             0.98570                                          -0.10302                                      89636.96140                                        8.62621e+05                                    71285.36514               
      247100            9.82171                             0.99189                                          -0.05681                                      90200.28922                                        8.64168e+05                                    71402.18839               
      248100            9.52212                             0.99559                                          -0.00360                                      90536.81347                                        8.63522e+05                                    71153.14294               
      249100            9.57448                             0.99707                                          -0.01028                                      90671.39577                                        8.64158e+05                                    71056.58568               
      250100            9.57010                             1.00008                                          -0.01727                                      90944.60773                                        8.66003e+05                                    71332.86464               
      251100            9.54225                             1.00118                                          -0.02257                                      91045.00289                                        8.66061e+05                                    71301.35650               
      252100            9.77800                             0.98720                                           0.02197                                      89773.63021                                        8.66232e+05                                    71163.53501               
      253100            9.53424                             0.99584                                          -0.03311                                      90559.32011                                        8.67266e+05                                    71275.97652               
      254100            9.80508                             0.99227                                           0.00902                                      90234.93193                                        8.67815e+05                                    71233.60076               
      255100            9.54131                             0.99001                                           0.01556                                      90028.64411                                        8.68349e+05                                    71161.29177               
      256100            9.51914                             0.99493                                          -0.03096                                      90476.87438                                        8.68779e+05                                    71235.68143               
      257100            9.55743                             0.99494                                           0.00412                                      90477.19053                                        8.69127e+05                                    71156.52359               
      258100            9.52657                             0.98882                                           0.00987                                      89920.79227                                        8.68606e+05                                    70884.90925               
      259100            9.54297                             1.00278                                           0.01755                                      91190.05782                                        8.70391e+05                                    71075.84476               
      260100            9.51418                             0.98884                                          -0.04484                                      89922.53930                                        8.70307e+05                                    71043.93601               
      261100            9.54113                             0.99438                                           0.00863                                      90426.37391                                        8.71709e+05                                    71149.48233               
      262100            9.53193                             0.99340                                           0.07425                                      90337.43361                                        8.71420e+05                                    70973.51588               
      263100            9.51890                             0.99830                                           0.01423                                      90783.31342                                        8.72895e+05                                    71181.61835               
      264100            9.54063                             0.99510                                          -0.00221                                      90492.21769                                        8.73896e+05                                    71256.20798               
      265100            9.54293                             0.98777                                          -0.08259                                      89825.43205                                        8.74254e+05                                    71212.28729               
      266100            9.55722                             1.00102                                           0.02507                                      91030.05435                                        8.74239e+05                                    71066.71903               
      267100            9.47693                             0.99801                                          -0.00702                                      90756.64430                                        8.74628e+05                                    71133.34138               
      268100            9.53189                             0.99629                                           0.05237                                      90600.39599                                        8.75392e+05                                    71070.49545               
      269100            9.52149                             0.99830                                           0.06687                                      90783.23804                                        8.76135e+05                                    71014.86012               
      270100            9.51331                             1.00015                                          -0.01971                                      90950.82095                                        8.77011e+05                                    71134.68970               
      271100            9.73990                             0.99699                                          -0.02697                                      90663.37481                                        8.77588e+05                                    71146.29295               
      272100            9.78488                             0.99649                                          -0.07687                                      90618.34775                                        8.77442e+05                                    71132.18118               
      273100            9.48366                             0.99063                                           0.05335                                      90085.11727                                        8.76561e+05                                    70786.08715               
      274100            9.49008                             0.99146                                          -0.00001                                      90160.56711                                        8.78170e+05                                    70962.17173               
      275100            9.51800                             0.99249                                           0.00057                                      90254.24725                                        8.80093e+05                                    71119.28043               
      276100            9.53414                             1.00327                                           0.08597                                      91234.88274                                        8.80253e+05                                    70906.48737               
      277100            9.48055                             1.00209                                          -0.01125                                      91127.62683                                        8.79866e+05                                    70912.77112               
      278100            9.53652                             0.99360                                           0.00454                                      90355.72657                                        8.81017e+05                                    71101.25252               
      279100            9.48387                             0.99560                                           0.06984                                      90537.81711                                        8.82048e+05                                    70899.77947               
      280100            9.54198                             0.99763                                          -0.00972                                      90721.91319                                        8.82706e+05                                    71210.33476               
      281100            9.48732                             0.99882                                           0.03562                                      90829.99349                                        8.82605e+05                                    70931.32173               
      282100            9.51895                             0.99614                                           0.05967                                      90586.25336                                        8.83297e+05                                    71068.99229               
      283100            9.52258                             0.99418                                          -0.02879                                      90408.59000                                        8.84323e+05                                    71107.45389               
      284100            9.72595                             0.99161                                           0.01271                                      90174.77218                                        8.83955e+05                                    71089.47621               
      285100            9.50358                             0.98957                                          -0.07296                                      89988.74875                                        8.85113e+05                                    71157.04806               
      286100            9.53180                             0.99402                                           0.08031                                      90393.57897                                        8.85004e+05                                    71044.67840               
      287100            9.47335                             0.99671                                          -0.05507                                      90638.72818                                        8.85769e+05                                    71117.87647               
      288100            9.51952                             0.99828                                          -0.01944                                      90781.07416                                        8.86069e+05                                    71129.31071               
      289100            9.47722                             0.99979                                           0.01912                                      90918.41463                                        8.86523e+05                                    70973.92754               
      290100            9.48776                             0.98835                                           0.01744                                      89878.10991                                        8.86504e+05                                    70870.03120               
      291100            9.52937                             0.98884                                          -0.01960                                      89922.94326                                        8.87415e+05                                    71114.48172               
      292100            9.52045                             0.99401                                          -0.10594                                      90392.49831                                        8.87684e+05                                    71029.02061               
      293100            9.51349                             1.00337                                           0.03019                                      91243.74977                                        8.88392e+05                                    70840.21603               
      294100            9.52350                             1.00032                                           0.11717                                      90967.00216                                        8.88249e+05                                    70648.73346               
      295100            9.48921                             0.99228                                           0.01655                                      90235.10550                                        8.88952e+05                                    70813.18403               
      296100            9.41560                             0.98967                                           0.00571                                      89997.79252                                        8.89345e+05                                    70873.79582               
      297100            9.47914                             0.99334                                           0.00927                                      90331.90733                                        8.90465e+05                                    71074.85117               
      298100            9.75030                             0.99178                                           0.02132                                      90190.42886                                        8.90380e+05                                    71020.20346               
      299100            9.48131                             0.99288                                          -0.01181                                      90289.60640                                        8.91009e+05                                    70911.24381               
      300100            9.50708                             1.00001                                           0.01643                                      90938.84268                                        8.91690e+05                                    70923.38245               
      301100            9.52908                             1.00070                                           0.08219                                      91001.48063                                        8.92126e+05                                    70814.37538               
      302100            9.50511                             0.99798                                           0.09099                                      90753.72110                                        8.91400e+05                                    70728.07210               
      303100            9.47153                             0.99344                                           0.04689                                      90340.53437                                        8.92871e+05                                    70906.72874               
      304100            9.51809                             0.99609                                           0.02896                                      90581.92161                                        8.93482e+05                                    70894.62482               
      305100            9.74946                             0.99460                                          -0.00779                                      90446.50719                                        8.94038e+05                                    70813.79346               
      306100            9.50741                             0.99857                                           0.00744                                      90807.78106                                        8.94509e+05                                    70924.95319               
      307100            9.69917                             0.99020                                           0.03363                                      90046.69955                                        8.92934e+05                                    70737.35675               
      308100            9.41966                             0.99429                                          -0.00448                                      90418.15709                                        8.94030e+05                                    70785.33829               
      309100            9.46222                             0.99211                                          -0.06275                                      90219.70269                                        8.95635e+05                                    71034.81122               
      310100            9.47405                             0.99394                                           0.01904                                      90386.82471                                        8.95713e+05                                    70885.27071               
      311100            9.71486                             0.98542                                           0.03272                                      89611.97566                                        8.94931e+05                                    70640.08183               
      312100            9.74161                             0.99684                                           0.03871                                      90650.29488                                        8.97143e+05                                    70865.21582               
      313100            9.51590                             0.99442                                           0.01489                                      90430.32376                                        8.98372e+05                                    70924.69085               
      314100            9.48789                             0.98886                                          -0.00637                                      89924.79313                                        8.97887e+05                                    70853.16292               
      315100            9.48607                             0.99048                                          -0.04388                                      90071.75040                                        8.98487e+05                                    70907.63731               
      316100            9.47943                             0.99356                                           0.05947                                      90352.28456                                        8.99532e+05                                    70837.69784               
      317100            9.49231                             0.99148                                          -0.02409                                      90162.86788                                        8.99221e+05                                    70929.10595               
      318100            9.69297                             0.99327                                          -0.04347                                      90325.20344                                        8.97823e+05                                    70641.39663               
      319100            9.46739                             0.99683                                           0.06803                                      90649.58110                                        8.98574e+05                                    70549.70706               
      320100            9.48077                             0.99487                                          -0.01677                                      90471.14650                                        9.00601e+05                                    71024.54517               
      321100            9.48948                             0.99805                                          -0.00396                                      90760.02208                                        9.01322e+05                                    70926.28273               
      322100            9.48634                             0.99394                                           0.07263                                      90386.40024                                        9.01163e+05                                    70787.29012               
      323100            9.48552                             0.98730                                           0.03200                                      89782.32029                                        9.01107e+05                                    70748.45581               
      324100            9.53133                             0.98453                                          -0.09024                                      89530.46176                                        9.02101e+05                                    71092.03179               
      325100            9.54578                             0.99248                                          -0.04271                                      90253.78566                                        9.02954e+05                                    71119.86639               
      326100            9.49582                             0.98570                                          -0.07891                                      89637.00209                                        9.02583e+05                                    70992.78451               
      327100            9.47469                             0.99120                                          -0.03247                                      90136.98755                                        9.03255e+05                                    70992.29741               
      328100            9.52206                             0.99193                                          -0.05761                                      90203.99810                                        9.04057e+05                                    70954.42363               
      329100            9.50076                             0.99822                                           0.01279                                      90775.40626                                        9.03450e+05                                    70786.65950               
      330100            9.45704                             0.98740                                           0.03021                                      89791.77875                                        9.03116e+05                                    70733.41268               
      331100            9.70977                             0.99089                                           0.01201                                      90109.12472                                        9.03885e+05                                    70758.26502               
      332100            9.50840                             0.99068                                           0.00345                                      90090.32017                                        9.05056e+05                                    70963.35564               
      333100            9.50937                             0.99608                                           0.00407                                      90581.30793                                        9.05399e+05                                    70759.45143               
      334100            9.76395                             0.98611                                          -0.11559                                      89674.48831                                        9.05680e+05                                    71065.63348               
      335100            9.46998                             0.98927                                          -0.04583                                      89961.68081                                        9.05960e+05                                    70910.47341               
      336100            9.50859                             0.99428                                          -0.05963                                      90417.11087                                        9.06228e+05                                    70944.24509               
      337100            9.49839                             0.99704                                          -0.02599                                      90668.31403                                        9.06488e+05                                    70801.63254               
      338100            9.70431                             0.99656                                          -0.01965                                      90624.55236                                        9.06942e+05                                    70848.20391               
      339100            9.48967                             0.98883                                          -0.01987                                      89922.08018                                        9.06294e+05                                    70789.62356               
      340100            9.72703                             0.99725                                           0.02342                                      90687.36006                                        9.07451e+05                                    70859.59160               
      341100            9.74442                             0.99852                                           0.01688                                      90802.63936                                        9.06977e+05                                    70660.04647               
      342100            9.50584                             0.99355                                           0.06876                                      90350.82240                                        9.08533e+05                                    70830.96556               
      343100            9.51165                             0.99876                                           0.04951                                      90824.90230                                        9.08424e+05                                    70793.64651               
      344100            9.49229                             0.99667                                           0.09237                                      90635.01623                                        9.07674e+05                                    70518.26680               
      345100            9.51111                             0.99120                                          -0.06203                                      90137.61987                                        9.09082e+05                                    70804.47337               
      346100            9.49601                             0.99392                                          -0.07332                                      90384.67386                                        9.09358e+05                                    70803.24726               
      347100            9.48523                             0.98927                                          -0.01023                                      89961.36027                                        9.09299e+05                                    70701.66391               
      348100            9.50046                             0.99576                                           0.00303                                      90552.07381                                        9.10117e+05                                    70704.32216               
      349100            9.51840                             0.99390                                          -0.10754                                      90382.49706                                        9.10838e+05                                    70850.72953               
      350100            9.51302                             0.99182                                           0.00922                                      90193.93961                                        9.10331e+05                                    70757.02557               
      351100            9.48259                             0.99469                                           0.06381                                      90454.96327                                        9.11195e+05                                    70683.31809               
      352100            9.52646                             0.99799                                          -0.00803                                      90754.53389                                        9.12625e+05                                    70793.27213               
      353100            9.47614                             0.99382                                          -0.02861                                      90375.54918                                        9.10954e+05                                    70521.71054               
      354100            9.49457                             1.00008                                           0.00342                                      90944.40671                                        9.12166e+05                                    70642.25387               
      355100            9.52909                             0.99063                                           0.04302                                      90085.09309                                        9.12892e+05                                    70626.52405               
      356100            9.75328                             0.99636                                           0.06824                                      90606.46076                                        9.13060e+05                                    70524.29724               
      357100            9.48762                             0.99083                                           0.03238                                      90103.81240                                        9.12866e+05                                    70528.78869               
      358100            9.48610                             0.99622                                          -0.03185                                      90593.78635                                        9.14386e+05                                    70728.98760               
      359100            9.69339                             0.99726                                          -0.00986                                      90688.35534                                        9.13151e+05                                    70554.18070               
      360100            9.48895                             0.99046                                           0.03555                                      90070.07793                                        9.14745e+05                                    70688.37002               
      361100            9.49594                             0.99147                                          -0.05561                                      90161.77633                                        9.14964e+05                                    70701.71210               
      362100            9.47785                             0.98084                                          -0.12714                                      89194.78734                                        9.14780e+05                                    70803.04843               
      363100            9.47624                             0.98844                                          -0.07030                                      89885.99202                                        9.16003e+05                                    70901.16270               
      364100            9.48317                             0.99062                                           0.01665                                      90084.45918                                        9.15650e+05                                    70514.01759               
      365100            9.46012                             0.99420                                           0.05237                                      90409.87265                                        9.16054e+05                                    70618.45979               
      366100            9.48656                             0.99613                                           0.05269                                      90585.14744                                        9.16883e+05                                    70642.80604               
      367100            9.49977                             0.99738                                          -0.03360                                      90699.64425                                        9.16469e+05                                    70730.82546               
      368100            9.46348                             0.97688                                          -0.10501                                      88834.59238                                        9.16355e+05                                    70665.98513               
      369100            9.47088                             0.99293                                          -0.04374                                      90294.31919                                        9.18321e+05                                    70821.34422               
      370100            9.46001                             1.00059                                          -0.00792                                      90991.02609                                        9.18294e+05                                    70661.18242               
      371100            9.47678                             1.00193                                           0.03361                                      91113.31719                                        9.17806e+05                                    70659.56929               
      372100            9.50320                             0.99184                                          -0.00150                                      90195.40811                                        9.18531e+05                                    70655.91297               
      373100            9.44417                             0.99932                                           0.07306                                      90875.98637                                        9.19803e+05                                    70626.84694               
      374100            9.47980                             0.99685                                           0.13496                                      90651.23779                                        9.19071e+05                                    70591.11207               
      375100            9.47140                             0.99114                                           0.03283                                      90131.98768                                        9.19320e+05                                    70582.86551               
      376100            9.46430                             0.99474                                          -0.03906                                      90459.41114                                        9.20964e+05                                    70975.62856               
      377100            9.45071                             0.98367                                          -0.08279                                      89452.15770                                        9.20165e+05                                    70824.10857               
      378100            9.45290                             0.99113                                          -0.00755                                      90130.99770                                        9.20416e+05                                    70647.54418               
      379100            9.50097                             0.99699                                          -0.02796                                      90663.98636                                        9.21573e+05                                    70727.73795               
      380100            9.46303                             0.98676                                          -0.02069                                      89733.40822                                        9.20465e+05                                    70609.39643               
      381100            9.45141                             0.99148                                          -0.08603                                      90163.04229                                        9.20752e+05                                    70628.13343               
      382100            9.68925                             0.98651                                          -0.04802                                      89711.10308                                        9.22045e+05                                    70853.86737               
      383100            9.71065                             0.98921                                          -0.00859                                      89956.53500                                        9.21788e+05                                    70595.96933               
      384100            9.47152                             0.99059                                           0.06478                                      90082.05145                                        9.21613e+05                                    70472.82402               
      385100            9.44657                             0.99468                                          -0.02757                                      90454.13743                                        9.22540e+05                                    70619.21442               
      386100            9.70436                             0.99107                                          -0.00925                                      90125.67418                                        9.23109e+05                                    70581.93934               
      387100            9.48396                             0.99030                                          -0.04035                                      90055.42274                                        9.22484e+05                                    70629.62530               
      388100            9.48895                             0.99761                                          -0.03494                                      90720.58827                                        9.24459e+05                                    70636.85804               
      389100            9.48700                             0.99426                                           0.01658                                      90415.50700                                        9.24485e+05                                    70699.94597               
      390100            9.47439                             0.99343                                          -0.06632                                      90340.38871                                        9.24325e+05                                    70756.34570               
      391100            9.71860                             0.98487                                          -0.09035                                      89561.89357                                        9.23901e+05                                    70621.41565               
      392100            9.50408                             0.99709                                          -0.08185                                      90672.97558                                        9.26630e+05                                    70854.10141               
      393100            9.40511                             0.99797                                           0.00435                                      90753.28141                                        9.25457e+05                                    70571.65865               
      394100            9.73695                             0.98900                                          -0.09448                                      89936.96533                                        9.26669e+05                                    70866.68420               
      395100            9.48740                             0.98113                                          -0.02956                                      89221.07876                                        9.26355e+05                                    70779.50171               
      396100            9.47522                             0.98546                                          -0.06476                                      89615.31732                                        9.25496e+05                                    70638.97050               
      397100            9.47857                             1.00261                                           0.03377                                      91175.24130                                        9.27011e+05                                    70575.13619               
      398100            9.44260                             1.00258                                           0.05779                                      91172.36666                                        9.27497e+05                                    70616.41300               
      399100            9.70334                             0.99479                                           0.06474                                      90463.55118                                        9.27321e+05                                    70460.49580               
      400100            9.45712                             0.99871                                          -0.08382                                      90820.39022                                        9.27391e+05                                    70629.28821               
      401100            9.45710                             0.99746                                          -0.04632                                      90706.36683                                        9.27459e+05                                    70560.83336               
      402100            9.46387                             0.99793                                          -0.00085                                      90749.45147                                        9.27980e+05                                    70528.05816               
      403100            9.45251                             0.98995                                          -0.04082                                      90023.75842                                        9.27786e+05                                    70548.45129               
      404100            9.44648                             0.99238                                          -0.00439                                      90244.94647                                        9.28865e+05                                    70580.37879               
      405100            9.47199                             0.99058                                           0.02234                                      90081.27361                                        9.29654e+05                                    70677.34484               
      406100            9.45944                             0.98899                                          -0.00921                                      89936.46804                                        9.29394e+05                                    70655.67195               
      407100            9.46544                             0.99779                                           0.01275                                      90736.30410                                        9.29381e+05                                    70532.68216               
      408100            9.47732                             0.99671                                          -0.02929                                      90638.08399                                        9.30546e+05                                    70774.62035               
      409100            9.44846                             1.00021                                          -0.01588                                      90956.66301                                        9.30247e+05                                    70661.66797               
      410100            9.48381                             0.99906                                          -0.09732                                      90851.82695                                        9.30798e+05                                    70844.37134               
      411100            9.44426                             0.99446                                          -0.01905                                      90433.74579                                        9.30123e+05                                    70504.41010               
      412100            9.46988                             0.99424                                           0.00032                                      90413.88936                                        9.30881e+05                                    70514.42555               
      413100            9.71373                             0.99663                                           0.03495                                      90630.74210                                        9.31697e+05                                    70564.92044               
      414100            9.50251                             0.98516                                          -0.08056                                      89588.38019                                        9.30763e+05                                    70522.90900               
      415100            9.43174                             0.99673                                          -0.13905                                      90640.34236                                        9.31244e+05                                    70703.75735               
      416100            9.45590                             0.99216                                          -0.00850                                      90224.32972                                        9.31671e+05                                    70591.43909               
      417100            9.48064                             0.99221                                          -0.02181                                      90228.84324                                        9.31751e+05                                    70545.74503               
      418100            9.44144                             0.99511                                          -0.03497                                      90493.16038                                        9.32078e+05                                    70575.15100               
      419100            9.44415                             0.99352                                           0.01887                                      90348.31729                                        9.32682e+05                                    70489.20508               
      420100            9.69712                             0.99974                                           0.01970                                      90913.95266                                        9.33098e+05                                    70499.60001               
      421100            9.70010                             0.99337                                           0.06565                                      90334.93783                                        9.32730e+05                                    70536.50314               
      422100            9.47576                             0.99206                                           0.02344                                      90215.40290                                        9.34248e+05                                    70640.91123               
      423100            9.44979                             0.99680                                          -0.02670                                      90646.77774                                        9.33401e+05                                    70587.88549               
      424100            9.71604                             0.99335                                          -0.04781                                      90333.19301                                        9.33998e+05                                    70557.28306               
      425100            9.45620                             0.98309                                          -0.03111                                      89399.92752                                        9.34069e+05                                    70625.45231               
      426100            9.46486                             0.99420                                          -0.00851                                      90409.82842                                        9.34641e+05                                    70506.51044               
      427100            9.46295                             0.98820                                           0.00539                                      89864.23429                                        9.34467e+05                                    70415.47376               
      428100            9.47184                             0.99050                                          -0.00185                                      90073.63120                                        9.34277e+05                                    70471.45967               
      429100            9.47671                             0.99221                                          -0.00444                                      90229.06890                                        9.35062e+05                                    70501.31083               
      430100            9.43951                             0.99603                                           0.03046                                      90576.52296                                        9.36066e+05                                    70498.02125               
      431100            9.47297                             0.99970                                          -0.00295                                      90909.98373                                        9.36139e+05                                    70543.27407               
      432100            9.68881                             0.98615                                          -0.04075                                      89677.76804                                        9.35719e+05                                    70510.23080               
      433100            9.42452                             0.99887                                          -0.01432                                      90835.04750                                        9.36457e+05                                    70533.77621               
      434100            9.43833                             0.99574                                           0.01391                                      90550.18825                                        9.36478e+05                                    70419.59311               
      435100            9.47223                             0.99005                                          -0.11276                                      90032.36055                                        9.36590e+05                                    70553.35316               
      436100            9.46739                             0.99392                                          -0.02292                                      90384.93612                                        9.37190e+05                                    70519.88091               
      437100            9.44071                             0.99826                                           0.08776                                      90779.36911                                        9.37026e+05                                    70362.99680               
      438100            9.40430                             1.00314                                           0.04049                                      91222.70034                                        9.38303e+05                                    70498.07082               
      439100            9.47493                             0.99879                                           0.01623                                      90827.25268                                        9.38127e+05                                    70573.20409               
      440100            9.67400                             0.98386                                          -0.11553                                      89469.92559                                        9.38035e+05                                    70625.72704               
      441100            9.67475                             0.99552                                           0.03978                                      90530.06561                                        9.38602e+05                                    70483.03252               
      442100            9.45265                             0.99598                                           0.04444                                      90571.54634                                        9.38730e+05                                    70410.94935               
      443100            9.66835                             0.99450                                           0.09277                                      90436.96676                                        9.38265e+05                                    70252.35623               
      444100            9.69740                             0.99900                                          -0.01014                                      90846.62002                                        9.39698e+05                                    70448.08514               
      445100            9.65979                             0.99459                                          -0.01880                                      90445.65758                                        9.40570e+05                                    70638.00843               
      446100            9.46285                             0.99542                                           0.01927                                      90520.67962                                        9.38814e+05                                    70314.18053               
      447100            9.43790                             0.99487                                          -0.02524                                      90471.31645                                        9.39159e+05                                    70338.93103               
      448100            9.44292                             0.99935                                          -0.01868                                      90878.84219                                        9.40726e+05                                    70590.56548               
      449100            9.44066                             0.98671                                          -0.10921                                      89728.50428                                        9.39968e+05                                    70599.67784               
      450100            9.43002                             0.99265                                          -0.08897                                      90269.45835                                        9.39439e+05                                    70367.08944               
      451100            9.63725                             0.98997                                          -0.02391                                      90025.47377                                        9.40247e+05                                    70447.26965               
      452100            9.42031                             0.99811                                           0.01572                                      90766.06335                                        9.40918e+05                                    70459.31918               
      453100            9.39576                             1.00132                                           0.03182                                      91057.39985                                        9.40945e+05                                    70334.22553               
      454100            9.63576                             0.99696                                           0.10221                                      90661.34832                                        9.41061e+05                                    70263.75505               
      455100            9.43185                             0.99572                                           0.08351                                      90548.17838                                        9.41870e+05                                    70460.32270               
      456100            9.37220                             0.98996                                           0.00887                                      90024.28481                                        9.41446e+05                                    70448.49562               
      457100            9.67393                             0.99284                                          -0.02014                                      90286.78763                                        9.42602e+05                                    70540.94297               
      458100            9.45132                             0.99154                                           0.02687                                      90167.95562                                        9.42659e+05                                    70434.62450               
      459100            9.38730                             0.99983                                           0.01486                                      90922.23451                                        9.42220e+05                                    70360.92071               
      460100            9.41150                             0.99069                                          -0.00717                                      90090.97339                                        9.42680e+05                                    70438.62397               
      461100            9.45281                             0.99390                                           0.01082                                      90382.63638                                        9.43001e+05                                    70387.65370               
      462100            9.36989                             0.98313                                           0.00964                                      89403.08929                                        9.42994e+05                                    70400.09506               
      463100            9.42539                             0.99389                                           0.00578                                      90381.73970                                        9.43761e+05                                    70528.96371               
      464100            9.40432                             0.99391                                           0.00247                                      90383.33156                                        9.43286e+05                                    70220.33863               
      465100            9.41514                             1.00672                                           0.03249                                      91548.82569                                        9.42772e+05                                    70180.90473               
      466100            9.39102                             0.99895                                           0.04859                                      90841.75421                                        9.43774e+05                                    70234.95179               
      467100            9.42690                             0.99062                                           0.00241                                      90084.53319                                        9.44671e+05                                    70440.80640               
      468100            9.40643                             0.99584                                          -0.00238                                      90559.49032                                        9.43738e+05                                    70329.52046               
      469100            9.44617                             0.99037                                          -0.03393                                      90061.48289                                        9.43117e+05                                    70332.33890               
      470100            9.40465                             0.99273                                          -0.01231                                      90276.12638                                        9.44515e+05                                    70352.49716               
      471100            9.39042                             0.98766                                           0.09019                                      89815.45829                                        9.44065e+05                                    70197.46128               
      472100            9.44321                             0.99796                                          -0.10228                                      90751.94830                                        9.46305e+05                                    70576.61162               
      473100            9.39959                             0.98538                                          -0.02334                                      89608.00768                                        9.45879e+05                                    70624.98132               
      474100            9.43779                             0.98892                                          -0.01843                                      89929.91941                                        9.46093e+05                                    70441.46628               
      475100            9.43823                             0.98620                                           0.04461                                      89682.73809                                        9.45705e+05                                    70374.24001               
      476100            9.45726                             1.00444                                          -0.01612                                      91341.16867                                        9.46966e+05                                    70379.09100               
      477100            9.41468                             0.98738                                          -0.10303                                      89789.91491                                        9.46553e+05                                    70494.49183               
      478100            9.44068                             0.99583                                           0.01655                                      90558.19041                                        9.47124e+05                                    70416.76677               
      479100            9.58714                             0.99161                                          -0.03237                                      90174.96860                                        9.46342e+05                                    70315.99738               
      480100            9.44272                             0.99528                                          -0.00293                                      90508.15171                                        9.48532e+05                                    70575.36931               
      481100            9.41459                             0.99271                                          -0.05136                                      90274.42745                                        9.47453e+05                                    70361.90260               
      482100            9.41960                             0.99111                                           0.00284                                      90128.76398                                        9.47196e+05                                    70330.43120               
      483100            9.42332                             0.99448                                          -0.06709                                      90435.52234                                        9.48295e+05                                    70554.79724               
      484100            9.43608                             0.99465                                          -0.08684                                      90451.03941                                        9.49508e+05                                    70711.80971               
      485100            9.38396                             0.99261                                           0.01377                                      90265.88614                                        9.48604e+05                                    70420.70090               
      486100            9.39620                             0.98518                                          -0.09031                                      89590.03116                                        9.48575e+05                                    70488.70594               
      487100            9.39976                             0.99997                                          -0.00602                                      90934.62725                                        9.48588e+05                                    70272.40578               
      488100            9.41673                             0.99457                                           0.00331                                      90443.91550                                        9.48235e+05                                    70297.19370               
      489100            9.40502                             0.99777                                          -0.04615                                      90735.05853                                        9.48027e+05                                    70153.69816               
      490100            9.62304                             0.99152                                           0.00404                                      90166.12343                                        9.48121e+05                                    70147.32357               
      491100            9.40621                             0.99540                                           0.05849                                      90519.32876                                        9.49159e+05                                    70329.89301               
      492100            9.38740                             0.99257                                           0.00056                                      90261.53914                                        9.49339e+05                                    70337.40125               
      493100            9.42436                             0.98880                                           0.01031                                      89918.65814                                        9.49532e+05                                    70282.80513               
      494100            8.44814                             0.98591                                          -0.02062                                      89656.01642                                        9.49286e+05                                    70370.78822               
      495100            7.89444                             0.99218                                           0.01964                                      90226.37672                                        9.49549e+05                                    70295.28870               
      496100            7.85193                             0.99057                                           0.04119                                      90080.33760                                        9.50304e+05                                    70383.62849               
      497100            8.27640                             0.99673                                          -0.00615                                      90639.86813                                        9.49364e+05                                    70142.53848               
      498100            9.42921                             0.99465                                          -0.05593                                      90451.26962                                        9.50792e+05                                    70401.16824               
      499100            9.39774                             0.99968                                          -0.00218                                      90908.81135                                        9.50656e+05                                    70311.63286               
      500100            9.37122                             0.99351                                          -0.04355                                      90346.96389                                        9.50972e+05                                    70388.45977               
      501100            9.43537                             0.98889                                           0.03271                                      89927.60742                                        9.50127e+05                                    70177.82041               
      502100            9.60643                             0.99704                                           0.05103                                      90668.08642                                        9.50529e+05                                    70174.98552               
      503100            9.41408                             0.99529                                           0.05066                                      90509.44124                                        9.51973e+05                                    70328.24710               
      504100            9.42949                             0.99250                                           0.04036                                      90255.69911                                        9.52044e+05                                    70366.59756               
      505100            9.44265                             0.98515                                          -0.02127                                      89587.39253                                        9.52407e+05                                    70490.08589               
      506100            9.46662                             0.99265                                           0.03468                                      90269.27374                                        9.51280e+05                                    70172.62250               
      507100            9.44329                             1.00436                                           0.05146                                      91334.04552                                        9.50624e+05                                    70074.38909               
      508100            9.36878                             1.00014                                           0.13377                                      90950.24082                                        9.52044e+05                                    70258.99949               
      509100            9.43703                             0.99490                                           0.03767                                      90473.35863                                        9.53005e+05                                    70354.29781               
      510100            9.43747                             0.99046                                          -0.07930                                      90070.23054                                        9.52995e+05                                    70452.95625               
      511100            9.44719                             0.99336                                          -0.03364                                      90333.32958                                        9.53939e+05                                    70559.27834               
      512100            9.68407                             0.99771                                          -0.00226                                      90729.32720                                        9.54134e+05                                    70501.56728               
      513100            9.45929                             0.99376                                           0.02243                                      90369.74898                                        9.54060e+05                                    70501.73762               
      514100            9.44392                             0.99523                                          -0.07434                                      90503.57482                                        9.53351e+05                                    70323.22570               
      515100            9.40759                             0.99095                                           0.01299                                      90114.44259                                        9.54630e+05                                    70380.78959               
      516100            9.42260                             0.99063                                          -0.03366                                      90085.69136                                        9.54320e+05                                    70302.43793               
      517100            9.45220                             0.98738                                          -0.01215                                      89789.66923                                        9.53657e+05                                    70335.91816               
      518100            9.46488                             1.00025                                           0.02114                                      90960.09574                                        9.55551e+05                                    70445.04706               
      519100            9.42983                             0.99710                                           0.03837                                      90674.16122                                        9.54852e+05                                    70221.42213               
      520100            9.64626                             1.01286                                           0.07423                                      92106.65801                                        9.55198e+05                                    70299.39421               
      521100            9.67495                             0.99150                                           0.04371                                      90164.36690                                        9.54917e+05                                    70290.74304               
      522100            9.44255                             0.99489                                          -0.02769                                      90472.86573                                        9.55126e+05                                    70376.05839               
      523100            9.40743                             0.99407                                          -0.02448                                      90397.98273                                        9.55290e+05                                    70254.00661               
      524100            9.40563                             0.98899                                           0.00246                                      89936.03977                                        9.55404e+05                                    70331.54883               
      525100            9.44497                             0.99032                                           0.05921                                      90056.95347                                        9.55969e+05                                    70250.29611               
      526100            9.41324                             0.99115                                          -0.00376                                      90132.69378                                        9.55805e+05                                    70324.12573               
      527100            9.62231                             0.99536                                           0.04440                                      90516.00433                                        9.55648e+05                                    70261.45978               
      528100            9.42138                             0.99931                                           0.03410                                      90874.51475                                        9.56286e+05                                    70188.12884               
      529100            9.42832                             0.99332                                           0.13538                                      90329.71082                                        9.55751e+05                                    70005.06167               
      530100            9.40659                             0.99587                                           0.00749                                      90562.32069                                        9.54825e+05                                    69968.65897               
      531100            9.38318                             0.99364                                          -0.02989                                      90359.36261                                        9.56869e+05                                    70249.94881               
      532100            9.43101                             0.99627                                           0.10827                                      90598.57859                                        9.57334e+05                                    70195.54336               
      533100            9.39319                             0.99888                                           0.06962                                      90835.45782                                        9.56624e+05                                    70109.73241               
      534100            9.43651                             0.99353                                           0.10578                                      90348.82310                                        9.57289e+05                                    70063.18578               
      535100            9.40641                             0.99278                                          -0.01572                                      90281.13131                                        9.57523e+05                                    70286.18428               
      536100            9.42936                             0.99827                                          -0.03166                                      90779.96912                                        9.57481e+05                                    70269.99924               
      537100            7.71369                             0.99175                                           0.01558                                      90187.65800                                        9.58100e+05                                    70237.10807               
      538100            7.62591                             0.99151                                          -0.00400                                      90165.03783                                        9.58612e+05                                    70372.90017               
      539100            7.70865                             0.99066                                           0.05905                                      90088.57116                                        9.58842e+05                                    70307.91855               
      540100            7.95496                             0.99223                                           0.07667                                      90230.50448                                        9.58036e+05                                    70092.67132               
      541100            9.40024                             0.99484                                           0.06299                                      90468.14364                                        9.57876e+05                                    69996.89220               
      542100            9.41624                             1.01772                                          -0.00462                                      92548.59570                                        9.58950e+05                                    70117.13918               
      543100            9.43263                             0.99733                                           0.01424                                      90695.11670                                        9.58895e+05                                    70219.59200               
      544100            9.65735                             0.99716                                           0.04404                                      90679.07539                                        9.59229e+05                                    70223.64259               
      545100            9.38669                             0.98461                                           0.08069                                      89537.82560                                        9.58495e+05                                    70116.84639               
      546100            9.38619                             0.99316                                           0.03373                                      90315.74374                                        9.58831e+05                                    70110.54953               
      547100            9.39313                             0.99371                                           0.06616                                      90365.78900                                        9.59056e+05                                    70084.44124               
      548100            9.41688                             0.98732                                          -0.04886                                      89784.83519                                        9.59765e+05                                    70400.77565               
      549100            9.41059                             0.99304                                          -0.01360                                      90304.23334                                        9.58811e+05                                    70071.39581               
      550100            9.36921                             1.00477                                           0.10269                                      91371.46118                                        9.59962e+05                                    70121.42972               
      551100            9.39688                             0.99951                                          -0.02134                                      90892.50419                                        9.59771e+05                                    70134.81319               
      552100            9.44350                             0.98866                                          -0.04499                                      89906.39898                                        9.61464e+05                                    70451.64942               
      553100            9.46463                             0.98926                                           0.00189                                      89960.51164                                        9.60148e+05                                    70325.39747               
      554100            9.42804                             0.98714                                          -0.01909                                      89767.76929                                        9.60616e+05                                    70350.14450               
      555100            9.42435                             0.98689                                           0.00933                                      89745.46200                                        9.61140e+05                                    70381.72756               
      556100            9.43601                             0.99118                                          -0.05976                                      90135.19615                                        9.60101e+05                                    70233.92647               
Simulation.timestep  Simulation.tps  md.compute.ThermodynamicQuantities.kinetic_temperature md.compute.ThermodynamicQuantities.pressure md.compute.ThermodynamicQuantities.kinetic_energy md.compute.ThermodynamicQuantities.potential_energy md.compute.ThermodynamicQuantities.volume
      556100            8.39751                             1.01041                                          -0.03914                                      91883.78800                                        9.56491e+05                                    70148.73362               
      557100            9.62225                             0.98776                                           0.07503                                      89824.63143                                        9.53193e+05                                    69650.81503               
      558100            9.69470                             0.99807                                          -0.06921                                      90761.75211                                        9.56022e+05                                    70153.64999               
      559100            9.44851                             0.99982                                          -0.01436                                      90920.88861                                        9.56176e+05                                    70148.88356               
      560100            9.64451                             0.99370                                          -0.04146                                      90364.26737                                        9.55753e+05                                    69987.45449               
      561100            9.45250                             1.00051                                           0.05185                                      90983.82133                                        9.56259e+05                                    69868.44175               
      562100            9.43332                             0.99615                                          -0.01836                                      90587.52965                                        9.54713e+05                                    69852.13595               
      563100            9.65121                             0.99051                                          -0.02453                                      90074.66855                                        9.55759e+05                                    69897.51091               
      564100            9.42531                             0.98596                                          -0.00749                                      89660.58636                                        9.55881e+05                                    69791.16817               
      565100            9.22931                             0.99573                                          -0.02622                                      90549.58468                                        9.56805e+05                                    69964.58823               
      566100            9.41378                             0.99111                                          -0.06335                                      90128.88667                                        9.56787e+05                                    70053.71152               
      567100            9.45226                             0.98757                                          -0.00648                                      89807.53266                                        9.56286e+05                                    69874.13710               
      568100            9.43404                             0.98149                                          -0.13523                                      89254.28414                                        9.56143e+05                                    69973.44644               
      569100            9.46001                             1.00035                                          -0.02005                                      90969.05003                                        9.57651e+05                                    69932.89360               
      570100            9.45077                             0.99881                                           0.05190                                      90829.44831                                        9.57147e+05                                    69872.60521               
      571100            9.43188                             0.99518                                          -0.02067                                      90499.23475                                        9.57351e+05                                    69958.05349               
      572100            9.68666                             0.99820                                           0.10171                                      90774.05093                                        9.58936e+05                                    70114.63931               
      573100            9.45404                             0.99255                                          -0.06970                                      90260.13228                                        9.58065e+05                                    70071.82621               
      574100            9.45767                             0.99224                                           0.03174                                      90231.95811                                        9.58292e+05                                    69937.48990               
      575100            9.70323                             0.98812                                          -0.10335                                      89857.46441                                        9.57543e+05                                    70005.16194               
      576100            9.16806                             0.99404                                          -0.02311                                      90395.82463                                        9.58418e+05                                    69986.36114               
      577100            9.42361                             0.98846                                           0.00096                                      89887.91039                                        9.58253e+05                                    69874.16101               
      578100            9.46347                             0.98960                                          -0.01881                                      89991.60547                                        9.58612e+05                                    70022.15664               
      579100            9.69723                             0.99724                                          -0.05267                                      90686.50833                                        9.58953e+05                                    70061.48808               
      580100            9.41967                             0.99803                                          -0.08677                                      90758.41286                                        9.59398e+05                                    69996.06626               
      581100            9.40705                             0.99634                                          -0.02704                                      90604.25117                                        9.59870e+05                                    70052.80414               
      582100            9.65746                             0.99342                                          -0.04863                                      90338.68528                                        9.59455e+05                                    69942.17366               
      583100            9.41716                             0.99860                                           0.06209                                      90809.80821                                        9.59432e+05                                    69937.19626               
      584100            9.41020                             0.99309                                           0.04026                                      90308.67682                                        9.59024e+05                                    69687.81119               
      585100            9.43320                             0.99277                                           0.08691                                      90280.26609                                        9.59745e+05                                    69826.22441               
      586100            9.43571                             0.98715                                           0.01323                                      89768.64491                                        9.59475e+05                                    69951.78130               
      587100            9.41867                             0.98917                                          -0.05309                                      89953.08804                                        9.60038e+05                                    70037.01064               
      588100            9.44626                             0.98467                                          -0.05501                                      89543.55298                                        9.60199e+05                                    70025.86280               
      589100            9.43685                             0.99977                                           0.01689                                      90916.43692                                        9.59487e+05                                    69730.56065               
      590100            9.41826                             0.98477                                           0.00641                                      89552.22901                                        9.59487e+05                                    69858.84047               
      591100            9.40594                             0.99520                                          -0.11372                                      90501.31867                                        9.60824e+05                                    70036.14422               
      592100            9.45400                             0.99818                                           0.00457                                      90772.02757                                        9.60927e+05                                    69941.66467               
      593100            9.46888                             0.99149                                          -0.04557                                      90163.67635                                        9.60894e+05                                    69927.85281               
      594100            9.41023                             0.98897                                           0.05798                                      89934.08773                                        9.59948e+05                                    69719.36296               
      595100            9.43020                             0.99777                                          -0.00758                                      90734.72325                                        9.61526e+05                                    69978.13330               
      596100            9.39905                             0.98865                                           0.07506                                      89905.03748                                        9.60988e+05                                    69960.90797               
      597100            9.43266                             0.99507                                           0.06229                                      90489.60415                                        9.62060e+05                                    69961.25324               
      598100            9.43195                             0.99259                                           0.08447                                      90263.72305                                        9.63486e+05                                    70050.72696               
      599100            9.44709                             0.99461                                           0.01235                                      90447.52465                                        9.62189e+05                                    69803.75064               
      600100            9.44050                             1.00048                                           0.01549                                      90981.46688                                        9.62475e+05                                    69942.68902               
      601100            9.45472                             0.99066                                          -0.02131                                      90087.86210                                        9.62779e+05                                    70073.76516               
      602100            9.45692                             0.99911                                          -0.02050                                      90856.95408                                        9.62651e+05                                    70016.50824               
      603100            9.47479                             0.98728                                          -0.05754                                      89781.19507                                        9.62572e+05                                    70051.95152               
      604100            9.43114                             0.99197                                          -0.01000                                      90207.13829                                        9.62153e+05                                    69915.26496               
      605100            9.46623                             0.99111                                           0.02500                                      90129.50561                                        9.63570e+05                                    70009.19499               
      606100            9.44905                             0.98435                                          -0.04795                                      89514.29493                                        9.62313e+05                                    69950.61576               
      607100            9.47291                             0.99673                                           0.00598                                      90640.32334                                        9.63218e+05                                    69990.47916               
      608100            9.45814                             0.98729                                          -0.04770                                      89782.12663                                        9.62536e+05                                    69940.12352               
      609100            9.41774                             0.99576                                           0.03439                                      90552.11202                                        9.62958e+05                                    69910.39759               
      610100            9.73520                             0.99921                                          -0.06208                                      90865.80125                                        9.64058e+05                                    70152.45007               
      611100            9.67958                             0.98668                                          -0.01626                                      89726.29989                                        9.62940e+05                                    69953.85425               
      612100            9.46270                             0.99377                                          -0.06065                                      90370.64637                                        9.63768e+05                                    69992.02750               
      613100            9.46831                             1.00543                                          -0.09340                                      91431.12112                                        9.64339e+05                                    70149.63133               
      614100            9.46295                             1.00330                                          -0.05024                                      91237.72296                                        9.64481e+05                                    70044.76554               
      615100            9.47202                             0.98835                                           0.03680                                      89878.33782                                        9.63531e+05                                    69799.38526               
      616100            9.68659                             1.00247                                           0.00130                                      91162.20738                                        9.63858e+05                                    69824.84735               
      617100            9.43887                             0.99329                                          -0.03492                                      90327.02444                                        9.64712e+05                                    69941.39397               
      618100            9.43579                             0.99074                                           0.04570                                      90095.01657                                        9.63702e+05                                    69772.66487               
      619100            9.66509                             0.99416                                           0.10574                                      90406.63721                                        9.64138e+05                                    69785.42171               
      620100            9.41754                             0.99056                                           0.01040                                      90078.94965                                        9.65025e+05                                    69949.82714               
      621100            9.43539                             0.99295                                           0.01511                                      90296.16841                                        9.64576e+05                                    69941.78039               
      622100            9.41144                             0.99461                                           0.05087                                      90446.90359                                        9.64111e+05                                    69834.43444               
      623100            9.44003                             0.99119                                          -0.03454                                      90136.34624                                        9.64865e+05                                    69973.65780               
      624100            9.45307                             0.98857                                          -0.04961                                      89898.22351                                        9.64849e+05                                    69989.68110               
      625100            9.47668                             0.99344                                          -0.01205                                      90340.61785                                        9.65172e+05                                    70045.90008               
      626100            9.71035                             0.99534                                          -0.02425                                      90514.00413                                        9.65985e+05                                    69989.86010               
      627100            9.71056                             0.98847                                          -0.03956                                      89888.63039                                        9.66064e+05                                    70097.68564               
      628100            9.47015                             0.98755                                          -0.04055                                      89805.27257                                        9.65786e+05                                    70107.87730               
      629100            9.46156                             0.99438                                          -0.05199                                      90426.18619                                        9.66693e+05                                    70168.67128               
      630100            9.41348                             0.98818                                           0.00491                                      89862.51250                                        9.64863e+05                                    69942.78280               
      631100            9.67517                             0.99820                                          -0.03301                                      90773.68470                                        9.66531e+05                                    69907.75672               
      632100            9.45261                             0.99561                                           0.01118                                      90538.19018                                        9.65488e+05                                    69735.61253               
      633100            9.48313                             0.99479                                          -0.04191                                      90463.31734                                        9.64897e+05                                    69778.29535               
      634100            9.47893                             1.00217                                           0.01676                                      91135.06240                                        9.66821e+05                                    69922.12853               
      635100            9.49231                             1.00726                                           0.09198                                      91597.85649                                        9.67939e+05                                    69994.45833               
      636100            9.65634                             0.98796                                          -0.00783                                      89842.79068                                        9.66688e+05                                    69992.24258               
      637100            9.44333                             0.99074                                           0.04813                                      90095.70778                                        9.67178e+05                                    69874.01409               
      638100            9.69241                             0.99402                                           0.03564                                      90393.95937                                        9.67488e+05                                    69880.45618               
      639100            9.68345                             0.98347                                          -0.03889                                      89434.42097                                        9.67152e+05                                    69906.72445               
      640100            9.65477                             0.99550                                          -0.10546                                      90527.92390                                        9.67537e+05                                    69900.88534               
      641100            9.67979                             0.99382                                           0.00777                                      90375.80937                                        9.67338e+05                                    69804.07211               
      642100            9.70685                             0.99018                                          -0.09999                                      90044.76999                                        9.66415e+05                                    69798.75390               
      643100            9.47123                             0.99296                                          -0.06242                                      90297.21415                                        9.66871e+05                                    69915.68273               
      644100            9.49256                             0.99660                                          -0.08116                                      90628.63945                                        9.67917e+05                                    69995.03820               
      645100            9.69109                             0.99397                                          -0.02180                                      90389.48437                                        9.67669e+05                                    69962.64164               
      646100            9.66882                             0.99018                                          -0.00417                                      90044.89438                                        9.66414e+05                                    69746.28246               
      647100            9.69535                             0.99111                                          -0.01443                                      90128.80639                                        9.68540e+05                                    69967.51523               
      648100            9.69505                             0.99797                                           0.03915                                      90753.15904                                        9.68099e+05                                    69860.53538               
      649100            9.44047                             0.99829                                           0.05756                                      90781.98696                                        9.68390e+05                                    69802.41963               
      650100            9.42101                             0.99970                                           0.03458                                      90910.28809                                        9.68933e+05                                    69799.56080               
      651100            9.44535                             0.98655                                          -0.05483                                      89714.38844                                        9.68551e+05                                    69925.96775               
      652100            9.47629                             0.98803                                           0.04989                                      89849.40678                                        9.67541e+05                                    69763.36986               
      653100            9.45476                             0.98999                                          -0.01266                                      90026.92284                                        9.67991e+05                                    69829.57653               
      654100            9.47474                             0.99124                                          -0.03552                                      90140.73922                                        9.68808e+05                                    69897.54132               
      655100            9.46609                             0.98871                                           0.05646                                      89910.94945                                        9.67765e+05                                    69717.99053               
      656100            9.43204                             0.98873                                           0.01422                                      89912.50010                                        9.68391e+05                                    69792.79173               
      657100            9.45886                             0.99244                                          -0.03877                                      90250.27527                                        9.68399e+05                                    69834.41832               
      658100            9.44707                             0.99676                                          -0.00916                                      90643.17924                                        9.69066e+05                                    69872.64361               
      659100            9.66275                             0.99497                                          -0.01629                                      90480.33682                                        9.68581e+05                                    69810.32055               
      660100            9.39915                             0.98668                                          -0.05628                                      89726.27323                                        9.67450e+05                                    69634.99980               
      661100            9.40990                             0.99195                                           0.02120                                      90205.83755                                        9.68362e+05                                    69646.12098               
      662100            9.44629                             0.99419                                           0.03894                                      90409.03853                                        9.69395e+05                                    69733.50159               
      663100            9.40469                             0.99476                                           0.02108                                      90460.61499                                        9.69956e+05                                    69735.49615               
      664100            9.43071                             0.99788                                           0.05577                                      90745.14332                                        9.69338e+05                                    69638.75182               
      665100            9.46316                             0.99141                                          -0.07096                                      90156.28806                                        9.70100e+05                                    69869.41429               
      666100            9.44781                             0.99552                                          -0.01788                                      90529.67980                                        9.70472e+05                                    69904.58592               
      667100            9.43354                             0.99909                                           0.07501                                      90854.72470                                        9.70070e+05                                    69640.23965               
      668100            9.44979                             0.99823                                           0.02198                                      90776.15917                                        9.70323e+05                                    69675.67367               
      669100            9.46023                             0.99457                                           0.08489                                      90443.63995                                        9.69559e+05                                    69645.65204               
      670100            9.45851                             1.00321                                           0.06551                                      91229.68947                                        9.70200e+05                                    69783.06469               
      671100            9.46050                             0.99568                                          -0.01513                                      90544.38621                                        9.71153e+05                                    69900.37464               
      672100            9.69668                             0.98258                                           0.06205                                      89353.48832                                        9.69594e+05                                    69605.03020               
      673100            9.47426                             0.98649                                          -0.06024                                      89708.93775                                        9.70454e+05                                    69860.52834               
      674100            9.44853                             0.99672                                          -0.03036                                      90639.16817                                        9.71031e+05                                    69834.23051               
      675100            9.44085                             0.99744                                           0.05695                                      90704.48228                                        9.70983e+05                                    69658.92447               
      676100            9.68937                             0.99654                                           0.00401                                      90622.67064                                        9.71966e+05                                    69912.40923               
      677100            9.48038                             0.99429                                          -0.07014                                      90418.55078                                        9.72142e+05                                    69954.69257               
      678100            9.68423                             0.99129                                          -0.02860                                      90145.60069                                        9.70662e+05                                    69776.29696               
      679100            9.45554                             0.98705                                          -0.03868                                      89759.99408                                        9.70846e+05                                    69789.44537               
      680100            9.46573                             0.99849                                          -0.04539                                      90800.04129                                        9.71963e+05                                    69917.83097               
      681100            9.46170                             0.98730                                          -0.05332                                      89782.16553                                        9.71331e+05                                    69913.70459               
      682100            9.48089                             0.98658                                          -0.02079                                      89717.14606                                        9.72168e+05                                    69839.41598               
      683100            9.43664                             0.99315                                          -0.03382                                      90314.72842                                        9.72479e+05                                    69899.30795               
      684100            9.47386                             0.99861                                          -0.06435                                      90811.13080                                        9.72827e+05                                    69882.88375               
      685100            9.43601                             0.99084                                           0.04239                                      90104.51268                                        9.71686e+05                                    69679.18893               
      686100            9.43566                             0.99314                                          -0.00495                                      90313.83665                                        9.71428e+05                                    69649.71977               
      687100            9.48641                             0.99808                                          -0.06420                                      90763.04184                                        9.72511e+05                                    69938.25813               
      688100            9.69929                             0.98627                                          -0.10830                                      89689.25990                                        9.71654e+05                                    69828.51927               
      689100            9.46008                             0.99725                                           0.00971                                      90687.86411                                        9.71467e+05                                    69716.25715               
      690100            9.42475                             1.00993                                           0.04901                                      91840.23260                                        9.73698e+05                                    69887.47670               
      691100            9.44081                             1.00053                                           0.10235                                      90986.09702                                        9.72654e+05                                    69738.55272               
      692100            9.47292                             0.99516                                          -0.01442                                      90497.73347                                        9.73329e+05                                    69850.52114               
      693100            9.67909                             1.00213                                           0.03131                                      91131.38285                                        9.73430e+05                                    69812.13519               
      694100            9.47237                             0.99399                                          -0.06582                                      90391.36646                                        9.73396e+05                                    69843.80356               
      695100            9.46552                             0.98732                                          -0.04260                                      89784.68804                                        9.72417e+05                                    69803.32193               
      696100            9.44712                             0.99024                                          -0.05882                                      90049.54044                                        9.73080e+05                                    69893.33478               
      697100            9.46796                             0.99644                                           0.02532                                      90613.77548                                        9.73114e+05                                    69658.23365               
      698100            9.64608                             0.99556                                          -0.01460                                      90534.05663                                        9.73510e+05                                    69662.43136               
      699100            9.45346                             0.99876                                           0.02509                                      90825.14626                                        9.73814e+05                                    69841.48013               
      700100            9.68061                             0.99026                                          -0.03735                                      90051.47433                                        9.73904e+05                                    69852.99516               
      701100            9.44231                             0.98749                                          -0.03184                                      89799.83946                                        9.73506e+05                                    69799.40827               
      702100            9.45479                             0.99727                                          -0.01452                                      90689.35505                                        9.74165e+05                                    69844.28263               
      703100            9.45801                             0.99412                                           0.01693                                      90402.57125                                        9.74277e+05                                    69837.84520               
      704100            9.48317                             0.99751                                           0.07283                                      90711.28405                                        9.73994e+05                                    69782.84963               
      705100            9.45365                             0.99211                                           0.09038                                      90219.76349                                        9.73654e+05                                    69585.47515               
      706100            9.47975                             1.00191                                           0.05197                                      91111.12561                                        9.74971e+05                                    69844.73475               
      707100            9.48470                             0.99556                                          -0.02050                                      90533.66473                                        9.74749e+05                                    69820.78262               
      708100            9.48648                             0.98711                                          -0.11271                                      89765.60433                                        9.74610e+05                                    69898.68847               
      709100            9.45102                             0.98872                                           0.05606                                      89911.43924                                        9.73336e+05                                    69591.63014               
      710100            9.41895                             1.00424                                           0.05659                                      91322.80832                                        9.73956e+05                                    69596.58811               
      711100            9.71452                             0.99220                                          -0.08625                                      90228.19068                                        9.75355e+05                                    69959.92798               
      712100            9.46941                             0.99576                                          -0.02813                                      90551.71811                                        9.74420e+05                                    69723.57801               
      713100            9.43811                             0.98631                                          -0.04329                                      89692.87227                                        9.75213e+05                                    69891.90503               
      714100            9.45571                             0.99331                                          -0.13551                                      90328.77485                                        9.74726e+05                                    69856.98376               
      715100            9.42468                             0.99822                                           0.08785                                      90775.20961                                        9.74753e+05                                    69602.76606               
      716100            9.48738                             0.98347                                          -0.01188                                      89434.51322                                        9.74402e+05                                    69660.32218               
      717100            9.69398                             0.99087                                           0.05613                                      90106.81849                                        9.74027e+05                                    69527.21687               
      718100            9.43348                             0.99910                                           0.07177                                      90855.94002                                        9.75101e+05                                    69640.61942               
      719100            9.45616                             0.99969                                          -0.01082                                      90909.32385                                        9.75637e+05                                    69758.53712               
      720100            9.47917                             0.98990                                          -0.00398                                      90018.78497                                        9.74741e+05                                    69549.23068               
      721100            9.49119                             0.98770                                          -0.03376                                      89818.94662                                        9.75241e+05                                    69723.52995               
      722100            9.44157                             0.98941                                          -0.04841                                      89974.61322                                        9.75647e+05                                    69704.85819               
      723100            9.48109                             0.99181                                          -0.01605                                      90193.14318                                        9.76547e+05                                    69884.51696               
      724100            9.44523                             1.00084                                           0.05884                                      91013.56823                                        9.76429e+05                                    69778.75157               
      725100            9.42939                             0.99165                                           0.08220                                      90178.01268                                        9.75433e+05                                    69569.79706               
      726100            9.43560                             1.00679                                           0.00702                                      91554.51795                                        9.76791e+05                                    69825.44046               
      727100            9.43014                             0.99643                                          -0.01932                                      90612.67482                                        9.76612e+05                                    69789.38331               
      728100            9.45018                             0.99204                                           0.08648                                      90213.79215                                        9.75753e+05                                    69642.90559               
      729100            9.43241                             0.99658                                          -0.00488                                      90626.85232                                        9.76393e+05                                    69660.76275               
      730100            9.44569                             1.00171                                          -0.00368                                      91092.84780                                        9.76919e+05                                    69772.20060               
      731100            9.46643                             0.99087                                           0.04338                                      90107.43266                                        9.77226e+05                                    69823.85692               
      732100            9.45741                             1.00516                                           0.00724                                      91407.04162                                        9.76713e+05                                    69727.58577               
      733100            9.47512                             0.99570                                          -0.00398                                      90546.18707                                        9.76559e+05                                    69744.56197               
      734100            9.45969                             0.99291                                          -0.02843                                      90292.92790                                        9.77002e+05                                    69770.07108               
      735100            9.67732                             0.99479                                           0.00938                                      90464.02572                                        9.77111e+05                                    69701.25143               
      736100            9.45975                             0.99374                                           0.00999                                      90368.20508                                        9.76684e+05                                    69734.57249               
      737100            9.73007                             0.99294                                           0.01266                                      90295.34152                                        9.78066e+05                                    69980.58576               
      738100            9.39236                             0.99292                                           0.03848                                      90293.95465                                        9.78089e+05                                    69692.95639               
      739100            9.43774                             1.00139                                           0.02382                                      91063.60042                                        9.78398e+05                                    69743.47763               
      740100            9.64234                             1.00338                                           0.08366                                      91245.06674                                        9.77703e+05                                    69697.71625               
      741100            9.44845                             0.99037                                          -0.02425                                      90062.17806                                        9.77173e+05                                    69607.81889               
      742100            9.47163                             0.99283                                           0.02357                                      90285.90147                                        9.78094e+05                                    69707.63457               
      743100            9.71314                             1.00354                                           0.08093                                      91259.79276                                        9.78780e+05                                    69637.55798               
      744100            9.42922                             0.99681                                           0.08833                                      90647.41850                                        9.78041e+05                                    69592.71476               
      745100            9.43728                             0.99197                                          -0.01310                                      90206.98814                                        9.77416e+05                                    69739.72135               
      746100            9.48203                             0.99641                                          -0.00582                                      90610.83379                                        9.78767e+05                                    69935.32612               
      747100            9.45302                             0.99840                                          -0.04698                                      90792.02297                                        9.78643e+05                                    69821.20732               
      748100            9.66682                             0.99588                                          -0.08283                                      90563.11902                                        9.79505e+05                                    69905.04241               
      749100            9.46596                             0.99134                                           0.03576                                      90149.90340                                        9.78890e+05                                    69764.23066               
      750100            9.46441                             0.99898                                           0.00610                                      90844.91384                                        9.78273e+05                                    69712.53221               
      751100            9.44828                             0.99717                                          -0.08079                                      90680.43168                                        9.79078e+05                                    69948.51579               
      752100            9.39807                             0.98692                                          -0.00337                                      89747.62477                                        9.78086e+05                                    69602.70103               
      753100            9.47059                             0.99278                                          -0.02495                                      90281.31381                                        9.79372e+05                                    69873.41782               
      754100            9.45714                             0.99444                                          -0.02656                                      90431.90536                                        9.79874e+05                                    69858.05064               
      755100            9.70138                             0.99171                                           0.08517                                      90183.21252                                        9.79573e+05                                    69813.89951               
      756100            9.41789                             0.98705                                          -0.04776                                      89759.98809                                        9.79516e+05                                    69882.51602               
      757100            9.45998                             0.98935                                          -0.03697                                      89969.21935                                        9.80248e+05                                    69970.89813               
      758100            9.44970                             0.98364                                           0.03312                                      89450.19213                                        9.79003e+05                                    69792.09432               
      759100            9.44196                             0.99791                                          -0.03056                                      90747.79947                                        9.79882e+05                                    69770.55031               
      760100            9.42203                             0.99610                                           0.02922                                      90582.97045                                        9.79637e+05                                    69681.47631               
      761100            9.40528                             0.99061                                           0.01319                                      90084.00434                                        9.79210e+05                                    69607.88342               
      762100            9.43294                             1.00114                                           0.08059                                      91040.75614                                        9.80253e+05                                    69684.39582               
      763100            9.43922                             0.99734                                          -0.03032                                      90695.75076                                        9.79853e+05                                    69787.05785               
      764100            9.47356                             1.00183                                          -0.04351                                      91104.20402                                        9.80513e+05                                    69887.36071               
      765100            9.41074                             0.98820                                          -0.07418                                      89864.65744                                        9.79334e+05                                    69665.05462               
      766100            9.68619                             0.99320                                          -0.05164                                      90318.67385                                        9.80499e+05                                    69751.20207               
      767100            9.43680                             0.98761                                           0.03323                                      89810.76792                                        9.80351e+05                                    69783.20604               
      768100            9.47905                             0.99795                                           0.04993                                      90751.19791                                        9.81548e+05                                    69903.73822               
      769100            9.44650                             0.99577                                           0.02849                                      90552.67962                                        9.81089e+05                                    69670.75492               
      770100            9.63985                             1.00145                                          -0.00395                                      91069.37571                                        9.80729e+05                                    69728.00900               
      771100            9.44588                             0.99044                                          -0.01097                                      90068.53518                                        9.80993e+05                                    69727.96509               
      772100            9.64750                             0.99901                                           0.02120                                      90847.74590                                        9.81715e+05                                    69741.23291               
      773100            9.70091                             0.99338                                          -0.01918                                      90335.21348                                        9.80780e+05                                    69674.78274               
      774100            9.70628                             0.98927                                           0.03424                                      89961.92160                                        9.81652e+05                                    69772.05909               
      775100            9.42047                             0.99372                                          -0.08872                                      90366.71296                                        9.81579e+05                                    69881.92165               
      776100            9.43338                             0.99169                                          -0.04066                                      90181.96249                                        9.82265e+05                                    69917.74211               
      777100            9.68509                             0.99062                                           0.02091                                      90084.38864                                        9.81168e+05                                    69701.37830               
      778100            9.42877                             0.99958                                           0.03124                                      90898.90368                                        9.82020e+05                                    69758.43495               
      779100            9.65887                             1.00052                                           0.03962                                      90984.92182                                        9.81818e+05                                    69693.34091               
      780100            9.44587                             0.99859                                          -0.03632                                      90808.88019                                        9.81581e+05                                    69777.54403               
      781100            9.45735                             0.99571                                          -0.03982                                      90547.33062                                        9.81356e+05                                    69733.40511               
      782100            9.44579                             0.99711                                           0.00891                                      90674.91723                                        9.81838e+05                                    69731.99636               
      783100            9.63946                             0.99007                                           0.02432                                      90034.24851                                        9.81600e+05                                    69690.66106               
      784100            9.39857                             0.98976                                          -0.05183                                      90006.46496                                        9.81444e+05                                    69666.99303               
      785100            9.42786                             0.98802                                          -0.04890                                      89848.05172                                        9.81584e+05                                    69780.20358               
      786100            9.40841                             0.99942                                          -0.04410                                      90885.00843                                        9.82615e+05                                    69867.10367               
      787100            9.65298                             0.99558                                           0.03634                                      90535.33264                                        9.81960e+05                                    69707.68920               
      788100            9.43604                             0.99107                                           0.03910                                      90125.54223                                        9.81447e+05                                    69662.17366               
      789100            9.39889                             0.99516                                           0.03144                                      90497.02725                                        9.82085e+05                                    69660.98364               
      790100            9.45611                             0.99390                                           0.05226                                      90382.35356                                        9.82886e+05                                    69733.68938               
      791100            9.46041                             0.99313                                          -0.08660                                      90312.61869                                        9.82605e+05                                    69801.81487               
      792100            9.41249                             0.99434                                          -0.03574                                      90422.64884                                        9.82090e+05                                    69847.26547               
      793100            9.43056                             0.98819                                           0.01887                                      89863.21794                                        9.81824e+05                                    69659.17666               
      794100            9.68644                             0.99222                                           0.01129                                      90229.55504                                        9.82089e+05                                    69658.47590               
      795100            9.67748                             0.99787                                          -0.01019                                      90743.41465                                        9.83976e+05                                    69932.68583               
      796100            9.69713                             0.99289                                           0.02433                                      90291.33917                                        9.83254e+05                                    69875.47945               
      797100            9.43008                             0.99146                                           0.08888                                      90160.52401                                        9.82672e+05                                    69666.81630               
      798100            9.44152                             0.99765                                           0.04309                                      90723.88742                                        9.84068e+05                                    69786.62457               
      799100            9.43045                             0.99077                                          -0.01804                                      90098.08901                                        9.82064e+05                                    69579.87158               
      800100            9.67910                             1.00149                                           0.04612                                      91073.13260                                        9.82825e+05                                    69700.52614               
      801100            9.46192                             0.98419                                          -0.04909                                      89499.60606                                        9.82704e+05                                    69755.18858               
      802100            9.44497                             0.99459                                          -0.03383                                      90445.84178                                        9.83578e+05                                    69886.24326               
      803100            9.66745                             0.99714                                          -0.02173                                      90677.43365                                        9.84081e+05                                    69779.32160               
      804100            9.62079                             0.99692                                           0.06502                                      90657.34637                                        9.83958e+05                                    69682.63090               
      805100            9.44219                             0.99810                                           0.00329                                      90765.12215                                        9.83350e+05                                    69769.44109               
      806100            9.67774                             0.99820                                           0.10084                                      90773.48493                                        9.83463e+05                                    69595.29828               
      807100            9.44959                             0.99739                                           0.12120                                      90700.03911                                        9.83739e+05                                    69671.91990               
      808100            9.42995                             0.99076                                           0.00386                                      90097.01688                                        9.82522e+05                                    69630.68261               
      809100            9.44219                             0.99874                                          -0.00361                                      90822.93896                                        9.83572e+05                                    69649.56718               
      810100            9.46066                             0.99641                                          -0.05434                                      90611.40131                                        9.84487e+05                                    69784.89101               
      811100            9.43835                             0.98843                                          -0.00535                                      89885.65260                                        9.83700e+05                                    69683.13903               
      812100            9.64463                             0.99704                                          -0.05214                                      90667.87547                                        9.83717e+05                                    69710.46150               
      813100            9.43059                             0.99568                                           0.08767                                      90544.66137                                        9.84398e+05                                    69609.55891               
      814100            9.39087                             0.99335                                          -0.06881                                      90332.47004                                        9.84678e+05                                    69818.20318               
      815100            9.47789                             0.99559                                           0.03635                                      90536.09861                                        9.85153e+05                                    69767.33214               
      816100            9.45975                             0.99145                                           0.02011                                      90160.12974                                        9.84459e+05                                    69760.84316               
      817100            9.70417                             0.99447                                          -0.04295                                      90434.83320                                        9.85759e+05                                    69920.33177               
      818100            9.45878                             0.99550                                           0.00669                                      90528.18332                                        9.84884e+05                                    69788.06191               
      819100            9.45144                             0.99284                                          -0.05538                                      90286.50598                                        9.83868e+05                                    69739.04853               
      820100            9.45726                             0.99160                                           0.01073                                      90173.48287                                        9.84202e+05                                    69611.13246               
      821100            9.41431                             0.98726                                           0.00098                                      89778.71443                                        9.84121e+05                                    69577.78310               
      822100            9.44135                             0.99078                                          -0.06363                                      90099.22928                                        9.83628e+05                                    69699.15448               
      823100            9.46248                             0.99067                                          -0.05519                                      90088.88147                                        9.84387e+05                                    69667.53802               
      824100            9.67536                             0.99639                                          -0.07360                                      90609.23641                                        9.84959e+05                                    69729.55109               
      825100            9.44306                             0.99738                                          -0.02743                                      90698.87502                                        9.85845e+05                                    69820.43946               
      826100            9.45640                             0.98928                                          -0.03405                                      89963.06775                                        9.85190e+05                                    69830.84121               
      827100            9.46605                             0.99783                                          -0.04014                                      90740.25621                                        9.85638e+05                                    69983.72790               
      828100            9.43929                             0.99716                                          -0.03328                                      90679.23337                                        9.85496e+05                                    69774.09382               
      829100            9.46190                             0.99278                                           0.07886                                      90280.75820                                        9.85840e+05                                    69797.19489               
      830100            9.44872                             0.98856                                          -0.06192                                      89896.74977                                        9.85999e+05                                    69792.10204               
      831100            9.47838                             0.99808                                           0.02752                                      90762.70495                                        9.85808e+05                                    69865.12541               
      832100            9.43232                             0.99766                                          -0.05215                                      90724.60340                                        9.86750e+05                                    69834.13185               
      833100            9.67439                             0.99284                                           0.06469                                      90286.53618                                        9.86137e+05                                    69739.06919               
      834100            9.63363                             0.98880                                          -0.02363                                      89919.14401                                        9.86333e+05                                    69861.82585               
      835100            9.71285                             0.98954                                           0.00882                                      89986.50414                                        9.85763e+05                                    69767.68819               
      836100            9.42996                             1.00337                                           0.03153                                      91243.93684                                        9.87040e+05                                    69878.66757               
      837100            9.44322                             1.00291                                          -0.02909                                      91201.87887                                        9.86646e+05                                    69903.28540               
      838100            9.42930                             0.99063                                           0.07990                                      90085.18905                                        9.86074e+05                                    69573.38327               
      839100            9.47106                             0.99497                                           0.03241                                      90479.77797                                        9.86080e+05                                    69643.58672               
      840100            9.47220                             1.00363                                          -0.00013                                      91267.45043                                        9.85583e+05                                    69601.76677               
      841100            9.65439                             0.99863                                           0.07679                                      90813.19360                                        9.85856e+05                                    69610.56474               
      842100            9.44399                             0.99454                                           0.00310                                      90440.98432                                        9.85673e+05                                    69555.94325               
      843100            9.44327                             0.99538                                           0.03108                                      90517.45291                                        9.85967e+05                                    69572.00884               
      844100            9.47595                             0.99583                                          -0.06061                                      90558.09454                                        9.86391e+05                                    69729.27706               
      845100            9.43221                             0.99681                                          -0.03203                                      90647.19860                                        9.86007e+05                                    69687.90103               
      846100            9.44496                             0.99002                                           0.00630                                      90029.78324                                        9.85133e+05                                    69512.98857               
      847100            9.45668                             0.99652                                          -0.01493                                      90621.28812                                        9.85970e+05                                    69626.22337               
      848100            9.43486                             0.98890                                           0.00318                                      89927.97619                                        9.86009e+05                                    69645.28011               
      849100            9.44744                             0.98865                                           0.03758                                      89905.29018                                        9.86417e+05                                    69670.70521               
      850100            9.41630                             0.99608                                           0.01234                                      90580.70159                                        9.86991e+05                                    69707.67520               
      851100            9.70603                             0.98678                                          -0.04297                                      89735.74190                                        9.86800e+05                                    69807.18469               
      852100            9.68437                             0.99743                                          -0.00559                                      90703.94469                                        9.87730e+05                                    69746.52357               
      853100            9.45628                             0.99449                                           0.09394                                      90436.30372                                        9.87370e+05                                    69732.50375               
      854100            9.43076                             0.99279                                          -0.07928                                      90281.93274                                        9.87715e+05                                    69846.60939               
      855100            9.43025                             0.99508                                           0.09357                                      90489.77047                                        9.87001e+05                                    69510.73876               
      856100            9.46279                             0.99484                                           0.00244                                      90468.35005                                        9.86841e+05                                    69500.27988               
      857100            9.37338                             0.99721                                           0.00520                                      90683.53967                                        9.87208e+05                                    69577.14821               
      858100            9.65471                             1.00721                                          -0.00331                                      91592.94793                                        9.87458e+05                                    69624.37547               
      859100            9.65379                             0.99828                                           0.06348                                      90781.37296                                        9.87722e+05                                    69647.16428               
      860100            9.43205                             0.98669                                           0.00382                                      89727.13632                                        9.87046e+05                                    69755.50438               
      861100            9.44607                             0.99183                                           0.03925                                      90194.42807                                        9.87697e+05                                    69711.79728               
      862100            9.45960                             1.00084                                           0.03751                                      91014.23800                                        9.88701e+05                                    69843.57287               
      863100            9.45354                             0.99442                                           0.00079                                      90430.41993                                        9.88382e+05                                    69785.43237               
      864100            9.64774                             1.00314                                          -0.02268                                      91222.83900                                        9.88837e+05                                    69873.71293               
      865100            9.45014                             0.99329                                          -0.02184                                      90327.46539                                        9.88383e+05                                    69879.47287               
      866100            9.45485                             0.98880                                          -0.02880                                      89918.96076                                        9.87927e+05                                    69836.98547               
      867100            9.44355                             0.98382                                           0.00935                                      89465.86830                                        9.87109e+05                                    69733.53048               
      868100            9.43651                             0.99278                                          -0.01210                                      90281.32523                                        9.88881e+05                                    69787.75634               
      869100            9.67480                             1.00077                                          -0.03942                                      91007.14214                                        9.88670e+05                                    69845.73366               
      870100            9.43666                             0.99343                                           0.11340                                      90340.03604                                        9.87960e+05                                    69580.08170               
      871100            9.41922                             0.99254                                           0.04761                                      90258.73954                                        9.88157e+05                                    69560.71988               
      872100            9.45006                             0.99194                                          -0.00645                                      90204.55549                                        9.88525e+05                                    69685.17591               
      873100            9.42157                             0.97978                                          -0.02974                                      89098.55566                                        9.87139e+05                                    69577.79894               
      874100            9.46270                             0.99492                                          -0.04783                                      90475.11901                                        9.87999e+05                                    69589.19588               
      875100            9.68863                             0.99264                                          -0.05364                                      90268.60986                                        9.89174e+05                                    69795.60604               
      876100            9.41183                             0.99373                                          -0.11277                                      90367.70004                                        9.87990e+05                                    69718.03502               
      877100            9.44636                             0.98415                                          -0.02344                                      89496.17777                                        9.88455e+05                                    69794.62838               
      878100            9.41762                             0.98734                                           0.00537                                      89785.85184                                        9.87791e+05                                    69653.86499               
      879100            9.71131                             0.99556                                          -0.01800                                      90533.94230                                        9.88940e+05                                    69761.98158               
      880100            9.43503                             0.99779                                          -0.00906                                      90736.80927                                        9.89432e+05                                    69714.84521               
      881100            9.43182                             0.99513                                          -0.00384                                      90495.02237                                        9.89614e+05                                    69756.97400               
      882100            9.49210                             0.99313                                          -0.07585                                      90312.54035                                        9.89900e+05                                    69848.02773               
      883100            9.42464                             0.99106                                          -0.01247                                      90124.29557                                        9.89502e+05                                    69816.83934               
      884100            9.46123                             1.00912                                           0.07630                                      91767.28751                                        9.89688e+05                                    69758.38113               
      885100            9.43150                             0.99484                                           0.10957                                      90468.56528                                        9.89082e+05                                    69565.87586               
      886100            9.44310                             0.99256                                          -0.04619                                      90261.34290                                        9.88619e+05                                    69612.28424               
      887100            9.42615                             0.99288                                          -0.04382                                      90289.75209                                        9.89964e+05                                    69782.46819               
      888100            9.44271                             0.99127                                           0.01354                                      90143.43617                                        9.89380e+05                                    69605.54285               
      889100            9.68607                             0.99914                                          -0.03621                                      90859.25973                                        9.89931e+05                                    69726.00641               
      890100            9.42931                             0.99527                                          -0.02585                                      90507.19025                                        9.88995e+05                                    69640.00876               
      891100            9.46488                             0.98463                                          -0.01033                                      89539.34963                                        9.88271e+05                                    69554.48596               
      892100            9.45435                             0.99614                                           0.02973                                      90586.05753                                        9.89681e+05                                    69608.57794               
      893100            9.42130                             0.99782                                           0.00058                                      90739.24578                                        9.90379e+05                                    69680.59944               
      894100            9.46179                             0.99867                                          -0.00476                                      90816.29484                                        9.90881e+05                                    69883.57169               
      895100            9.66239                             0.99443                                           0.06074                                      90431.08700                                        9.90102e+05                                    69770.93205               
      896100            9.68117                             0.99047                                           0.05620                                      90071.23534                                        9.90263e+05                                    69709.00986               
      897100            9.42920                             0.99162                                          -0.04156                                      90175.80195                                        9.90349e+05                                    69841.56373               
      898100            9.41568                             0.99121                                           0.04331                                      90137.77877                                        9.90672e+05                                    69739.47472               
      899100            9.42513                             0.98936                                           0.03500                                      89969.58506                                        9.90258e+05                                    69576.31015               
      900100            9.44275                             1.00342                                           0.05023                                      91248.72942                                        9.90417e+05                                    69709.05844               
      901100            9.44973                             1.00055                                           0.09595                                      90987.41259                                        9.90159e+05                                    69578.59922               
      902100            9.68796                             0.99309                                          -0.01048                                      90309.31596                                        9.90138e+05                                    69616.70375               
      903100            9.44951                             0.99577                                           0.05071                                      90552.64848                                        9.90220e+05                                    69556.48766               
      904100            9.44628                             1.00135                                           0.09681                                      91060.67920                                        9.90808e+05                                    69610.98953               
      905100            9.44079                             0.99295                                          -0.05880                                      90296.20448                                        9.90030e+05                                    69649.27788               
      906100            9.42922                             0.99349                                          -0.02806                                      90345.57783                                        9.90993e+05                                    69767.03206               
      907100            9.40045                             0.99124                                           0.00055                                      90141.13828                                        9.91014e+05                                    69669.86450               
      908100            9.64255                             0.97966                                          -0.08771                                      89087.47147                                        9.90432e+05                                    69729.16740               
      909100            9.40383                             0.99508                                          -0.04756                                      90489.86575                                        9.91559e+05                                    69771.67440               
      910100            9.44798                             0.99956                                          -0.00157                                      90897.46366                                        9.91423e+05                                    69696.57387               
      911100            9.43198                             0.99281                                          -0.03759                                      90283.98094                                        9.91257e+05                                    69702.70125               
      912100            9.41269                             0.99079                                          -0.01179                                      90099.65531                                        9.91054e+05                                    69640.23498               
      913100            9.65255                             1.00027                                          -0.03658                                      90961.75289                                        9.91721e+05                                    69743.09304               
      914100            9.40942                             0.98703                                           0.02224                                      89758.13669                                        9.90824e+05                                    69482.71209               
      915100            9.40708                             0.98961                                          -0.02086                                      89992.93961                                        9.90585e+05                                    69552.33594               
      916100            9.39056                             0.99271                                           0.07936                                      90274.97656                                        9.90955e+05                                    69470.24270               
      917100            9.42079                             1.00154                                           0.08124                                      91077.12292                                        9.91308e+05                                    69568.83307               
      918100            9.43105                             0.99267                                          -0.01988                                      90270.62722                                        9.92134e+05                                    69725.02585               
      919100            9.43127                             0.99102                                           0.07117                                      90121.06911                                        9.90381e+05                                    69538.47868               
      920100            9.43073                             0.99015                                           0.03491                                      90041.48789                                        9.91928e+05                                    69645.23448               
      921100            9.44356                             0.99140                                          -0.01476                                      90155.73421                                        9.91629e+05                                    69593.25259               
      922100            9.66138                             0.99423                                          -0.00120                                      90412.62987                                        9.91583e+05                                    69622.78656               
      923100            9.44095                             0.98413                                          -0.04034                                      89494.03315                                        9.91743e+05                                    69782.14753               
      924100            9.46189                             0.98397                                          -0.03782                                      89479.65437                                        9.91797e+05                                    69736.94302               
      925100            9.44041                             0.99003                                          -0.03554                                      90031.28635                                        9.92186e+05                                    69685.98991               
      926100            9.44742                             0.98285                                          -0.07983                                      89377.47466                                        9.90868e+05                                    69707.42426               
      927100            9.63578                             0.98994                                           0.01934                                      90023.07735                                        9.91251e+05                                    69561.40927               
      928100            9.40388                             1.00476                                           0.03712                                      91370.42967                                        9.92787e+05                                    69685.34505               
      929100            9.46101                             0.99627                                          -0.02921                                      90598.06155                                        9.91979e+05                                    69707.21488               
      930100            9.68237                             0.99240                                          -0.04567                                      90245.93457                                        9.92318e+05                                    69704.63241               
      931100            9.47461                             0.98700                                          -0.03370                                      89755.54063                                        9.93001e+05                                    69783.73493               
      932100            9.40105                             0.99295                                          -0.01030                                      90295.99922                                        9.92259e+05                                    69611.44131               
      933100            9.66099                             0.99181                                          -0.01632                                      90192.99290                                        9.92890e+05                                    69644.19153               
      934100            9.39524                             0.98846                                          -0.06134                                      89887.66744                                        9.91843e+05                                    69584.58315               
      935100            9.42174                             0.98799                                          -0.06695                                      89845.20864                                        9.92380e+05                                    69631.42599               
      936100            9.66592                             0.99428                                           0.08491                                      90417.18536                                        9.93084e+05                                    69653.77267               
      937100            9.70840                             0.99285                                           0.05563                                      90287.52225                                        9.93023e+05                                    69659.02252               
      938100            9.65322                             0.99397                                          -0.06969                                      90389.28862                                        9.92736e+05                                    69735.62975               
      939100            9.42248                             0.99549                                           0.05659                                      90527.71669                                        9.93314e+05                                    69633.66462               
      940100            9.40707                             0.99067                                           0.06985                                      90088.98926                                        9.92850e+05                                    69564.56371               
      941100            9.39163                             0.99076                                          -0.06431                                      90097.27585                                        9.93187e+05                                    69716.85927               
      942100            9.40574                             0.98911                                          -0.04097                                      89947.16357                                        9.93387e+05                                    69760.16625               
      943100            9.44410                             0.99741                                          -0.00889                                      90701.96612                                        9.93508e+05                                    69708.90832               
      944100            9.44356                             0.98612                                           0.02951                                      89675.64437                                        9.92151e+05                                    69534.20802               
      945100            9.45449                             0.99651                                          -0.05156                                      90620.15127                                        9.92965e+05                                    69715.40661               
      946100            9.68147                             1.00153                                          -0.00968                                      91076.51367                                        9.92752e+05                                    69568.42776               
      947100            9.42332                             0.99636                                           0.06666                                      90606.59655                                        9.93852e+05                                    69613.22973               
      948100            9.41687                             0.99723                                           0.02698                                      90685.21966                                        9.93158e+05                                    69656.15212               
      949100            9.38931                             0.99485                                           0.00628                                      90469.43926                                        9.93447e+05                                    69669.12729               
      950100            9.44177                             0.99545                                           0.04917                                      90523.77248                                        9.94289e+05                                    69638.51880               
      951100            9.39899                             0.99548                                           0.01486                                      90526.15179                                        9.94769e+05                                    69746.68924               
      952100            9.41242                             0.99160                                          -0.05115                                      90173.17793                                        9.93579e+05                                    69647.61058               
      953100            9.66177                             0.99746                                           0.04176                                      90706.17024                                        9.93600e+05                                    69633.74293               
      954100            9.44847                             0.99356                                          -0.03213                                      90352.29227                                        9.94337e+05                                    69650.86936               
      955100            9.37839                             0.98998                                           0.09499                                      90025.85698                                        9.93365e+05                                    69563.37600               
      956100            9.45650                             0.98362                                           0.00425                                      89447.76350                                        9.93634e+05                                    69620.42851               
      957100            9.65244                             0.99183                                          -0.05877                                      90194.16808                                        9.94141e+05                                    69825.23682               
      958100            9.40721                             0.99753                                          -0.02630                                      90713.12607                                        9.94431e+05                                    69827.11228               
      959100            9.66702                             0.98749                                          -0.05067                                      89799.83916                                        9.94011e+05                                    69741.75075               
      960100            9.45786                             0.99639                                           0.04732                                      90609.44959                                        9.94165e+05                                    69641.33536               
      961100            9.42764                             1.00024                                           0.00816                                      90959.21788                                        9.94523e+05                                    69634.75375               
      962100            9.68304                             0.99368                                           0.04994                                      90362.80196                                        9.94550e+05                                    69718.68247               
      963100            9.44099                             0.99423                                           0.08072                                      90412.36020                                        9.94152e+05                                    69566.81064               
      964100            9.41905                             0.99502                                           0.06953                                      90484.63618                                        9.94390e+05                                    69585.67831               
      965100            9.41715                             0.98981                                           0.02985                                      90011.09145                                        9.93342e+05                                    69521.88307               
      966100            9.43496                             1.00281                                           0.04983                                      91193.17360                                        9.95536e+05                                    69717.94737               
Simulation.timestep  Simulation.tps  md.compute.ThermodynamicQuantities.kinetic_temperature md.compute.ThermodynamicQuantities.pressure md.compute.ThermodynamicQuantities.kinetic_energy md.compute.ThermodynamicQuantities.potential_energy md.compute.ThermodynamicQuantities.volume
      966100            8.02686                             1.00283                                          -0.00790                                      91194.46475                                        9.94141e+05                                    69744.73974               
      967100            9.14612                             0.99254                                           0.01679                                      90259.05267                                        9.93807e+05                                    69651.08939               
      968100            9.37147                             0.99456                                          -0.00451                                      90442.66707                                        9.93292e+05                                    69616.16576               
      969100            9.36800                             0.98867                                           0.03793                                      89906.74198                                        9.93690e+05                                    69618.49372               
      970100            9.37334                             0.98905                                          -0.04189                                      89941.64553                                        9.93334e+05                                    69590.88231               
      971100            9.32371                             0.99390                                           0.03609                                      90382.63908                                        9.93818e+05                                    69526.25332               
      972100            9.34653                             0.99530                                          -0.15764                                      90509.84235                                        9.93472e+05                                    69645.33440               
      973100            9.35992                             0.99260                                           0.05728                                      90264.11101                                        9.93939e+05                                    69512.14653               
      974100            9.61077                             0.99277                                           0.00261                                      90280.43571                                        9.92961e+05                                    69378.14442               
      975100            9.40898                             1.00483                                          -0.03533                                      91377.15947                                        9.94087e+05                                    69680.09550               
      976100            9.40725                             0.99593                                          -0.01512                                      90567.54321                                        9.93476e+05                                    69553.92204               
      977100            9.58631                             0.99193                                           0.08527                                      90203.60248                                        9.93899e+05                                    69503.23491               
      978100            9.35376                             1.00236                                          -0.04419                                      91152.31841                                        9.94662e+05                                    69777.46436               
      979100            9.37596                             0.99120                                          -0.00107                                      90137.51849                                        9.93079e+05                                    69422.01170               
      980100            9.34068                             0.98863                                          -0.03664                                      89903.51764                                        9.92822e+05                                    69574.97745               
      981100            9.41696                             1.00143                                           0.01456                                      91067.37911                                        9.93878e+05                                    69594.80724               
      982100            9.38446                             0.99940                                          -0.04595                                      90882.84588                                        9.95225e+05                                    69750.46356               
      983100            9.40156                             0.99358                                          -0.00788                                      90354.02398                                        9.94009e+05                                    69667.14094               
      984100            9.38749                             0.99712                                           0.04358                                      90675.16726                                        9.94137e+05                                    69502.18907               
      985100            9.40583                             0.99919                                           0.04135                                      90863.96561                                        9.95185e+05                                    69706.14934               
      986100            9.40069                             0.99328                                          -0.04143                                      90326.44465                                        9.95111e+05                                    69726.50442               
      987100            9.38779                             0.98101                                          -0.01907                                      89210.19732                                        9.93832e+05                                    69604.46402               
      988100            9.33759                             0.99381                                          -0.08053                                      90374.94471                                        9.94187e+05                                    69633.33195               
      989100            9.59120                             0.99186                                          -0.10264                                      90197.48809                                        9.95246e+05                                    69718.96199               
      990100            9.38145                             0.98925                                          -0.00877                                      89959.91253                                        9.93847e+05                                    69657.56196               
      991100            9.63096                             0.99903                                           0.00466                                      90849.27999                                        9.94826e+05                                    69630.25101               
      992100            9.33688                             0.99853                                           0.09608                                      90803.79723                                        9.94829e+05                                    69434.90534               
      993100            9.58444                             0.99740                                           0.01532                                      90700.86094                                        9.95110e+05                                    69617.42207               
      994100            9.36518                             0.98415                                           0.01233                                      89495.97607                                        9.94128e+05                                    69550.41713               
      995100            9.40893                             0.98818                                          -0.01031                                      89862.82350                                        9.95529e+05                                    69863.49854               
      996100            9.38843                             0.99257                                           0.01474                                      90261.65286                                        9.94472e+05                                    69552.66396               
      997100            9.35178                             0.98944                                           0.03750                                      89977.02815                                        9.94800e+05                                    69548.03666               
      998100            9.30185                             0.98842                                           0.02134                                      89884.44892                                        9.93507e+05                                    69258.69284               
      999100            9.55505                             0.99689                                           0.09902                                      90654.67625                                        9.94248e+05                                    69398.30267               
      1000100           9.33020                             1.00030                                          -0.09936                                      90964.60997                                        9.96083e+05                                    69662.29014               
      1001100           9.37525                             0.99321                                           0.01446                                      90319.86179                                        9.94574e+05                                    69522.97365               
      1002100           9.37752                             0.99366                                           0.00401                                      90360.76084                                        9.95229e+05                                    69514.04519               
      1003100           9.39464                             0.99600                                          -0.04145                                      90573.80884                                        9.95458e+05                                    69627.71968               
      1004100           9.56285                             0.99602                                          -0.01889                                      90575.41005                                        9.95853e+05                                    69565.30875               
      1005100           9.39175                             0.99043                                           0.03320                                      90066.80829                                        9.93873e+05                                    69456.18094               
      1006100           9.35816                             0.99232                                          -0.02759                                      90239.28872                                        9.95393e+05                                    69603.03141               
      1007100           9.35813                             0.99198                                           0.03640                                      90208.54459                                        9.95988e+05                                    69648.27951               
      1008100           9.34309                             0.99431                                          -0.01479                                      90420.02619                                        9.96075e+05                                    69613.33774               
      1009100           9.38032                             0.99337                                          -0.02024                                      90334.14831                                        9.96099e+05                                    69647.98267               
      1010100           9.35686                             0.99553                                           0.00253                                      90530.61973                                        9.95131e+05                                    69487.24628               
      1011100           9.60063                             0.99904                                           0.01753                                      90850.55160                                        9.95498e+05                                    69435.83741               
      1012100           9.62280                             0.99158                                          -0.00470                                      90171.71929                                        9.96294e+05                                    69700.80734               
      1013100           9.63129                             0.99508                                          -0.00370                                      90489.65093                                        9.96313e+05                                    69549.76082               
      1014100           9.61592                             0.99344                                           0.04927                                      90340.58911                                        9.95238e+05                                    69451.61273               
      1015100           9.34521                             0.99635                                           0.01644                                      90605.83364                                        9.95443e+05                                    69476.23408               
      1016100           9.56686                             0.99340                                          -0.05692                                      90337.64728                                        9.94969e+05                                    69561.67872               
      1017100           9.32392                             0.99303                                           0.02723                                      90303.74501                                        9.94534e+05                                    69391.74003               
      1018100           9.33394                             0.98497                                          -0.06359                                      89570.27324                                        9.94950e+05                                    69502.12289               
      1019100           9.40560                             0.99545                                          -0.06674                                      90523.50983                                        9.96801e+05                                    69672.03700               
      1020100           9.39301                             1.00346                                           0.09591                                      91252.56322                                        9.96294e+05                                    69514.09791               
      1021100           9.36626                             1.00022                                           0.03557                                      90957.92930                                        9.96092e+05                                    69540.10525               
      1022100           9.32137                             0.99080                                           0.02857                                      90100.83629                                        9.94744e+05                                    69364.57480               
      1023100           9.60590                             0.99940                                           0.01620                                      90882.79476                                        9.95443e+05                                    69408.85441               
      1024100           9.58973                             0.99185                                           0.04598                                      90196.14181                                        9.95398e+05                                    69415.94877               
      1025100           9.39741                             0.99195                                          -0.00796                                      90205.75126                                        9.95603e+05                                    69564.35717               
      1026100           9.39873                             0.99169                                          -0.08251                                      90181.87157                                        9.95899e+05                                    69660.63065               
      1027100           9.39089                             0.99458                                           0.04176                                      90444.80035                                        9.96362e+05                                    69490.68361               
      1028100           9.34601                             0.99147                                          -0.00756                                      90162.02437                                        9.95516e+05                                    69387.52367               
      1029100           9.40854                             0.99323                                          -0.01802                                      90321.61104                                        9.97197e+05                                    69628.58881               
      1030100           9.60824                             0.99822                                          -0.02557                                      90775.18685                                        9.96032e+05                                    69507.80163               
      1031100           9.36239                             0.98392                                           0.01229                                      89475.24282                                        9.95958e+05                                    69516.91932               
      1032100           9.35853                             0.99452                                           0.00085                                      90439.01298                                        9.96801e+05                                    69548.18670               
      1033100           9.54672                             0.98841                                          -0.03615                                      89883.28859                                        9.97069e+05                                    69509.51340               
      1034100           9.37627                             1.00231                                           0.03957                                      91147.34647                                        9.96269e+05                                    69436.79589               
      1035100           9.36300                             0.99320                                          -0.02503                                      90319.53236                                        9.96742e+05                                    69451.48264               
      1036100           9.37412                             0.99242                                           0.00235                                      90248.46715                                        9.97201e+05                                    69550.02968               
      1037100           9.60238                             0.99336                                           0.00071                                      90333.72738                                        9.96728e+05                                    69592.01618               
      1038100           9.32768                             0.98340                                          -0.00183                                      89427.78313                                        9.96624e+05                                    69489.23366               
      1039100           9.59119                             0.99257                                          -0.04061                                      90261.86678                                        9.96913e+05                                    69520.75925               
      1040100           9.39881                             0.98940                                          -0.02532                                      89973.74270                                        9.96515e+05                                    69471.49301               
      1041100           9.35058                             0.98967                                          -0.05870                                      89997.93662                                        9.96786e+05                                    69518.31953               
      1042100           9.57482                             0.98424                                          -0.02050                                      89504.04820                                        9.96497e+05                                    69474.34337               
      1043100           9.34124                             0.99284                                           0.04425                                      90286.12846                                        9.96197e+05                                    69348.70208               
      1044100           9.37889                             0.99244                                           0.00774                                      90250.25670                                        9.96085e+05                                    69406.99349               
      1045100           9.35380                             1.00932                                           0.11198                                      91784.86926                                        9.97897e+05                                    69400.48712               
      1046100           9.32673                             0.98403                                           0.05549                                      89485.60958                                        9.96844e+05                                    69351.57270               
      1047100           9.37724                             0.99216                                           0.06564                                      90224.24189                                        9.97038e+05                                    69493.05794               
      1048100           9.58200                             0.99967                                           0.00902                                      90907.12166                                        9.98516e+05                                    69698.17181               
      1049100           9.38428                             1.00143                                          -0.04087                                      91067.83583                                        9.97709e+05                                    69535.03043               
      1050100           9.57750                             0.99804                                           0.03657                                      90759.31734                                        9.98264e+05                                    69498.51429               
      1051100           9.35047                             0.99199                                           0.01969                                      90209.21362                                        9.97180e+05                                    69492.31030               
      1052100           9.37484                             0.99651                                          -0.00524                                      90619.78323                                        9.98187e+05                                    69632.17233               
      1053100           9.39271                             0.99515                                          -0.03973                                      90496.67292                                        9.98585e+05                                    69643.82275               
      1054100           9.34945                             0.99519                                           0.05471                                      90499.81161                                        9.97825e+05                                    69562.31904               
      1055100           9.31980                             0.99334                                           0.04110                                      90332.28274                                        9.97985e+05                                    69567.74513               
      1056100           9.39185                             0.99534                                          -0.05939                                      90513.92569                                        9.98264e+05                                    69631.12339               
      1057100           9.36861                             0.99274                                           0.02536                                      90276.91843                                        9.98444e+05                                    69510.77063               
      1058100           9.32694                             0.99205                                           0.06949                                      90214.30519                                        9.96833e+05                                    69355.76802               
      1059100           9.36851                             0.99187                                          -0.06176                                      90198.25485                                        9.97529e+05                                    69555.63466               
      1060100           9.39324                             0.99536                                           0.00234                                      90515.34763                                        9.97407e+05                                    69579.16341               
      1061100           9.34903                             1.00410                                           0.08003                                      91310.33460                                        9.99078e+05                                    69476.68596               
      1062100           9.36497                             0.99695                                          -0.01761                                      90660.54981                                        9.98754e+05                                    69539.56727               
      1063100           9.38449                             0.99522                                           0.01986                                      90503.07517                                        9.98473e+05                                    69424.95309               
      1064100           9.55127                             1.00883                                           0.04820                                      91740.08094                                        9.98212e+05                                    69457.98839               
      1065100           9.38214                             0.99625                                          -0.01740                                      90596.21183                                        9.97949e+05                                    69498.62390               
      1066100           9.60938                             0.98670                                          -0.01175                                      89728.14480                                        9.97695e+05                                    69512.47718               
      1067100           9.38348                             0.99655                                           0.05084                                      90623.66144                                        9.97437e+05                                    69418.87111               
      1068100           9.56322                             1.00534                                           0.07195                                      91423.47725                                        9.98546e+05                                    69467.47734               
      1069100           9.37245                             1.00021                                           0.04273                                      90956.25991                                        9.99401e+05                                    69529.87563               
      1070100           9.33747                             0.99685                                          -0.01941                                      90651.48267                                        9.98500e+05                                    69488.27820               
      1071100           9.40169                             0.99297                                          -0.00061                                      90298.38454                                        9.98646e+05                                    69542.02214               
      1072100           9.36088                             0.99890                                          -0.01262                                      90837.40045                                        9.99029e+05                                    69578.68630               
      1073100           9.34905                             0.99492                                          -0.02034                                      90475.55665                                        9.98551e+05                                    69604.42831               
      1074100           9.33641                             0.99489                                          -0.01082                                      90472.65358                                        9.98533e+05                                    69504.12004               
      1075100           9.58797                             0.99599                                          -0.09394                                      90572.93916                                        9.99008e+05                                    69639.93780               
      1076100           9.36106                             0.98960                                          -0.04468                                      89992.12882                                        9.98333e+05                                    69570.62459               
      1077100           9.33658                             0.98630                                           0.00678                                      89691.22598                                        9.97643e+05                                    69468.11181               
      1078100           9.34047                             0.99985                                           0.04098                                      90923.47819                                        9.98575e+05                                    69468.17769               
      1079100           9.39000                             0.99226                                           0.00907                                      90234.07266                                        9.98715e+05                                    69487.49010               
      1080100           9.35191                             0.98935                                          -0.02407                                      89969.31522                                        9.98455e+05                                    69488.31001               
      1081100           9.36302                             0.99338                                           0.02647                                      90335.80410                                        9.98073e+05                                    69451.92720               
      1082100           9.36455                             0.99419                                          -0.05274                                      90409.46244                                        9.98622e+05                                    69474.99203               
      1083100           9.58646                             0.99552                                           0.04787                                      90530.02103                                        9.98711e+05                                    69431.63228               
      1084100           9.32435                             0.99755                                           0.01867                                      90714.91800                                        9.98460e+05                                    69401.22221               
      1085100           9.35083                             0.99244                                           0.00722                                      90250.29921                                        9.98039e+05                                    69426.72430               
      1086100           9.35245                             0.98786                                          -0.09288                                      89833.22048                                        9.99362e+05                                    69613.30317               
      1087100           9.32851                             0.99284                                           0.04798                                      90286.49961                                        9.99556e+05                                    69543.16989               
      1088100           9.34887                             0.99319                                          -0.00940                                      90318.64993                                        9.99457e+05                                    69587.19052               
      1089100           9.36379                             0.99064                                           0.05971                                      90086.49904                                        9.99428e+05                                    69502.24828               
      1090100           9.36969                             0.98553                                          -0.07129                                      89621.41676                                        9.99070e+05                                    69556.63722               
      1091100           9.36887                             0.99627                                           0.03521                                      90598.36972                                        9.98690e+05                                    69329.14244               
      1092100           9.35572                             0.99423                                           0.05583                                      90412.38696                                        9.98976e+05                                    69341.34715               
      1093100           9.36580                             0.99883                                          -0.01476                                      90830.73818                                        1.00060e+06                                    69610.39308               
      1094100           9.38859                             0.99026                                           0.08141                                      90051.87546                                        9.99623e+05                                    69534.31902               
      1095100           9.57164                             0.99094                                          -0.07230                                      90113.44369                                        9.99189e+05                                    69501.74992               
      1096100           9.35524                             0.99520                                          -0.03537                                      90501.31162                                        9.98992e+05                                    69506.79640               
      1097100           9.29499                             0.99953                                           0.00506                                      90894.87810                                        9.99742e+05                                    69469.19620               
      1098100           9.35878                             0.99595                                           0.10360                                      90569.21109                                        9.99981e+05                                    69368.89741               
      1099100           9.35995                             0.99497                                           0.07725                                      90480.03269                                        9.99212e+05                                    69323.42582               
      1100100           9.35151                             1.00171                                           0.03210                                      91092.73440                                        1.00009e+06                                    69515.59754               
      1101100           9.34713                             0.99647                                          -0.03428                                      90616.65710                                        9.99219e+05                                    69473.96506               
      1102100           9.36486                             0.99539                                           0.03805                                      90518.28751                                        9.99618e+05                                    69427.63982               
      1103100           9.37870                             1.00336                                           0.05861                                      91243.43651                                        9.99984e+05                                    69336.96750               
      1104100           9.35056                             0.98786                                           0.05491                                      89833.31866                                        9.98759e+05                                    69280.73875               
      1105100           9.56130                             0.99882                                           0.08699                                      90830.39255                                        9.99049e+05                                    69248.55645               
      1106100           9.32637                             0.98977                                           0.00494                                      90007.19331                                        9.99794e+05                                    69465.79569               
      1107100           9.35889                             0.99409                                          -0.03818                                      90400.09239                                        9.99721e+05                                    69611.02995               
      1108100           9.36782                             0.98834                                           0.03522                                      89876.86560                                        9.99774e+05                                    69438.44773               
      1109100           9.33623                             0.99871                                          -0.01396                                      90820.07464                                        1.00022e+06                                    69486.98337               
      1110100           9.39167                             0.99027                                           0.06074                                      90052.42382                                        9.99902e+05                                    69447.67741               
      1111100           9.31830                             0.99642                                          -0.08491                                      90611.99669                                        9.99699e+05                                    69625.85521               
      1112100           9.34221                             0.99007                                           0.00674                                      90034.42046                                        1.00029e+06                                    69611.07483               
      1113100           9.55667                             0.99256                                           0.07087                                      90261.10729                                        9.99907e+05                                    69341.28926               
      1114100           9.38564                             1.00583                                           0.02111                                      91467.62579                                        1.00073e+06                                    69504.75905               
      1115100           9.34864                             0.99977                                           0.06619                                      90916.28823                                        9.99744e+05                                    69355.84085               
      1116100           9.36056                             0.99538                                           0.04313                                      90517.13644                                        1.00050e+06                                    69492.14630               
      1117100           9.38624                             0.99690                                          -0.07349                                      90655.19323                                        1.00062e+06                                    69651.35299               
      1118100           9.36177                             0.98997                                          -0.04368                                      90025.41577                                        1.00081e+06                                    69510.25560               
      1119100           9.33434                             0.99240                                          -0.01237                                      90246.81318                                        1.00051e+06                                    69508.55513               
      1120100           9.36121                             0.98765                                          -0.09886                                      89814.64420                                        1.00122e+06                                    69669.50106               
      1121100           9.58590                             0.99382                                           0.00611                                      90375.84037                                        1.00076e+06                                    69528.12729               
      1122100           9.32289                             0.99625                                          -0.03955                                      90596.46855                                        1.00106e+06                                    69555.46748               
      1123100           9.38482                             0.99384                                          -0.02395                                      90377.68219                                        1.00146e+06                                    69606.61281               
      1124100           9.33712                             0.98757                                           0.05151                                      89807.03423                                        1.00045e+06                                    69389.85773               
      1125100           9.35627                             0.98818                                           0.02307                                      89862.71889                                        1.00102e+06                                    69475.93277               
      1126100           9.35195                             0.99307                                          -0.00740                                      90307.24979                                        1.00059e+06                                    69427.91967               
      1127100           9.36260                             0.99549                                           0.04317                                      90527.44829                                        1.00098e+06                                    69538.23846               
      1128100           9.36731                             0.99645                                          -0.05334                                      90614.83799                                        1.00076e+06                                    69556.65702               
      1129100           9.28462                             0.99345                                          -0.07104                                      90341.84988                                        1.00115e+06                                    69517.21132               
      1130100           9.56218                             0.99790                                          -0.01518                                      90746.29569                                        1.00143e+06                                    69558.71867               
      1131100           9.36491                             0.99141                                          -0.10771                                      90156.26848                                        1.00150e+06                                    69691.45909               
      1132100           9.56484                             0.99585                                          -0.00863                                      90560.48128                                        1.00070e+06                                    69480.20330               
      1133100           9.34392                             0.99115                                          -0.01356                                      90132.70289                                        1.00053e+06                                    69463.15795               
      1134100           9.57939                             0.99509                                           0.00951                                      90490.76914                                        1.00155e+06                                    69545.01080               
      1135100           9.34813                             0.99349                                          -0.09216                                      90345.54459                                        1.00147e+06                                    69623.44023               
      1136100           9.33724                             0.98677                                          -0.06685                                      89734.68945                                        1.00051e+06                                    69522.94535               
      1137100           9.59021                             0.99045                                          -0.05196                                      90068.93943                                        1.00100e+06                                    69533.37261               
      1138100           9.37487                             0.98935                                          -0.05004                                      89968.62058                                        1.00141e+06                                    69608.61924               
      1139100           9.34245                             1.00329                                           0.09997                                      91236.82676                                        1.00189e+06                                    69302.95015               
      1140100           9.31588                             1.00577                                           0.05477                                      91461.92674                                        1.00021e+06                                    69251.95283               
      1141100           9.37306                             0.99208                                          -0.01399                                      90216.85403                                        1.00185e+06                                    69475.19903               
      1142100           9.31675                             0.99608                                           0.06795                                      90580.61543                                        1.00141e+06                                    69334.00876               
      1143100           9.33437                             0.99232                                           0.04865                                      90239.39852                                        1.00155e+06                                    69377.86670               
      1144100           9.53565                             1.00320                                           0.11926                                      91228.76398                                        1.00157e+06                                    69436.59694               
      1145100           9.35585                             0.99291                                           0.05848                                      90293.06031                                        1.00161e+06                                    69464.12669               
      1146100           9.34185                             0.98740                                          -0.08296                                      89791.41614                                        1.00124e+06                                    69494.77451               
      1147100           9.34681                             0.99801                                          -0.10599                                      90756.77242                                        1.00324e+06                                    69825.13442               
      1148100           9.26716                             0.99732                                          -0.02098                                      90693.67029                                        1.00170e+06                                    69471.34763               
      1149100           9.33482                             1.00196                                          -0.04132                                      91115.78632                                        1.00258e+06                                    69621.02098               
      1150100           9.36691                             0.99645                                          -0.01027                                      90614.43459                                        1.00206e+06                                    69501.84991               
      1151100           9.34896                             0.99517                                           0.06967                                      90498.01409                                        1.00133e+06                                    69290.37528               
      1152100           9.57123                             0.99016                                          -0.00872                                      90042.92511                                        1.00115e+06                                    69349.04600               
      1153100           9.36772                             0.99301                                          -0.15466                                      90301.45291                                        1.00177e+06                                    69530.59799               
      1154100           9.34209                             0.98884                                          -0.09510                                      89922.73044                                        1.00116e+06                                    69497.10230               
      1155100           9.58302                             0.99118                                          -0.04009                                      90135.25164                                        1.00225e+06                                    69526.48113               
      1156100           9.35650                             0.99418                                          -0.01497                                      90408.63110                                        1.00223e+06                                    69487.50110               
      1157100           9.31321                             0.99207                                          -0.00263                                      90216.50916                                        1.00238e+06                                    69439.26101               
      1158100           9.35101                             0.99532                                          -0.00568                                      90511.70601                                        1.00270e+06                                    69565.09006               
      1159100           9.57542                             0.99410                                          -0.06585                                      90400.62727                                        1.00237e+06                                    69515.98678               
      1160100           9.32747                             0.99549                                           0.09494                                      90527.14678                                        1.00126e+06                                    69267.65765               
      1161100           9.30910                             0.98853                                          -0.06107                                      89894.75470                                        1.00121e+06                                    69317.24353               
      1162100           9.55169                             0.99084                                          -0.12185                                      90104.14016                                        1.00135e+06                                    69481.13114               
      1163100           9.29023                             0.98703                                          -0.01115                                      89758.28410                                        1.00145e+06                                    69333.06231               
      1164100           9.35842                             0.99604                                          -0.00988                                      90577.17830                                        1.00154e+06                                    69297.24893               
      1165100           9.63560                             0.99121                                          -0.07432                                      90137.92598                                        1.00272e+06                                    69574.80819               
      1166100           9.37282                             0.98775                                          -0.04142                                      89823.14722                                        1.00250e+06                                    69564.62246               
      1167100           9.59660                             0.98889                                          -0.01545                                      89927.51890                                        1.00215e+06                                    69363.68125               
      1168100           9.36094                             0.98830                                           0.06463                                      89873.22756                                        1.00170e+06                                    69254.32606               
      1169100           9.28803                             0.99526                                          -0.00018                                      90506.84110                                        1.00170e+06                                    69143.46785               
      1170100           9.57095                             1.00025                                           0.05798                                      90960.58551                                        1.00142e+06                                    69136.33875               
      1171100           9.32967                             0.99787                                           0.06427                                      90743.73885                                        1.00192e+06                                    69214.63310               
      1172100           9.32796                             0.99872                                           0.04758                                      90821.17852                                        1.00276e+06                                    69317.37463               
      1173100           9.57209                             0.99453                                          -0.08798                                      90440.35905                                        1.00301e+06                                    69573.01856               
      1174100           9.38516                             0.99153                                           0.01737                                      90167.18208                                        1.00296e+06                                    69532.41141               
      1175100           9.35828                             0.99260                                          -0.02526                                      90264.23104                                        1.00224e+06                                    69446.54250               
      1176100           9.58070                             0.99319                                          -0.01672                                      90318.02301                                        1.00229e+06                                    69389.37939               
      1177100           9.56671                             0.99978                                          -0.01132                                      90917.73987                                        1.00293e+06                                    69411.56958               
      1178100           9.34436                             0.99100                                           0.07801                                      90118.65130                                        1.00293e+06                                    69391.60987               
      1179100           9.36815                             0.99146                                          -0.03914                                      90161.01696                                        1.00351e+06                                    69579.11855               
      1180100           9.35186                             0.99484                                           0.03247                                      90467.94856                                        1.00376e+06                                    69416.67874               
      1181100           9.33740                             0.98717                                          -0.04000                                      89770.75911                                        1.00293e+06                                    69445.34885               
      1182100           9.36645                             1.00347                                           0.07064                                      91253.21754                                        1.00384e+06                                    69495.83153               
      1183100           9.34235                             0.99665                                           0.05953                                      90632.58356                                        1.00400e+06                                    69499.44368               
      1184100           9.32461                             0.98773                                           0.05742                                      89821.45100                                        1.00225e+06                                    69290.07058               
      1185100           9.34326                             0.99445                                           0.04082                                      90432.39077                                        1.00353e+06                                    69410.41656               
      1186100           9.36329                             0.99103                                           0.01903                                      90121.52839                                        1.00349e+06                                    69514.61873               
      1187100           9.60025                             0.98820                                          -0.03105                                      89864.09162                                        1.00362e+06                                    69451.05162               
      1188100           9.58403                             0.98932                                          -0.03976                                      89966.67623                                        1.00364e+06                                    69433.36850               
      1189100           9.37759                             0.99370                                           0.02388                                      90364.62472                                        1.00462e+06                                    69512.31225               
      1190100           9.34276                             0.99478                                           0.05681                                      90462.99805                                        1.00389e+06                                    69452.57430               
      1191100           9.58775                             0.98603                                          -0.00651                                      89667.48010                                        1.00410e+06                                    69500.90547               
      1192100           9.56272                             0.99408                                           0.00229                                      90398.91305                                        1.00487e+06                                    69731.40874               
      1193100           9.34854                             1.00056                                          -0.02222                                      90988.62353                                        1.00400e+06                                    69500.73765               
      1194100           9.35889                             0.99556                                          -0.01620                                      90533.41533                                        1.00418e+06                                    69441.76298               
      1195100           9.31847                             0.99624                                           0.04394                                      90595.50754                                        1.00410e+06                                    69512.30905               
      1196100           9.32152                             0.99261                                           0.03682                                      90265.75930                                        1.00395e+06                                    69426.87484               
      1197100           9.57694                             0.98821                                          -0.03585                                      89864.93751                                        1.00315e+06                                    69392.74288               
      1198100           9.55062                             0.98981                                           0.03977                                      90010.91624                                        1.00304e+06                                    69301.20786               
      1199100           9.37685                             0.99094                                          -0.08670                                      90113.78477                                        1.00429e+06                                    69598.39004               
      1200100           9.34809                             0.99629                                          -0.02798                                      90599.99577                                        1.00381e+06                                    69392.73566               
      1201100           9.34596                             0.99866                                           0.10195                                      90816.04396                                        1.00455e+06                                    69347.13359               
      1202100           9.58313                             0.99553                                           0.09683                                      90531.13523                                        1.00474e+06                                    69363.47757               
      1203100           9.33523                             0.99856                                           0.07236                                      90806.17565                                        1.00394e+06                                    69266.61575               
      1204100           9.34343                             0.99860                                           0.08305                                      90809.88856                                        1.00499e+06                                    69354.25778               
      1205100           9.35588                             0.98849                                           0.15760                                      89890.74168                                        1.00378e+06                                    69244.32224               
      1206100           9.31329                             0.99872                                           0.01021                                      90821.22832                                        1.00510e+06                                    69552.01554               
      1207100           9.35272                             1.00296                                          -0.02591                                      91207.12241                                        1.00527e+06                                    69567.41268               
      1208100           9.61910                             0.99074                                           0.02431                                      90095.86840                                        1.00460e+06                                    69476.96499               
      1209100           9.34972                             0.99091                                          -0.08982                                      90110.49625                                        1.00499e+06                                    69633.41646               
      1210100           9.36929                             0.99198                                          -0.04213                                      90208.15854                                        1.00499e+06                                    69512.86710               
      1211100           9.31568                             0.99368                                           0.06013                                      90362.85221                                        1.00433e+06                                    69363.60642               
      1212100           9.36491                             0.99752                                          -0.01918                                      90712.32372                                        1.00487e+06                                    69465.58921               
      1213100           9.31853                             0.99274                                           0.02534                                      90277.23344                                        1.00454e+06                                    69476.87876               
      1214100           9.35912                             0.99712                                           0.05055                                      90675.18122                                        1.00482e+06                                    69477.18564               
      1215100           9.34766                             0.99924                                           0.03080                                      90868.68789                                        1.00519e+06                                    69465.05997               
      1216100           9.33768                             0.98482                                          -0.02386                                      89557.02533                                        1.00491e+06                                    69525.45921               
      1217100           9.33816                             1.00175                                           0.01518                                      91096.61198                                        1.00565e+06                                    69527.58899               
      1218100           9.55534                             0.99235                                          -0.02182                                      90241.72315                                        1.00518e+06                                    69509.16058               
      1219100           9.37734                             0.99706                                          -0.04916                                      90670.31263                                        1.00553e+06                                    69575.98696               
      1220100           9.33770                             0.99318                                          -0.05999                                      90317.22095                                        1.00614e+06                                    69594.76101               
      1221100           9.37361                             0.99415                                          -0.04183                                      90405.10197                                        1.00526e+06                                    69586.38437               
      1222100           9.31392                             0.99055                                           0.02479                                      90078.44283                                        1.00462e+06                                    69345.93096               
      1223100           9.35490                             1.00424                                           0.00922                                      91322.94387                                        1.00544e+06                                    69447.07431               
      1224100           9.35563                             0.98826                                          -0.01443                                      89869.91874                                        1.00536e+06                                    69420.27069               
      1225100           9.57008                             0.99439                                          -0.05968                                      90427.60962                                        1.00514e+06                                    69447.55008               
      1226100           9.60473                             0.99701                                           0.04363                                      90665.52176                                        1.00541e+06                                    69460.97775               
      1227100           9.36823                             0.99048                                          -0.00656                                      90071.95002                                        1.00492e+06                                    69434.92385               
      1228100           9.53082                             0.99573                                           0.00720                                      90549.21136                                        1.00509e+06                                    69375.25987               
Simulation.timestep  Simulation.tps  md.compute.ThermodynamicQuantities.kinetic_temperature md.compute.ThermodynamicQuantities.pressure md.compute.ThermodynamicQuantities.kinetic_energy md.compute.ThermodynamicQuantities.potential_energy md.compute.ThermodynamicQuantities.volume
      1228100           8.64916                             0.99701                                          -0.03911                                      90665.84619                                        1.00550e+06                                    69433.62737               
      1229100           9.71106                             0.99507                                           0.05047                                      90488.89230                                        1.00423e+06                                    69285.31145               
      1230100           9.74501                             0.98745                                          -0.03110                                      89796.40872                                        1.00515e+06                                    69439.88430               
      1231100           9.73500                             0.99618                                           0.00326                                      90589.69445                                        1.00552e+06                                    69560.16780               
      1232100           9.75800                             0.98926                                          -0.03174                                      89960.96657                                        1.00586e+06                                    69645.90165               
      1233100           9.75774                             0.98540                                           0.04150                                      89609.61320                                        1.00563e+06                                    69586.96094               
      1234100           9.74169                             0.99205                                          -0.01186                                      90214.11040                                        1.00561e+06                                    69460.92771               
      1235100           9.77548                             0.99318                                          -0.04765                                      90317.50075                                        1.00650e+06                                    69679.54470               
      1236100           9.72805                             0.99348                                           0.02176                                      90344.94197                                        1.00508e+06                                    69395.56668               
      1237100           9.76626                             0.99609                                          -0.08802                                      90581.95773                                        1.00650e+06                                    69698.15819               
      1238100           9.74517                             0.99479                                           0.08363                                      90463.95785                                        1.00552e+06                                    69335.86390               
      1239100           9.98615                             0.99618                                           0.03606                                      90590.19114                                        1.00497e+06                                    69305.15073               
      1240100           9.74260                             0.99755                                           0.00267                                      90714.90129                                        1.00532e+06                                    69463.62655               
      1241100           9.71196                             0.98970                                           0.01764                                      90001.08040                                        1.00558e+06                                    69350.66114               
      1242100           10.00035                            0.99624                                           0.00044                                      90595.83355                                        1.00529e+06                                    69419.00887               
      1243100           9.98123                             0.99418                                           0.05659                                      90407.97256                                        1.00494e+06                                    69271.17598               
      1244100           9.99713                             0.98744                                          -0.05437                                      89795.74397                                        1.00611e+06                                    69537.26425               
      1245100           9.71726                             0.99350                                          -0.05587                                      90346.09354                                        1.00614e+06                                    69500.78454               
      1246100           9.73353                             1.00026                                           0.08703                                      90961.13082                                        1.00515e+06                                    69236.54819               
      1247100           9.97643                             1.00151                                           0.05136                                      91074.59649                                        1.00515e+06                                    69204.85150               
      1248100           9.74393                             0.99005                                          -0.01097                                      90033.04387                                        1.00528e+06                                    69461.84591               
      1249100           9.78699                             0.99181                                          -0.04288                                      90192.35703                                        1.00650e+06                                    69517.49495               
      1250100           9.77270                             0.99364                                           0.02142                                      90358.71201                                        1.00517e+06                                    69360.12784               
      1251100           9.76941                             0.98842                                           0.01509                                      89884.47775                                        1.00600e+06                                    69446.73325               
      1252100           9.77272                             1.00193                                          -0.00179                                      91113.13671                                        1.00543e+06                                    69380.77846               
      1253100           9.77780                             0.99381                                           0.00484                                      90374.39375                                        1.00652e+06                                    69437.79487               
      1254100           9.76140                             0.99391                                          -0.02517                                      90383.40586                                        1.00533e+06                                    69386.73639               
      1255100           9.77223                             0.99368                                           0.02917                                      90362.90221                                        1.00565e+06                                    69426.13476               
      1256100           9.77127                             0.99326                                          -0.06173                                      90324.27093                                        1.00631e+06                                    69613.91765               
      1257100           9.75694                             0.99060                                           0.00435                                      90082.65595                                        1.00591e+06                                    69453.59837               
      1258100           9.97003                             0.99061                                          -0.04498                                      90083.60190                                        1.00556e+06                                    69448.43703               
      1259100           9.74608                             0.99465                                          -0.00937                                      90451.29201                                        1.00623e+06                                    69543.17136               
      1260100           9.73170                             1.00241                                           0.00533                                      91156.79079                                        1.00720e+06                                    69551.96604               
      1261100           9.73898                             0.98991                                           0.03088                                      90020.33280                                        1.00596e+06                                    69363.23952               
      1262100           9.75476                             0.99277                                          -0.07020                                      90280.00461                                        1.00602e+06                                    69449.20496               
      1263100           9.96102                             0.99585                                           0.09558                                      90560.50873                                        1.00595e+06                                    69252.32910               
      1264100           9.72187                             0.98333                                          -0.06670                                      89421.14650                                        1.00614e+06                                    69435.92704               
      1265100           9.72453                             0.99733                                          -0.03882                                      90695.13630                                        1.00698e+06                                    69537.66912               
      1266100           9.72504                             0.98999                                           0.09691                                      90026.95423                                        1.00515e+06                                    69184.93142               
      1267100           9.74083                             0.99928                                           0.01938                                      90871.84486                                        1.00632e+06                                    69312.08552               
      1268100           9.75156                             0.98950                                           0.06233                                      89982.45585                                        1.00578e+06                                    69328.40414               
      1269100           9.76048                             0.99592                                           0.03470                                      90566.16356                                        1.00599e+06                                    69360.06459               
      1270100           9.76838                             0.99004                                          -0.02103                                      90031.83535                                        1.00575e+06                                    69300.96139               
      1271100           9.78927                             0.99322                                          -0.08234                                      90320.88227                                        1.00707e+06                                    69647.82104               
      1272100           10.02276                            0.99511                                           0.00422                                      90492.99494                                        1.00602e+06                                    69366.62536               
      1273100           9.75949                             0.99690                                           0.02120                                      90655.67044                                        1.00559e+06                                    69268.27669               
      1274100           10.02182                            1.00685                                           0.05148                                      91560.09075                                        1.00764e+06                                    69446.71017               
      1275100           9.74642                             0.99409                                           0.09073                                      90399.84239                                        1.00623e+06                                    69357.93662               
      1276100           9.74481                             0.98417                                          -0.01686                                      89498.26262                                        1.00640e+06                                    69469.22405               
      1277100           9.77530                             0.99340                                          -0.06499                                      90337.48417                                        1.00751e+06                                    69653.23918               
      1278100           9.82653                             0.98829                                          -0.06774                                      89872.44456                                        1.00650e+06                                    69469.79599               
      1279100           9.75485                             0.98767                                           0.03957                                      89816.26691                                        1.00602e+06                                    69424.36804               
      1280100           10.00608                            0.99983                                          -0.06238                                      90922.28555                                        1.00771e+06                                    69608.49349               
      1281100           9.75813                             0.99666                                           0.03768                                      90634.13193                                        1.00671e+06                                    69448.14982               
      1282100           9.72281                             0.99495                                           0.03903                                      90477.98177                                        1.00640e+06                                    69403.87332               
      1283100           9.74178                             0.98886                                          -0.01481                                      89924.46373                                        1.00622e+06                                    69360.19667               
      1284100           9.74531                             0.98570                                          -0.13574                                      89637.52114                                        1.00745e+06                                    69552.55906               
      1285100           9.98154                             1.00033                                          -0.03152                                      90967.34944                                        1.00605e+06                                    69347.25036               
      1286100           9.69340                             0.99479                                          -0.11772                                      90463.47002                                        1.00684e+06                                    69440.46218               
      1287100           9.96367                             0.98859                                          -0.06704                                      89900.08257                                        1.00670e+06                                    69519.14448               
      1288100           9.74198                             1.00197                                           0.09544                                      91116.54104                                        1.00759e+06                                    69394.90423               
      1289100           9.98719                             0.99345                                           0.05205                                      90341.42463                                        1.00675e+06                                    69325.42182               
      1290100           9.71759                             0.99697                                           0.04470                                      90661.89448                                        1.00723e+06                                    69365.41055               
      1291100           9.74234                             0.99654                                          -0.03305                                      90622.89799                                        1.00656e+06                                    69421.04174               
      1292100           9.73857                             0.99335                                           0.04989                                      90332.33260                                        1.00698e+06                                    69368.04629               
      1293100           9.74019                             0.99665                                          -0.02810                                      90633.16814                                        1.00721e+06                                    69491.49936               
      1294100           9.76288                             0.99578                                          -0.04966                                      90553.35511                                        1.00720e+06                                    69444.88973               
      1295100           9.76503                             0.98873                                          -0.05148                                      89912.82530                                        1.00760e+06                                    69562.08581               
      1296100           9.74995                             0.99695                                           0.03931                                      90659.79128                                        1.00732e+06                                    69412.20392               
      1297100           9.73274                             0.98974                                           0.03241                                      90004.38055                                        1.00696e+06                                    69324.42064               
      1298100           9.73047                             0.99076                                           0.10806                                      90096.93394                                        1.00583e+06                                    69197.39496               
      1299100           9.97983                             0.99523                                          -0.03778                                      90503.31473                                        1.00756e+06                                    69410.07535               
      1300100           9.74362                             0.98575                                           0.02308                                      89641.39885                                        1.00744e+06                                    69547.61221               
      1301100           10.00190                            0.99671                                          -0.12192                                      90638.34208                                        1.00801e+06                                    69701.23628               
      1302100           9.75329                             0.99392                                           0.04540                                      90384.76145                                        1.00712e+06                                    69466.80903               
      1303100           9.76034                             0.99827                                          -0.07695                                      90780.09682                                        1.00810e+06                                    69507.03655               
      1304100           9.74821                             0.99000                                          -0.09343                                      90028.47574                                        1.00737e+06                                    69466.98172               
      1305100           9.73095                             0.99158                                          -0.03889                                      90171.72585                                        1.00673e+06                                    69379.27446               
      1306100           9.74261                             0.99445                                          -0.08875                                      90433.13380                                        1.00731e+06                                    69491.16759               
      1307100           9.73474                             0.99203                                          -0.00031                                      90212.81263                                        1.00714e+06                                    69423.35342               
      1308100           9.74741                             0.98425                                           0.07209                                      89505.41095                                        1.00667e+06                                    69281.82090               
      1309100           9.73234                             1.00374                                           0.06201                                      91277.50382                                        1.00743e+06                                    69243.87865               
      1310100           9.74293                             0.99901                                           0.07431                                      90847.70312                                        1.00782e+06                                    69327.75954               
      1311100           9.70843                             1.00361                                           0.13148                                      91266.02487                                        1.00692e+06                                    69176.00467               
      1312100           9.73253                             0.98951                                           0.03661                                      89983.89187                                        1.00692e+06                                    69208.50998               
      1313100           9.93718                             0.99315                                           0.07746                                      90314.25153                                        1.00736e+06                                    69229.63623               
      1314100           9.75607                             0.99515                                           0.05814                                      90496.43339                                        1.00614e+06                                    69148.31029               
      1315100           9.80357                             0.99007                                           0.00221                                      90034.71155                                        1.00736e+06                                    69315.68728               
      1316100           9.80589                             0.99400                                           0.01499                                      90392.07828                                        1.00686e+06                                    69187.61848               
      1317100           9.79854                             1.00004                                           0.01425                                      90941.26692                                        1.00764e+06                                    69246.94325               
      1318100           9.81826                             0.99894                                          -0.05691                                      90841.13226                                        1.00786e+06                                    69347.15690               
      1319100           9.82152                             0.99611                                           0.03107                                      90584.14472                                        1.00721e+06                                    69204.96943               
      1320100           10.08543                            0.99128                                          -0.00983                                      90144.12792                                        1.00763e+06                                    69476.19058               
      1321100           9.82728                             0.98688                                           0.03149                                      89744.37253                                        1.00711e+06                                    69300.04572               
      1322100           10.07363                            0.99404                                           0.01066                                      90395.48860                                        1.00758e+06                                    69280.16714               
      1323100           9.82735                             0.99235                                          -0.10916                                      90241.74799                                        1.00743e+06                                    69390.63096               
      1324100           10.08352                            1.00009                                           0.07233                                      90945.23584                                        1.00820e+06                                    69287.57160               
      1325100           9.83657                             0.99472                                           0.03407                                      90457.79873                                        1.00823e+06                                    69426.79000               
      1326100           9.82639                             0.99682                                           0.00094                                      90647.92679                                        1.00895e+06                                    69562.56294               
      1327100           9.81307                             0.99850                                           0.02844                                      90801.44401                                        1.00908e+06                                    69548.37025               
      1328100           9.83180                             0.98817                                          -0.06220                                      89861.98999                                        1.00833e+06                                    69486.59221               
      1329100           9.81418                             0.99115                                          -0.03143                                      90132.86455                                        1.00815e+06                                    69484.75520               
      1330100           9.81099                             0.98207                                           0.05453                                      89307.40975                                        1.00698e+06                                    69254.22684               
      1331100           9.82489                             0.99291                                           0.00132                                      90292.50107                                        1.00803e+06                                    69380.03519               
      1332100           9.84291                             1.00117                                          -0.05472                                      91043.64854                                        1.00883e+06                                    69492.00920               
      1333100           9.79900                             0.99190                                           0.06888                                      90201.23556                                        1.00857e+06                                    69384.44408               
      1334100           10.07932                            0.99091                                          -0.01966                                      90110.94536                                        1.00745e+06                                    69332.81288               
      1335100           9.82854                             0.99834                                           0.07736                                      90786.22294                                        1.00951e+06                                    69438.23241               
      1336100           9.81491                             0.99348                                           0.04246                                      90344.16641                                        1.00831e+06                                    69315.06176               
      1337100           9.83356                             1.00013                                          -0.04319                                      90949.63308                                        1.00897e+06                                    69454.27835               
      1338100           9.82822                             0.98601                                           0.06544                                      89665.40615                                        1.00869e+06                                    69409.93600               
      1339100           9.83759                             1.00605                                           0.05846                                      91487.24568                                        1.00909e+06                                    69391.90208               
      1340100           9.88844                             0.98922                                          -0.00784                                      89957.46105                                        1.00816e+06                                    69425.09571               
      1341100           9.91788                             0.98744                                          -0.00619                                      89795.73947                                        1.00842e+06                                    69473.53676               
      1342100           9.92429                             0.98233                                          -0.04205                                      89330.52871                                        1.00797e+06                                    69427.86317               
      1343100           9.91647                             0.98616                                           0.00449                                      89678.64695                                        1.00874e+06                                    69409.35263               
      1344100           9.91104                             0.98791                                          -0.06191                                      89837.95675                                        1.00871e+06                                    69497.02172               
      1345100           10.18049                            0.98727                                          -0.15890                                      89779.57121                                        1.00864e+06                                    69525.53297               
      1346100           9.93660                             0.98527                                          -0.08184                                      89598.29867                                        1.00892e+06                                    69547.65992               
      1347100           9.91889                             0.98893                                          -0.01146                                      89930.37704                                        1.00880e+06                                    69371.39581               
      1348100           10.17480                            0.98798                                          -0.05634                                      89844.71490                                        1.00928e+06                                    69484.47630               
      1349100           10.15641                            1.00322                                          -0.01752                                      91230.51031                                        1.00932e+06                                    69424.40401               
      1350100           9.90198                             0.99297                                           0.04603                                      90298.02764                                        1.00797e+06                                    69275.68351               
      1351100           10.15471                            0.99282                                          -0.05927                                      90285.01886                                        1.00897e+06                                    69413.40631               
      1352100           9.91993                             0.99486                                          -0.03069                                      90470.22838                                        1.00890e+06                                    69415.60394               
      1353100           10.16685                            0.98367                                           0.00630                                      89452.48225                                        1.00814e+06                                    69342.48800               
      1354100           9.91690                             0.99747                                           0.06993                                      90707.21893                                        1.00862e+06                                    69290.56473               
      1355100           9.85745                             0.99419                                          -0.04078                                      90408.89983                                        1.00869e+06                                    69408.98244               
      1356100           9.81043                             0.98675                                          -0.00873                                      89732.90316                                        1.00836e+06                                    69315.74844               
      1357100           9.56826                             0.99089                                           0.01939                                      90109.03427                                        1.00798e+06                                    69302.82362               
      1358100           9.57021                             0.99178                                          -0.15064                                      90190.24889                                        1.00914e+06                                    69489.81661               
      1359100           9.80882                             0.99225                                          -0.03448                                      90232.40429                                        1.00886e+06                                    69410.29333               
      1360100           9.82189                             0.99145                                          -0.07246                                      90160.31214                                        1.00972e+06                                    69604.43032               
      1361100           9.59035                             1.00271                                          -0.03713                                      91184.28827                                        1.01041e+06                                    69565.44455               
      1362100           9.81870                             0.98706                                          -0.02252                                      89760.98396                                        1.00866e+06                                    69473.34670               
      1363100           9.71962                             0.99936                                          -0.00285                                      90878.94566                                        1.00932e+06                                    69394.81936               
      1364100           9.25763                             0.98721                                           0.01877                                      89774.15445                                        1.00935e+06                                    69454.86691               
      1365100           9.26491                             0.99205                                          -0.02178                                      90214.95846                                        1.00909e+06                                    69473.40538               
      1366100           9.28923                             0.98838                                          -0.03657                                      89880.72525                                        1.00940e+06                                    69574.79303               
      1367100           9.29797                             0.98779                                          -0.10906                                      89827.15232                                        1.00900e+06                                    69527.55170               
      1368100           9.27734                             0.99352                                          -0.04121                                      90348.00981                                        1.00909e+06                                    69404.95541               
      1369100           9.27330                             1.00003                                           0.05259                                      90940.48893                                        1.00900e+06                                    69346.75157               
      1370100           9.20194                             1.00550                                           0.03923                                      91437.76305                                        1.00914e+06                                    69306.97808               
      1371100           9.21853                             0.99697                                           0.08684                                      90661.86059                                        1.00836e+06                                    69218.75673               
      1372100           9.43970                             0.99600                                           0.02016                                      90574.12645                                        1.00970e+06                                    69533.77642               
      1373100           9.44210                             0.99038                                          -0.02273                                      90063.08691                                        1.00963e+06                                    69565.70435               
      1374100           9.42539                             0.98913                                           0.05615                                      89948.71119                                        1.00895e+06                                    69361.85830               
      1375100           9.67057                             0.98765                                          -0.13205                                      89814.73474                                        1.00956e+06                                    69576.11890               
      1376100           9.45678                             0.98781                                          -0.06534                                      89829.00824                                        1.00949e+06                                    69632.42202               
      1377100           9.64634                             0.99104                                          -0.11185                                      90122.78535                                        1.00947e+06                                    69537.28282               
      1378100           9.40959                             0.98721                                           0.04111                                      89774.66428                                        1.00940e+06                                    69353.18537               
      1379100           9.43829                             0.98766                                          -0.00130                                      89815.72509                                        1.00863e+06                                    69417.34883               
      1380100           9.44370                             0.99181                                          -0.03347                                      90193.12235                                        1.00939e+06                                    69513.71064               
      1381100           9.43640                             0.99426                                           0.08773                                      90415.18954                                        1.01017e+06                                    69386.10113               
      1382100           9.41158                             0.99864                                           0.01998                                      90813.99682                                        1.01028e+06                                    69522.21676               
      1383100           9.64722                             0.99501                                          -0.00407                                      90484.10336                                        1.00919e+06                                    69460.08221               
      1384100           9.43408                             1.00231                                          -0.00049                                      91147.81076                                        1.01022e+06                                    69445.74250               
      1385100           9.44078                             0.99534                                          -0.02738                                      90513.68978                                        1.00968e+06                                    69481.50823               
      1386100           9.56084                             0.99129                                           0.01933                                      90145.39198                                        1.00930e+06                                    69300.60711               
      1387100           9.55238                             1.00119                                           0.06351                                      91045.32921                                        1.01069e+06                                    69379.03070               
      1388100           9.56478                             0.99140                                          -0.13957                                      90155.19126                                        1.00950e+06                                    69403.50472               
      1389100           9.80480                             0.99523                                          -0.11638                                      90503.69825                                        1.00985e+06                                    69507.26908               
      1390100           9.54555                             0.98583                                           0.16762                                      89649.15840                                        1.00964e+06                                    69219.35408               
      1391100           9.54999                             0.99137                                          -0.04012                                      90152.42989                                        1.00879e+06                                    69342.11843               
      1392100           9.54357                             0.98964                                          -0.10943                                      89995.74065                                        1.00996e+06                                    69582.98490               
      1393100           9.80653                             0.99011                                          -0.03302                                      90037.97495                                        1.00983e+06                                    69436.55061               
      1394100           9.55487                             0.99871                                          -0.00323                                      90819.96728                                        1.00972e+06                                    69362.75922               
      1395100           9.57826                             0.99545                                          -0.08853                                      90523.31984                                        1.00999e+06                                    69446.80976               
      1396100           9.56066                             0.98946                                          -0.11681                                      89978.85223                                        1.01061e+06                                    69605.96262               
      1397100           9.53934                             0.99680                                           0.00346                                      90646.85167                                        1.00965e+06                                    69356.94542               
      1398100           9.55980                             0.98985                                          -0.03734                                      90014.87996                                        1.01037e+06                                    69416.61621               
      1399100           9.81403                             1.00958                                          -0.04177                                      91808.80014                                        1.01051e+06                                    69504.59929               
      1400100           9.78874                             0.99391                                           0.06096                                      90383.88858                                        1.00972e+06                                    69361.79313               
      1401100           9.54716                             0.99850                                           0.03126                                      90801.10378                                        1.01006e+06                                    69374.88371               
      1402100           9.55593                             0.99382                                           0.03890                                      90375.55183                                        1.00920e+06                                    69275.62051               
      1403100           9.55891                             0.99976                                          -0.03720                                      90915.58607                                        1.00943e+06                                    69328.59423               
      1404100           9.53217                             0.99664                                           0.05173                                      90631.66258                                        1.00965e+06                                    69262.96869               
      1405100           9.80459                             0.98747                                           0.05569                                      89798.05480                                        1.01003e+06                                    69314.95935               
      1406100           9.91120                             0.99743                                           0.02463                                      90703.52431                                        1.00940e+06                                    69281.50852               
      1407100           10.16899                            0.99641                                           0.06491                                      90610.71652                                        1.01028e+06                                    69321.57857               
      1408100           9.90430                             0.99101                                           0.03118                                      90119.76727                                        1.00971e+06                                    69336.11090               
      1409100           9.92417                             0.99448                                          -0.09033                                      90435.29927                                        1.01103e+06                                    69549.16678               
      1410100           9.91609                             0.99122                                          -0.01744                                      90139.34641                                        1.01012e+06                                    69462.95675               
      1411100           9.90343                             0.99302                                          -0.04368                                      90302.65637                                        1.00916e+06                                    69340.82063               
      1412100           9.91213                             0.99813                                           0.00282                                      90767.58763                                        1.01014e+06                                    69445.95179               
      1413100           9.89533                             0.99133                                           0.02271                                      90149.00803                                        1.01035e+06                                    69445.19506               
      1414100           9.89029                             0.98960                                          -0.00134                                      89992.16284                                        1.00985e+06                                    69366.72026               
      1415100           9.91606                             0.99408                                          -0.03600                                      90399.48457                                        1.01106e+06                                    69464.26141               
      1416100           9.90347                             1.00016                                           0.00420                                      90951.68056                                        1.00952e+06                                    69208.31950               
      1417100           9.90377                             0.99816                                           0.01500                                      90770.16551                                        1.01017e+06                                    69343.59586               
      1418100           9.90230                             0.99631                                           0.06021                                      90602.02650                                        1.00998e+06                                    69235.37842               
      1419100           9.92164                             0.99044                                           0.00948                                      90067.98987                                        1.00993e+06                                    69417.70963               
      1420100           9.91221                             0.98015                                          -0.03649                                      89132.40840                                        1.00964e+06                                    69329.93230               
      1421100           9.91664                             0.99674                                          -0.02859                                      90640.74281                                        1.01088e+06                                    69496.47409               
      1422100           9.90514                             1.01021                                           0.11309                                      91866.22839                                        1.01137e+06                                    69281.13013               
      1423100           9.91446                             0.99955                                           0.07452                                      90896.12922                                        1.01075e+06                                    69303.45495               
      1424100           9.90380                             1.00216                                           0.04379                                      91134.24721                                        1.01096e+06                                    69505.38881               
      1425100           9.93234                             0.99642                                          -0.05958                                      90611.72553                                        1.01110e+06                                    69568.68654               
      1426100           9.93173                             0.98982                                           0.01732                                      90011.67368                                        1.01132e+06                                    69519.96000               
      1427100           9.93590                             0.99286                                          -0.02473                                      90288.07873                                        1.01205e+06                                    69595.53184               
      1428100           10.17553                            0.99044                                           0.01288                                      90067.71102                                        1.01033e+06                                    69424.00132               
      1429100           9.90594                             0.99607                                           0.09156                                      90579.87008                                        1.01101e+06                                    69405.49910               
      1430100           9.92591                             0.99525                                           0.06299                                      90505.83178                                        1.01113e+06                                    69365.68936               
      1431100           9.91775                             0.99491                                           0.05906                                      90474.89635                                        1.01110e+06                                    69374.99445               
      1432100           10.15689                            0.99569                                           0.01664                                      90545.37507                                        1.01030e+06                                    69245.21075               
      1433100           9.92850                             0.98741                                          -0.05685                                      89792.53033                                        1.01078e+06                                    69495.23296               
      1434100           10.14629                            0.99265                                          -0.01327                                      90268.88073                                        1.01084e+06                                    69356.46612               
      1435100           9.91345                             0.99965                                           0.03306                                      90905.87649                                        1.01121e+06                                    69351.93809               
      1436100           9.90495                             0.99575                                           0.08467                                      90550.63195                                        1.01069e+06                                    69272.74806               
      1437100           10.16554                            1.00331                                           0.09476                                      91238.29130                                        1.01150e+06                                    69364.74040               
      1438100           9.92040                             1.00116                                           0.09536                                      91042.79007                                        1.01168e+06                                    69331.52104               
      1439100           9.90832                             0.99671                                           0.06966                                      90638.54855                                        1.01029e+06                                    69224.33973               
      1440100           9.90350                             0.99936                                           0.04840                                      90879.08547                                        1.01053e+06                                    69260.68989               
      1441100           10.13166                            0.99189                                           0.05198                                      90200.15820                                        1.01076e+06                                    69295.58731               
      1442100           9.89407                             0.99784                                           0.06588                                      90741.34856                                        1.01090e+06                                    69273.06987               
      1443100           9.90880                             0.99307                                           0.00821                                      90307.26540                                        1.01125e+06                                    69318.97426               
      1444100           9.88166                             0.99350                                          -0.00295                                      90346.25480                                        1.01063e+06                                    69351.07395               
      1445100           9.90558                             0.99016                                          -0.09749                                      90042.82376                                        1.01192e+06                                    69441.95967               
      1446100           10.16821                            0.99465                                           0.04250                                      90451.17489                                        1.01139e+06                                    69408.83211               
      1447100           9.92193                             0.99225                                          -0.02580                                      90232.72518                                        1.01089e+06                                    69415.13522               
      1448100           9.91032                             0.99116                                           0.00123                                      90133.85956                                        1.01070e+06                                    69270.63777               
      1449100           9.92186                             0.98601                                          -0.02370                                      89665.38000                                        1.01057e+06                                    69344.85508               
      1450100           10.13181                            0.99257                                          -0.07019                                      90261.67626                                        1.01108e+06                                    69423.55675               
      1451100           9.92188                             0.99218                                          -0.07497                                      90226.43096                                        1.01153e+06                                    69529.11964               
      1452100           10.15959                            0.98371                                          -0.11508                                      89456.50717                                        1.01032e+06                                    69374.71040               
      1453100           9.91063                             0.99085                                          -0.00404                                      90105.32619                                        1.01090e+06                                    69408.51502               
      1454100           9.92111                             0.99603                                          -0.00510                                      90576.80763                                        1.01195e+06                                    69512.47521               
      1455100           10.17484                            0.99358                                          -0.04172                                      90353.83120                                        1.01122e+06                                    69469.49212               
      1456100           9.91600                             0.99612                                          -0.01555                                      90584.44298                                        1.01167e+06                                    69419.12780               
      1457100           9.91216                             0.99008                                          -0.04774                                      90035.54139                                        1.01155e+06                                    69433.43834               
      1458100           9.91109                             0.98604                                          -0.00084                                      89668.42072                                        1.01058e+06                                    69347.73489               
      1459100           9.89835                             0.99031                                          -0.01175                                      90056.37579                                        1.00991e+06                                    69268.42856               
      1460100           9.88957                             0.99159                                           0.00501                                      90172.92397                                        1.01084e+06                                    69247.19992               
      1461100           9.91572                             0.99570                                          -0.04059                                      90546.30119                                        1.01180e+06                                    69381.45713               
      1462100           10.15354                            0.98980                                           0.01182                                      90010.03901                                        1.01083e+06                                    69239.98539               
      1463100           10.13485                            0.99535                                          -0.01493                                      90515.00750                                        1.01124e+06                                    69391.40269               
      1464100           9.76726                             1.00076                                           0.03747                                      91006.93478                                        1.01179e+06                                    69425.18831               
      1465100           9.91524                             1.00255                                          -0.02266                                      91169.43800                                        1.01099e+06                                    69380.84046               
      1466100           9.45919                             0.99728                                           0.00670                                      90690.28923                                        1.01292e+06                                    69595.70614               
      1467100           9.68964                             0.99088                                           0.01538                                      90108.05635                                        1.01150e+06                                    69422.27352               
      1468100           9.66060                             0.99722                                          -0.05883                                      90685.09296                                        1.01259e+06                                    69576.69603               
      1469100           9.92548                             1.00158                                           0.06367                                      91080.91777                                        1.01260e+06                                    69475.38837               
      1470100           10.15923                            0.99304                                           0.07867                                      90304.81855                                        1.01212e+06                                    69282.64772               
      1471100           9.91896                             0.98842                                           0.02472                                      89884.00181                                        1.01254e+06                                    69449.24362               
      1472100           9.90750                             0.99006                                           0.07778                                      90033.51542                                        1.01074e+06                                    69199.51982               
      1473100           10.16885                            0.99220                                          -0.01367                                      90228.44091                                        1.01194e+06                                    69437.82334               
      1474100           9.91108                             0.99424                                           0.01800                                      90413.36860                                        1.01217e+06                                    69372.74332               
      1475100           9.92194                             0.98139                                           0.02581                                      89245.09673                                        1.01167e+06                                    69408.52134               
      1476100           10.16800                            0.99831                                           0.00154                                      90783.40740                                        1.01177e+06                                    69419.89362               
      1477100           9.89016                             0.98988                                          -0.08684                                      90016.79969                                        1.01160e+06                                    69444.61806               
      1478100           10.14479                            0.98897                                           0.00248                                      89934.79949                                        1.01102e+06                                    69325.49411               
      1479100           9.91344                             1.00009                                           0.01971                                      90945.45393                                        1.01212e+06                                    69419.00748               
      1480100           9.90075                             0.99821                                          -0.02653                                      90774.30544                                        1.01108e+06                                    69247.42562               
      1481100           10.16319                            0.98968                                          -0.00176                                      89998.66924                                        1.01177e+06                                    69290.84409               
      1482100           9.90773                             0.98735                                          -0.06682                                      89786.78842                                        1.01118e+06                                    69297.05336               
      1483100           9.91012                             0.99328                                          -0.00502                                      90326.05172                                        1.01164e+06                                    69361.59125               
      1484100           9.90142                             0.99461                                           0.02240                                      90447.48340                                        1.01053e+06                                    69281.08069               
      1485100           9.90508                             0.98961                                          -0.07362                                      89992.23718                                        1.01169e+06                                    69354.23123               
      1486100           10.17141                            0.99704                                          -0.00041                                      90668.61161                                        1.01235e+06                                    69424.63490               
      1487100           10.16882                            0.98825                                          -0.07695                                      89869.32434                                        1.01126e+06                                    69388.83951               
      1488100           10.01735                            0.99157                                           0.02109                                      90170.98889                                        1.01160e+06                                    69273.20860               
      1489100           9.02931                             1.00178                                          -0.01636                                      91099.13103                                        1.01269e+06                                    69378.52739               
      1490100           8.99805                             0.98798                                           0.01914                                      89844.34149                                        1.01077e+06                                    69371.20559               
      1491100           8.97299                             0.99196                                           0.01723                                      90206.07754                                        1.01236e+06                                    69367.46740               
      1492100           8.98024                             1.00128                                           0.06091                                      91054.11219                                        1.01207e+06                                    69267.47224               
      1493100           9.25571                             1.00481                                           0.07938                                      91375.26600                                        1.01211e+06                                    69322.12514               
      1494100           9.25742                             0.99236                                           0.06696                                      90242.55813                                        1.01141e+06                                    69191.54809               
      1495100           9.51945                             0.99968                                          -0.04118                                      90908.08425                                        1.01221e+06                                    69391.39081               
      1496100           9.29048                             0.99774                                          -0.01368                                      90732.38381                                        1.01220e+06                                    69396.91028               
      1497100           9.49165                             0.98740                                           0.01499                                      89791.44653                                        1.01171e+06                                    69338.70012               
      1498100           9.48263                             1.00153                                           0.06336                                      91076.67743                                        1.01307e+06                                    69388.04625               
      1499100           9.49898                             0.99260                                           0.05243                                      90264.66010                                        1.01310e+06                                    69477.74685               
      1500100           9.24476                             0.99578                                           0.01321                                      90553.35497                                        1.01203e+06                                    69325.27049               
      1501100           9.41433                             0.99757                                           0.04384                                      90716.25749                                        1.01215e+06                                    69310.51414               
      1502100           9.42835                             0.99431                                          -0.00255                                      90420.40157                                        1.01230e+06                                    69372.16705               
      1503100           9.65204                             0.99054                                           0.00045                                      90076.99128                                        1.01172e+06                                    69273.73878               
      1504100           9.42816                             0.99586                                          -0.05506                                      90560.68539                                        1.01260e+06                                    69363.95520               
      1505100           9.41728                             0.99021                                          -0.07564                                      90046.77097                                        1.01147e+06                                    69256.62403               
      1506100           9.43497                             0.99333                                          -0.03967                                      90330.78044                                        1.01201e+06                                    69407.74509               
      1507100           9.66102                             0.99011                                          -0.03049                                      90037.74989                                        1.01171e+06                                    69378.02411               
      1508100           9.40462                             0.99745                                           0.00183                                      90705.55642                                        1.01208e+06                                    69304.53982               
      1509100           9.43597                             0.99268                                           0.04159                                      90272.12209                                        1.01204e+06                                    69297.20845               
      1510100           9.42375                             0.99170                                          -0.07046                                      90183.04448                                        1.01230e+06                                    69379.22140               
      1511100           9.42802                             0.99491                                          -0.03906                                      90474.66528                                        1.01249e+06                                    69430.85021               
      1512100           9.42439                             0.99319                                           0.04604                                      90318.09264                                        1.01189e+06                                    69278.01538               
      1513100           9.65214                             0.98805                                          -0.03630                                      89851.06024                                        1.01165e+06                                    69262.22694               
      1514100           9.44042                             0.99429                                          -0.03065                                      90418.33698                                        1.01199e+06                                    69375.42544               
      1515100           9.40595                             0.99639                                          -0.03815                                      90608.81912                                        1.01175e+06                                    69279.99550               
      1516100           9.57713                             0.99443                                          -0.00733                                      90430.57095                                        1.01355e+06                                    69473.18855               
      1517100           9.57629                             0.98693                                           0.01631                                      89749.04678                                        1.01214e+06                                    69268.84755               
      1518100           9.57260                             0.99355                                           0.00608                                      90350.61142                                        1.01191e+06                                    69240.64872               
      1519100           9.57541                             1.00006                                          -0.00089                                      90943.00719                                        1.01221e+06                                    69364.02054               
      1520100           9.54604                             1.00115                                           0.03290                                      91041.91556                                        1.01245e+06                                    69264.54615               
      1521100           9.54555                             0.99555                                           0.04621                                      90532.69006                                        1.01216e+06                                    69260.82293               
      1522100           9.57616                             1.00035                                           0.08403                                      90969.67452                                        1.01263e+06                                    69307.46821               
      1523100           9.57417                             0.99680                                           0.06536                                      90646.71460                                        1.01297e+06                                    69347.07325               
      1524100           9.81889                             0.99447                                          -0.06123                                      90434.49525                                        1.01369e+06                                    69501.67957               
      1525100           9.57126                             0.98376                                           0.04850                                      89460.38045                                        1.01118e+06                                    69314.50062               
      1526100           9.80876                             0.99074                                          -0.00383                                      90094.98487                                        1.01228e+06                                    69351.91183               
      1527100           9.56506                             0.99281                                           0.01889                                      90284.04770                                        1.01243e+06                                    69270.05007               
      1528100           9.80900                             0.99392                                           0.06643                                      90384.89029                                        1.01241e+06                                    69256.46449               
      1529100           9.79690                             0.98528                                          -0.04463                                      89599.33548                                        1.01177e+06                                    69261.49832               
      1530100           9.80434                             0.99523                                          -0.01017                                      90503.86416                                        1.01340e+06                                    69484.01591               
      1531100           9.56918                             0.98289                                           0.05165                                      89381.75049                                        1.01256e+06                                    69394.75279               
      1532100           9.58245                             0.99373                                          -0.02197                                      90367.62293                                        1.01405e+06                                    69570.26071               
      1533100           9.56567                             0.98949                                          -0.07137                                      89981.45432                                        1.01185e+06                                    69323.45857               
      1534100           9.58452                             0.99916                                          -0.07403                                      90861.56361                                        1.01436e+06                                    69540.42445               
      1535100           10.18026                            0.99625                                           0.03681                                      90596.81867                                        1.01304e+06                                    69413.96913               
      1536100           10.17153                            0.99317                                           0.05456                                      90316.46179                                        1.01302e+06                                    69359.94510               
      1537100           9.92439                             0.99335                                          -0.04258                                      90333.00368                                        1.01363e+06                                    69539.14226               
      1538100           9.93432                             0.99168                                          -0.07987                                      90180.51533                                        1.01405e+06                                    69626.51817               
      1539100           10.17226                            0.99528                                           0.02972                                      90508.49786                                        1.01384e+06                                    69450.59686               
      1540100           9.91208                             0.99573                                           0.05503                                      90549.34428                                        1.01370e+06                                    69414.00220               
      1541100           9.91772                             1.00094                                           0.00349                                      91023.41005                                        1.01382e+06                                    69433.95644               
      1542100           9.93509                             0.98687                                          -0.05497                                      89743.68014                                        1.01391e+06                                    69588.05787               
      1543100           10.17510                            0.99558                                          -0.02601                                      90535.11654                                        1.01339e+06                                    69474.00572               
      1544100           9.90869                             0.99382                                          -0.01202                                      90375.45901                                        1.01306e+06                                    69354.21275               
      1545100           9.89936                             0.99678                                           0.01259                                      90644.78532                                        1.01308e+06                                    69390.31122               
      1546100           9.90202                             0.98666                                           0.03043                                      89724.28623                                        1.01236e+06                                    69301.82741               
      1547100           9.91355                             0.98488                                          -0.07901                                      89562.52826                                        1.01306e+06                                    69467.41122               
      1548100           10.16382                            0.99126                                           0.01950                                      90142.45124                                        1.01308e+06                                    69346.06260               
      1549100           9.88447                             0.99340                                           0.04383                                      90337.43723                                        1.01310e+06                                    69323.23905               
      1550100           10.16785                            0.99678                                           0.01331                                      90644.28089                                        1.01443e+06                                    69395.54228               
      1551100           9.90264                             0.98712                                          -0.02119                                      89766.47289                                        1.01218e+06                                    69252.07330               
      1552100           9.88600                             0.99917                                          -0.04328                                      90861.76216                                        1.01287e+06                                    69387.22850               
      1553100           9.91705                             0.98916                                          -0.00642                                      89951.30163                                        1.01273e+06                                    69236.97463               
      1554100           10.14410                            0.99405                                           0.02563                                      90396.27363                                        1.01299e+06                                    69169.91810               
      1555100           10.15066                            0.99394                                          -0.00960                                      90386.84403                                        1.01295e+06                                    69226.38274               
      1556100           9.91773                             1.00257                                          -0.03070                                      91171.45114                                        1.01461e+06                                    69469.92954               
      1557100           10.16687                            0.99055                                           0.03134                                      90077.75366                                        1.01264e+06                                    69301.28241               
      1558100           9.91272                             0.99110                                          -0.02595                                      90128.25784                                        1.01290e+06                                    69356.53123               
      1559100           9.91465                             0.99202                                           0.08238                                      90212.00185                                        1.01393e+06                                    69388.65636               
      1560100           9.91919                             0.99827                                           0.06510                                      90780.26722                                        1.01343e+06                                    69218.53496               
      1561100           9.91476                             0.98847                                          -0.01321                                      89888.86602                                        1.01373e+06                                    69438.55217               
      1562100           9.91502                             0.99070                                          -0.01887                                      90092.10911                                        1.01370e+06                                    69364.05577               
      1563100           9.91657                             0.98890                                          -0.03466                                      89927.97681                                        1.01295e+06                                    69371.99810               
      1564100           9.90145                             0.99371                                          -0.04070                                      90365.30598                                        1.01317e+06                                    69354.42789               
      1565100           9.90344                             0.99978                                           0.00069                                      90917.21974                                        1.01430e+06                                    69340.24806               
      1566100           10.15251                            0.99684                                           0.07526                                      90650.12129                                        1.01331e+06                                    69199.88750               
      1567100           10.17071                            0.99580                                           0.03628                                      90555.53220                                        1.01366e+06                                    69341.23731               
      1568100           9.89397                             0.99127                                           0.02171                                      90143.93135                                        1.01295e+06                                    69216.31690               
      1569100           10.18056                            0.99457                                           0.01762                                      90443.98446                                        1.01374e+06                                    69405.14328               
      1570100           9.90669                             0.99617                                           0.02858                                      90588.95961                                        1.01415e+06                                    69347.21122               
      1571100           9.88953                             0.99370                                           0.02984                                      90364.39139                                        1.01323e+06                                    69316.33963               
      1572100           9.86642                             0.99874                                           0.03831                                      90823.05081                                        1.01327e+06                                    69175.43122               
      1573100           9.90395                             0.99433                                           0.06062                                      90422.15738                                        1.01345e+06                                    69204.28976               
      1574100           10.17568                            0.99717                                           0.01046                                      90680.06274                                        1.01409e+06                                    69395.01443               
      1575100           9.92900                             0.98337                                          -0.07945                                      89425.49661                                        1.01430e+06                                    69595.04077               
      1576100           9.92093                             0.98897                                          -0.01918                                      89934.78762                                        1.01404e+06                                    69476.18671               
      1577100           9.88674                             0.98969                                           0.04332                                      90000.24379                                        1.01372e+06                                    69304.91496               
      1578100           9.88694                             0.99657                                           0.10652                                      90626.02866                                        1.01287e+06                                    69097.88315               
      1579100           10.16388                            0.99738                                          -0.05155                                      90699.36126                                        1.01391e+06                                    69389.83374               
      1580100           9.91599                             0.99324                                          -0.03203                                      90322.71804                                        1.01468e+06                                    69410.24330               
      1581100           9.87956                             0.99724                                          -0.04696                                      90686.20882                                        1.01271e+06                                    69229.46588               
      1582100           9.88571                             0.99212                                           0.08186                                      90220.63003                                        1.01316e+06                                    69116.76477               
      1583100           9.90853                             0.99164                                          -0.07797                                      90177.05600                                        1.01275e+06                                    69300.21940               
      1584100           9.90395                             0.99446                                           0.04582                                      90433.69375                                        1.01360e+06                                    69261.51048               
      1585100           9.90134                             0.99241                                          -0.02739                                      90247.00571                                        1.01479e+06                                    69311.06663               
      1586100           9.91871                             0.99646                                          -0.01902                                      90615.18563                                        1.01420e+06                                    69346.51144               
      1587100           9.91714                             1.00080                                           0.00972                                      91009.92235                                        1.01410e+06                                    69369.42013               
      1588100           10.15480                            0.99281                                           0.01854                                      90283.70535                                        1.01422e+06                                    69274.87814               
      1589100           9.87490                             0.99647                                          -0.03574                                      90616.92494                                        1.01378e+06                                    69299.80518               
      1590100           9.91073                             0.99422                                           0.03039                                      90411.45227                                        1.01453e+06                                    69403.35118               
      1591100           9.88227                             0.98508                                           0.01954                                      89580.89049                                        1.01325e+06                                    69318.19110               
      1592100           9.91924                             0.99113                                          -0.09812                                      90131.28089                                        1.01473e+06                                    69479.85863               
      1593100           10.17210                            0.99149                                          -0.08339                                      90163.30032                                        1.01355e+06                                    69446.63083               
      1594100           9.88932                             0.99561                                          -0.00935                                      90538.02553                                        1.01452e+06                                    69359.94601               
      1595100           9.91740                             0.99116                                          -0.02158                                      90133.88921                                        1.01417e+06                                    69415.56112               
      1596100           9.92429                             0.98739                                          -0.00299                                      89790.83522                                        1.01427e+06                                    69441.54387               
      1597100           9.90345                             0.98608                                          -0.02693                                      89672.06410                                        1.01417e+06                                    69360.82620               
      1598100           10.17096                            0.99157                                          -0.03031                                      90170.90324                                        1.01463e+06                                    69452.10325               
      1599100           9.92163                             0.99988                                          -0.03554                                      90926.54908                                        1.01514e+06                                    69516.24424               
      1600100           9.91917                             0.99711                                          -0.04827                                      90674.31123                                        1.01449e+06                                    69409.65694               
      1601100           9.91525                             0.98949                                          -0.01209                                      89982.16447                                        1.01430e+06                                    69406.18450               
      1602100           9.92884                             0.99591                                           0.01955                                      90565.96836                                        1.01468e+06                                    69393.74409               
      1603100           10.16216                            0.99148                                          -0.00241                                      90162.35647                                        1.01356e+06                                    69321.13863               
      1604100           9.90755                             0.99859                                          -0.03165                                      90809.01006                                        1.01456e+06                                    69314.99535               
      1605100           10.14247                            0.99111                                          -0.00415                                      90128.73876                                        1.01452e+06                                    69365.08777               
      1606100           9.91612                             0.99382                                           0.01828                                      90375.68588                                        1.01415e+06                                    69362.30585               
      1607100           9.87780                             0.98976                                          -0.07531                                      90006.50013                                        1.01422e+06                                    69390.51216               
      1608100           9.92048                             0.99583                                           0.01385                                      90558.63137                                        1.01505e+06                                    69513.05786               
      1609100           9.91272                             0.99522                                           0.01745                                      90502.97849                                        1.01501e+06                                    69407.48367               
      1610100           10.16975                            0.99952                                           0.04068                                      90893.39897                                        1.01414e+06                                    69196.10210               
      1611100           10.12920                            1.00304                                           0.07983                                      91213.53278                                        1.01447e+06                                    69190.22241               
      1612100           10.16349                            0.99263                                           0.01947                                      90267.39683                                        1.01541e+06                                    69337.16576               
      1613100           10.16714                            0.99659                                           0.00037                                      90627.44515                                        1.01535e+06                                    69364.28876               
      1614100           9.90699                             1.00005                                          -0.04044                                      90942.20534                                        1.01467e+06                                    69386.76205               
      1615100           9.91878                             0.98815                                          -0.00627                                      89859.85355                                        1.01383e+06                                    69229.77725               
      1616100           10.16270                            0.99205                                           0.10624                                      90214.45845                                        1.01424e+06                                    69326.87464               
      1617100           10.17895                            0.99554                                          -0.00503                                      90532.29369                                        1.01482e+06                                    69391.02557               
      1618100           9.88971                             0.99403                                           0.06711                                      90394.30129                                        1.01410e+06                                    69384.81504               
      1619100           9.90633                             0.99604                                           0.03592                                      90577.79608                                        1.01442e+06                                    69295.51232               
      1620100           9.90255                             1.00035                                          -0.02000                                      90969.40502                                        1.01485e+06                                    69308.65582               
      1621100           10.13360                            0.98204                                          -0.01881                                      89304.13689                                        1.01421e+06                                    69386.16858               
      1622100           9.91112                             0.99398                                           0.06190                                      90390.34090                                        1.01520e+06                                    69400.18872               
      1623100           9.88522                             0.99333                                           0.07924                                      90331.05508                                        1.01393e+06                                    69140.33269               
      1624100           9.92183                             0.99606                                          -0.01679                                      90578.88399                                        1.01503e+06                                    69394.46012               
      1625100           10.16390                            0.98902                                          -0.06926                                      89939.29002                                        1.01443e+06                                    69431.24678               
      1626100           10.12825                            0.98108                                          -0.07980                                      89217.14534                                        1.01438e+06                                    69399.80576               
      1627100           9.89092                             0.98603                                          -0.09433                                      89666.78247                                        1.01402e+06                                    69222.79971               
      1628100           9.88281                             0.99183                                          -0.04580                                      90194.85159                                        1.01470e+06                                    69349.28955               
      1629100           9.89405                             0.99488                                           0.06106                                      90471.56733                                        1.01503e+06                                    69262.70591               
      1630100           10.16235                            0.99940                                          -0.03822                                      90883.20107                                        1.01442e+06                                    69269.25890               
      1631100           10.14967                            0.98756                                           0.03542                                      89806.51452                                        1.01414e+06                                    69298.29800               
      1632100           9.89746                             0.99372                                          -0.04618                                      90366.50857                                        1.01403e+06                                    69263.80155               
      1633100           10.14777                            0.99605                                           0.03865                                      90577.90663                                        1.01430e+06                                    69185.66001               
      1634100           9.91679                             0.99373                                           0.02902                                      90367.24925                                        1.01484e+06                                    69271.86581               
      1635100           10.15754                            0.98999                                           0.07192                                      90026.85658                                        1.01465e+06                                    69315.27297               
      1636100           10.16539                            0.99937                                          -0.04326                                      90879.98239                                        1.01494e+06                                    69422.44472               
      1637100           10.15968                            1.00173                                          -0.07341                                      91095.12199                                        1.01512e+06                                    69331.10918               
      1638100           10.15957                            0.99045                                           0.02981                                      90068.69969                                        1.01431e+06                                    69159.19079               
      1639100           10.13906                            0.98672                                           0.05274                                      89729.75572                                        1.01316e+06                                    69105.11202               
      1640100           9.86871                             0.99605                                          -0.04344                                      90578.71074                                        1.01464e+06                                    69286.82108               
      1641100           9.92300                             1.00181                                           0.07080                                      91102.12520                                        1.01584e+06                                    69338.31249               
      1642100           9.88265                             0.99841                                           0.06073                                      90793.08915                                        1.01505e+06                                    69227.51106               
      1643100           10.15747                            0.99426                                           0.06151                                      90415.48089                                        1.01465e+06                                    69236.11060               
      1644100           9.88110                             0.99334                                           0.10200                                      90332.23587                                        1.01377e+06                                    68997.73256               
      1645100           9.88885                             0.99930                                           0.09408                                      90874.17545                                        1.01373e+06                                    69083.33458               
      1646100           9.87712                             0.98773                                           0.05841                                      89821.26757                                        1.01397e+06                                    69124.46786               
      1647100           9.90952                             0.99446                                          -0.05322                                      90433.91772                                        1.01536e+06                                    69309.43211               
      1648100           9.86283                             0.98790                                           0.05258                                      89836.77137                                        1.01453e+06                                    69250.85521               
      1649100           10.14567                            0.99618                                           0.06681                                      90590.23060                                        1.01536e+06                                    69205.09543               
      1650100           9.90632                             0.99547                                          -0.02221                                      90525.33682                                        1.01557e+06                                    69334.73620               
      1651100           9.92430                             0.98816                                          -0.03744                                      89860.40764                                        1.01599e+06                                    69550.46981               
      1652100           10.13567                            0.99090                                           0.00092                                      90110.40089                                        1.01477e+06                                    69295.87971               
Simulation.timestep  Simulation.tps  md.compute.ThermodynamicQuantities.kinetic_temperature md.compute.ThermodynamicQuantities.pressure md.compute.ThermodynamicQuantities.kinetic_energy md.compute.ThermodynamicQuantities.potential_energy md.compute.ThermodynamicQuantities.volume
      1652100           10.38669                            0.99862                                           0.05599                                      9.08122e+04                                        1.01485e+06                                    6.92713e+04               
Simulation.timestep  Simulation.tps  md.compute.ThermodynamicQuantities.kinetic_temperature md.compute.ThermodynamicQuantities.pressure md.compute.ThermodynamicQuantities.kinetic_energy md.compute.ThermodynamicQuantities.potential_energy md.compute.ThermodynamicQuantities.volume
      1652100           7.68039                             0.99862                                           0.05599                                      9.08122e+04                                        1.01485e+06                                    6.92713e+04               
      1653100           9.09224                             1.00132                                           0.08628                                      9.10571e+04                                        1.01466e+06                                    6.91874e+04               
      1654100           9.18450                             0.99572                                          -0.00730                                      9.05485e+04                                        1.01520e+06                                    6.93814e+04               
      1655100           9.12425                             0.98621                                           0.00608                                      8.96833e+04                                        1.01450e+06                                    6.93440e+04               
      1656100           9.15954                             0.99725                                          -0.02671                                      9.06870e+04                                        1.01558e+06                                    6.94361e+04               
      1657100           9.22673                             0.98448                                          -0.00703                                      8.95262e+04                                        1.01457e+06                                    6.93396e+04               
      1658100           9.38973                             0.99713                                           0.01821                                      9.06768e+04                                        1.01558e+06                                    6.94081e+04               
      1659100           9.22159                             0.99027                                          -0.02488                                      9.00525e+04                                        1.01516e+06                                    6.94057e+04               
      1660100           9.35024                             0.99524                                          -0.06566                                      9.05043e+04                                        1.01542e+06                                    6.94470e+04               
      1661100           9.39075                             0.98813                                          -0.07932                                      8.98583e+04                                        1.01442e+06                                    6.93325e+04               
      1662100           9.08160                             1.00060                                          -0.02353                                      9.09923e+04                                        1.01594e+06                                    6.94373e+04               
      1663100           9.36461                             0.99648                                           0.00596                                      9.06174e+04                                        1.01518e+06                                    6.95242e+04               
      1664100           9.34306                             0.99159                                           0.02807                                      9.01730e+04                                        1.01413e+06                                    6.91610e+04               
      1665100           9.16927                             0.99661                                           0.00022                                      9.06290e+04                                        1.01504e+06                                    6.94308e+04               
      1666100           9.34230                             1.00054                                          -0.03762                                      9.09866e+04                                        1.01547e+06                                    6.95190e+04               
      1667100           9.08263                             0.99140                                          -0.06642                                      9.01552e+04                                        1.01476e+06                                    6.93680e+04               
      1668100           9.20603                             0.98475                                          -0.08246                                      8.95506e+04                                        1.01353e+06                                    6.92682e+04               
      1669100           9.22522                             0.99338                                          -0.02303                                      9.03358e+04                                        1.01554e+06                                    6.94069e+04               
      1670100           9.62636                             0.99104                                          -0.03725                                      9.01226e+04                                        1.01501e+06                                    6.94070e+04               
      1671100           9.24135                             0.99215                                          -0.00261                                      9.02237e+04                                        1.01575e+06                                    6.94367e+04               
      1672100           9.20486                             0.99763                                          -0.09315                                      9.07215e+04                                        1.01626e+06                                    6.94761e+04               
      1673100           9.19685                             0.99915                                          -0.05310                                      9.08603e+04                                        1.01539e+06                                    6.94173e+04               
      1674100           9.26915                             0.99196                                           0.03405                                      9.02063e+04                                        1.01477e+06                                    6.92152e+04               
      1675100           9.22434                             0.99734                                           0.07959                                      9.06956e+04                                        1.01493e+06                                    6.91907e+04               
      1676100           9.30739                             0.99921                                          -0.01440                                      9.08653e+04                                        1.01520e+06                                    6.93245e+04               
      1677100           9.32472                             0.99218                                           0.04423                                      9.02267e+04                                        1.01464e+06                                    6.91681e+04               
      1678100           9.54472                             1.00134                                          -0.01718                                      9.10595e+04                                        1.01537e+06                                    6.93512e+04               
      1679100           9.27736                             0.99076                                           0.03265                                      9.00976e+04                                        1.01532e+06                                    6.92725e+04               
      1680100           9.23000                             0.99780                                           0.00466                                      9.07370e+04                                        1.01511e+06                                    6.92288e+04               
      1681100           9.25045                             0.98538                                          -0.02243                                      8.96076e+04                                        1.01408e+06                                    6.92029e+04               
      1682100           9.21459                             0.99700                                          -0.08533                                      9.06643e+04                                        1.01606e+06                                    6.94630e+04               
      1683100           9.20877                             0.98532                                           0.00281                                      8.96021e+04                                        1.01431e+06                                    6.92262e+04               
      1684100           9.37237                             0.99256                                           0.00766                                      9.02613e+04                                        1.01635e+06                                    6.93951e+04               
      1685100           9.34473                             1.00391                                          -0.03190                                      9.12928e+04                                        1.01719e+06                                    6.95172e+04               
      1686100           9.32718                             0.99679                                          -0.00687                                      9.06451e+04                                        1.01566e+06                                    6.93021e+04               
      1687100           9.52726                             0.98743                                           0.00222                                      8.97941e+04                                        1.01533e+06                                    6.93297e+04               
      1688100           9.37609                             0.98708                                          -0.04671                                      8.97626e+04                                        1.01591e+06                                    6.95246e+04               
      1689100           9.36329                             0.98986                                          -0.07191                                      9.00155e+04                                        1.01458e+06                                    6.93577e+04               
      1690100           9.31010                             0.99061                                          -0.03277                                      9.00834e+04                                        1.01497e+06                                    6.93166e+04               
      1691100           9.28549                             0.99278                                           0.05647                                      9.02809e+04                                        1.01553e+06                                    6.92538e+04               
      1692100           9.23299                             1.00210                                          -0.04416                                      9.11281e+04                                        1.01651e+06                                    6.94386e+04               
      1693100           9.25591                             1.00120                                           0.02221                                      9.10467e+04                                        1.01553e+06                                    6.93256e+04               
      1694100           9.30428                             0.99433                                           0.02586                                      9.04219e+04                                        1.01490e+06                                    6.93433e+04               
      1695100           9.37363                             0.98506                                           0.03748                                      8.95789e+04                                        1.01477e+06                                    6.92676e+04               
      1696100           9.24417                             0.99229                                           0.00758                                      9.02364e+04                                        1.01471e+06                                    6.91717e+04               
      1697100           9.30587                             1.00648                                           0.08037                                      9.15267e+04                                        1.01578e+06                                    6.93384e+04               
      1698100           9.29459                             0.99419                                           0.04523                                      9.04095e+04                                        1.01644e+06                                    6.93896e+04               
      1699100           9.50215                             0.99648                                           0.00668                                      9.06171e+04                                        1.01584e+06                                    6.93585e+04               
      1700100           9.40757                             0.98760                                          -0.09754                                      8.98103e+04                                        1.01564e+06                                    6.93574e+04               
      1701100           9.24666                             0.99330                                          -0.03333                                      9.03281e+04                                        1.01558e+06                                    6.93045e+04               
      1702100           9.19716                             0.99825                                          -0.07036                                      9.07780e+04                                        1.01654e+06                                    6.94599e+04               
      1703100           9.14936                             0.99294                                           0.14635                                      9.02957e+04                                        1.01524e+06                                    6.92027e+04               
      1704100           9.20535                             1.00145                                           0.04096                                      9.10697e+04                                        1.01607e+06                                    6.93612e+04               
      1705100           9.51224                             0.99473                                          -0.04439                                      9.04586e+04                                        1.01592e+06                                    6.94460e+04               
      1706100           9.46794                             0.98830                                          -0.01895                                      8.98740e+04                                        1.01635e+06                                    6.95157e+04               
      1707100           9.43199                             0.99435                                          -0.03458                                      9.04238e+04                                        1.01510e+06                                    6.92935e+04               
      1708100           9.24383                             0.99634                                           0.04699                                      9.06050e+04                                        1.01604e+06                                    6.92263e+04               
      1709100           9.15294                             0.99899                                           0.05333                                      9.08453e+04                                        1.01517e+06                                    6.90902e+04               
      1710100           9.59612                             0.99402                                           0.08372                                      9.03937e+04                                        1.01528e+06                                    6.91765e+04               
      1711100           9.41681                             0.98609                                           0.00290                                      8.96725e+04                                        1.01571e+06                                    6.92616e+04               
      1712100           9.22981                             0.98918                                           0.00685                                      8.99533e+04                                        1.01493e+06                                    6.91552e+04               
      1713100           9.24375                             0.99115                                           0.05097                                      9.01330e+04                                        1.01542e+06                                    6.92300e+04               
      1714100           9.29730                             0.99580                                          -0.08091                                      9.05555e+04                                        1.01604e+06                                    6.94313e+04               
      1715100           9.32532                             0.99858                                           0.02795                                      9.08082e+04                                        1.01639e+06                                    6.93212e+04               
      1716100           9.33035                             0.98880                                           0.02641                                      8.99187e+04                                        1.01507e+06                                    6.92331e+04               
      1717100           9.25670                             0.99869                                           0.02134                                      9.08182e+04                                        1.01616e+06                                    6.93598e+04               
      1718100           9.24274                             0.98912                                          -0.02471                                      8.99483e+04                                        1.01616e+06                                    6.94891e+04               
      1719100           9.20661                             0.99434                                          -0.00804                                      9.04227e+04                                        1.01590e+06                                    6.93495e+04               
      1720100           9.50781                             0.99175                                           0.01082                                      9.01873e+04                                        1.01557e+06                                    6.92417e+04               
      1721100           9.21199                             0.98768                                          -0.04098                                      8.98173e+04                                        1.01553e+06                                    6.92972e+04               
      1722100           9.26730                             0.99362                                           0.03329                                      9.03577e+04                                        1.01648e+06                                    6.92974e+04               
      1723100           9.25663                             0.98794                                           0.07892                                      8.98406e+04                                        1.01599e+06                                    6.92070e+04               
      1724100           9.18253                             0.98827                                           0.07784                                      8.98709e+04                                        1.01600e+06                                    6.91708e+04               
      1725100           9.23488                             0.98984                                          -0.10232                                      9.00134e+04                                        1.01644e+06                                    6.94066e+04               
      1726100           9.12623                             0.98966                                           0.03838                                      8.99969e+04                                        1.01581e+06                                    6.92730e+04               
      1727100           9.27721                             0.99319                                           0.02379                                      9.03184e+04                                        1.01638e+06                                    6.92522e+04               
      1728100           9.25979                             0.99035                                          -0.03611                                      9.00596e+04                                        1.01547e+06                                    6.92842e+04               
      1729100           9.25101                             0.99279                                          -0.05263                                      9.02817e+04                                        1.01569e+06                                    6.93479e+04               
