Simulation.timestep  Simulation.tps  md.compute.ThermodynamicQuantities.kinetic_temperature md.compute.ThermodynamicQuantities.pressure md.compute.ThermodynamicQuantities.kinetic_energy md.compute.ThermodynamicQuantities.potential_energy md.compute.ThermodynamicQuantities.volume
       9100             8.11056                             1.02203                                          -0.00407                                      95815.23947                                        6.85098e+05                                    77167.52833               
       10100            9.27813                             1.01048                                           0.10196                                      94732.08729                                        6.85281e+05                                    75766.89985               
       11100            9.25537                             1.01014                                           0.10045                                      94700.36613                                        6.89667e+05                                    75761.88677               
       12100            9.47858                             1.00594                                           0.07843                                      94307.22196                                        6.94536e+05                                    75683.52265               
       13100            9.24819                             1.00478                                           0.01677                                      94198.29028                                        6.99400e+05                                    75676.81361               
       14100            9.46407                             1.00191                                           0.07686                                      93929.07768                                        7.03222e+05                                    75363.95894               
       15100            9.24383                             0.99881                                          -0.00428                                      93638.11116                                        7.09182e+05                                    75628.22543               
       16100            9.46813                             0.99575                                          -0.01196                                      93351.31869                                        7.13473e+05                                    75634.85691               
       17100            9.46737                             0.98893                                          -0.03048                                      92712.09212                                        7.17678e+05                                    75693.18234               
       18100            9.48976                             0.99640                                           0.01503                                      93412.78022                                        7.21647e+05                                    75589.19391               
       19100            9.24484                             0.99479                                          -0.05231                                      93261.60015                                        7.26149e+05                                    75683.60276               
       20100            9.47487                             0.99268                                          -0.07374                                      93063.29503                                        7.29746e+05                                    75458.80219               
       21100            9.46204                             0.99168                                           0.01867                                      92970.18909                                        7.34245e+05                                    75320.20111               
       22100            9.45086                             0.99974                                           0.03128                                      93725.29405                                        7.37555e+05                                    75086.66955               
       23100            9.22850                             0.99852                                           0.05711                                      93611.28815                                        7.41138e+05                                    75013.74053               
       24100            9.21628                             0.99027                                           0.04579                                      92838.12485                                        7.45933e+05                                    75035.82986               
       25100            9.46461                             0.98733                                          -0.09280                                      92561.72107                                        7.49892e+05                                    75196.29726               
       26100            9.20513                             0.98920                                          -0.01349                                      92737.60647                                        7.55955e+05                                    75366.22150               
       27100            9.39374                             0.99206                                          -0.03649                                      93005.77023                                        7.58850e+05                                    75235.18222               
       28100            9.20918                             0.98996                                          -0.01679                                      92808.51247                                        7.61597e+05                                    75042.28754               
       29100            9.41802                             0.99254                                          -0.08291                                      93050.47699                                        7.65968e+05                                    75093.95849               
       30100            9.36543                             0.98571                                          -0.02106                                      92410.35147                                        7.69262e+05                                    74867.98894               
       31100            9.17385                             0.99104                                           0.08644                                      92909.64411                                        7.73109e+05                                    74895.11418               
       32100            9.41534                             0.99857                                           0.02730                                      93616.38806                                        7.76611e+05                                    74913.55725               
       33100            9.39683                             0.99726                                           0.02892                                      93492.81795                                        7.80901e+05                                    74960.52608               
       34100            9.38214                             0.99794                                          -0.04011                                      93556.65460                                        7.84114e+05                                    74935.00890               
       35100            9.41138                             0.99317                                          -0.05797                                      93109.71090                                        7.87908e+05                                    74878.28565               
       36100            9.21514                             0.99435                                          -0.06724                                      93220.11814                                        7.91132e+05                                    74930.35167               
       37100            9.38952                             0.99990                                           0.00019                                      93740.37332                                        7.94748e+05                                    74692.65297               
       38100            9.39206                             0.98916                                          -0.01286                                      92733.78480                                        7.98836e+05                                    74840.30760               
       39100            9.37505                             0.99223                                          -0.00167                                      93021.30869                                        8.01417e+05                                    74710.02968               
       40100            9.40601                             0.99727                                          -0.05993                                      93493.83223                                        8.06498e+05                                    74775.60698               
       41100            9.36981                             0.99321                                           0.08212                                      93113.29869                                        8.09045e+05                                    74563.24906               
       42100            9.38600                             0.99220                                           0.01529                                      93019.19714                                        8.14662e+05                                    74855.83804               
       43100            9.11667                             0.99201                                           0.00023                                      93001.03576                                        8.16717e+05                                    74514.48563               
       44100            9.39805                             0.99545                                          -0.02177                                      93323.50516                                        8.20099e+05                                    74654.61210               
       45100            9.34773                             0.99241                                          -0.02845                                      93038.73889                                        8.23011e+05                                    74511.57205               
       46100            9.37221                             0.99260                                          -0.04091                                      93056.39432                                        8.24813e+05                                    74228.20046               
       47100            9.37033                             0.99181                                           0.05372                                      92982.20436                                        8.30088e+05                                    74519.30809               
       48100            9.32492                             0.98969                                          -0.03664                                      92783.27320                                        8.32222e+05                                    74427.21887               
       49100            9.34694                             0.99590                                           0.06436                                      93365.99044                                        8.35303e+05                                    74404.04166               
       50100            9.34588                             0.98902                                          -0.01011                                      92720.17014                                        8.38886e+05                                    74517.86033               
       51100            9.34178                             0.99709                                          -0.07743                                      93477.52082                                        8.42336e+05                                    74546.49720               
       52100            9.14632                             1.00081                                          -0.02570                                      93826.20783                                        8.45967e+05                                    74562.27655               
       53100            9.10903                             0.99753                                          -0.02231                                      93518.51717                                        8.47936e+05                                    74348.83876               
       54100            9.09400                             0.98671                                           0.08300                                      92504.43227                                        8.50577e+05                                    74245.31200               
       55100            9.60641                             0.99145                                          -0.00449                                      92948.43058                                        8.53729e+05                                    74333.18467               
       56100            9.31645                             0.99737                                           0.12984                                      93503.45123                                        8.55974e+05                                    74049.77787               
       57100            9.31446                             0.99641                                          -0.00748                                      93413.58467                                        8.58625e+05                                    74180.01491               
       58100            9.27165                             0.99568                                          -0.04612                                      93344.65726                                        8.61414e+05                                    74075.35312               
       59100            9.26858                             0.98831                                           0.00299                                      92653.95918                                        8.64096e+05                                    74069.48049               
       60100            9.29477                             0.99532                                          -0.00346                                      93311.00593                                        8.66428e+05                                    74106.37703               
       61100            9.33875                             0.99671                                           0.00513                                      93441.55163                                        8.71181e+05                                    74289.20963               
       62100            9.26807                             0.99304                                           0.02510                                      93097.12954                                        8.73010e+05                                    74090.73846               
       63100            9.31402                             0.99138                                           0.01112                                      92942.25026                                        8.75739e+05                                    74002.58994               
       64100            9.26136                             0.98845                                           0.01545                                      92666.84047                                        8.78709e+05                                    73932.30006               
       65100            9.06895                             0.99653                                           0.00996                                      93425.00340                                        8.81631e+05                                    74033.31989               
       66100            9.05852                             0.99462                                           0.01340                                      93245.42869                                        8.84700e+05                                    74120.54512               
       67100            9.28341                             0.99980                                          -0.02036                                      93731.66942                                        8.88296e+05                                    74136.79945               
       68100            9.29820                             0.99188                                           0.01948                                      92988.63779                                        8.89927e+05                                    74009.22271               
       69100            9.28726                             0.99066                                          -0.00690                                      92874.02541                                        8.91824e+05                                    73840.21964               
       70100            9.22813                             1.00291                                           0.06321                                      94023.01587                                        8.95470e+05                                    73931.75057               
       71100            9.28694                             0.99691                                           0.00767                                      93460.05371                                        8.97807e+05                                    74037.61793               
       72100            9.26796                             0.98903                                           0.04966                                      92721.69629                                        8.99197e+05                                    73964.33236               
       73100            9.27237                             0.98457                                          -0.06991                                      92303.45529                                        9.02374e+05                                    74104.21060               
       74100            9.24842                             0.98544                                          -0.05622                                      92384.91741                                        9.03783e+05                                    73896.23003               
       75100            9.27333                             0.99248                                           0.05154                                      93044.56912                                        9.06245e+05                                    73843.28536               
       76100            9.07102                             0.99645                                          -0.01732                                      93416.86521                                        9.08595e+05                                    73837.66925               
       77100            9.28715                             0.99635                                           0.00690                                      93407.94980                                        9.09649e+05                                    73639.96708               
       78100            9.23072                             0.99280                                          -0.01683                                      93075.14725                                        9.12779e+05                                    73907.62578               
       79100            9.24604                             0.99142                                           0.03864                                      92945.91138                                        9.14070e+05                                    73688.54466               
       80100            9.24904                             0.99627                                           0.06032                                      93400.32458                                        9.16854e+05                                    73666.16641               
       81100            9.24809                             0.99455                                          -0.01050                                      93239.03276                                        9.18164e+05                                    73668.00002               
       82100            9.23411                             0.99775                                           0.06515                                      93539.29949                                        9.20313e+05                                    73709.22977               
       83100            9.21767                             0.99029                                           0.07241                                      92839.36228                                        9.22432e+05                                    73623.13652               
       84100            9.23655                             0.98991                                          -0.04411                                      92804.35270                                        9.23671e+05                                    73637.57826               
       85100            9.19948                             0.99402                                           0.00601                                      93189.66634                                        9.26216e+05                                    73536.72943               
       86100            9.20623                             0.99333                                          -0.09888                                      93124.33644                                        9.27916e+05                                    73533.90863               
       87100            9.24645                             1.00222                                          -0.01171                                      93958.17450                                        9.30240e+05                                    73694.24972               
       88100            9.22249                             0.99883                                           0.03637                                      93639.95904                                        9.32266e+05                                    73481.87405               
       89100            9.22220                             0.99423                                           0.01506                                      93209.48822                                        9.32866e+05                                    73336.99203               
       90100            9.02599                             1.00071                                          -0.03609                                      93816.14636                                        9.37405e+05                                    73758.67039               
       91100            9.21475                             0.99436                                           0.05212                                      93221.49901                                        9.35756e+05                                    73299.41931               
       92100            9.26519                             0.99580                                          -0.06020                                      93356.44611                                        9.40058e+05                                    73649.57104               
       93100            9.22815                             1.00663                                           0.12273                                      94371.63775                                        9.41526e+05                                    73428.86183               
       94100            9.18806                             0.98570                                           0.03977                                      92409.12000                                        9.42829e+05                                    73309.66820               
       95100            9.17292                             0.99960                                           0.06465                                      93712.38157                                        9.45291e+05                                    73353.60467               
       96100            9.19902                             0.99354                                          -0.00895                                      93144.26057                                        9.46334e+05                                    73188.69821               
       97100            9.20265                             1.00049                                           0.02802                                      93796.14532                                        9.48079e+05                                    73338.08683               
       98100            9.19310                             0.99851                                           0.07732                                      93610.61148                                        9.50843e+05                                    73297.63726               
       99100            9.20087                             0.99956                                          -0.02360                                      93708.39536                                        9.52665e+05                                    73349.32775               
      100100            9.21303                             0.99010                                          -0.04599                                      92821.47566                                        9.53335e+05                                    73324.81210               
      101100            9.17014                             0.99395                                          -0.06030                                      93182.90522                                        9.55825e+05                                    73308.15272               
      102100            9.17345                             1.00248                                          -0.05540                                      93982.78802                                        9.58801e+05                                    73404.55821               
      103100            9.16092                             0.99164                                           0.02261                                      92966.60891                                        9.60134e+05                                    73297.36010               
      104100            9.18570                             0.99846                                          -0.01496                                      93606.05909                                        9.62163e+05                                    73406.39015               
      105100            8.94844                             0.99866                                           0.02121                                      93623.94787                                        9.63289e+05                                    73225.74585               
      106100            9.17098                             0.99257                                          -0.02668                                      93053.18805                                        9.65244e+05                                    73238.95884               
      107100            9.16313                             0.99342                                          -0.00886                                      93132.92461                                        9.65719e+05                                    73225.32458               
      108100            9.17430                             0.99438                                          -0.04862                                      93222.77703                                        9.68041e+05                                    73287.78694               
      109100            9.40525                             0.99294                                          -0.02214                                      93088.55797                                        9.69723e+05                                    73263.00351               
      110100            9.14390                             0.99127                                          -0.00061                                      92931.99559                                        9.70871e+05                                    73331.18136               
      111100            9.12113                             0.99332                                          -0.07898                                      93123.61964                                        9.72766e+05                                    73371.62075               
      112100            9.15272                             0.99125                                           0.05923                                      92930.02004                                        9.74318e+05                                    73299.94001               
      113100            9.18869                             1.00175                                           0.03497                                      93914.12041                                        9.75128e+05                                    73133.89717               
      114100            9.16503                             0.99779                                           0.03405                                      93543.00810                                        9.76062e+05                                    73009.75535               
      115100            9.19980                             0.99085                                          -0.02110                                      92892.28667                                        9.77509e+05                                    73139.27975               
      116100            9.17178                             0.99099                                           0.02992                                      92904.90862                                        9.78680e+05                                    73088.85981               
      117100            9.15651                             0.98787                                          -0.07121                                      92612.91903                                        9.80358e+05                                    73274.67150               
      118100            9.16500                             0.99098                                          -0.01415                                      92903.97977                                        9.80960e+05                                    72991.27277               
      119100            9.18690                             0.99843                                           0.01731                                      93602.98784                                        9.82497e+05                                    73025.19576               
      120100            9.15486                             0.98917                                           0.09964                                      92734.94899                                        9.82825e+05                                    72900.35459               
      121100            9.15316                             0.99587                                           0.01529                                      93362.77419                                        9.83786e+05                                    72925.30942               
      122100            9.41023                             0.99306                                           0.02754                                      93099.72216                                        9.84286e+05                                    72837.43022               
      123100            9.15473                             1.00303                                           0.02880                                      94033.65718                                        9.86728e+05                                    72948.19660               
      124100            9.13975                             0.99254                                           0.03867                                      93050.63552                                        9.87081e+05                                    72881.31067               
      125100            9.41799                             0.99082                                           0.00992                                      92889.42145                                        9.88435e+05                                    73004.13259               
      126100            9.17920                             0.99263                                          -0.01986                                      93059.02407                                        9.89672e+05                                    72881.31314               
      127100            9.11047                             1.00050                                           0.05173                                      93797.04535                                        9.91494e+05                                    72837.51705               
      128100            9.18812                             0.99779                                           0.01005                                      93542.38540                                        9.92755e+05                                    72875.98983               
      129100            9.15493                             0.99212                                           0.01654                                      93010.93795                                        9.93975e+05                                    73005.31152               
      130100            9.14475                             0.99196                                          -0.00469                                      92996.47252                                        9.94291e+05                                    72956.95804               
      131100            9.17661                             0.99604                                          -0.09478                                      93379.02325                                        9.96172e+05                                    73135.10110               
      132100            9.21352                             1.00091                                           0.03308                                      93835.55341                                        9.96337e+05                                    72957.20664               
      133100            9.10300                             0.99693                                           0.03622                                      93462.37356                                        9.97279e+05                                    72984.37540               
      134100            9.14538                             1.00000                                          -0.02138                                      93749.60842                                        9.99384e+05                                    73085.02272               
      135100            9.14566                             0.99865                                           0.03795                                      93623.84391                                        9.99735e+05                                    72968.73435               
      136100            9.12508                             1.00307                                          -0.01790                                      94037.88477                                        1.00002e+06                                    72868.23252               
      137100            9.14934                             0.99525                                          -0.00145                                      93304.75442                                        1.00046e+06                                    72892.39693               
      138100            9.38612                             0.99541                                          -0.08317                                      93319.75932                                        1.00274e+06                                    73091.22701               
      139100            9.13014                             0.99099                                          -0.06518                                      92905.59706                                        1.00282e+06                                    72916.62624               
      140100            9.15921                             0.99275                                          -0.01390                                      93070.30820                                        1.00413e+06                                    72797.87691               
      141100            9.12826                             0.98479                                          -0.00994                                      92323.93515                                        1.00438e+06                                    72779.60814               
      142100            9.15817                             0.99537                                           0.01084                                      93316.20675                                        1.00595e+06                                    72762.93462               
      143100            8.90343                             0.99298                                           0.03266                                      93092.20127                                        1.00660e+06                                    72703.33620               
      144100            9.18661                             0.99158                                           0.04331                                      92960.91087                                        1.00696e+06                                    72776.99666               
      145100            9.14399                             1.00199                                           0.03319                                      93936.73349                                        1.00831e+06                                    72782.56796               
      146100            9.14799                             0.99618                                           0.00029                                      93391.43786                                        1.00785e+06                                    72658.13406               
      147100            9.14132                             1.00043                                           0.03270                                      93790.18695                                        1.00988e+06                                    72685.99389               
      148100            9.16350                             0.98989                                          -0.05825                                      92802.07319                                        1.01104e+06                                    72829.52162               
      149100            9.12337                             0.98977                                          -0.00541                                      92790.88372                                        1.01031e+06                                    72595.98780               
      150100            9.11864                             0.99636                                           0.02392                                      93408.65595                                        1.01211e+06                                    72632.75388               
      151100            9.12626                             0.99154                                          -0.08376                                      92956.92008                                        1.01270e+06                                    72821.37501               
      152100            9.16954                             0.99061                                          -0.00647                                      92869.32326                                        1.01379e+06                                    72761.84516               
      153100            9.11515                             0.99174                                          -0.07572                                      92975.39719                                        1.01479e+06                                    72780.09782               
      154100            9.15212                             0.99968                                          -0.01714                                      93719.97517                                        1.01663e+06                                    72959.11322               
      155100            9.10620                             0.99471                                           0.01248                                      93254.34948                                        1.01532e+06                                    72749.74333               
      156100            9.34908                             0.99430                                          -0.01762                                      93215.74994                                        1.01769e+06                                    72884.27833               
      157100            9.32500                             0.98901                                          -0.00185                                      92719.73077                                        1.01582e+06                                    72525.31887               
      158100            9.14240                             0.99404                                           0.00897                                      93191.54302                                        1.01858e+06                                    72750.53710               
      159100            9.12753                             0.99001                                          -0.03344                                      92813.80673                                        1.01945e+06                                    72811.01728               
      160100            9.35912                             0.99570                                           0.02406                                      93346.99795                                        1.02073e+06                                    72758.16233               
      161100            9.14009                             0.99015                                          -0.02181                                      92826.23646                                        1.02088e+06                                    72703.45121               
      162100            9.08363                             0.99069                                           0.00710                                      92876.73571                                        1.02181e+06                                    72611.49307               
      163100            9.09413                             0.99293                                          -0.05744                                      93087.39201                                        1.02265e+06                                    72643.93242               
      164100            9.06986                             0.99016                                          -0.00340                                      92827.36865                                        1.02297e+06                                    72511.39394               
      165100            9.16287                             0.99142                                           0.11347                                      92945.93840                                        1.02483e+06                                    72586.07325               
      166100            9.15209                             1.00129                                           0.02706                                      93871.11189                                        1.02489e+06                                    72624.81180               
      167100            9.14484                             0.99380                                          -0.07435                                      93168.57698                                        1.02630e+06                                    72725.69426               
      168100            9.07215                             0.99576                                          -0.00690                                      93352.40143                                        1.02686e+06                                    72699.40469               
      169100            9.11344                             0.97740                                          -0.09040                                      91631.61142                                        1.02632e+06                                    72682.24242               
      170100            9.14550                             0.98750                                          -0.15279                                      92578.46866                                        1.02809e+06                                    72865.94284               
      171100            9.13065                             0.98788                                          -0.00825                                      92613.73835                                        1.02826e+06                                    72719.43579               
      172100            9.10048                             0.99987                                           0.05554                                      93737.60442                                        1.02951e+06                                    72761.75822               
      173100            9.08535                             0.99022                                          -0.03519                                      92832.97705                                        1.02929e+06                                    72749.40698               
      174100            9.39253                             0.99733                                          -0.07259                                      93499.46779                                        1.03148e+06                                    73019.39410               
      175100            9.06337                             0.99912                                           0.03344                                      93667.62557                                        1.03152e+06                                    72768.93646               
      176100            8.89200                             0.98818                                           0.02408                                      92641.79185                                        1.02996e+06                                    72462.63306               
      177100            9.08286                             0.99715                                           0.04295                                      93482.52867                                        1.03188e+06                                    72579.96761               
      178100            9.12514                             0.99210                                          -0.05164                                      93009.62054                                        1.03152e+06                                    72530.72904               
      179100            9.12185                             0.99366                                           0.02831                                      93156.01491                                        1.03229e+06                                    72566.67983               
      180100            9.08875                             1.00204                                          -0.04967                                      93940.83467                                        1.03341e+06                                    72565.20935               
      181100            9.04198                             0.99706                                           0.04565                                      93474.23673                                        1.03315e+06                                    72398.90963               
      182100            9.07545                             1.00628                                          -0.00398                                      94338.62657                                        1.03580e+06                                    72633.15241               
      183100            9.31225                             0.99267                                          -0.00991                                      93062.67541                                        1.03469e+06                                    72506.45556               
      184100            9.11108                             0.99248                                          -0.01679                                      93044.56945                                        1.03599e+06                                    72591.62127               
      185100            9.06181                             0.98723                                          -0.01845                                      92553.02612                                        1.03683e+06                                    72570.97530               
      186100            9.11135                             0.99881                                          -0.03628                                      93638.26924                                        1.03754e+06                                    72695.87896               
      187100            9.33078                             1.00381                                           0.02833                                      94107.62902                                        1.03805e+06                                    72509.62336               
      188100            9.15050                             1.00229                                           0.04170                                      93964.38406                                        1.03902e+06                                    72669.81558               
      189100            9.08868                             1.00410                                           0.09870                                      94134.64436                                        1.03936e+06                                    72432.81901               
      190100            8.87204                             0.99398                                           0.01290                                      93185.93658                                        1.04032e+06                                    72563.04054               
      191100            9.32807                             0.99041                                           0.01444                                      92850.55701                                        1.04069e+06                                    72691.68731               
      192100            9.08253                             0.98942                                          -0.00194                                      92758.29466                                        1.04082e+06                                    72595.89182               
      193100            9.08072                             0.99786                                          -0.03900                                      93549.17817                                        1.04123e+06                                    72553.42176               
      194100            9.09802                             0.99844                                          -0.07959                                      93603.63262                                        1.04148e+06                                    72487.27007               
      195100            9.10005                             0.99323                                           0.01781                                      93114.99983                                        1.04140e+06                                    72394.28843               
      196100            9.13139                             0.98615                                           0.03466                                      92451.42776                                        1.04282e+06                                    72466.07006               
      197100            9.11205                             0.99577                                          -0.01281                                      93353.47889                                        1.04335e+06                                    72598.29538               
      198100            9.11113                             0.99006                                          -0.01847                                      92818.02805                                        1.04416e+06                                    72541.40887               
      199100            9.07511                             1.00127                                           0.03516                                      93868.91766                                        1.04428e+06                                    72521.25766               
      200100            9.12641                             0.99122                                          -0.03892                                      92926.81196                                        1.04522e+06                                    72619.74063               
      201100            9.30550                             0.99671                                          -0.07941                                      93441.80631                                        1.04548e+06                                    72605.84867               
      202100            9.09329                             0.99353                                          -0.03765                                      93143.42928                                        1.04671e+06                                    72673.76884               
      203100            9.06353                             0.99196                                          -0.00541                                      92995.78769                                        1.04543e+06                                    72349.38640               
      204100            9.33081                             0.99140                                           0.03070                                      92943.64044                                        1.04628e+06                                    72508.09681               
      205100            9.34792                             0.99403                                          -0.00178                                      93190.08620                                        1.04781e+06                                    72598.95832               
      206100            9.11996                             0.99004                                          -0.01410                                      92816.53414                                        1.04673e+06                                    72399.07106               
      207100            9.07191                             0.98177                                          -0.05644                                      92041.38860                                        1.04740e+06                                    72553.75919               
      208100            9.06200                             0.99312                                          -0.10037                                      93104.81175                                        1.04875e+06                                    72591.03382               
      209100            9.09714                             0.99139                                          -0.06335                                      92942.58879                                        1.04940e+06                                    72555.95340               
      210100            9.30629                             0.99732                                          -0.03145                                      93498.84450                                        1.04956e+06                                    72484.37551               
      211100            9.10964                             1.00348                                          -0.03272                                      94076.08233                                        1.04997e+06                                    72409.89284               
      212100            9.30940                             0.99500                                           0.02801                                      93280.96965                                        1.04999e+06                                    72366.60571               
      213100            9.10643                             0.98624                                          -0.06552                                      92459.65623                                        1.05017e+06                                    72487.84707               
      214100            9.07800                             0.99467                                           0.04918                                      93250.38997                                        1.05124e+06                                    72460.55674               
      215100            9.12903                             0.99561                                           0.06154                                      93338.37279                                        1.05078e+06                                    72307.00336               
      216100            9.04726                             0.98775                                           0.07101                                      92601.13994                                        1.05122e+06                                    72286.58034               
      217100            9.11360                             0.99344                                          -0.09522                                      93135.09214                                        1.05224e+06                                    72505.93192               
      218100            9.10721                             0.99625                                          -0.04042                                      93398.62659                                        1.05249e+06                                    72434.94917               
      219100            9.11552                             0.99525                                           0.00436                                      93304.65678                                        1.05327e+06                                    72417.31344               
      220100            9.09248                             0.99640                                           0.03475                                      93412.37465                                        1.05309e+06                                    72287.46436               
      221100            9.10137                             0.98797                                          -0.00855                                      92621.95002                                        1.05346e+06                                    72435.60142               
      222100            9.09437                             0.98841                                          -0.09857                                      92663.20162                                        1.05454e+06                                    72605.17274               
      223100            9.08426                             0.99073                                          -0.09732                                      92881.38107                                        1.05409e+06                                    72416.14192               
      224100            9.11054                             0.99081                                          -0.00702                                      92888.65108                                        1.05481e+06                                    72408.83416               
      225100            9.28836                             0.98280                                          -0.02592                                      92137.50264                                        1.05431e+06                                    72351.49011               
      226100            9.08280                             0.98989                                          -0.06645                                      92801.94546                                        1.05515e+06                                    72529.61083               
      227100            9.05071                             0.99971                                           0.01551                                      93722.80335                                        1.05618e+06                                    72415.23093               
      228100            9.06851                             1.00027                                          -0.05733                                      93775.19250                                        1.05775e+06                                    72662.18825               
      229100            9.08042                             0.99385                                          -0.08422                                      93173.85816                                        1.05680e+06                                    72479.81058               
      230100            9.02218                             0.99567                                           0.02075                                      93343.80493                                        1.05681e+06                                    72340.86181               
      231100            9.07341                             0.99802                                          -0.02088                                      93564.37907                                        1.05699e+06                                    72376.08365               
      232100            9.14412                             0.98953                                          -0.07044                                      92768.63500                                        1.05802e+06                                    72550.72312               
      233100            9.28943                             0.99260                                          -0.01960                                      93056.57425                                        1.05760e+06                                    72445.74796               
      234100            9.31735                             0.99168                                           0.06349                                      92969.59335                                        1.05882e+06                                    72460.59722               
      235100            9.05344                             0.99654                                           0.03018                                      93425.45898                                        1.05874e+06                                    72432.76511               
      236100            9.08747                             0.99068                                          -0.04566                                      92876.02478                                        1.05859e+06                                    72408.12067               
      237100            9.06040                             0.99492                                          -0.01752                                      93274.08794                                        1.05881e+06                                    72422.42718               
      238100            9.04832                             0.99545                                          -0.03983                                      93323.75655                                        1.05931e+06                                    72415.12426               
      239100            9.08284                             0.99251                                          -0.00410                                      93048.02750                                        1.06050e+06                                    72441.69372               
      240100            9.07371                             0.98868                                           0.01731                                      92688.79061                                        1.06096e+06                                    72482.84186               
      241100            9.11505                             0.99847                                          -0.01031                                      93606.22020                                        1.06047e+06                                    72428.74945               
      242100            9.25605                             0.99590                                           0.05607                                      93365.43835                                        1.06093e+06                                    72377.42312               
      243100            9.09282                             0.99833                                           0.07534                                      93593.16591                                        1.06055e+06                                    72281.09495               
      244100            9.29963                             0.99747                                           0.10095                                      93512.76113                                        1.06098e+06                                    72238.17140               
      245100            9.06330                             0.99575                                           0.01492                                      93351.31874                                        1.06171e+06                                    72415.99849               
      246100            9.05334                             0.98441                                          -0.10906                                      92288.17009                                        1.06165e+06                                    72429.10394               
      247100            9.09747                             0.98796                                          -0.12155                                      92621.45659                                        1.06255e+06                                    72580.14003               
      248100            9.04352                             0.98870                                           0.03042                                      92690.79699                                        1.06153e+06                                    72110.76083               
      249100            9.05214                             0.99550                                           0.07533                                      93327.84680                                        1.06217e+06                                    72090.11549               
      250100            9.30986                             0.99724                                           0.10847                                      93491.08136                                        1.06334e+06                                    72372.69787               
      251100            9.05386                             1.00222                                          -0.01641                                      93958.00907                                        1.06281e+06                                    72300.75626               
      252100            9.06812                             0.99432                                           0.01915                                      93217.81329                                        1.06296e+06                                    72176.44432               
      253100            8.99381                             0.99806                                          -0.01852                                      93567.86104                                        1.06478e+06                                    72481.40091               
      254100            9.28382                             0.99083                                           0.01967                                      92890.60624                                        1.06465e+06                                    72333.57946               
      255100            9.02787                             0.98933                                           0.01758                                      92750.12183                                        1.06439e+06                                    72267.19388               
      256100            9.07663                             0.99928                                          -0.07314                                      93682.77938                                        1.06514e+06                                    72376.21093               
      257100            9.10423                             0.99866                                          -0.03228                                      93624.82896                                        1.06555e+06                                    72320.51831               
      258100            9.07677                             0.98690                                           0.02140                                      92522.05686                                        1.06401e+06                                    72106.47501               
      259100            9.09039                             0.99351                                           0.01329                                      93141.68251                                        1.06551e+06                                    72236.92097               
      260100            9.06181                             0.98722                                          -0.00779                                      92552.13263                                        1.06546e+06                                    72129.91594               
      261100            9.08216                             1.00045                                           0.01962                                      93792.53745                                        1.06704e+06                                    72370.03688               
      262100            9.06399                             0.99506                                           0.06587                                      93287.24350                                        1.06619e+06                                    72156.75734               
      263100            9.07649                             0.99734                                           0.00597                                      93500.59149                                        1.06660e+06                                    72416.69938               
      264100            9.06886                             0.99528                                          -0.05592                                      93307.49055                                        1.06775e+06                                    72439.47540               
      265100            9.05594                             0.98745                                          -0.00233                                      92573.26167                                        1.06765e+06                                    72287.95265               
      266100            9.03239                             1.00251                                           0.08013                                      93984.84808                                        1.06805e+06                                    72236.58089               
      267100            9.07614                             0.99174                                           0.00657                                      92975.29179                                        1.06820e+06                                    72299.43040               
      268100            9.02882                             0.99741                                           0.08327                                      93507.49275                                        1.06818e+06                                    72109.28900               
      269100            9.06678                             1.00107                                           0.09937                                      93850.57748                                        1.06845e+06                                    72202.90189               
      270100            9.07095                             1.00248                                           0.04672                                      93982.75574                                        1.06853e+06                                    72230.97913               
      271100            9.00893                             0.99695                                           0.03956                                      93463.93846                                        1.06941e+06                                    72252.29949               
      272100            9.05301                             0.99235                                           0.02259                                      93032.54357                                        1.06955e+06                                    72266.81530               
      273100            9.07086                             0.99115                                           0.02532                                      92919.99424                                        1.06890e+06                                    72060.01090               
      274100            9.07750                             0.98730                                           0.00298                                      92559.25814                                        1.06897e+06                                    72165.40538               
      275100            9.05724                             0.99580                                           0.02320                                      93355.79634                                        1.07072e+06                                    72364.02535               
      276100            9.06228                             0.99872                                           0.12783                                      93629.93188                                        1.07009e+06                                    72100.06268               
      277100            9.05870                             0.99913                                           0.04407                                      93668.89218                                        1.07012e+06                                    72225.83486               
      278100            9.10475                             0.98883                                          -0.06125                                      92702.91276                                        1.07123e+06                                    72440.85394               
      279100            9.31240                             1.00143                                           0.05578                                      93883.92309                                        1.07107e+06                                    72277.15308               
      280100            9.06322                             0.99636                                          -0.08466                                      93409.16153                                        1.07160e+06                                    72483.02395               
      281100            9.09451                             1.00007                                           0.00986                                      93756.24475                                        1.07185e+06                                    72313.04813               
      282100            9.06392                             0.99408                                          -0.03437                                      93195.32309                                        1.07120e+06                                    72219.96829               
      283100            9.08635                             0.99523                                           0.04716                                      93302.94505                                        1.07251e+06                                    72376.98209               
      284100            9.08079                             0.99038                                          -0.13038                                      92848.30073                                        1.07071e+06                                    72334.94969               
      285100            9.08012                             0.99607                                          -0.02271                                      93381.66665                                        1.07223e+06                                    72294.81603               
      286100            9.04784                             0.99409                                           0.03271                                      93195.74609                                        1.07132e+06                                    72094.25683               
      287100            9.07098                             0.99788                                           0.01067                                      93550.96783                                        1.07257e+06                                    72297.03121               
      288100            9.02179                             0.99233                                           0.01674                                      93030.64252                                        1.07237e+06                                    72255.14987               
      289100            9.04720                             0.99782                                           0.07275                                      93545.27718                                        1.07281e+06                                    72087.49199               
      290100            9.24944                             0.98663                                           0.05186                                      92496.13212                                        1.07163e+06                                    71971.60539               
      291100            9.07354                             0.99254                                          -0.10707                                      93050.21752                                        1.07319e+06                                    72298.40888               
      292100            9.08563                             0.98839                                          -0.04364                                      92661.59396                                        1.07353e+06                                    72256.83501               
      293100            9.08950                             1.00469                                           0.00196                                      94189.29129                                        1.07459e+06                                    72166.31614               
      294100            9.05128                             1.00372                                           0.01915                                      94098.97651                                        1.07358e+06                                    72111.40946               
      295100            9.25397                             0.98873                                           0.05261                                      92693.85955                                        1.07349e+06                                    72174.80614               
      296100            9.06028                             0.98792                                          -0.03328                                      92617.21067                                        1.07414e+06                                    72216.67984               
      297100            9.06058                             0.99095                                          -0.00391                                      92901.38021                                        1.07447e+06                                    72256.34848               
      298100            9.07337                             0.99006                                           0.03505                                      92817.78040                                        1.07403e+06                                    72105.26071               
      299100            9.22711                             0.99625                                          -0.04027                                      93398.39217                                        1.07472e+06                                    72254.28059               
      300100            9.06152                             0.99540                                          -0.03067                                      93318.62465                                        1.07570e+06                                    72249.50182               
      301100            9.03678                             0.99693                                           0.04945                                      93462.30751                                        1.07590e+06                                    72215.01980               
      302100            9.01852                             0.98970                                           0.07981                                      92784.60643                                        1.07481e+06                                    72018.25458               
      303100            9.28275                             0.99098                                           0.01976                                      92904.00913                                        1.07527e+06                                    72170.98112               
      304100            9.06945                             0.99638                                          -0.04519                                      93410.46398                                        1.07519e+06                                    72131.77853               
      305100            9.07702                             0.99898                                          -0.01350                                      93654.47475                                        1.07612e+06                                    72243.34013               
      306100            9.05672                             0.99812                                          -0.02796                                      93574.03832                                        1.07611e+06                                    72217.69124               
      307100            9.26891                             0.98885                                           0.01191                                      92704.94099                                        1.07518e+06                                    72160.12911               
      308100            9.09130                             0.99418                                          -0.02698                                      93204.10321                                        1.07569e+06                                    72167.33389               
      309100            9.08852                             0.99051                                          -0.08926                                      92860.06129                                        1.07679e+06                                    72305.49937               
      310100            9.04172                             0.99071                                          -0.01530                                      92878.99239                                        1.07623e+06                                    72172.66167               
      311100            9.05302                             0.98917                                           0.04541                                      92734.43947                                        1.07548e+06                                    72027.62434               
      312100            9.08168                             0.99819                                          -0.07592                                      93580.47087                                        1.07645e+06                                    72150.46526               
      313100            9.04991                             0.99267                                          -0.01013                                      93063.14243                                        1.07756e+06                                    72196.23155               
      314100            9.10083                             0.99167                                           0.02355                                      92968.76955                                        1.07707e+06                                    72156.60114               
      315100            9.05930                             0.99098                                          -0.01069                                      92904.29539                                        1.07725e+06                                    72265.97124               
      316100            9.05381                             0.99451                                           0.01375                                      93235.62784                                        1.07801e+06                                    72168.65778               
      317100            9.07984                             0.98518                                          -0.09658                                      92360.48157                                        1.07746e+06                                    72230.91945               
      318100            9.03979                             0.98627                                          -0.08105                                      92463.11480                                        1.07736e+06                                    72128.92179               
      319100            9.07167                             0.99163                                           0.10633                                      92965.19973                                        1.07756e+06                                    71936.15750               
      320100            9.05406                             0.99509                                          -0.07243                                      93289.65514                                        1.07876e+06                                    72278.04596               
      321100            9.31395                             0.99790                                           0.00419                                      93553.21092                                        1.07928e+06                                    72211.68936               
      322100            9.23503                             0.99182                                           0.05504                                      92982.75196                                        1.07862e+06                                    72030.87286               
      323100            9.04070                             0.99115                                          -0.09111                                      92919.93858                                        1.07850e+06                                    72169.32732               
      324100            9.05607                             0.98559                                          -0.06452                                      92399.38236                                        1.07926e+06                                    72326.92388               
      325100            9.05970                             0.99375                                          -0.01411                                      93164.08728                                        1.07982e+06                                    72273.91621               
      326100            9.25094                             0.99248                                          -0.12375                                      93045.38447                                        1.07955e+06                                    72252.18116               
      327100            9.04063                             0.99413                                          -0.00938                                      93199.31718                                        1.08052e+06                                    72256.51097               
      328100            9.06907                             0.99217                                          -0.06342                                      93016.06196                                        1.07983e+06                                    72125.36623               
      329100            9.06818                             0.99204                                           0.02929                                      93003.43319                                        1.08019e+06                                    72078.52746               
      330100            9.03041                             0.98491                                          -0.02972                                      92335.14531                                        1.07936e+06                                    72025.31841               
      331100            9.03766                             0.99166                                           0.01566                                      92967.74132                                        1.07945e+06                                    72013.20519               
      332100            9.06566                             0.99374                                           0.01256                                      93162.75634                                        1.08143e+06                                    72227.88188               
      333100            9.04130                             1.00188                                           0.04897                                      93925.98641                                        1.08164e+06                                    72165.98824               
      334100            9.08111                             0.99055                                          -0.10933                                      92863.59930                                        1.08114e+06                                    72357.28639               
      335100            9.06669                             0.98804                                          -0.09473                                      92628.30467                                        1.08165e+06                                    72312.32925               
      336100            9.02784                             0.98485                                          -0.05710                                      92329.31872                                        1.08255e+06                                    72298.20332               
      337100            9.09161                             0.99353                                          -0.00358                                      93143.90160                                        1.08201e+06                                    72206.97670               
      338100            9.05414                             0.99275                                          -0.03134                                      93070.17142                                        1.08287e+06                                    72219.89692               
      339100            9.03903                             0.99216                                           0.02998                                      93015.11782                                        1.08124e+06                                    72044.11190               
      340100            9.01919                             0.99013                                          -0.04434                                      92825.12082                                        1.08287e+06                                    72270.27415               
      341100            9.03355                             0.99344                                           0.05162                                      93135.11305                                        1.08176e+06                                    72008.09566               
      342100            9.05883                             0.99014                                           0.11518                                      92825.98587                                        1.08126e+06                                    71827.59185               
      343100            9.03410                             0.99473                                           0.02135                                      93255.77590                                        1.08237e+06                                    71987.45057               
      344100            9.04875                             0.99575                                           0.08863                                      93351.71804                                        1.08240e+06                                    71855.53922               
      345100            9.07064                             0.98992                                          -0.07044                                      92805.37055                                        1.08366e+06                                    72154.10811               
      346100            9.26240                             0.99308                                          -0.00147                                      93101.29261                                        1.08324e+06                                    72066.13314               
      347100            9.01963                             0.99325                                           0.05010                                      93117.01291                                        1.08249e+06                                    71929.77232               
      348100            9.03249                             0.99957                                           0.11339                                      93709.49776                                        1.08241e+06                                    71898.59322               
      349100            9.06579                             0.98587                                          -0.09466                                      92424.95148                                        1.08251e+06                                    72094.45211               
      350100            9.04554                             0.98596                                          -0.01688                                      92433.69799                                        1.08259e+06                                    72067.71710               
      351100            9.04285                             0.99476                                          -0.08016                                      93258.78147                                        1.08304e+06                                    72055.93533               
      352100            9.03343                             1.00017                                          -0.05140                                      93765.72862                                        1.08396e+06                                    72086.57913               
      353100            8.95611                             0.99105                                           0.14440                                      92911.34565                                        1.08271e+06                                    71750.06890               
      354100            9.02378                             0.99850                                          -0.07460                                      93609.69383                                        1.08392e+06                                    72031.43104               
      355100            9.04430                             0.99105                                          -0.00774                                      92910.99782                                        1.08400e+06                                    72054.18429               
      356100            9.05252                             0.99853                                           0.11926                                      93612.35469                                        1.08395e+06                                    71932.21332               
      357100            9.01596                             0.99318                                           0.05094                                      93110.61367                                        1.08466e+06                                    71919.45426               
      358100            9.07752                             1.00185                                           0.00006                                      93923.31490                                        1.08456e+06                                    72047.52880               
      359100            9.04278                             0.99228                                           0.03417                                      93026.07243                                        1.08385e+06                                    71852.93827               
      360100            9.26650                             0.98840                                           0.01801                                      92662.34763                                        1.08422e+06                                    71870.84786               
      361100            8.99956                             0.99033                                          -0.01258                                      92843.65266                                        1.08446e+06                                    71981.38420               
      362100            9.05748                             0.98306                                          -0.10299                                      92162.17460                                        1.08513e+06                                    72168.31928               
      363100            9.10269                             0.99221                                          -0.06709                                      93019.92676                                        1.08491e+06                                    72142.28407               
      364100            9.04291                             0.98946                                           0.08825                                      92762.09850                                        1.08561e+06                                    71917.57494               
      365100            9.02734                             0.99532                                          -0.06217                                      93311.07498                                        1.08533e+06                                    71987.38544               
      366100            9.06861                             0.99232                                           0.04425                                      93030.26863                                        1.08649e+06                                    71992.60423               
      367100            9.04414                             0.99547                                           0.01040                                      93324.92782                                        1.08619e+06                                    72070.56229               
      368100            9.26065                             0.98245                                          -0.01128                                      92104.58692                                        1.08555e+06                                    72199.72580               
      369100            9.09145                             0.99576                                          -0.04696                                      93352.49254                                        1.08736e+06                                    72198.93006               
      370100            9.04557                             0.99516                                           0.10915                                      93295.90997                                        1.08704e+06                                    72066.14935               
      371100            9.03810                             0.99618                                           0.05081                                      93391.47017                                        1.08659e+06                                    72033.57974               
      372100            9.01835                             0.98821                                           0.00769                                      92644.59233                                        1.08682e+06                                    71995.43661               
      373100            9.07243                             0.99897                                           0.09586                                      93653.58737                                        1.08720e+06                                    72028.99659               
      374100            9.02872                             0.98918                                          -0.03683                                      92736.00977                                        1.08677e+06                                    72018.07736               
      375100            9.00076                             0.99222                                           0.02582                                      93020.25651                                        1.08657e+06                                    71977.98008               
      376100            9.08117                             0.99285                                          -0.05101                                      93080.03270                                        1.08850e+06                                    72317.11813               
      377100            8.97832                             0.98548                                          -0.01344                                      92389.14579                                        1.08704e+06                                    72040.49233               
      378100            9.04530                             0.99071                                          -0.04427                                      92879.36022                                        1.08754e+06                                    72026.80814               
      379100            8.98240                             0.99277                                          -0.02483                                      93072.24572                                        1.08862e+06                                    72100.46973               
      380100            9.02807                             0.98542                                          -0.00630                                      92383.07415                                        1.08732e+06                                    71993.25991               
      381100            9.28782                             0.98748                                          -0.04564                                      92576.25650                                        1.08877e+06                                    72197.57445               
      382100            9.02735                             0.98877                                          -0.04560                                      92697.21690                                        1.08802e+06                                    72196.04086               
      383100            9.21702                             0.99130                                          -0.00234                                      92934.46458                                        1.08718e+06                                    71940.45879               
      384100            9.29297                             0.99358                                           0.00704                                      93148.02819                                        1.08776e+06                                    71964.00106               
      385100            9.22157                             0.99688                                           0.00073                                      93457.69939                                        1.08847e+06                                    72089.66079               
      386100            9.08753                             0.98902                                          -0.07022                                      92720.39647                                        1.08818e+06                                    72105.62606               
      387100            9.02411                             0.98774                                          -0.10223                                      92600.30106                                        1.08946e+06                                    72266.17765               
      388100            8.99042                             0.99068                                           0.08380                                      92876.67878                                        1.08935e+06                                    72023.10239               
      389100            9.01180                             0.99694                                           0.04742                                      93463.15015                                        1.08854e+06                                    71992.20151               
      390100            9.02370                             0.99390                                          -0.07706                                      93177.98762                                        1.08940e+06                                    72139.43148               
      391100            9.26227                             0.98827                                          -0.07495                                      92649.90814                                        1.08856e+06                                    72109.72157               
      392100            9.01335                             1.00004                                           0.00714                                      93753.59362                                        1.08937e+06                                    72081.17863               
      393100            9.29016                             0.99247                                          -0.00956                                      93044.42018                                        1.08968e+06                                    72063.41038               
      394100            9.01648                             0.98716                                          -0.08050                                      92545.83436                                        1.08977e+06                                    72302.89068               
      395100            9.07340                             0.99260                                          -0.00847                                      93056.23208                                        1.08904e+06                                    72125.14590               
      396100            9.23425                             0.98504                                          -0.02616                                      92347.03852                                        1.08883e+06                                    71996.62959               
      397100            9.21327                             0.99905                                          -0.00473                                      93660.91220                                        1.09028e+06                                    72085.60002               
      398100            9.06054                             0.99856                                          -0.03171                                      93615.33159                                        1.08973e+06                                    71975.15059               
      399100            9.00272                             0.99299                                           0.06049                                      93092.74297                                        1.08982e+06                                    71940.95595               
      400100            9.27477                             0.99507                                          -0.02836                                      93288.24396                                        1.09059e+06                                    72132.44953               
      401100            8.95657                             0.98923                                          -0.00556                                      92740.34261                                        1.08901e+06                                    71961.33383               
Simulation.timestep  Simulation.tps  md.compute.ThermodynamicQuantities.kinetic_temperature md.compute.ThermodynamicQuantities.pressure md.compute.ThermodynamicQuantities.kinetic_energy md.compute.ThermodynamicQuantities.potential_energy md.compute.ThermodynamicQuantities.volume
      401100            10.92044                            1.02107                                          -0.17979                                      9.57251e+04                                        1.07928e+06                                    7.16275e+04               
      402100            12.50758                            0.98543                                           0.08610                                      9.23839e+04                                        1.07387e+06                                    7.09025e+04               
      403100            12.60412                            0.99133                                           0.02131                                      9.29372e+04                                        1.07493e+06                                    7.10716e+04               
      404100            10.34745                            0.99745                                           0.00769                                      9.35111e+04                                        1.07567e+06                                    7.11838e+04               
      405100            10.06610                            0.99797                                          -0.07678                                      9.35597e+04                                        1.07541e+06                                    7.12732e+04               
      406100            10.04720                            0.99480                                          -0.04703                                      9.32626e+04                                        1.07537e+06                                    7.12044e+04               
      407100            10.30497                            0.99770                                           0.05581                                      9.35346e+04                                        1.07658e+06                                    7.11629e+04               
      408100            10.30738                            0.99091                                          -0.05977                                      9.28975e+04                                        1.07712e+06                                    7.13028e+04               
      409100            10.19279                            0.99426                                          -0.02449                                      9.32115e+04                                        1.07753e+06                                    7.13114e+04               
      410100            10.22396                            0.99141                                          -0.00723                                      9.29448e+04                                        1.07650e+06                                    7.12445e+04               
      411100            10.42599                            0.99349                                           0.03570                                      9.31394e+04                                        1.07645e+06                                    7.11721e+04               
      412100            10.19298                            1.00486                                           0.03548                                      9.42053e+04                                        1.07716e+06                                    7.12718e+04               
      413100            10.18066                            0.99353                                           0.10576                                      9.31434e+04                                        1.07688e+06                                    7.11941e+04               
      414100            10.22284                            0.98523                                           0.04881                                      9.23649e+04                                        1.07684e+06                                    7.12196e+04               
      415100            10.45658                            0.99711                                          -0.01248                                      9.34793e+04                                        1.07748e+06                                    7.13311e+04               
      416100            10.21357                            0.99981                                           0.06428                                      9.37322e+04                                        1.07734e+06                                    7.12429e+04               
      417100            10.19393                            0.98771                                           0.03669                                      9.25978e+04                                        1.07687e+06                                    7.11209e+04               
      418100            10.50798                            0.99345                                          -0.08371                                      9.31358e+04                                        1.07744e+06                                    7.13202e+04               
      419100            10.35925                            0.99397                                           0.04294                                      9.31845e+04                                        1.07737e+06                                    7.12813e+04               
      420100            10.36112                            0.99942                                        -6.35947e-04                                    9.36957e+04                                        1.07793e+06                                    7.12432e+04               
      421100            10.42995                            0.98311                                           0.01773                                      9.21667e+04                                        1.07699e+06                                    7.12023e+04               
      422100            10.61410                            0.99566                                          -0.02194                                      9.33427e+04                                        1.07723e+06                                    7.12677e+04               
      423100            10.62568                            0.99384                                           0.05976                                      9.31725e+04                                        1.07797e+06                                    7.13705e+04               
      424100            10.51597                            0.98925                                          -0.11912                                      9.27423e+04                                        1.07848e+06                                    7.13887e+04               
      425100            10.58600                            0.98240                                          -0.07059                                      9.21000e+04                                        1.07795e+06                                    7.13721e+04               
      426100            11.10915                            0.99279                                          -0.03047                                      9.30741e+04                                        1.07830e+06                                    7.13270e+04               
      427100            10.85288                            0.99269                                           0.07762                                      9.30651e+04                                        1.07750e+06                                    7.10969e+04               
      428100            10.65622                            0.98813                                           0.03300                                      9.26376e+04                                        1.07785e+06                                    7.11605e+04               
      429100            10.67890                            0.99878                                           0.04034                                      9.36353e+04                                        1.07828e+06                                    7.13033e+04               
      430100            10.87875                            0.99689                                           0.02709                                      9.34581e+04                                        1.07897e+06                                    7.13420e+04               
      431100            10.58474                            0.99969                                          -0.03601                                      9.37207e+04                                        1.07869e+06                                    7.12699e+04               
      432100            10.62663                            0.98389                                          -0.02467                                      9.22401e+04                                        1.07827e+06                                    7.13027e+04               
      433100            10.65784                            0.99719                                           0.06150                                      9.34863e+04                                        1.07910e+06                                    7.12140e+04               
      434100            10.62687                            1.00039                                           0.05443                                      9.37870e+04                                        1.07952e+06                                    7.11879e+04               
      435100            10.63719                            0.99201                                          -0.05380                                      9.30012e+04                                        1.07945e+06                                    7.14632e+04               
      436100            10.64536                            0.99531                                          -0.03936                                      9.33108e+04                                        1.07916e+06                                    7.13341e+04               
      437100            10.64072                            0.99781                                           0.01485                                      9.35444e+04                                        1.07956e+06                                    7.12426e+04               
      438100            10.66375                            1.00168                                           0.00224                                      9.39074e+04                                        1.08007e+06                                    7.13422e+04               
      439100            10.93317                            0.99507                                           0.03475                                      9.32874e+04                                        1.07964e+06                                    7.12466e+04               
      440100            10.67284                            0.98731                                          -0.07549                                      9.25599e+04                                        1.07940e+06                                    7.14100e+04               
      441100            10.66290                            0.99585                                           0.05082                                      9.33607e+04                                        1.07982e+06                                    7.13136e+04               
      442100            10.68706                            0.99405                                          -0.02028                                      9.31919e+04                                        1.07964e+06                                    7.12933e+04               
      443100            10.64643                            0.98956                                           0.11160                                      9.27716e+04                                        1.07930e+06                                    7.10576e+04               
      444100            10.81767                            0.99567                                          -0.05331                                      9.33445e+04                                        1.08093e+06                                    7.13607e+04               
      445100            10.82347                            0.99554                                           0.00283                                      9.33317e+04                                        1.08089e+06                                    7.13876e+04               
      446100            10.80979                            0.99396                                           0.02235                                      9.31836e+04                                        1.07999e+06                                    7.12231e+04               
      447100            10.80940                            0.99195                                          -0.01353                                      9.29953e+04                                        1.08073e+06                                    7.13576e+04               
      448100            10.85439                            0.99889                                          -0.06373                                      9.36462e+04                                        1.08209e+06                                    7.15034e+04               
      449100            10.77803                            0.98568                                          -0.04057                                      9.24071e+04                                        1.08029e+06                                    7.13946e+04               
      450100            10.77228                            0.98449                                           0.03318                                      9.22960e+04                                        1.08031e+06                                    7.12100e+04               
      451100            10.78045                            0.99339                                           0.04023                                      9.31305e+04                                        1.08019e+06                                    7.11693e+04               
      452100            11.10706                            0.99984                                          -0.02986                                      9.37346e+04                                        1.08189e+06                                    7.13928e+04               
      453100            11.21314                            0.99964                                           0.11988                                      9.37159e+04                                        1.08081e+06                                    7.11299e+04               
      454100            11.16531                            0.99556                                           0.02982                                      9.33340e+04                                        1.08117e+06                                    7.12140e+04               
Simulation.timestep  Simulation.tps  md.compute.ThermodynamicQuantities.kinetic_temperature md.compute.ThermodynamicQuantities.pressure md.compute.ThermodynamicQuantities.kinetic_energy md.compute.ThermodynamicQuantities.potential_energy md.compute.ThermodynamicQuantities.volume
      454100            7.48077                             0.99834                                          -0.01542                                      9.35944e+04                                        1.08131e+06                                    7.13131e+04               
      455100            8.67593                             0.99807                                           0.00222                                      9.35694e+04                                        1.08157e+06                                    7.12571e+04               
      456100            8.54535                             0.98816                                          -0.08546                                      9.26402e+04                                        1.08131e+06                                    7.13421e+04               
      457100            8.72043                             0.99196                                           0.00854                                      9.29958e+04                                        1.08180e+06                                    7.14008e+04               
      458100            8.71569                             0.99332                                        -8.27723e-04                                    9.31241e+04                                        1.08271e+06                                    7.13027e+04               
      459100            8.70849                             0.99484                                          -0.01692                                      9.32661e+04                                        1.08180e+06                                    7.12222e+04               
      460100            8.70588                             0.99104                                          -0.05411                                      9.29098e+04                                        1.08186e+06                                    7.13528e+04               
      461100            8.64522                             0.99386                                          -0.00497                                      9.31741e+04                                        1.08175e+06                                    7.12387e+04               
      462100            8.86913                             0.98620                                           0.02482                                      9.24558e+04                                        1.08218e+06                                    7.12972e+04               
      463100            8.67231                             0.99047                                           0.01654                                      9.28565e+04                                        1.08331e+06                                    7.14336e+04               
      464100            8.72208                             0.98977                                           0.10038                                      9.27907e+04                                        1.08225e+06                                    7.12215e+04               
      465100            8.65900                             0.99511                                           0.06062                                      9.32911e+04                                        1.08261e+06                                    7.11731e+04               
      466100            8.44255                             0.99556                                           0.11446                                      9.33336e+04                                        1.08239e+06                                    7.11088e+04               
      467100            8.61968                             0.99422                                          -0.02167                                      9.32081e+04                                        1.08307e+06                                    7.12950e+04               
      468100            8.69770                             0.98673                                           0.00858                                      9.25056e+04                                        1.08255e+06                                    7.12584e+04               
      469100            8.61424                             0.98055                                          -0.05514                                      9.19268e+04                                        1.08223e+06                                    7.13091e+04               
      470100            8.60178                             0.99138                                           0.05032                                      9.29423e+04                                        1.08345e+06                                    7.13106e+04               
      471100            8.66877                             0.99395                                           0.02814                                      9.31832e+04                                        1.08221e+06                                    7.12295e+04               
      472100            8.49186                             0.99506                                          -0.00844                                      9.32869e+04                                        1.08328e+06                                    7.13687e+04               
      473100            9.08854                             0.98454                                          -0.04688                                      9.23004e+04                                        1.08316e+06                                    7.13735e+04               
      474100            8.83962                             0.99237                                          -0.04249                                      9.30349e+04                                        1.08374e+06                                    7.13834e+04               
      475100            8.82388                             0.98490                                           0.02752                                      9.23341e+04                                        1.08249e+06                                    7.11859e+04               
      476100            8.82349                             0.99651                                           0.01356                                      9.34229e+04                                        1.08425e+06                                    7.12601e+04               
      477100            8.83339                             0.98352                                          -0.02246                                      9.22051e+04                                        1.08360e+06                                    7.13845e+04               
      478100            8.85070                             0.99136                                           0.00570                                      9.29401e+04                                        1.08369e+06                                    7.12358e+04               
      479100            8.88871                             0.98748                                           0.00786                                      9.25766e+04                                        1.08280e+06                                    7.12268e+04               
      480100            8.86724                             0.99397                                           0.01678                                      9.31846e+04                                        1.08400e+06                                    7.13420e+04               
      481100            8.84055                             0.99425                                           0.01177                                      9.32113e+04                                        1.08414e+06                                    7.12506e+04               
      482100            8.86246                             0.99407                                          -0.00731                                      9.31942e+04                                        1.08419e+06                                    7.12710e+04               
      483100            8.80733                             0.99553                                          -0.05095                                      9.33310e+04                                        1.08442e+06                                    7.13791e+04               
      484100            8.89781                             0.99358                                          -0.10864                                      9.31484e+04                                        1.08487e+06                                    7.15425e+04               
      485100            8.83600                             0.99186                                           0.03009                                      9.29872e+04                                        1.08476e+06                                    7.13481e+04               
      486100            8.95089                             0.99086                                           0.05757                                      9.28928e+04                                        1.08442e+06                                    7.13194e+04               
      487100            8.84828                             0.99475                                           0.03138                                      9.32579e+04                                        1.08479e+06                                    7.12401e+04               
      488100            8.80520                             0.99004                                           0.03589                                      9.28165e+04                                        1.08477e+06                                    7.13261e+04               
      489100            8.86124                             0.99432                                          -0.00977                                      9.32176e+04                                        1.08407e+06                                    7.11190e+04               
      490100            8.84498                             0.98748                                           0.08088                                      9.25762e+04                                        1.08382e+06                                    7.10394e+04               
      491100            8.83661                             0.99097                                           0.03087                                      9.29032e+04                                        1.08422e+06                                    7.11960e+04               
      492100            8.84330                             0.99259                                           0.01558                                      9.30557e+04                                        1.08491e+06                                    7.13581e+04               
      493100            8.83215                             0.99148                                          -0.03551                                      9.29511e+04                                        1.08533e+06                                    7.13865e+04               
      494100            9.08030                             0.98060                                          -0.03467                                      9.19316e+04                                        1.08453e+06                                    7.13068e+04               
      495100            8.81365                             0.99043                                           0.01385                                      9.28524e+04                                        1.08444e+06                                    7.12147e+04               
      496100            8.84032                             0.99425                                           0.01008                                      9.32107e+04                                        1.08520e+06                                    7.12453e+04               
      497100            8.84589                             0.99070                                           0.06511                                      9.28777e+04                                        1.08465e+06                                    7.11459e+04               
      498100            8.87048                             0.99000                                          -0.05996                                      9.28129e+04                                        1.08537e+06                                    7.13502e+04               
      499100            8.86417                             0.99555                                          -0.06787                                      9.33327e+04                                        1.08631e+06                                    7.13775e+04               
      500100            8.93022                             0.99368                                          -0.03562                                      9.31572e+04                                        1.08392e+06                                    7.11471e+04               
      501100            8.88196                             0.98891                                           0.00233                                      9.27102e+04                                        1.08419e+06                                    7.11269e+04               
      502100            8.85200                             0.98998                                           0.10581                                      9.28108e+04                                        1.08513e+06                                    7.11016e+04               
      503100            8.89467                             0.99706                                          -0.02173                                      9.34743e+04                                        1.08484e+06                                    7.11510e+04               
      504100            9.01938                             0.99333                                          -0.04035                                      9.31244e+04                                        1.08516e+06                                    7.11752e+04               
      505100            8.87155                             0.98921                                           0.00123                                      9.27384e+04                                        1.08493e+06                                    7.12655e+04               
      506100            8.81020                             0.99368                                           0.12054                                      9.31571e+04                                        1.08525e+06                                    7.10690e+04               
      507100            8.85014                             1.00298                                           0.12262                                      9.40292e+04                                        1.08489e+06                                    7.10478e+04               
      508100            9.11040                             0.99453                                           0.02917                                      9.32372e+04                                        1.08625e+06                                    7.13251e+04               
      509100            8.82460                             0.99292                                          -0.04072                                      9.30863e+04                                        1.08594e+06                                    7.13711e+04               
      510100            8.79887                             0.98675                                           0.00812                                      9.25079e+04                                        1.08630e+06                                    7.13072e+04               
      511100            8.81736                             0.98995                                          -0.03840                                      9.28081e+04                                        1.08650e+06                                    7.13468e+04               
      512100            8.82885                             0.99918                                          -0.00280                                      9.36733e+04                                        1.08759e+06                                    7.14752e+04               
      513100            8.88047                             0.99134                                           0.03128                                      9.29379e+04                                        1.08748e+06                                    7.14468e+04               
      514100            8.86711                             0.99495                                          -0.06824                                      9.32770e+04                                        1.08664e+06                                    7.14670e+04               
      515100            9.05617                             0.99063                                           0.01274                                      9.28718e+04                                        1.08605e+06                                    7.13012e+04               
      516100            8.85027                             0.99382                                          -0.04501                                      9.31702e+04                                        1.08641e+06                                    7.12910e+04               
      517100            9.04870                             0.99370                                          -0.06714                                      9.31598e+04                                        1.08646e+06                                    7.14062e+04               
      518100            8.85793                             0.99270                                           0.03347                                      9.30654e+04                                        1.08757e+06                                    7.13430e+04               
      519100            8.90199                             0.99680                                           0.11150                                      9.34501e+04                                        1.08618e+06                                    7.12379e+04               
      520100            8.83691                             1.00185                                           0.06894                                      9.39235e+04                                        1.08733e+06                                    7.13117e+04               
      521100            8.88197                             0.99268                                          -0.01393                                      9.30637e+04                                        1.08718e+06                                    7.13247e+04               
      522100            9.09222                             0.99153                                          -0.02443                                      9.29557e+04                                        1.08709e+06                                    7.13816e+04               
      523100            8.85762                             0.99731                                           0.02343                                      9.34981e+04                                        1.08686e+06                                    7.12850e+04               
      524100            8.88244                             0.98967                                          -0.02762                                      9.27813e+04                                        1.08702e+06                                    7.12587e+04               
      525100            8.86953                             0.99824                                           0.00718                                      9.35846e+04                                        1.08776e+06                                    7.14125e+04               
      526100            9.09993                             0.99024                                           0.00547                                      9.28349e+04                                        1.08689e+06                                    7.12398e+04               
      527100            8.82715                             0.99260                                           0.06695                                      9.30559e+04                                        1.08673e+06                                    7.10412e+04               
      528100            9.02769                             0.99697                                          -0.01982                                      9.34661e+04                                        1.08710e+06                                    7.10934e+04               
      529100            8.83567                             0.99689                                           0.01850                                      9.34581e+04                                        1.08666e+06                                    7.10853e+04               
      530100            8.83028                             0.98988                                           0.05787                                      9.28011e+04                                        1.08684e+06                                    7.11365e+04               
      531100            9.04860                             0.99917                                           0.02179                                      9.36721e+04                                        1.08738e+06                                    7.11841e+04               
      532100            8.79375                             0.99071                                           0.07956                                      9.28792e+04                                        1.08654e+06                                    7.10287e+04               
      533100            9.10488                             0.98949                                           0.06382                                      9.27651e+04                                        1.08640e+06                                    7.10357e+04               
      534100            8.85598                             0.99539                                           0.05962                                      9.33180e+04                                        1.08716e+06                                    7.10360e+04               
      535100            8.81143                             0.99715                                          -0.12793                                      9.34825e+04                                        1.08751e+06                                    7.13194e+04               
      536100            8.88410                             0.99376                                           0.02690                                      9.31646e+04                                        1.08793e+06                                    7.12830e+04               
      537100            8.85436                             0.99199                                          -0.01563                                      9.29992e+04                                        1.08788e+06                                    7.12722e+04               
      538100            8.84088                             0.99048                                          -0.05410                                      9.28579e+04                                        1.08719e+06                                    7.12853e+04               
      539100            9.03278                             0.99495                                           0.06891                                      9.32765e+04                                        1.08757e+06                                    7.12303e+04               
      540100            8.87423                             0.99226                                           0.00750                                      9.30239e+04                                        1.08710e+06                                    7.11662e+04               
      541100            8.83885                             0.99133                                           0.02850                                      9.29373e+04                                        1.08785e+06                                    7.11688e+04               
      542100            8.81878                             1.00272                                           0.07440                                      9.40048e+04                                        1.08902e+06                                    7.12223e+04               
      543100            9.11101                             0.99745                                           0.00105                                      9.35106e+04                                        1.08820e+06                                    7.12849e+04               
      544100            8.86516                             1.00008                                          -0.00111                                      9.37573e+04                                        1.08874e+06                                    7.12949e+04               
      545100            8.89742                             0.98581                                          -0.01008                                      9.24199e+04                                        1.08845e+06                                    7.12436e+04               
      546100            8.80229                             0.99312                                           0.01583                                      9.31050e+04                                        1.08812e+06                                    7.12638e+04               
      547100            8.83999                             0.99633                                          -0.01160                                      9.34062e+04                                        1.08837e+06                                    7.12363e+04               
      548100            8.81739                             0.99979                                          -0.02380                                      9.37302e+04                                        1.08974e+06                                    7.14336e+04               
      549100            9.03870                             0.99600                                          -0.02340                                      9.33750e+04                                        1.08838e+06                                    7.11336e+04               
      550100            8.84927                             0.99687                                           0.13804                                      9.34566e+04                                        1.08836e+06                                    7.10189e+04               
      551100            8.82172                             0.99781                                           0.01119                                      9.35444e+04                                        1.08792e+06                                    7.11209e+04               
      552100            9.09970                             0.98534                                          -0.16585                                      9.23754e+04                                        1.08900e+06                                    7.14439e+04               
      553100            8.91079                             0.98433                                           0.00907                                      9.22807e+04                                        1.08897e+06                                    7.13826e+04               
      554100            8.80999                             0.99005                                           0.00085                                      9.28168e+04                                        1.08837e+06                                    7.12678e+04               
      555100            8.86882                             0.99028                                          -0.07489                                      9.28392e+04                                        1.08913e+06                                    7.13628e+04               
      556100            8.88546                             0.99215                                           0.04761                                      9.30144e+04                                        1.08846e+06                                    7.12540e+04               
      557100            8.78848                             0.99136                                           0.03270                                      9.29398e+04                                        1.08843e+06                                    7.12477e+04               
      558100            8.87216                             0.99717                                          -0.07962                                      9.34844e+04                                        1.09017e+06                                    7.15100e+04               
      559100            8.84871                             0.99925                                          -0.00662                                      9.36801e+04                                        1.09004e+06                                    7.15126e+04               
      560100            8.79828                             0.99382                                          -0.07121                                      9.31707e+04                                        1.08861e+06                                    7.12975e+04               
      561100            8.81399                             1.00156                                           0.02579                                      9.38963e+04                                        1.08966e+06                                    7.11738e+04               
      562100            8.82045                             0.99292                                           0.00648                                      9.30861e+04                                        1.08944e+06                                    7.12641e+04               
      563100            8.90090                             0.98874                                          -0.03139                                      9.26942e+04                                        1.08893e+06                                    7.12884e+04               
      564100            8.79196                             0.99307                                           0.04639                                      9.31005e+04                                        1.08960e+06                                    7.13201e+04               
      565100            8.83864                             0.99119                                          -0.04035                                      9.29237e+04                                        1.08987e+06                                    7.13667e+04               
      566100            8.84631                             0.99249                                          -0.05006                                      9.30457e+04                                        1.08982e+06                                    7.13462e+04               
      567100            8.86148                             0.99402                                           0.02675                                      9.31889e+04                                        1.08936e+06                                    7.13218e+04               
      568100            8.89193                             0.98676                                          -0.04386                                      9.25084e+04                                        1.08911e+06                                    7.12785e+04               
      569100            8.91363                             0.99269                                           0.05552                                      9.30651e+04                                        1.08970e+06                                    7.11372e+04               
      570100            9.01007                             0.99361                                          -0.00206                                      9.31506e+04                                        1.09030e+06                                    7.11923e+04               
      571100            8.87950                             0.99792                                          -0.04013                                      9.35549e+04                                        1.09016e+06                                    7.13743e+04               
      572100            8.98378                             0.99417                                          -0.01315                                      9.32034e+04                                        1.09037e+06                                    7.14236e+04               
      573100            8.82791                             0.99276                                           0.02897                                      9.30712e+04                                        1.08966e+06                                    7.12959e+04               
      574100            9.06958                             0.99445                                           0.04319                                      9.32292e+04                                        1.09041e+06                                    7.12628e+04               
      575100            9.08764                             0.99093                                          -0.06633                                      9.29000e+04                                        1.08847e+06                                    7.12124e+04               
      576100            9.00843                             0.99362                                          -0.08268                                      9.31520e+04                                        1.09013e+06                                    7.13867e+04               
      577100            9.09038                             0.98854                                          -0.02930                                      9.26752e+04                                        1.08993e+06                                    7.13530e+04               
      578100            8.86749                             0.99092                                          -0.01691                                      9.28983e+04                                        1.09027e+06                                    7.13564e+04               
      579100            9.03293                             0.99212                                           0.03361                                      9.30111e+04                                        1.09096e+06                                    7.13560e+04               
      580100            9.10608                             0.99880                                           0.01332                                      9.36380e+04                                        1.09079e+06                                    7.13367e+04               
      581100            8.86466                             0.99235                                           0.00196                                      9.30324e+04                                        1.09141e+06                                    7.14362e+04               
      582100            8.90394                             0.99643                                          -0.02076                                      9.34153e+04                                        1.09105e+06                                    7.13505e+04               
      583100            8.87262                             0.99786                                           0.06752                                      9.35496e+04                                        1.09092e+06                                    7.12679e+04               
      584100            9.01036                             0.99202                                           0.08613                                      9.30021e+04                                        1.08975e+06                                    7.10206e+04               
      585100            8.83534                             0.99276                                           0.00059                                      9.30708e+04                                        1.09071e+06                                    7.12662e+04               
      586100            8.86180                             0.98922                                          -0.03163                                      9.27398e+04                                        1.08974e+06                                    7.12557e+04               
      587100            8.94624                             0.99177                                          -0.17484                                      9.29784e+04                                        1.09140e+06                                    7.15740e+04               
      588100            9.05421                             0.98949                                          -0.06252                                      9.27642e+04                                        1.09106e+06                                    7.15111e+04               
      589100            8.80798                             0.99659                                           0.02624                                      9.34300e+04                                        1.09062e+06                                    7.10995e+04               
      590100            8.85501                             0.99238                                           0.03096                                      9.30357e+04                                        1.08954e+06                                    7.11536e+04               
      591100            9.11154                             0.98837                                          -0.08995                                      9.26594e+04                                        1.09163e+06                                    7.14845e+04               
      592100            8.83968                             0.99571                                          -0.05109                                      9.33476e+04                                        1.09185e+06                                    7.14374e+04               
      593100            8.84556                             0.98789                                          -0.01012                                      9.26151e+04                                        1.09067e+06                                    7.13451e+04               
      594100            8.91150                             0.98899                                          -0.02274                                      9.27183e+04                                        1.09072e+06                                    7.11843e+04               
      595100            8.91017                             0.99957                                        -2.32971e-04                                    9.37095e+04                                        1.09177e+06                                    7.14803e+04               
      596100            9.11928                             0.98636                                          -0.00379                                      9.24712e+04                                        1.09084e+06                                    7.13467e+04               
      597100            8.85081                             0.99776                                           0.07967                                      9.35395e+04                                        1.09123e+06                                    7.12634e+04               
      598100            8.86408                             0.99842                                          -0.01893                                      9.36020e+04                                        1.09180e+06                                    7.13251e+04               
      599100            8.89086                             0.99570                                           0.06548                                      9.33471e+04                                        1.09079e+06                                    7.12121e+04               
      600100            8.83889                             0.99335                                           0.01128                                      9.31262e+04                                        1.09111e+06                                    7.12621e+04               
      601100            8.87668                             0.98587                                          -0.02502                                      9.24255e+04                                        1.09103e+06                                    7.12902e+04               
      602100            8.88461                             0.99261                                           0.05498                                      9.30575e+04                                        1.09123e+06                                    7.12792e+04               
      603100            8.88894                             0.98781                                           0.00511                                      9.26076e+04                                        1.09112e+06                                    7.12762e+04               
      604100            8.80708                             0.99617                                          -0.04750                                      9.33906e+04                                        1.09091e+06                                    7.13160e+04               
      605100            8.90845                             0.99454                                          -0.07542                                      9.32377e+04                                        1.09158e+06                                    7.13707e+04               
      606100            8.78088                             0.98895                                          -0.01235                                      9.27139e+04                                        1.09166e+06                                    7.14039e+04               
      607100            8.87406                             0.99591                                           0.05233                                      9.33667e+04                                        1.09199e+06                                    7.13729e+04               
      608100            8.89776                             0.98843                                           0.01414                                      9.26657e+04                                        1.09108e+06                                    7.13063e+04               
      609100            8.79511                             0.99310                                          -0.01944                                      9.31029e+04                                        1.09163e+06                                    7.13500e+04               
      610100            9.09218                             1.00016                                          -0.00628                                      9.37648e+04                                        1.09324e+06                                    7.15579e+04               
      611100            8.83421                             0.99225                                           0.00702                                      9.30237e+04                                        1.09131e+06                                    7.13071e+04               
      612100            8.86137                             0.99401                                           0.04402                                      9.31885e+04                                        1.09213e+06                                    7.12709e+04               
      613100            8.85985                             1.00183                                           0.00923                                      9.39212e+04                                        1.09322e+06                                    7.14554e+04               
      614100            8.89114                             1.00055                                           0.06341                                      9.38017e+04                                        1.09277e+06                                    7.13260e+04               
      615100            8.88788                             0.99316                                           0.02350                                      9.31087e+04                                        1.09121e+06                                    7.12057e+04               
      616100            8.85477                             1.00252                                           0.09991                                      9.39866e+04                                        1.09196e+06                                    7.11961e+04               
      617100            8.82258                             0.99925                                           0.05564                                      9.36797e+04                                        1.09249e+06                                    7.12907e+04               
      618100            8.86990                             0.99017                                          -0.03952                                      9.28282e+04                                        1.09103e+06                                    7.11580e+04               
      619100            8.89445                             0.99368                                           0.04776                                      9.31576e+04                                        1.09223e+06                                    7.12413e+04               
      620100            8.83199                             0.99389                                           0.01390                                      9.31772e+04                                        1.09227e+06                                    7.12947e+04               
      621100            8.85197                             0.99520                                           0.01357                                      9.32998e+04                                        1.09189e+06                                    7.12988e+04               
      622100            8.89873                             0.99127                                          -0.05163                                      9.29320e+04                                        1.09183e+06                                    7.12996e+04               
      623100            8.83536                             0.98663                                           0.06124                                      9.24966e+04                                        1.09184e+06                                    7.12761e+04               
      624100            8.90141                             0.99106                                          -0.02911                                      9.29119e+04                                        1.09156e+06                                    7.13138e+04               
      625100            8.86348                             0.99224                                          -0.03459                                      9.30224e+04                                        1.09169e+06                                    7.13022e+04               
      626100            8.86148                             0.99441                                           0.05209                                      9.32256e+04                                        1.09309e+06                                    7.13664e+04               
      627100            9.08668                             0.99453                                          -0.06447                                      9.32376e+04                                        1.09189e+06                                    7.13736e+04               
      628100            8.83042                             0.98748                                          -0.04961                                      9.25760e+04                                        1.09228e+06                                    7.13797e+04               
      629100            9.08080                             0.99158                                          -0.11273                                      9.29609e+04                                        1.09325e+06                                    7.15093e+04               
      630100            8.79663                             0.98217                                          -0.06862                                      9.20788e+04                                        1.09106e+06                                    7.12581e+04               
      631100            8.83776                             1.00113                                          -0.01474                                      9.38560e+04                                        1.09260e+06                                    7.11790e+04               
      632100            8.85519                             0.99133                                           0.08095                                      9.29368e+04                                        1.09175e+06                                    7.11143e+04               
      633100            8.83795                             0.99163                                          -0.06909                                      9.29651e+04                                        1.09149e+06                                    7.12094e+04               
      634100            9.01418                             0.99676                                           0.03885                                      9.34463e+04                                        1.09211e+06                                    7.11543e+04               
      635100            8.86001                             0.99599                                           0.06516                                      9.33742e+04                                        1.09254e+06                                    7.12354e+04               
      636100            8.85400                             0.98546                                          -0.00902                                      9.23868e+04                                        1.09146e+06                                    7.12380e+04               
      637100            8.84181                             0.99665                                          -0.00691                                      9.34357e+04                                        1.09254e+06                                    7.12545e+04               
      638100            8.89598                             0.99392                                           0.09137                                      9.31800e+04                                        1.09292e+06                                    7.11877e+04               
      639100            8.77400                             0.98935                                           0.09409                                      9.27518e+04                                        1.09174e+06                                    7.11935e+04               
      640100            8.82265                             0.99863                                           0.01129                                      9.36211e+04                                        1.09272e+06                                    7.13302e+04               
      641100            9.06106                             0.99015                                          -0.02754                                      9.28265e+04                                        1.09251e+06                                    7.12927e+04               
      642100            8.91339                             0.99326                                           0.04535                                      9.31177e+04                                        1.09192e+06                                    7.12851e+04               
      643100            9.08423                             0.99165                                          -0.09084                                      9.29669e+04                                        1.09307e+06                                    7.14885e+04               
      644100            8.89876                             0.99375                                          -0.09027                                      9.31638e+04                                        1.09280e+06                                    7.14007e+04               
      645100            8.87390                             0.98877                                          -0.06423                                      9.26976e+04                                        1.09199e+06                                    7.13441e+04               
      646100            8.81729                             0.98524                                          -0.05422                                      9.23662e+04                                        1.09247e+06                                    7.13404e+04               
      647100            8.64263                             0.98753                                          -0.06078                                      9.25814e+04                                        1.09311e+06                                    7.13761e+04               
      648100            8.88037                             0.99840                                           0.08921                                      9.36002e+04                                        1.09260e+06                                    7.12579e+04               
      649100            8.79444                             0.99483                                           0.06306                                      9.32653e+04                                        1.09275e+06                                    7.11581e+04               
      650100            8.86409                             0.99867                                           0.00284                                      9.36258e+04                                        1.09328e+06                                    7.12748e+04               
      651100            8.90659                             0.99403                                          -0.12708                                      9.31904e+04                                        1.09249e+06                                    7.13812e+04               
      652100            8.93615                             0.98956                                           0.01570                                      9.27710e+04                                        1.09154e+06                                    7.11274e+04               
      653100            9.10398                             0.99409                                           0.03560                                      9.31956e+04                                        1.09356e+06                                    7.13091e+04               
      654100            8.85905                             0.99721                                          -0.02755                                      9.34889e+04                                        1.09309e+06                                    7.13388e+04               
      655100            9.05737                             0.98838                                          -0.02644                                      9.26611e+04                                        1.09186e+06                                    7.11224e+04               
      656100            9.06275                             0.98574                                          -0.01932                                      9.24135e+04                                        1.09242e+06                                    7.12312e+04               
      657100            8.87315                             0.99241                                          -0.06363                                      9.30386e+04                                        1.09289e+06                                    7.12758e+04               
      658100            8.82446                             0.99020                                          -0.05620                                      9.28316e+04                                        1.09281e+06                                    7.13103e+04               
      659100            8.92444                             0.99391                                           0.05197                                      9.31787e+04                                        1.09323e+06                                    7.12761e+04               
      660100            8.85803                             0.98922                                          -0.03682                                      9.27391e+04                                        1.09256e+06                                    7.11913e+04               
      661100            8.83523                             0.99473                                           0.01375                                      9.32564e+04                                        1.09151e+06                                    7.10346e+04               
      662100            8.81734                             0.99331                                           0.00530                                      9.31226e+04                                        1.09290e+06                                    7.11300e+04               
      663100            8.86178                             0.99415                                          -0.02146                                      9.32018e+04                                        1.09376e+06                                    7.12701e+04               
      664100            8.89035                             0.99746                                          -0.02592                                      9.35115e+04                                        1.09286e+06                                    7.12081e+04               
      665100            8.84376                             0.98844                                          -0.04559                                      9.26660e+04                                        1.09339e+06                                    7.13694e+04               
      666100            8.98078                             0.99231                                          -0.03587                                      9.30292e+04                                        1.09366e+06                                    7.13298e+04               
      667100            8.88846                             1.00222                                           0.10581                                      9.39584e+04                                        1.09339e+06                                    7.10590e+04               
      668100            9.07607                             0.99759                                           0.19296                                      9.35245e+04                                        1.09201e+06                                    7.09907e+04               
      669100            8.86841                             0.99186                                           0.01446                                      9.29873e+04                                        1.09312e+06                                    7.11443e+04               
      670100            8.80834                             0.99351                                           0.03106                                      9.31414e+04                                        1.09318e+06                                    7.11129e+04               
      671100            8.81407                             0.99311                                          -0.01619                                      9.31044e+04                                        1.09323e+06                                    7.11873e+04               
      672100            9.05878                             0.99341                                          -0.00970                                      9.31325e+04                                        1.09201e+06                                    7.10677e+04               
      673100            8.91388                             0.98897                                          -0.08312                                      9.27155e+04                                        1.09319e+06                                    7.13027e+04               
      674100            8.82467                             0.99072                                           0.07649                                      9.28804e+04                                        1.09259e+06                                    7.10583e+04               
      675100            8.87864                             0.99697                                           0.07146                                      9.34660e+04                                        1.09293e+06                                    7.10204e+04               
      676100            9.06715                             0.99604                                           0.02847                                      9.33783e+04                                        1.09368e+06                                    7.12785e+04               
      677100            8.79494                             0.99695                                          -0.00316                                      9.34642e+04                                        1.09359e+06                                    7.12573e+04               
      678100            8.83424                             0.99525                                          -0.07178                                      9.33050e+04                                        1.09245e+06                                    7.11344e+04               
      679100            8.87990                             0.99435                                           0.00080                                      9.32204e+04                                        1.09319e+06                                    7.11886e+04               
      680100            8.83932                             0.99769                                          -0.00951                                      9.35331e+04                                        1.09472e+06                                    7.13670e+04               
      681100            9.11666                             0.98926                                          -0.07789                                      9.27430e+04                                        1.09269e+06                                    7.12792e+04               
      682100            8.85812                             0.98998                                           0.00830                                      9.28102e+04                                        1.09342e+06                                    7.12203e+04               
      683100            9.10163                             0.99271                                          -0.08833                                      9.30669e+04                                        1.09316e+06                                    7.12727e+04               
      684100            8.90929                             0.99463                                          -0.06464                                      9.32468e+04                                        1.09487e+06                                    7.13995e+04               
      685100            9.07596                             0.99030                                          -0.01850                                      9.28406e+04                                        1.09320e+06                                    7.12217e+04               
      686100            8.79720                             0.99460                                          -0.01708                                      9.32442e+04                                        1.09284e+06                                    7.11901e+04               
      687100            9.03303                             0.99781                                          -0.03892                                      9.35444e+04                                        1.09444e+06                                    7.14680e+04               
      688100            9.01318                             0.98929                                          -0.03052                                      9.27459e+04                                        1.09334e+06                                    7.13214e+04               
      689100            8.82320                             0.98964                                          -0.00327                                      9.27792e+04                                        1.09343e+06                                    7.11251e+04               
      690100            8.85332                             1.00996                                          -0.02969                                      9.46842e+04                                        1.09499e+06                                    7.13356e+04               
      691100            9.09277                             0.99950                                           0.04652                                      9.37031e+04                                        1.09388e+06                                    7.12388e+04               
      692100            8.86132                             0.99162                                          -0.01279                                      9.29641e+04                                        1.09399e+06                                    7.12899e+04               
      693100            8.91662                             0.99387                                          -0.01537                                      9.31754e+04                                        1.09392e+06                                    7.12344e+04               
      694100            9.06023                             0.98988                                           0.01956                                      9.28010e+04                                        1.09396e+06                                    7.13012e+04               
      695100            8.86706                             0.98701                                          -0.04046                                      9.25326e+04                                        1.09311e+06                                    7.12292e+04               
      696100            8.88122                             0.99330                                           0.01150                                      9.31219e+04                                        1.09390e+06                                    7.12842e+04               
      697100            8.81001                             0.99959                                           0.03590                                      9.37116e+04                                        1.09323e+06                                    7.10901e+04               
      698100            9.06147                             1.00000                                           0.01783                                      9.37498e+04                                        1.09316e+06                                    7.10633e+04               
      699100            8.80263                             0.99949                                          -0.06467                                      9.37018e+04                                        1.09354e+06                                    7.11892e+04               
      700100            8.83590                             0.98326                                           0.01029                                      9.21810e+04                                        1.09344e+06                                    7.12982e+04               
      701100            8.78525                             0.98538                                          -0.04609                                      9.23796e+04                                        1.09385e+06                                    7.12845e+04               
      702100            9.06071                             0.98991                                           0.07420                                      9.28041e+04                                        1.09420e+06                                    7.11594e+04               
      703100            8.84992                             0.99035                                           0.04922                                      9.28451e+04                                        1.09357e+06                                    7.11807e+04               
      704100            8.75812                             1.00139                                          -0.02583                                      9.38800e+04                                        1.09440e+06                                    7.12246e+04               
      705100            9.10832                             0.99399                                          -0.00590                                      9.31864e+04                                        1.09381e+06                                    7.11062e+04               
      706100            8.81420                             1.00249                                           0.08122                                      9.39835e+04                                        1.09453e+06                                    7.12066e+04               
      707100            8.91326                             0.99643                                           0.03870                                      9.34154e+04                                        1.09341e+06                                    7.12184e+04               
      708100            9.05764                             0.98986                                          -0.02374                                      9.27994e+04                                        1.09388e+06                                    7.13542e+04               
      709100            8.86712                             0.98144                                           0.02091                                      9.20103e+04                                        1.09309e+06                                    7.10525e+04               
      710100            8.86254                             0.99971                                           0.08630                                      9.37224e+04                                        1.09436e+06                                    7.10715e+04               
      711100            8.87123                             0.99511                                          -0.03776                                      9.32916e+04                                        1.09452e+06                                    7.12746e+04               
      712100            9.14168                             0.99011                                          -0.00254                                      9.28224e+04                                        1.09476e+06                                    7.11857e+04               
      713100            8.85231                             0.99130                                           0.01786                                      9.29342e+04                                        1.09432e+06                                    7.12276e+04               
      714100            8.85029                             0.99014                                          -0.04614                                      9.28255e+04                                        1.09402e+06                                    7.13559e+04               
      715100            8.81326                             0.99514                                           0.09359                                      9.32948e+04                                        1.09389e+06                                    7.10523e+04               
      716100            9.05857                             0.98655                                          -0.03451                                      9.24895e+04                                        1.09361e+06                                    7.11972e+04               
      717100            8.85861                             0.98468                                           0.12251                                      9.23137e+04                                        1.09342e+06                                    7.09373e+04               
      718100            8.84215                             0.99665                                           0.02604                                      9.34356e+04                                        1.09387e+06                                    7.11166e+04               
      719100            8.84794                             0.99708                                          -0.01443                                      9.34765e+04                                        1.09450e+06                                    7.12385e+04               
      720100            8.82724                             0.99307                                           0.04271                                      9.30999e+04                                        1.09331e+06                                    7.10211e+04               
      721100            9.07678                             0.99253                                           0.06370                                      9.30494e+04                                        1.09383e+06                                    7.10999e+04               
      722100            8.84557                             0.98949                                          -0.06977                                      9.27647e+04                                        1.09362e+06                                    7.11042e+04               
      723100            8.84123                             0.99476                                          -0.02112                                      9.32584e+04                                        1.09381e+06                                    7.11503e+04               
      724100            8.85058                             0.99723                                           0.05370                                      9.34899e+04                                        1.09317e+06                                    7.09761e+04               
      725100            9.01399                             0.99105                                           0.02859                                      9.29113e+04                                        1.09363e+06                                    7.10739e+04               
      726100            8.86627                             1.00214                                           0.01866                                      9.39506e+04                                        1.09501e+06                                    7.12349e+04               
      727100            9.07244                             0.99385                                           0.05568                                      9.31736e+04                                        1.09448e+06                                    7.11588e+04               
      728100            9.05477                             1.00144                                           0.05539                                      9.38852e+04                                        1.09393e+06                                    7.09877e+04               
      729100            8.81471                             0.99664                                           0.01313                                      9.34351e+04                                        1.09426e+06                                    7.10110e+04               
      730100            8.84285                             0.99668                                           0.05289                                      9.34387e+04                                        1.09462e+06                                    7.10335e+04               
      731100            9.10851                             0.99679                                           0.01713                                      9.34495e+04                                        1.09416e+06                                    7.11337e+04               
      732100            8.84162                             0.99721                                           0.00548                                      9.34889e+04                                        1.09417e+06                                    7.10993e+04               
      733100            8.85078                             0.98967                                           0.04079                                      9.27815e+04                                        1.09444e+06                                    7.11558e+04               
      734100            8.82746                             0.98612                                           0.04757                                      9.24485e+04                                        1.09486e+06                                    7.11509e+04               
      735100            9.10878                             0.99680                                          -0.01248                                      9.34496e+04                                        1.09518e+06                                    7.12029e+04               
      736100            8.85654                             0.99099                                          -0.01953                                      9.29056e+04                                        1.09539e+06                                    7.12371e+04               
      737100            9.06877                             0.99554                                          -0.02042                                      9.33315e+04                                        1.09581e+06                                    7.13551e+04               
      738100            8.90081                             0.99770                                           0.07417                                      9.35345e+04                                        1.09497e+06                                    7.11956e+04               
      739100            8.90417                             0.99431                                           0.02804                                      9.32167e+04                                        1.09565e+06                                    7.11992e+04               
      740100            8.88037                             0.99796                                           0.09136                                      9.35587e+04                                        1.09459e+06                                    7.11190e+04               
      741100            8.82249                             0.98791                                          -0.05056                                      9.26167e+04                                        1.09464e+06                                    7.11173e+04               
      742100            9.10850                             0.99415                                          -0.01909                                      9.32019e+04                                        1.09508e+06                                    7.12165e+04               
      743100            8.86748                             1.00714                                           0.09696                                      9.44193e+04                                        1.09589e+06                                    7.10927e+04               
      744100            8.84983                             0.99917                                           0.08711                                      9.36719e+04                                        1.09552e+06                                    7.11452e+04               
      745100            9.05362                             0.98835                                           0.04388                                      9.26577e+04                                        1.09564e+06                                    7.12186e+04               
      746100            9.09511                             0.99180                                          -0.03054                                      9.29810e+04                                        1.09554e+06                                    7.12213e+04               
      747100            8.84580                             0.99332                                           0.06431                                      9.31241e+04                                        1.09474e+06                                    7.11824e+04               
      748100            8.84283                             0.99938                                          -0.04609                                      9.36917e+04                                        1.09626e+06                                    7.14273e+04               
      749100            8.91360                             0.99930                                          -0.03657                                      9.36847e+04                                        1.09505e+06                                    7.12438e+04               
      750100            8.60366                             0.99344                                          -0.04439                                      9.31352e+04                                        1.09478e+06                                    7.12058e+04               
      751100            9.11087                             0.99532                                          -0.06698                                      9.33116e+04                                        1.09681e+06                                    7.14539e+04               
      752100            8.86963                             0.98851                                           0.04504                                      9.26726e+04                                        1.09482e+06                                    7.10837e+04               
      753100            8.84127                             0.99518                                           0.01094                                      9.32979e+04                                        1.09558e+06                                    7.12871e+04               
      754100            8.86281                             0.99608                                           0.07715                                      9.33824e+04                                        1.09578e+06                                    7.12273e+04               
      755100            9.08037                             0.99395                                          -0.02919                                      9.31828e+04                                        1.09509e+06                                    7.12068e+04               
      756100            8.88745                             0.98672                                          -0.03110                                      9.25051e+04                                        1.09603e+06                                    7.13588e+04               
      757100            9.13323                             0.99232                                          -0.07972                                      9.30302e+04                                        1.09627e+06                                    7.14484e+04               
      758100            8.84620                             0.98432                                          -0.11515                                      9.22798e+04                                        1.09457e+06                                    7.13548e+04               
      759100            8.87970                             0.99194                                           0.05375                                      9.29942e+04                                        1.09570e+06                                    7.12297e+04               
      760100            8.88335                             0.99104                                           0.02169                                      9.29098e+04                                        1.09535e+06                                    7.12209e+04               
      761100            8.79749                             0.99222                                           0.07690                                      9.30210e+04                                        1.09560e+06                                    7.12273e+04               
      762100            8.87801                             0.99544                                           0.04107                                      9.33229e+04                                        1.09660e+06                                    7.12927e+04               
      763100            8.89870                             0.99013                                           0.04476                                      9.28245e+04                                        1.09611e+06                                    7.12821e+04               
      764100            8.85177                             0.99185                                           0.05832                                      9.29858e+04                                        1.09633e+06                                    7.13902e+04               
      765100            9.03265                             0.98578                                           0.05933                                      9.24169e+04                                        1.09522e+06                                    7.11326e+04               
      766100            9.05945                             0.99892                                          -0.05203                                      9.36490e+04                                        1.09631e+06                                    7.12779e+04               
      767100            8.90958                             0.98462                                          -0.09291                                      9.23084e+04                                        1.09514e+06                                    7.13026e+04               
      768100            8.85737                             0.99784                                          -0.00495                                      9.35474e+04                                        1.09639e+06                                    7.12838e+04               
      769100            8.80697                             0.99406                                           0.05592                                      9.31929e+04                                        1.09588e+06                                    7.11119e+04               
      770100            8.86276                             0.99843                                           0.01782                                      9.36025e+04                                        1.09588e+06                                    7.11732e+04               
      771100            8.89507                             0.99840                                           0.00309                                      9.36000e+04                                        1.09596e+06                                    7.12700e+04               
      772100            8.85103                             1.00571                                           0.01661                                      9.42851e+04                                        1.09694e+06                                    7.13313e+04               
      773100            8.85974                             0.98966                                           0.01460                                      9.27802e+04                                        1.09594e+06                                    7.11731e+04               
      774100            8.83155                             0.99632                                          -0.05161                                      9.34052e+04                                        1.09654e+06                                    7.12519e+04               
      775100            8.85499                             0.99372                                          -0.02511                                      9.31615e+04                                        1.09621e+06                                    7.13071e+04               
      776100            8.89018                             0.99821                                          -0.02703                                      9.35825e+04                                        1.09629e+06                                    7.13135e+04               
      777100            8.86468                             0.99423                                           0.04799                                      9.32089e+04                                        1.09565e+06                                    7.11791e+04               
      778100            9.00822                             1.00744                                           0.05140                                      9.44479e+04                                        1.09644e+06                                    7.12383e+04               
      779100            8.90766                             0.99844                                           0.00860                                      9.36037e+04                                        1.09647e+06                                    7.12306e+04               
      780100            8.84879                             0.99160                                          -0.01491                                      9.29623e+04                                        1.09585e+06                                    7.11619e+04               
      781100            8.84638                             1.00021                                          -0.07928                                      9.37697e+04                                        1.09683e+06                                    7.13508e+04               
      782100            8.87268                             0.99502                                          -0.00113                                      9.32833e+04                                        1.09599e+06                                    7.12627e+04               
      783100            9.05419                             0.99153                                           0.04800                                      9.29557e+04                                        1.09538e+06                                    7.11770e+04               
      784100            9.03873                             0.99397                                           0.03906                                      9.31848e+04                                        1.09571e+06                                    7.11516e+04               
      785100            9.04955                             0.98794                                          -0.02418                                      9.26193e+04                                        1.09554e+06                                    7.11886e+04               
      786100            8.80955                             0.99416                                           0.00333                                      9.32025e+04                                        1.09651e+06                                    7.12315e+04               
      787100            8.85271                             0.99995                                           0.00317                                      9.37455e+04                                        1.09575e+06                                    7.12153e+04               
      788100            8.89595                             0.99337                                           0.07904                                      9.31285e+04                                        1.09564e+06                                    7.10841e+04               
      789100            8.84891                             0.99747                                          -0.02602                                      9.35130e+04                                        1.09600e+06                                    7.10806e+04               
      790100            8.85645                             0.99840                                          -0.03320                                      9.35998e+04                                        1.09617e+06                                    7.12098e+04               
      791100            9.10945                             0.98587                                          -0.05241                                      9.24255e+04                                        1.09707e+06                                    7.13325e+04               
      792100            9.09468                             0.99056                                          -0.10170                                      9.28652e+04                                        1.09681e+06                                    7.13928e+04               
      793100            8.86270                             0.98764                                          -0.00951                                      9.25915e+04                                        1.09547e+06                                    7.11378e+04               
      794100            8.85122                             0.99064                                           0.04031                                      9.28726e+04                                        1.09599e+06                                    7.10970e+04               
      795100            8.94612                             0.99733                                          -0.02982                                      9.35001e+04                                        1.09753e+06                                    7.12696e+04               
      796100            9.02344                             0.99411                                          -0.04459                                      9.31977e+04                                        1.09579e+06                                    7.12001e+04               
      797100            8.88719                             0.99799                                           0.00101                                      9.35612e+04                                        1.09548e+06                                    7.10416e+04               
      798100            8.84898                             0.99605                                           0.11133                                      9.33798e+04                                        1.09601e+06                                    7.10873e+04               
      799100            8.92119                             0.99011                                          -0.01789                                      9.28231e+04                                        1.09609e+06                                    7.10726e+04               
      800100            8.88185                             1.00009                                          -0.03863                                      9.37586e+04                                        1.09646e+06                                    7.11643e+04               
      801100            8.89448                             0.98456                                          -0.03139                                      9.23027e+04                                        1.09537e+06                                    7.10875e+04               
      802100            9.01637                             0.99470                                          -0.00499                                      9.32531e+04                                        1.09656e+06                                    7.11832e+04               
      803100            8.87086                             0.99794                                          -0.02097                                      9.35570e+04                                        1.09700e+06                                    7.11236e+04               
      804100            8.99425                             1.00004                                          -0.02385                                      9.37540e+04                                        1.09655e+06                                    7.10247e+04               
      805100            9.13127                             0.99643                                          -0.02784                                      9.34156e+04                                        1.09648e+06                                    7.11529e+04               
      806100            8.84285                             1.00086                                           0.12047                                      9.38309e+04                                        1.09558e+06                                    7.10028e+04               
      807100            8.83840                             0.99777                                           0.01998                                      9.35408e+04                                        1.09609e+06                                    7.10068e+04               
      808100            8.86522                             0.99139                                           0.00857                                      9.29427e+04                                        1.09590e+06                                    7.10707e+04               
      809100            8.97997                             0.99688                                          -0.03940                                      9.34571e+04                                        1.09725e+06                                    7.12468e+04               
      810100            8.74850                             0.99117                                           0.03587                                      9.29219e+04                                        1.09677e+06                                    7.11893e+04               
      811100            8.84538                             0.98874                                           0.02455                                      9.26944e+04                                        1.09659e+06                                    7.11481e+04               
      812100            9.09928                             0.99711                                          -0.02559                                      9.34788e+04                                        1.09675e+06                                    7.12147e+04               
      813100            8.86836                             0.99721                                           0.07034                                      9.34886e+04                                        1.09618e+06                                    7.11442e+04               
      814100            9.09543                             0.99137                                          -0.02034                                      9.29409e+04                                        1.09674e+06                                    7.12601e+04               
      815100            9.10879                             1.00320                                          -0.01633                                      9.40504e+04                                        1.09636e+06                                    7.11774e+04               
      816100            9.09878                             0.99142                                           0.02600                                      9.29453e+04                                        1.09624e+06                                    7.10679e+04               
      817100            9.27364                             0.99823                                           0.03498                                      9.35843e+04                                        1.09720e+06                                    7.11652e+04               
      818100            9.08609                             0.99661                                        -2.51124e-04                                    9.34325e+04                                        1.09677e+06                                    7.11399e+04               
