Simulation.timestep  Simulation.tps  md.compute.ThermodynamicQuantities.kinetic_temperature md.compute.ThermodynamicQuantities.pressure md.compute.ThermodynamicQuantities.kinetic_energy md.compute.ThermodynamicQuantities.potential_energy md.compute.ThermodynamicQuantities.volume
       9100             8.24407                             1.02051                                           0.06488                                      93759.13217                                        6.37723e+05                                    75746.08690               
       10100            9.45107                             1.02608                                           0.10729                                      94271.05221                                        6.36454e+05                                    74794.44586               
       11100            9.67442                             1.01279                                           0.08633                                      93050.06385                                        6.38839e+05                                    74953.19879               
       12100            9.64743                             1.01440                                           0.05831                                      93197.69637                                        6.39766e+05                                    74738.15507               
       13100            9.44779                             1.00497                                           0.07270                                      92331.28170                                        6.41937e+05                                    74835.61400               
       14100            9.67674                             0.99934                                           0.05464                                      91814.36259                                        6.42717e+05                                    74666.87015               
       15100            9.44587                             0.99879                                           0.02367                                      91764.13693                                        6.45317e+05                                    74854.78500               
       16100            9.67658                             0.99362                                          -0.04508                                      91288.50387                                        6.47475e+05                                    75009.88234               
       17100            9.68063                             0.98806                                          -0.07098                                      90778.34924                                        6.48391e+05                                    74940.95839               
       18100            9.67903                             0.99214                                          -0.03791                                      91153.08023                                        6.50336e+05                                    74928.38399               
       19100            9.64909                             0.99677                                          -0.05376                                      91578.42895                                        6.51462e+05                                    74934.10904               
       20100            9.61521                             0.99148                                          -0.06910                                      91091.92129                                        6.52141e+05                                    74691.68781               
       21100            9.68050                             0.99128                                           0.05669                                      91073.70618                                        6.53942e+05                                    74498.52698               
       22100            9.64082                             0.99888                                           0.01306                                      91771.86328                                        6.56023e+05                                    74567.18058               
       23100            9.41638                             0.99907                                           0.06560                                      91789.93818                                        6.56841e+05                                    74474.09481               
       24100            9.62816                             0.99717                                           0.04949                                      91615.19289                                        6.58361e+05                                    74437.95070               
       25100            9.64612                             0.98509                                          -0.00252                                      90504.75548                                        6.59819e+05                                    74535.94892               
       26100            9.66784                             0.99423                                           0.00976                                      91345.32252                                        6.63056e+05                                    74908.55246               
       27100            9.65635                             0.99656                                          -0.00409                                      91559.32422                                        6.64120e+05                                    74715.63577               
       28100            9.64808                             0.99297                                          -0.03442                                      91229.29226                                        6.64704e+05                                    74635.55368               
       29100            9.63083                             0.98952                                          -0.06682                                      90911.88995                                        6.66184e+05                                    74581.49233               
       30100            9.60615                             0.98974                                           0.02316                                      90932.61195                                        6.67601e+05                                    74433.75178               
       31100            9.60605                             0.99313                                          -0.00211                                      91244.11601                                        6.69619e+05                                    74489.01580               
       32100            9.63413                             0.99310                                           0.04766                                      91240.82062                                        6.71818e+05                                    74564.37495               
       33100            9.65868                             0.99392                                          -0.05033                                      91316.21445                                        6.73800e+05                                    74656.68908               
       34100            9.65836                             0.98707                                          -0.04143                                      90687.10537                                        6.74315e+05                                    74460.16522               
       35100            9.63049                             0.99350                                          -0.00309                                      91277.63708                                        6.76331e+05                                    74516.59285               
       36100            9.64298                             0.98995                                          -0.05569                                      90951.55112                                        6.79314e+05                                    74728.71299               
       37100            9.62869                             1.00014                                          -0.03078                                      91888.24422                                        6.79441e+05                                    74393.41400               
       38100            9.62507                             0.99527                                          -0.01416                                      91440.70383                                        6.81732e+05                                    74670.70077               
       39100            9.61246                             0.99709                                           0.01452                                      91607.99995                                        6.82850e+05                                    74461.12129               
       40100            9.61090                             0.99922                                          -0.01764                                      91803.02311                                        6.85008e+05                                    74595.96121               
       41100            9.60522                             0.99568                                           0.01607                                      91477.99382                                        6.85552e+05                                    74375.12609               
       42100            9.60962                             0.99799                                          -0.03809                                      91689.98554                                        6.86964e+05                                    74446.52349               
       43100            9.53736                             0.99407                                          -0.01905                                      91330.21411                                        6.88237e+05                                    74319.22022               
       44100            9.64647                             0.99157                                          -0.02561                                      91100.16479                                        6.89542e+05                                    74485.63918               
       45100            9.60584                             0.98807                                           0.00083                                      90779.34428                                        6.90900e+05                                    74350.61779               
       46100            9.57743                             0.98857                                           0.01322                                      90824.84771                                        6.90464e+05                                    74011.95169               
       47100            9.61013                             0.99382                                           0.03456                                      91306.79627                                        6.93591e+05                                    74271.71021               
       48100            9.63709                             0.98960                                           0.01805                                      90919.82521                                        6.94398e+05                                    74182.45698               
       49100            9.61830                             0.99231                                           0.02910                                      91168.70401                                        6.96819e+05                                    74214.39779               
       50100            9.57276                             0.99285                                           0.01247                                      91218.29792                                        6.97894e+05                                    74245.89590               
       51100            9.63047                             0.99802                                          -0.02979                                      91693.20142                                        7.00122e+05                                    74414.23568               
       52100            9.63463                             0.99529                                          -0.02741                                      91442.28625                                        7.01389e+05                                    74404.79638               
       53100            9.60603                             0.99148                                           0.04554                                      91092.65034                                        7.02213e+05                                    74290.27874               
       54100            9.59961                             0.99249                                          -0.04193                                      91184.90639                                        7.02923e+05                                    74179.82907               
       55100            9.36996                             0.99802                                          -0.00500                                      91693.47009                                        7.04940e+05                                    74178.85033               
       56100            9.57776                             0.99841                                           0.09380                                      91729.07709                                        7.05053e+05                                    73883.98592               
       57100            9.62556                             0.99685                                           0.03313                                      91585.50981                                        7.07241e+05                                    74158.88008               
       58100            9.59958                             0.99132                                          -0.00474                                      91077.74031                                        7.08815e+05                                    74140.97847               
       59100            9.58497                             0.98614                                           0.00850                                      90601.34295                                        7.09092e+05                                    74018.40211               
       60100            9.57872                             0.99284                                           0.04061                                      91217.16434                                        7.10522e+05                                    74034.76825               
       61100            9.54033                             1.00297                                          -0.00835                                      92147.89340                                        7.13642e+05                                    74250.05887               
       62100            9.58536                             0.99505                                           0.00208                                      91420.29487                                        7.13750e+05                                    74069.51329               
       63100            9.59854                             0.99526                                          -0.04148                                      91439.15685                                        7.15387e+05                                    74080.93937               
       64100            9.58757                             0.98469                                          -0.02475                                      90468.32038                                        7.16512e+05                                    74039.15474               
       65100            9.57244                             0.99495                                           0.03506                                      91410.57929                                        7.18043e+05                                    74000.45915               
       66100            9.55180                             0.99494                                           0.01185                                      91410.12939                                        7.20477e+05                                    74020.95251               
       67100            9.58315                             1.00343                                           0.07428                                      92190.55777                                        7.21661e+05                                    74096.86720               
       68100            9.55285                             0.99474                                          -0.02457                                      91391.54443                                        7.22125e+05                                    73997.38798               
       69100            9.53955                             0.99431                                          -0.03177                                      91352.52809                                        7.21997e+05                                    73746.76631               
       70100            9.55174                             1.00088                                           0.00977                                      91955.94132                                        7.24240e+05                                    73832.60882               
       71100            9.58222                             0.99445                                          -0.05782                                      91364.79398                                        7.27005e+05                                    74090.82627               
       72100            9.57835                             0.99089                                          -0.08633                                      91038.08251                                        7.26995e+05                                    73962.03173               
       73100            9.54458                             0.98726                                          -0.03354                                      90704.32019                                        7.28577e+05                                    74008.47367               
       74100            9.58690                             0.98391                                          -0.01762                                      90396.96050                                        7.30462e+05                                    73886.97716               
       75100            9.54787                             0.99451                                          -0.03194                                      91370.97508                                        7.30795e+05                                    73739.17530               
       76100            9.52154                             0.99428                                           0.00890                                      91349.35808                                        7.32675e+05                                    73737.77745               
       77100            9.56372                             0.99541                                           0.03517                                      91453.70515                                        7.34685e+05                                    73868.71971               
       78100            9.60899                             0.99518                                          -0.10809                                      91431.95900                                        7.36224e+05                                    74001.36110               
       79100            9.55180                             0.99540                                          -0.00953                                      91452.71064                                        7.36221e+05                                    73641.69782               
       80100            9.51770                             1.00090                                          -0.00260                                      91958.06681                                        7.38652e+05                                    73746.91337               
       81100            9.54056                             0.99566                                           0.00199                                      91476.66738                                        7.39684e+05                                    73750.37220               
       82100            9.57304                             0.99529                                          -0.03580                                      91442.19512                                        7.41078e+05                                    73799.22715               
       83100            9.50338                             0.99085                                          -0.01017                                      91034.04915                                        7.41137e+05                                    73561.68759               
       84100            9.51680                             0.98741                                           0.00343                                      90718.71672                                        7.42918e+05                                    73717.42252               
       85100            9.49893                             0.99556                                           0.01801                                      91466.83668                                        7.43168e+05                                    73375.05321               
       86100            9.50411                             0.99209                                           0.00330                                      91147.92760                                        7.45447e+05                                    73651.36091               
       87100            9.54827                             1.00119                                           0.04752                                      91984.14352                                        7.47747e+05                                    73814.23340               
       88100            9.55309                             1.00365                                           0.04078                                      92210.38263                                        7.48329e+05                                    73587.22463               
       89100            9.27866                             0.99550                                          -0.00160                                      91461.54961                                        7.49005e+05                                    73525.68629               
       90100            9.51354                             1.00272                                          -0.09456                                      92124.85907                                        7.51579e+05                                    73777.85539               
       91100            9.48374                             0.99496                                           0.08981                                      91411.87410                                        7.51350e+05                                    73436.95755               
       92100            9.74993                             0.98789                                          -0.01565                                      90762.31691                                        7.53536e+05                                    73652.40667               
       93100            9.53800                             1.00145                                           0.05773                                      92008.59547                                        7.54739e+05                                    73465.79313               
       94100            9.49873                             0.99123                                           0.01872                                      91069.08657                                        7.54366e+05                                    73336.34153               
       95100            9.53285                             0.99154                                           0.03246                                      91097.80604                                        7.56237e+05                                    73315.42662               
       96100            9.51410                             0.99219                                           0.02356                                      91157.53978                                        7.57180e+05                                    73341.47329               
       97100            9.47428                             0.99894                                           0.00416                                      91777.31032                                        7.59598e+05                                    73435.23818               
       98100            9.48357                             0.99806                                           0.01023                                      91696.67595                                        7.61025e+05                                    73496.81816               
       99100            9.51026                             0.99860                                          -0.02296                                      91746.52898                                        7.62489e+05                                    73518.11896               
      100100            9.53955                             0.99227                                           0.01397                                      91165.25417                                        7.63211e+05                                    73540.25531               
      101100            9.52085                             0.99048                                           0.01678                                      91000.74968                                        7.63598e+05                                    73274.26480               
      102100            9.45505                             0.99958                                           0.02229                                      91836.17102                                        7.65448e+05                                    73379.05542               
      103100            9.50816                             0.99601                                           0.02008                                      91508.64561                                        7.66255e+05                                    73299.10153               
      104100            9.51637                             0.99835                                          -0.08217                                      91723.03628                                        7.67858e+05                                    73598.09510               
      105100            9.41085                             0.99765                                           0.03580                                      91658.80205                                        7.67093e+05                                    73171.49567               
      106100            9.50740                             0.98781                                          -0.02281                                      90755.28394                                        7.69344e+05                                    73280.21669               
      107100            9.53835                             0.99163                                          -0.01774                                      91106.17086                                        7.70602e+05                                    73270.57281               
      108100            9.50081                             0.99527                                          -0.02859                                      91440.02623                                        7.72105e+05                                    73381.99858               
      109100            9.51015                             0.99962                                          -0.00278                                      91840.24339                                        7.73644e+05                                    73365.30275               
      110100            9.51219                             0.99692                                          -0.05596                                      91591.63038                                        7.74312e+05                                    73442.05705               
      111100            9.50655                             0.99303                                          -0.02998                                      91234.53338                                        7.75680e+05                                    73358.39316               
      112100            9.72700                             0.99296                                          -0.00743                                      91228.30679                                        7.76319e+05                                    73233.59252               
      113100            9.47727                             0.99903                                           0.09369                                      91785.65843                                        7.76996e+05                                    73077.23599               
      114100            9.48303                             1.00033                                           0.06755                                      91905.53333                                        7.78377e+05                                    73006.65327               
      115100            9.51329                             1.00352                                           0.05917                                      92198.57139                                        7.79923e+05                                    73246.97350               
      116100            9.22069                             0.99704                                          -0.01248                                      91603.13586                                        7.80189e+05                                    73054.42103               
      117100            9.47660                             1.00221                                           0.02255                                      92078.33038                                        7.82265e+05                                    73340.22520               
      118100            9.49619                             0.99792                                           0.01523                                      91683.85390                                        7.83350e+05                                    73237.17397               
      119100            9.50218                             0.99870                                           0.01356                                      91756.01697                                        7.84200e+05                                    73116.89756               
      120100            9.48318                             0.99033                                          -0.03016                                      90987.00466                                        7.83953e+05                                    72955.74235               
      121100            9.44843                             0.99788                                           0.04482                                      91680.53758                                        7.87738e+05                                    73242.18185               
      122100            9.44860                             0.98983                                           0.00824                                      90940.88505                                        7.87054e+05                                    72936.31846               
      123100            9.45481                             0.99783                                           0.01486                                      91675.58488                                        7.89253e+05                                    73043.60355               
      124100            9.45081                             0.98776                                          -0.01904                                      90750.19851                                        7.89804e+05                                    73026.17872               
      125100            9.48850                             0.98852                                          -0.02994                                      90820.55560                                        7.91703e+05                                    73265.06568               
      126100            9.44861                             0.99227                                           0.00975                                      91164.86273                                        7.92710e+05                                    73133.40091               
      127100            9.46344                             1.00450                                           0.06151                                      92288.04501                                        7.93345e+05                                    73029.66673               
      128100            9.44884                             0.99965                                           0.14139                                      91843.28625                                        7.93733e+05                                    72842.81978               
      129100            9.45646                             1.00021                                           0.01797                                      91894.33545                                        7.94618e+05                                    72819.84640               
      130100            9.45597                             0.99898                                           0.00981                                      91781.66610                                        7.95410e+05                                    72880.22006               
      131100            9.41025                             0.99465                                           0.02491                                      91383.74008                                        7.97625e+05                                    73099.12680               
      132100            9.43708                             0.99201                                           0.01538                                      91140.63883                                        7.97822e+05                                    73048.27774               
      133100            9.45972                             0.99445                                           0.00383                                      91365.50723                                        7.99365e+05                                    73081.56006               
      134100            9.45940                             0.99649                                          -0.00592                                      91552.64251                                        7.99824e+05                                    73045.97357               
      135100            9.42500                             0.99453                                           0.03499                                      91372.68956                                        8.00883e+05                                    72952.39870               
      136100            9.43516                             0.99653                                           0.02619                                      91556.17398                                        8.01731e+05                                    72890.85140               
      137100            9.42327                             0.99033                                           0.03757                                      90986.14574                                        8.02856e+05                                    72932.99636               
      138100            9.72976                             0.99896                                          -0.01320                                      91779.41978                                        8.05031e+05                                    73130.88256               
      139100            9.47505                             0.99443                                           0.00778                                      91363.62905                                        8.05544e+05                                    73035.64559               
      140100            9.46507                             0.99429                                          -0.02794                                      91350.15165                                        8.06409e+05                                    72979.47118               
      141100            9.67763                             0.99639                                          -0.02074                                      91543.48689                                        8.06396e+05                                    72868.27239               
      142100            9.42068                             1.00283                                           0.02904                                      92135.06789                                        8.08397e+05                                    72886.45416               
      143100            9.40636                             1.00361                                           0.09190                                      92207.11732                                        8.09472e+05                                    72829.71767               
      144100            9.39851                             0.99587                                           0.01194                                      91495.97785                                        8.09415e+05                                    72778.60669               
      145100            9.46475                             0.99634                                          -0.06225                                      91538.42358                                        8.12134e+05                                    72958.47031               
Simulation.timestep  Simulation.tps  md.compute.ThermodynamicQuantities.kinetic_temperature md.compute.ThermodynamicQuantities.pressure md.compute.ThermodynamicQuantities.kinetic_energy md.compute.ThermodynamicQuantities.potential_energy md.compute.ThermodynamicQuantities.volume
      145100            8.26048                             1.01201                                           0.09490                                      92978.50433                                        8.07042e+05                                    72849.50784               
      146100            9.50797                             0.99571                                           0.00122                                      91481.12916                                        8.05299e+05                                    72411.12897               
      147100            9.49517                             0.99627                                           0.01348                                      91532.50327                                        8.07175e+05                                    72526.37175               
      148100            9.31945                             0.99566                                          -0.05694                                      91476.15414                                        8.08616e+05                                    72822.19259               
      149100            9.45465                             0.99158                                          -0.06528                                      91101.51623                                        8.07373e+05                                    72434.01266               
      150100            9.46133                             0.99813                                          -0.00979                                      91702.87605                                        8.09804e+05                                    72592.86799               
      151100            9.45129                             0.99485                                          -0.08346                                      91401.74988                                        8.11043e+05                                    72778.95896               
      152100            9.45944                             0.99149                                           0.02001                                      91092.78452                                        8.11939e+05                                    72617.96002               
      153100            9.66403                             0.99382                                          -0.06035                                      91307.42010                                        8.12190e+05                                    72572.56174               
      154100            9.47184                             1.00129                                          -0.02350                                      91993.78190                                        8.13629e+05                                    72681.77611               
      155100            9.22016                             0.99534                                          -0.05691                                      91446.68036                                        8.13626e+05                                    72480.32173               
      156100            9.44666                             0.99425                                          -0.01413                                      91346.36149                                        8.15422e+05                                    72565.14463               
      157100            9.39816                             0.98966                                           0.03966                                      90924.65016                                        8.13802e+05                                    72174.27741               
      158100            9.43906                             0.99056                                          -0.02610                                      91007.74761                                        8.16541e+05                                    72408.89545               
      159100            9.42025                             0.98704                                           0.06004                                      90684.29874                                        8.17452e+05                                    72440.35188               
      160100            9.42676                             0.99141                                           0.05579                                      91085.67181                                        8.18656e+05                                    72378.94609               
      161100            9.47404                             0.99764                                          -0.04612                                      91657.78425                                        8.19974e+05                                    72562.57716               
      162100            9.45593                             0.99073                                           0.00366                                      91023.72483                                        8.19596e+05                                    72273.05814               
      163100            9.41401                             0.99228                                           0.01784                                      91165.77040                                        8.20327e+05                                    72253.52696               
      164100            9.46928                             0.99728                                           0.03952                                      91625.12969                                        8.21213e+05                                    72145.16537               
      165100            9.44126                             0.99919                                           0.08978                                      91800.28536                                        8.23065e+05                                    72274.29311               
      166100            9.50191                             0.99793                                           0.04780                                      91685.13439                                        8.24417e+05                                    72366.06042               
      167100            9.44885                             0.99511                                          -0.00587                                      91425.89414                                        8.24559e+05                                    72316.08018               
      168100            9.41940                             0.99821                                          -0.01702                                      91710.93069                                        8.25747e+05                                    72487.11098               
      169100            9.44316                             0.98539                                          -0.09586                                      90532.89575                                        8.25915e+05                                    72521.44779               
      170100            9.43585                             0.98658                                          -0.02470                                      90641.98416                                        8.27356e+05                                    72564.02027               
      171100            9.42369                             0.98718                                          -0.03324                                      90696.99500                                        8.27310e+05                                    72427.93438               
      172100            9.45772                             0.99591                                          -0.07911                                      91498.93102                                        8.29853e+05                                    72531.48333               
      173100            9.44138                             0.99295                                          -0.05234                                      91227.38097                                        8.29852e+05                                    72491.93999               
      174100            9.44605                             0.99642                                          -0.05187                                      91546.10714                                        8.30907e+05                                    72571.69693               
      175100            9.42567                             0.99579                                          -0.01522                                      91488.46392                                        8.31608e+05                                    72389.64912               
      176100            9.47080                             0.98964                                          -0.00897                                      90922.91163                                        8.31939e+05                                    72483.01993               
      177100            9.43712                             1.00515                                          -0.02696                                      92348.27924                                        8.32392e+05                                    72388.90044               
      178100            9.40737                             0.99191                                           0.07394                                      91131.91442                                        8.31528e+05                                    72042.79027               
      179100            9.40246                             1.00023                                           0.02132                                      91896.04082                                        8.34091e+05                                    72304.44077               
      180100            9.42403                             0.99659                                           0.05200                                      91561.67540                                        8.34962e+05                                    72174.61948               
      181100            9.45253                             0.99533                                           0.05613                                      91445.84965                                        8.35261e+05                                    72099.07347               
      182100            9.44822                             1.00250                                           0.00905                                      92104.78753                                        8.37013e+05                                    72261.36349               
      183100            9.39931                             0.99657                                          -0.03373                                      91559.47560                                        8.37373e+05                                    72321.57860               
      184100            9.43395                             0.99171                                          -0.00580                                      91113.02819                                        8.37905e+05                                    72248.31385               
      185100            9.65462                             0.98645                                           0.00346                                      90630.11961                                        8.37017e+05                                    71994.73478               
      186100            9.42128                             0.99187                                          -0.02512                                      91128.10180                                        8.40110e+05                                    72426.22165               
      187100            9.45405                             0.99896                                          -0.03416                                      91779.66414                                        8.40736e+05                                    72278.97455               
      188100            9.40480                             0.99671                                           0.01877                                      91572.64245                                        8.42039e+05                                    72299.83244               
      189100            9.20295                             1.00241                                           0.11632                                      92096.47470                                        8.42316e+05                                    72048.21416               
      190100            9.42491                             0.99998                                           0.00200                                      91873.15875                                        8.42752e+05                                    72123.58057               
      191100            9.43713                             1.00278                                          -0.08496                                      92130.36721                                        8.43823e+05                                    72294.37290               
      192100            9.42193                             0.99272                                           0.00890                                      91206.09483                                        8.43573e+05                                    72064.46385               
      193100            9.45103                             0.99218                                           0.00105                                      91156.96442                                        8.45689e+05                                    72212.07540               
      194100            9.36696                             0.99729                                           0.06229                                      91626.17584                                        8.46384e+05                                    72104.01267               
      195100            9.41143                             0.99363                                           0.05368                                      91289.77598                                        8.47017e+05                                    72126.21937               
      196100            9.37699                             0.99414                                          -0.00093                                      91336.86247                                        8.46452e+05                                    72023.97407               
      197100            9.63072                             0.99719                                          -0.00453                                      91617.27360                                        8.48500e+05                                    72189.65670               
      198100            9.40116                             0.99721                                           0.00762                                      91618.57784                                        8.48880e+05                                    72135.05351               
      199100            9.40920                             0.99998                                          -0.00765                                      91872.99707                                        8.50879e+05                                    72225.10857               
      200100            9.41746                             0.99733                                           0.01832                                      91629.32471                                        8.50754e+05                                    72058.79088               
      201100            9.36641                             0.99015                                          -0.00368                                      90969.81157                                        8.51486e+05                                    71996.10111               
      202100            9.62500                             0.98635                                          -0.01745                                      90621.34407                                        8.52208e+05                                    72040.62427               
      203100            9.41310                             0.99313                                           0.00679                                      91244.13186                                        8.52902e+05                                    72043.39727               
      204100            9.36964                             0.99450                                          -0.05684                                      91369.78014                                        8.52717e+05                                    72048.34348               
      205100            9.38615                             0.99531                                          -0.01179                                      91444.43185                                        8.55103e+05                                    72141.07054               
      206100            9.39741                             0.99930                                           0.03643                                      91810.69529                                        8.53818e+05                                    71913.40034               
      207100            9.41295                             0.98504                                          -0.05748                                      90500.20443                                        8.55226e+05                                    72217.52140               
      208100            9.42538                             0.98917                                          -0.13632                                      90880.44628                                        8.57151e+05                                    72325.31369               
      209100            9.42325                             0.99222                                          -0.04134                                      91160.15608                                        8.57169e+05                                    72101.42540               
      210100            9.42990                             0.99682                                           0.06254                                      91582.86958                                        8.58645e+05                                    72131.05562               
      211100            9.42677                             1.00058                                           0.06773                                      91928.58844                                        8.58797e+05                                    71980.78942               
      212100            9.67669                             0.99291                                           0.04967                                      91223.60853                                        8.59535e+05                                    71851.65199               
      213100            9.39095                             0.98938                                           0.01424                                      90899.63219                                        8.59365e+05                                    71868.50374               
      214100            9.34346                             0.99668                                          -0.01558                                      91569.53045                                        8.60857e+05                                    71939.03328               
      215100            9.36714                             0.99329                                          -0.01817                                      91258.67084                                        8.61817e+05                                    71825.07576               
      216100            9.39478                             0.99324                                          -0.06753                                      91253.83035                                        8.62361e+05                                    72036.02187               
      217100            9.41294                             0.99101                                          -0.06044                                      91048.63409                                        8.63931e+05                                    72108.98544               
      218100            9.37033                             0.99285                                           0.02269                                      91217.77011                                        8.64183e+05                                    71893.04936               
      219100            9.43447                             0.99934                                          -0.04791                                      91814.51555                                        8.65679e+05                                    72072.06055               
      220100            9.34055                             0.99575                                          -0.06476                                      91484.32213                                        8.65587e+05                                    71856.65162               
      221100            9.37096                             0.99324                                           0.01154                                      91254.30242                                        8.66157e+05                                    71905.37694               
      222100            9.37803                             0.98949                                          -0.08964                                      90909.48618                                        8.67840e+05                                    72114.52410               
      223100            9.40820                             0.99717                                          -0.01097                                      91615.17936                                        8.66759e+05                                    71791.40138               
      224100            9.38009                             0.98765                                          -0.02918                                      90740.10122                                        8.68515e+05                                    71859.88530               
      225100            9.39625                             0.98645                                           0.01709                                      90630.55149                                        8.68575e+05                                    71855.06743               
      226100            9.37861                             0.97786                                          -0.06019                                      89840.59651                                        8.69482e+05                                    72002.69109               
      227100            9.32146                             0.99272                                          -0.00952                                      91206.15413                                        8.70639e+05                                    71824.56069               
      228100            9.38580                             0.99512                                          -0.02260                                      91426.69051                                        8.72791e+05                                    72077.14057               
      229100            9.32209                             0.99532                                           0.03098                                      91444.74382                                        8.72747e+05                                    71909.12110               
      230100            9.36863                             0.99787                                          -0.04119                                      91679.12515                                        8.74965e+05                                    72154.62052               
      231100            9.32729                             1.00151                                          -0.04059                                      92014.11321                                        8.74879e+05                                    71949.91113               
      232100            9.40977                             0.99342                                          -0.04416                                      91270.82230                                        8.76373e+05                                    72230.81502               
      233100            9.40340                             0.99552                                          -0.05230                                      91463.68060                                        8.75498e+05                                    71902.87938               
      234100            9.32286                             0.99187                                          -0.09187                                      91128.37923                                        8.76633e+05                                    71993.99645               
      235100            9.40168                             0.99175                                          -0.04224                                      91116.90895                                        8.76654e+05                                    71909.23568               
      236100            9.35834                             0.99188                                          -0.00150                                      91129.18024                                        8.76791e+05                                    71846.45370               
      237100            9.32537                             0.99186                                          -0.07129                                      91126.69362                                        8.77228e+05                                    71795.41802               
      238100            9.33435                             0.98367                                          -0.01416                                      90374.54626                                        8.78750e+05                                    71859.91887               
      239100            9.37539                             1.00189                                           0.01253                                      92048.31701                                        8.79376e+05                                    71840.06442               
      240100            9.38463                             0.98909                                          -0.03424                                      90872.93780                                        8.80579e+05                                    72004.89900               
      241100            9.34037                             0.99469                                          -0.01651                                      91387.26646                                        8.79872e+05                                    71800.25407               
      242100            9.36801                             0.99803                                          -0.01032                                      91694.40060                                        8.80330e+05                                    71713.35762               
      243100            9.35390                             0.99637                                           0.02951                                      91541.67441                                        8.81026e+05                                    71550.58213               
      244100            9.33212                             0.99578                                           0.13764                                      91487.10514                                        8.81889e+05                                    71605.24415               
      245100            9.35372                             0.99983                                          -0.02772                                      91859.36461                                        8.82987e+05                                    71701.33838               
      246100            9.56820                             0.99141                                          -0.00189                                      91085.50703                                        8.82698e+05                                    71695.70885               
      247100            9.56467                             0.98872                                          -0.03073                                      90838.32646                                        8.84348e+05                                    71875.84903               
      248100            9.33940                             0.98988                                           0.09664                                      90945.17196                                        8.83861e+05                                    71490.86825               
      249100            9.57199                             0.98923                                           0.04026                                      90885.93245                                        8.85000e+05                                    71526.76563               
      250100            9.34211                             0.99711                                           0.02755                                      91609.88166                                        8.86831e+05                                    71824.22584               
      251100            9.36699                             1.00095                                          -0.00776                                      91962.63878                                        8.87435e+05                                    71792.22227               
      252100            9.30877                             0.99016                                           0.01180                                      90971.14788                                        8.86381e+05                                    71429.65456               
      253100            9.35787                             0.98991                                           0.02877                                      90948.10016                                        8.89111e+05                                    71783.78607               
      254100            9.35914                             1.00130                                           0.00800                                      91994.38046                                        8.88894e+05                                    71703.23768               
      255100            9.34725                             0.99620                                          -0.00013                                      91525.91670                                        8.89203e+05                                    71660.30699               
      256100            9.35098                             0.98957                                          -0.00031                                      90916.31704                                        8.90432e+05                                    71750.16340               
      257100            9.55347                             0.99125                                           0.00044                                      91070.66579                                        8.90388e+05                                    71609.96336               
      258100            9.30293                             0.98731                                           0.06174                                      90709.39439                                        8.89626e+05                                    71427.13802               
      259100            9.34988                             0.99956                                          -0.00721                                      91835.02099                                        8.92104e+05                                    71699.09142               
      260100            9.34534                             0.98829                                           0.07039                                      90799.27112                                        8.91401e+05                                    71459.69521               
      261100            9.33668                             0.99825                                           0.04502                                      91713.79301                                        8.92687e+05                                    71622.82452               
      262100            9.53423                             1.00030                                           0.01857                                      91902.14974                                        8.93334e+05                                    71460.91580               
      263100            9.35177                             0.99719                                           0.03739                                      91616.89493                                        8.93857e+05                                    71575.76217               
      264100            9.30317                             0.99566                                          -0.05222                                      91476.30398                                        8.95059e+05                                    71740.94092               
      265100            9.53939                             0.98965                                          -0.00854                                      90924.47715                                        8.95341e+05                                    71779.97073               
      266100            9.37005                             0.99488                                           0.00963                                      91404.99890                                        8.96853e+05                                    71773.66239               
      267100            9.57580                             0.99651                                          -0.05784                                      91553.90815                                        8.96771e+05                                    71677.19600               
      268100            9.29576                             0.99617                                          -0.02583                                      91523.30040                                        8.96548e+05                                    71548.69790               
      269100            9.32152                             0.99491                                          -0.00619                                      91407.71958                                        8.98415e+05                                    71692.24371               
      270100            9.33870                             1.00438                                           0.01586                                      92277.82594                                        8.98593e+05                                    71752.03109               
      271100            9.35072                             1.00158                                           0.04308                                      92020.60246                                        8.98759e+05                                    71570.15954               
      272100            9.58030                             0.99254                                          -0.05092                                      91189.95478                                        8.99342e+05                                    71709.46622               
      273100            9.32822                             0.99397                                           0.06072                                      91320.81913                                        8.98730e+05                                    71388.76870               
      274100            9.57010                             0.98964                                          -0.04250                                      90923.18443                                        8.99468e+05                                    71498.86436               
      275100            9.31777                             0.99607                                           0.03112                                      91513.84167                                        9.01071e+05                                    71535.40999               
      276100            9.31398                             1.00427                                           0.07278                                      92266.87881                                        9.01367e+05                                    71470.72713               
      277100            9.31709                             0.99756                                          -0.00311                                      91650.37499                                        9.02200e+05                                    71517.14833               
      278100            9.31391                             0.99296                                           0.05460                                      91228.15294                                        9.01093e+05                                    71450.80167               
      279100            9.54525                             0.99876                                           0.00153                                      91761.24641                                        9.02240e+05                                    71462.92920               
      280100            9.35825                             0.99556                                          -0.03286                                      91466.85517                                        9.04344e+05                                    71786.29174               
      281100            9.33273                             0.99987                                           0.04764                                      91862.91105                                        9.04321e+05                                    71570.95732               
      282100            9.33558                             0.99784                                          -0.00947                                      91676.28193                                        9.03233e+05                                    71455.16594               
      283100            9.37742                             0.99691                                          -0.06237                                      91591.26334                                        9.05243e+05                                    71694.08898               
      284100            9.32535                             0.98976                                          -0.04346                                      90933.87774                                        9.04253e+05                                    71599.02864               
      285100            9.30516                             0.99278                                          -0.07010                                      91211.91585                                        9.05694e+05                                    71606.94876               
      286100            9.28705                             0.99310                                          -0.01828                                      91240.72905                                        9.04764e+05                                    71517.25945               
      287100            9.33036                             0.99307                                          -0.09898                                      91238.74529                                        9.06598e+05                                    71742.13875               
      288100            9.31530                             0.98711                                          -0.00461                                      90690.99752                                        9.06230e+05                                    71557.72578               
      289100            9.30110                             1.00067                                          -0.03714                                      91936.16533                                        9.07120e+05                                    71542.41560               
      290100            9.35027                             0.99337                                           0.02344                                      91266.12958                                        9.06830e+05                                    71441.14199               
      291100            9.36153                             0.98588                                           0.03378                                      90578.17373                                        9.07666e+05                                    71563.80240               
      292100            9.33348                             0.99820                                           0.00542                                      91709.86639                                        9.08082e+05                                    71516.74834               
      293100            9.56691                             1.00975                                           0.13928                                      92770.77906                                        9.08663e+05                                    71293.32473               
      294100            9.26956                             1.00453                                           0.15526                                      92290.92949                                        9.09199e+05                                    71275.59041               
      295100            9.28181                             0.99048                                          -0.01807                                      91000.39396                                        9.08914e+05                                    71279.02715               
      296100            9.30535                             0.99092                                          -0.02613                                      91041.15676                                        9.10200e+05                                    71526.01058               
      297100            9.33925                             0.99195                                          -0.05264                                      91135.51446                                        9.11453e+05                                    71577.75643               
      298100            9.33056                             0.99145                                          -0.01584                                      91089.52416                                        9.10692e+05                                    71480.78228               
      299100            9.32798                             0.98833                                           0.02364                                      90802.79597                                        9.10890e+05                                    71393.84130               
      300100            9.32139                             0.99181                                          -0.05244                                      91122.33058                                        9.11665e+05                                    71428.65316               
      301100            9.30860                             0.99950                                          -0.01994                                      91828.88921                                        9.13005e+05                                    71417.77204               
      302100            9.31160                             0.99408                                          -0.00615                                      91331.22815                                        9.12478e+05                                    71307.05270               
      303100            9.34619                             0.99226                                          -0.07247                                      91164.22222                                        9.13593e+05                                    71467.99395               
      304100            9.27741                             0.99460                                           0.01241                                      91379.20798                                        9.13883e+05                                    71447.11502               
      305100            9.31943                             1.00229                                          -0.01729                                      92085.64156                                        9.15124e+05                                    71425.83219               
      306100            9.36575                             0.99898                                           0.06743                                      91781.04714                                        9.15091e+05                                    71349.72460               
      307100            9.29794                             0.98339                                          -0.05713                                      90349.12300                                        9.14432e+05                                    71235.48570               
      308100            9.52458                             0.98750                                           0.04970                                      90726.24909                                        9.14754e+05                                    71254.56008               
      309100            9.32021                             0.99630                                          -0.02214                                      91534.68336                                        9.16154e+05                                    71442.34055               
      310100            9.34786                             0.99815                                           0.04171                                      91704.83762                                        9.17269e+05                                    71428.31809               
      311100            9.29638                             0.99012                                           0.06709                                      90967.24164                                        9.16178e+05                                    71146.99725               
      312100            9.31894                             0.99171                                          -0.00155                                      91113.42816                                        9.18105e+05                                    71335.51162               
      313100            9.35636                             0.99764                                           0.00255                                      91658.36112                                        9.18690e+05                                    71292.43836               
      314100            9.10746                             0.99137                                           0.02889                                      91082.49118                                        9.18425e+05                                    71289.01359               
      315100            9.31840                             0.99367                                          -0.01100                                      91293.32563                                        9.18906e+05                                    71270.59151               
      316100            9.26846                             1.00024                                           0.07555                                      91896.91462                                        9.18303e+05                                    71087.88940               
      317100            9.54432                             0.98748                                          -0.10031                                      90724.58105                                        9.18748e+05                                    71225.78619               
      318100            9.29756                             0.98816                                           0.05389                                      90787.65664                                        9.19182e+05                                    71186.42253               
      319100            9.24749                             0.99608                                           0.06524                                      91514.77757                                        9.19868e+05                                    71029.71915               
      320100            9.30024                             0.99622                                          -0.07423                                      91527.94999                                        9.21584e+05                                    71422.70348               
      321100            9.32028                             1.00203                                          -0.01550                                      92061.30875                                        9.22470e+05                                    71390.60989               
      322100            9.46828                             0.99600                                           0.10384                                      91507.31857                                        9.20843e+05                                    71051.93077               
      323100            9.29161                             0.98971                                           0.00039                                      90929.21370                                        9.23119e+05                                    71357.68221               
      324100            9.31823                             0.98137                                          -0.05041                                      90163.17440                                        9.23291e+05                                    71482.21560               
      325100            9.35481                             0.99508                                          -0.07942                                      91423.30311                                        9.23817e+05                                    71600.99590               
      326100            9.31438                             0.98617                                          -0.12466                                      90604.50897                                        9.24196e+05                                    71579.06589               
      327100            9.31369                             0.99509                                          -0.05194                                      91423.65005                                        9.24954e+05                                    71555.99142               
      328100            9.32027                             1.00079                                          -0.04642                                      91948.03769                                        9.25352e+05                                    71452.78300               
      329100            9.32704                             0.99312                                          -0.02604                                      91242.86406                                        9.25556e+05                                    71325.58480               
      330100            9.53882                             0.98852                                          -0.01354                                      90820.56644                                        9.24767e+05                                    71186.72468               
      331100            9.27001                             0.99337                                           0.05867                                      91265.79014                                        9.25359e+05                                    71125.52828               
      332100            9.28625                             0.99205                                          -0.05225                                      91144.88839                                        9.26038e+05                                    71235.46691               
      333100            9.29766                             0.99653                                           0.05922                                      91556.43770                                        9.27165e+05                                    71287.04328               
      334100            9.27929                             0.99228                                          -0.03106                                      91165.65694                                        9.27384e+05                                    71426.73304               
      335100            9.28564                             0.98807                                           0.01154                                      90779.35160                                        9.27158e+05                                    71286.64101               
      336100            9.51785                             0.98703                                          -0.01858                                      90683.69483                                        9.29105e+05                                    71447.30628               
      337100            9.33063                             0.99371                                          -0.01201                                      91296.64762                                        9.28953e+05                                    71301.76856               
      338100            9.29710                             0.99674                                           0.01754                                      91575.67162                                        9.29446e+05                                    71318.58235               
      339100            9.28370                             0.99408                                           0.02646                                      91331.08890                                        9.28464e+05                                    71094.40646               
      340100            9.52393                             0.99242                                           0.04345                                      91178.77430                                        9.29954e+05                                    71341.06909               
      341100            9.31567                             0.99468                                           0.05874                                      91385.91947                                        9.29074e+05                                    71141.43788               
      342100            9.28121                             0.98892                                           0.03912                                      90857.35493                                        9.29333e+05                                    71024.23868               
      343100            9.26989                             0.99419                                           0.07671                                      91341.29850                                        9.30828e+05                                    71167.47901               
      344100            9.24820                             0.99815                                           0.04036                                      91705.15751                                        9.30135e+05                                    71042.07827               
      345100            9.53592                             0.99304                                          -0.08877                                      91235.53284                                        9.31412e+05                                    71334.73351               
      346100            9.28193                             0.99608                                           0.03254                                      91515.30538                                        9.31636e+05                                    71336.77749               
      347100            9.30928                             0.99339                                          -0.00713                                      91267.46438                                        9.31237e+05                                    71178.35710               
      348100            9.24999                             0.99093                                           0.04835                                      91041.63049                                        9.31899e+05                                    71211.75714               
      349100            9.29522                             0.99024                                           0.02825                                      90977.94267                                        9.32154e+05                                    71290.30625               
      350100            9.52137                             0.98937                                           0.00796                                      90898.49288                                        9.32353e+05                                    71206.62687               
      351100            9.25656                             0.98968                                           0.01999                                      90927.05593                                        9.33242e+05                                    71215.91303               
      352100            9.31257                             0.99421                                           0.07171                                      91342.67290                                        9.33756e+05                                    71264.06313               
      353100            9.27286                             0.99795                                           0.12473                                      91686.52158                                        9.32912e+05                                    70992.95341               
      354100            9.28471                             0.99576                                           0.09316                                      91485.52085                                        9.33929e+05                                    71048.83204               
      355100            9.24942                             0.99436                                           0.04859                                      91356.63965                                        9.34303e+05                                    71115.93552               
      356100            9.27939                             0.98917                                           0.10144                                      90880.33063                                        9.34368e+05                                    70956.17262               
      357100            9.26796                             0.99386                                           0.03174                                      91310.47481                                        9.34547e+05                                    71055.05267               
      358100            9.52369                             0.98959                                          -0.10643                                      90918.82822                                        9.35013e+05                                    71297.71732               
      359100            9.23096                             0.99071                                           0.01227                                      91021.68530                                        9.34647e+05                                    71110.30785               
      360100            9.50595                             0.99361                                           0.03700                                      91288.12761                                        9.35408e+05                                    71103.72901               
      361100            9.26937                             0.99366                                           0.06138                                      91292.72164                                        9.35908e+05                                    71132.29869               
      362100            9.28251                             0.98210                                          -0.09635                                      90230.51618                                        9.36129e+05                                    71300.67130               
      363100            9.54917                             0.98835                                          -0.08077                                      90804.61512                                        9.37265e+05                                    71385.63458               
      364100            9.32573                             0.98898                                           0.02276                                      90862.65878                                        9.36941e+05                                    71018.13292               
      365100            9.44905                             0.99999                                           0.03174                                      91873.76162                                        9.36988e+05                                    71052.72261               
      366100            9.23275                             1.00170                                          -0.03551                                      92031.59111                                        9.37922e+05                                    71183.58613               
      367100            9.27369                             0.99406                                           0.03631                                      91329.42438                                        9.37774e+05                                    71197.74938               
      368100            9.29951                             0.97673                                          -0.06595                                      89737.02879                                        9.37205e+05                                    71152.46476               
      369100            9.30987                             0.99466                                          -0.04417                                      91383.94648                                        9.38979e+05                                    71234.78299               
      370100            9.28756                             0.99379                                          -0.05943                                      91304.47732                                        9.39637e+05                                    71222.91188               
      371100            9.32095                             0.99586                                           0.07458                                      91495.06855                                        9.39672e+05                                    71113.33352               
      372100            9.27756                             0.98876                                          -0.03438                                      90842.11801                                        9.39561e+05                                    71156.15383               
      373100            9.26186                             0.99621                                           0.02999                                      91526.66207                                        9.39465e+05                                    71034.59212               
      374100            9.26273                             0.99371                                           0.07261                                      91297.07558                                        9.39548e+05                                    71041.74476               
      375100            9.25692                             0.98780                                          -0.00651                                      90754.37589                                        9.40199e+05                                    71071.98889               
      376100            9.51620                             0.99110                                          -0.05341                                      91057.42681                                        9.41768e+05                                    71357.65837               
      377100            9.04340                             0.98930                                          -0.02350                                      90892.15679                                        9.40134e+05                                    71123.84353               
      378100            9.28077                             0.99443                                           0.03749                                      91363.16357                                        9.41428e+05                                    71083.88187               
      379100            9.47587                             0.99553                                          -0.03865                                      91464.21806                                        9.42141e+05                                    71183.91982               
      380100            9.21250                             0.98271                                           0.01299                                      90286.55917                                        9.41359e+05                                    71021.91902               
      381100            9.51909                             0.98910                                          -0.00150                                      90873.54036                                        9.42791e+05                                    71214.07743               
      382100            9.24324                             0.98279                                          -0.10293                                      90293.83535                                        9.42638e+05                                    71310.36686               
      383100            9.26209                             0.98515                                           0.05151                                      90510.66178                                        9.42029e+05                                    71051.82277               
      384100            9.49790                             0.98860                                          -0.01725                                      90827.98144                                        9.42752e+05                                    70949.59952               
      385100            9.27734                             0.99767                                           0.01144                                      91660.54709                                        9.43089e+05                                    70968.90030               
      386100            9.44361                             0.98582                                          -0.08433                                      90572.18539                                        9.44270e+05                                    71147.33012               
      387100            9.28626                             0.98687                                          -0.10943                                      90668.45883                                        9.44520e+05                                    71252.56927               
      388100            9.32167                             1.00248                                           0.02580                                      92102.55284                                        9.45086e+05                                    71104.99731               
      389100            9.30718                             0.99931                                           0.02307                                      91811.54212                                        9.46135e+05                                    71125.18351               
      390100            9.25737                             0.99795                                          -0.04443                                      91686.49252                                        9.45957e+05                                    71299.88789               
      391100            9.51092                             0.98172                                          -0.06910                                      90195.35780                                        9.45287e+05                                    71240.12614               
      392100            9.25350                             0.99313                                          -0.07518                                      91244.24759                                        9.46345e+05                                    71274.77695               
      393100            9.29726                             0.99563                                          -0.03095                                      91473.27352                                        9.46333e+05                                    71191.26016               
      394100            9.33312                             0.98870                                          -0.04760                                      90836.99304                                        9.47089e+05                                    71414.97625               
      395100            9.50997                             0.98787                                          -0.04739                                      90760.93288                                        9.47165e+05                                    71190.42805               
      396100            9.25805                             0.98594                                          -0.06099                                      90583.15087                                        9.46986e+05                                    71172.29305               
      397100            9.28064                             0.99996                                           0.05079                                      91870.87261                                        9.48102e+05                                    71108.54380               
      398100            9.21801                             1.00171                                           0.01268                                      92031.89594                                        9.48147e+05                                    71116.94923               
      399100            9.52538                             0.99672                                           0.01304                                      91574.07161                                        9.47934e+05                                    71049.84429               
      400100            9.25944                             0.99299                                          -0.00215                                      91230.93204                                        9.48810e+05                                    71132.02955               
      401100            9.22258                             0.98938                                           0.01490                                      90899.21439                                        9.48038e+05                                    71051.12457               
      402100            9.29300                             0.99129                                          -0.01057                                      91074.80491                                        9.48347e+05                                    71028.81316               
      403100            9.29411                             0.98806                                          -0.00499                                      90777.56689                                        9.48913e+05                                    71066.35017               
      404100            9.46807                             0.99572                                          -0.05948                                      91481.43018                                        9.49815e+05                                    71193.95150               
      405100            9.29986                             0.99338                                          -0.07404                                      91266.34023                                        9.49636e+05                                    71275.68050               
      406100            9.31511                             0.98967                                          -0.01053                                      90926.36234                                        9.49895e+05                                    71162.34910               
      407100            9.24212                             0.99248                                           0.08084                                      91184.10709                                        9.50163e+05                                    71054.48327               
      408100            9.48241                             0.99258                                          -0.06333                                      91193.16522                                        9.51520e+05                                    71308.34398               
      409100            9.45593                             0.99782                                          -0.00451                                      91675.05425                                        9.50796e+05                                    71068.47535               
      410100            9.29306                             0.98871                                          -0.02682                                      90837.34194                                        9.51596e+05                                    71225.49468               
      411100            9.22508                             0.99602                                           0.03173                                      91509.48169                                        9.50444e+05                                    70987.71622               
      412100            9.51978                             0.99130                                           0.02977                                      91076.11647                                        9.51621e+05                                    70948.18582               
      413100            9.25987                             0.99027                                           0.03815                                      90981.18923                                        9.51187e+05                                    71010.46541               
      414100            9.28860                             0.98235                                          -0.00479                                      90253.53968                                        9.51462e+05                                    71076.09525               
      415100            9.28376                             0.99394                                          -0.09192                                      91318.46394                                        9.52609e+05                                    71247.29163               
      416100            9.47416                             0.99695                                          -0.05700                                      91594.46716                                        9.52377e+05                                    71086.78832               
      417100            9.48203                             0.98741                                           0.02804                                      90718.59086                                        9.52498e+05                                    70990.74639               
      418100            9.25573                             0.98615                                          -0.03816                                      90602.27486                                        9.51990e+05                                    70977.80173               
      419100            9.30767                             0.99552                                           0.06715                                      91463.00131                                        9.53082e+05                                    71058.27353               
      420100            9.26295                             0.99912                                           0.02389                                      91794.16063                                        9.53998e+05                                    71027.47759               
      421100            9.25611                             0.98771                                           0.01897                                      90745.92314                                        9.52053e+05                                    70818.94874               
      422100            9.24393                             0.99532                                          -0.00941                                      91445.08492                                        9.53054e+05                                    70936.85534               
      423100            9.45825                             0.99074                                          -0.01259                                      91024.56411                                        9.53276e+05                                    70953.22565               
      424100            9.30445                             0.98784                                          -0.05171                                      90757.46666                                        9.54071e+05                                    71073.31538               
      425100            9.23782                             0.97812                                          -0.04126                                      89864.68760                                        9.53699e+05                                    71055.00412               
      426100            9.26536                             0.99058                                          -0.08117                                      91009.59781                                        9.54407e+05                                    70983.70797               
      427100            9.23890                             0.99859                                           0.00753                                      91745.43268                                        9.54361e+05                                    70870.06565               
      428100            9.46421                             0.99222                                           0.01224                                      91160.26159                                        9.54164e+05                                    70884.41768               
      429100            9.25163                             0.99680                                           0.05080                                      91581.15267                                        9.55295e+05                                    70993.70766               
      430100            9.28797                             0.99312                                           0.01374                                      91242.91504                                        9.56679e+05                                    71061.22176               
      431100            9.24290                             0.99003                                          -0.03826                                      90958.83101                                        9.56441e+05                                    71086.88351               
      432100            9.46081                             0.98251                                           0.00114                                      90267.77666                                        9.55769e+05                                    71037.41392               
      433100            9.25182                             0.99348                                           0.00431                                      91275.60949                                        9.56889e+05                                    71028.89444               
      434100            9.25316                             1.00090                                           0.00305                                      91957.39645                                        9.56948e+05                                    70991.25399               
      435100            9.22162                             0.98809                                          -0.05584                                      90780.55959                                        9.57903e+05                                    71208.30994               
      436100            9.25952                             0.99186                                           0.03100                                      91126.93526                                        9.58071e+05                                    71041.33848               
      437100            9.20113                             0.99187                                          -0.01473                                      91128.11300                                        9.57473e+05                                    70917.21132               
      438100            9.23931                             0.99789                                          -0.01128                                      91680.84264                                        9.57316e+05                                    70875.12745               
      439100            9.49509                             0.99735                                          -0.01615                                      91631.18176                                        9.58287e+05                                    71135.46762               
      440100            9.41267                             0.98793                                          -0.08156                                      90766.03588                                        9.57781e+05                                    71096.59366               
      441100            9.23130                             0.99431                                           0.00529                                      91352.21128                                        9.58170e+05                                    70997.62093               
      442100            9.23493                             0.99722                                          -0.03403                                      91619.43124                                        9.58311e+05                                    71018.86540               
      443100            9.21265                             0.99262                                          -0.00061                                      91197.36052                                        9.59338e+05                                    70966.54855               
      444100            9.49717                             0.99934                                          -0.04431                                      91814.77972                                        9.61284e+05                                    71266.88936               
      445100            9.54968                             1.00092                                          -0.07862                                      91959.62837                                        9.61356e+05                                    71349.36557               
      446100            9.21513                             0.98898                                           0.00617                                      90862.99616                                        9.59150e+05                                    70773.37340               
      447100            9.26275                             0.99351                                           0.00177                                      91279.15380                                        9.59467e+05                                    70893.46558               
      448100            9.24560                             0.99690                                           0.05370                                      91590.51558                                        9.60757e+05                                    71029.93502               
      449100            9.49389                             0.98487                                          -0.03801                                      90484.71203                                        9.59743e+05                                    71004.65101               
      450100            9.22136                             0.99524                                           0.04070                                      91437.28450                                        9.59790e+05                                    70836.21370               
      451100            9.25182                             0.99162                                           0.01358                                      91104.95405                                        9.60254e+05                                    70875.85649               
      452100            9.23812                             0.99636                                          -0.00079                                      91540.97190                                        9.61796e+05                                    70981.03123               
      453100            9.19049                             1.00247                                           0.01595                                      92101.96356                                        9.61384e+05                                    70831.15923               
      454100            9.24697                             0.99720                                           0.00169                                      91617.86179                                        9.60964e+05                                    70797.11875               
      455100            9.22229                             0.99562                                          -0.04636                                      91472.70005                                        9.61873e+05                                    70929.64141               
      456100            9.25600                             0.98899                                           0.01745                                      90863.28798                                        9.61118e+05                                    70895.33612               
      457100            9.23915                             0.99574                                          -0.04143                                      91483.57673                                        9.62329e+05                                    70969.82858               
      458100            9.23094                             0.99504                                          -0.01226                                      91419.34121                                        9.63091e+05                                    70991.70927               
      459100            9.46235                             0.99315                                           0.09160                                      91245.47063                                        9.62569e+05                                    70847.72252               
      460100            9.25109                             0.99478                                          -0.05882                                      91395.66593                                        9.63720e+05                                    71055.81352               
      461100            9.17077                             0.99488                                           0.02077                                      91404.46079                                        9.63342e+05                                    70914.46952               
      462100            9.19593                             0.98537                                          -0.01843                                      90531.23791                                        9.63014e+05                                    70859.76276               
      463100            9.22460                             0.99416                                          -0.09293                                      91338.28015                                        9.63923e+05                                    70956.29109               
      464100            9.24427                             0.99287                                           0.02656                                      91219.75556                                        9.63760e+05                                    70729.02020               
      465100            9.18139                             1.00256                                           0.01999                                      92110.39199                                        9.64318e+05                                    70833.37059               
      466100            9.46315                             1.00128                                           0.02676                                      91992.36964                                        9.64089e+05                                    70809.17691               
      467100            9.41526                             0.99595                                          -0.09161                                      91502.50943                                        9.64442e+05                                    70963.00009               
      468100            9.43939                             0.98681                                          -0.04745                                      90663.21113                                        9.64687e+05                                    70927.55671               
      469100            9.18024                             0.98341                                           0.00515                                      90350.95568                                        9.64200e+05                                    70903.68761               
      470100            9.21436                             0.99460                                          -0.01522                                      91379.31745                                        9.65098e+05                                    70830.71034               
      471100            9.24268                             0.99040                                           0.05494                                      90992.68335                                        9.65188e+05                                    70837.39449               
      472100            9.27856                             0.99334                                          -0.05724                                      91263.06760                                        9.66733e+05                                    71014.39100               
      473100            9.24306                             0.98622                                          -0.09689                                      90608.82706                                        9.65957e+05                                    70982.24845               
      474100            9.44500                             0.99583                                           0.03773                                      91491.68800                                        9.66056e+05                                    70847.77416               
      475100            9.17428                             0.98661                                          -0.01091                                      90644.86963                                        9.66294e+05                                    70776.41315               
      476100            9.21645                             0.99471                                           0.06653                                      91388.66414                                        9.67408e+05                                    70870.28458               
      477100            9.45665                             0.98793                                          -0.05088                                      90765.88550                                        9.67185e+05                                    70992.57408               
      478100            9.21603                             0.99651                                          -0.01075                                      91554.12064                                        9.66653e+05                                    70797.09942               
      479100            9.22739                             0.98634                                          -0.04860                                      90619.87392                                        9.67193e+05                                    70849.07559               
      480100            9.27243                             0.99246                                           0.02565                                      91182.29868                                        9.68947e+05                                    71044.64539               
      481100            9.22170                             0.99250                                          -0.02307                                      91185.94338                                        9.68196e+05                                    70908.33185               
      482100            9.21085                             0.99374                                          -0.04123                                      91299.58523                                        9.68100e+05                                    70893.99465               
      483100            9.20832                             0.99852                                          -0.09495                                      91739.00780                                        9.69608e+05                                    71171.30178               
      484100            7.86468                             0.99411                                          -0.08930                                      91334.12782                                        9.70244e+05                                    71318.84986               
      485100            8.24546                             0.98645                                          -0.00496                                      90629.64566                                        9.68992e+05                                    71013.49628               
      486100            7.70917                             0.98926                                          -0.01609                                      90888.57220                                        9.68725e+05                                    70999.78735               
      487100            8.41333                             0.99195                                           0.02192                                      91135.40309                                        9.69481e+05                                    70889.60339               
      488100            9.19217                             0.99159                                          -0.04940                                      91102.17122                                        9.68962e+05                                    70862.00192               
      489100            9.23291                             0.99510                                           0.04030                                      91424.39152                                        9.69325e+05                                    70827.73006               
      490100            9.20223                             0.99329                                           0.08428                                      91258.17542                                        9.68465e+05                                    70627.58897               
      491100            9.20163                             0.99702                                          -0.01704                                      91601.52029                                        9.70333e+05                                    70961.56652               
      492100            9.26479                             0.99282                                          -0.01286                                      91214.95162                                        9.70563e+05                                    70927.93207               
      493100            9.16577                             0.99612                                           0.00155                                      91518.83000                                        9.70393e+05                                    70897.95285               
      494100            9.23298                             0.98498                                          -0.01577                                      90495.06386                                        9.70380e+05                                    71021.96512               
      495100            9.23730                             0.98965                                           0.01654                                      90924.46373                                        9.70534e+05                                    70932.99284               
      496100            9.24432                             0.98941                                           0.00803                                      90901.58907                                        9.70725e+05                                    70887.49297               
      497100            9.22999                             0.99191                                           0.01662                                      91131.60094                                        9.70305e+05                                    70677.02712               
      498100            9.23415                             0.99295                                          -0.00792                                      91226.97025                                        9.71296e+05                                    70897.71076               
      499100            9.22683                             1.00234                                          -0.05184                                      92089.62817                                        9.72257e+05                                    71012.05759               
      500100            9.21850                             0.98845                                          -0.00591                                      90813.57210                                        9.71667e+05                                    70800.07493               
      501100            9.19102                             0.98629                                          -0.01942                                      90615.26226                                        9.70377e+05                                    70569.04078               
      502100            9.19190                             0.99780                                           0.00970                                      91673.16035                                        9.71370e+05                                    70762.06583               
      503100            9.24998                             0.99997                                          -0.01286                                      91872.49384                                        9.72655e+05                                    70869.15115               
      504100            9.18699                             0.99424                                           0.02001                                      91345.79147                                        9.72381e+05                                    70789.50294               
      505100            9.25280                             0.98456                                          -0.04154                                      90456.03374                                        9.72834e+05                                    70978.53288               
      506100            9.21932                             0.98837                                           0.12496                                      90806.20583                                        9.72564e+05                                    70564.62022               
      507100            9.18572                             0.99424                                           0.09595                                      91345.58714                                        9.72994e+05                                    70573.33383               
      508100            9.24748                             0.99853                                           0.01093                                      91739.70318                                        9.74173e+05                                    70866.71646               
      509100            9.20197                             0.99422                                          -0.06125                                      91343.89467                                        9.74023e+05                                    70967.50950               
      510100            9.26046                             0.98988                                          -0.03518                                      90945.25611                                        9.75081e+05                                    71038.81313               
      511100            9.23063                             0.98920                                          -0.03779                                      90882.75892                                        9.73971e+05                                    70931.59443               
      512100            9.44714                             1.00121                                          -0.00205                                      91986.45185                                        9.74544e+05                                    70978.86230               
      513100            9.29119                             0.99566                                          -0.05335                                      91476.10598                                        9.74766e+05                                    71050.06758               
      514100            9.21526                             0.98912                                          -0.05554                                      90875.18256                                        9.74695e+05                                    70898.83818               
      515100            9.22649                             0.98946                                          -0.02374                                      90907.02403                                        9.74912e+05                                    70849.34359               
      516100            9.27464                             0.99354                                          -0.00017                                      91281.12225                                        9.74807e+05                                    70877.81050               
      517100            9.24884                             0.99171                                          -0.04939                                      91113.51099                                        9.74968e+05                                    70917.83812               
      518100            9.21731                             0.99993                                          -0.04947                                      91868.25908                                        9.74789e+05                                    70855.01566               
      519100            9.49670                             0.99854                                           0.09630                                      91740.41001                                        9.74895e+05                                    70767.75523               
      520100            9.49011                             1.00416                                           0.03206                                      92257.43319                                        9.76105e+05                                    70786.50999               
      521100            9.45571                             0.99142                                           0.02981                                      91086.49423                                        9.75372e+05                                    70753.67607               
      522100            9.22003                             0.99649                                           0.04392                                      91552.88164                                        9.76378e+05                                    70914.82256               
      523100            9.22775                             0.99583                                           0.07498                                      91492.05613                                        9.76633e+05                                    70802.09882               
      524100            9.19342                             0.99272                                           0.03459                                      91205.88007                                        9.76305e+05                                    70817.89073               
      525100            9.44676                             0.99165                                           0.02244                                      91107.96722                                        9.77462e+05                                    70901.97058               
      526100            8.11872                             0.99113                                           0.01223                                      91060.18535                                        9.76113e+05                                    70757.80662               
      527100            7.49554                             0.99751                                          -0.13154                                      91646.28753                                        9.76881e+05                                    70880.03246               
      528100            7.49678                             0.99626                                           0.00631                                      91531.18161                                        9.76900e+05                                    70725.98566               
      529100            7.59874                             0.99766                                           0.07602                                      91659.89127                                        9.76562e+05                                    70587.46651               
      530100            9.22291                             0.99374                                           0.07040                                      91299.99636                                        9.77079e+05                                    70681.07218               
      531100            9.24399                             0.99516                                          -0.02055                                      91430.26890                                        9.78262e+05                                    70851.20564               
      532100            9.24903                             0.99152                                           0.00458                                      91095.78702                                        9.76726e+05                                    70635.01311               
      533100            9.19150                             0.99528                                           0.07291                                      91441.34513                                        9.76732e+05                                    70490.14162               
      534100            9.18052                             0.99926                                          -0.00307                                      91806.90869                                        9.76551e+05                                    70581.44400               
      535100            9.21490                             0.98868                                           0.01943                                      90834.78262                                        9.77506e+05                                    70708.44372               
      536100            9.21363                             0.99421                                           0.02618                                      91342.85939                                        9.78729e+05                                    70834.87541               
      537100            9.23526                             0.98353                                           0.06433                                      90361.81920                                        9.78312e+05                                    70783.39457               
      538100            9.23885                             0.99146                                          -0.06324                                      91090.01395                                        9.78780e+05                                    70893.44552               
      539100            9.23620                             0.98866                                          -0.03016                                      90833.10611                                        9.78583e+05                                    70865.94721               
      540100            9.20494                             0.99602                                           0.06315                                      91509.78318                                        9.78388e+05                                    70741.98862               
      541100            9.42520                             0.99097                                           0.03218                                      91045.65456                                        9.78082e+05                                    70637.67785               
      542100            9.22853                             0.99997                                          -0.00151                                      91872.64783                                        9.80161e+05                                    70762.63497               
      543100            9.41455                             0.99946                                           0.06484                                      91825.83852                                        9.78965e+05                                    70633.34754               
      544100            9.16371                             1.00142                                           0.06925                                      92005.10104                                        9.79762e+05                                    70756.05529               
      545100            9.21234                             0.98890                                           0.00103                                      90854.93401                                        9.79379e+05                                    70730.89786               
Simulation.timestep  Simulation.tps  md.compute.ThermodynamicQuantities.kinetic_temperature md.compute.ThermodynamicQuantities.pressure md.compute.ThermodynamicQuantities.kinetic_energy md.compute.ThermodynamicQuantities.potential_energy md.compute.ThermodynamicQuantities.volume
      545100            8.13790                             1.00326                                           0.05142                                      92174.69337                                        9.75236e+05                                    70586.10283               
      546100            9.34273                             0.99587                                           0.07360                                      91495.74614                                        9.73290e+05                                    70357.05313               
      547100            8.94286                             0.99298                                           0.00098                                      91230.34894                                        9.73412e+05                                    70392.89602               
      548100            9.34530                             0.99824                                          -0.03222                                      91713.26478                                        9.74282e+05                                    70607.19932               
      549100            9.28162                             0.99964                                           0.03236                                      91841.72292                                        9.73699e+05                                    70382.34008               
      550100            9.33293                             1.00549                                           0.05042                                      92379.44694                                        9.74567e+05                                    70433.49279               
      551100            9.34177                             0.99363                                           0.06262                                      91289.98041                                        9.74317e+05                                    70339.71901               
      552100            9.35661                             0.98845                                          -0.06157                                      90814.14828                                        9.74913e+05                                    70612.29501               
      553100            9.34535                             0.98583                                          -0.10019                                      90573.22687                                        9.75159e+05                                    70614.98886               
      554100            9.56859                             0.98810                                          -0.04568                                      90781.35540                                        9.74762e+05                                    70552.69838               
      555100            9.58635                             0.99422                                          -0.00465                                      91343.64454                                        9.74687e+05                                    70558.36132               
      556100            9.33198                             0.98692                                          -0.14346                                      90673.04738                                        9.75221e+05                                    70562.28133               
      557100            9.33787                             0.99121                                          -0.00440                                      91067.52826                                        9.74745e+05                                    70458.60291               
      558100            9.37337                             0.99152                                          -0.01226                                      91095.91954                                        9.76879e+05                                    70673.66437               
      559100            9.33328                             1.00626                                          -0.06336                                      92450.15037                                        9.76862e+05                                    70633.90338               
      560100            9.32801                             0.99370                                           0.07757                                      91296.15771                                        9.75722e+05                                    70433.82739               
      561100            9.31768                             0.99823                                           0.02957                                      91712.17388                                        9.76367e+05                                    70377.32433               
      562100            9.57275                             0.99597                                           0.01763                                      91504.90821                                        9.75470e+05                                    70382.90557               
      563100            9.33326                             0.98997                                          -0.03913                                      90953.28447                                        9.76198e+05                                    70450.72666               
      564100            9.55360                             0.99469                                           0.03451                                      91387.33950                                        9.76096e+05                                    70358.32434               
      565100            9.34815                             0.99730                                           0.00507                                      91626.73896                                        9.76071e+05                                    70353.86630               
      566100            9.33798                             0.99514                                          -0.04668                                      91428.77126                                        9.76959e+05                                    70480.64667               
      567100            9.35250                             0.99533                                          -0.00611                                      91445.60538                                        9.75715e+05                                    70396.61230               
      568100            9.36346                             0.98238                                          -0.06657                                      90256.13066                                        9.76745e+05                                    70431.86266               
      569100            9.29459                             0.99701                                           0.01389                                      91599.89756                                        9.77492e+05                                    70428.87077               
      570100            9.55477                             0.99421                                           0.06312                                      91343.46246                                        9.77846e+05                                    70372.78450               
      571100            9.32725                             0.99175                                           0.03189                                      91116.67571                                        9.77640e+05                                    70348.54379               
      572100            9.31693                             0.99611                                          -0.04747                                      91517.39363                                        9.77946e+05                                    70432.34618               
      573100            9.30816                             0.99429                                          -0.06990                                      91350.31204                                        9.77911e+05                                    70481.26572               
      574100            9.34751                             0.99520                                           0.08525                                      91434.38341                                        9.78996e+05                                    70469.78890               
      575100            9.33765                             0.98696                                          -0.00377                                      90677.14022                                        9.77729e+05                                    70339.24318               
      576100            9.29697                             0.99210                                          -0.07674                                      91148.79535                                        9.78403e+05                                    70430.33736               
      577100            9.32474                             0.98740                                          -0.02210                                      90717.61995                                        9.78681e+05                                    70420.46834               
      578100            9.29382                             0.99328                                           0.02018                                      91257.24623                                        9.78887e+05                                    70552.42197               
      579100            9.59008                             0.99222                                          -0.05055                                      91160.43100                                        9.79326e+05                                    70462.13871               
      580100            9.33486                             1.00040                                           0.03579                                      91911.98369                                        9.80749e+05                                    70586.14177               
      581100            9.34349                             0.99750                                          -0.03911                                      91645.20401                                        9.80995e+05                                    70629.23132               
      582100            9.34555                             0.99411                                          -0.02958                                      91334.04741                                        9.79878e+05                                    70459.37522               
      583100            9.32597                             0.99855                                           0.04241                                      91742.03645                                        9.80166e+05                                    70466.44334               
      584100            9.31837                             0.99433                                           0.02089                                      91354.26472                                        9.78963e+05                                    70168.57534               
      585100            9.33451                             0.99464                                          -0.00106                                      91382.71874                                        9.79582e+05                                    70369.54785               
      586100            9.34293                             0.98786                                          -0.03991                                      90759.64267                                        9.79704e+05                                    70458.70138               
      587100            9.35598                             0.98545                                          -0.07821                                      90537.79176                                        9.81461e+05                                    70682.33393               
      588100            9.31774                             0.99139                                          -0.12605                                      91084.30129                                        9.80603e+05                                    70685.68699               
      589100            9.33411                             0.99790                                           0.09310                                      91681.98790                                        9.80203e+05                                    70305.39976               
      590100            9.32614                             0.98900                                          -0.03517                                      90864.40631                                        9.80615e+05                                    70468.27321               
      591100            9.59235                             0.99109                                          -0.04809                                      91056.44908                                        9.81741e+05                                    70620.44273               
      592100            9.32921                             0.99909                                           0.00166                                      91791.47924                                        9.82075e+05                                    70531.17180               
      593100            9.33033                             0.99153                                           0.04896                                      91096.75020                                        9.82273e+05                                    70529.37807               
      594100            9.32791                             0.99357                                           0.02904                                      91284.36510                                        9.80781e+05                                    70237.70619               
      595100            9.34178                             0.99388                                          -0.07634                                      91312.33392                                        9.81561e+05                                    70455.91219               
      596100            9.30840                             0.98839                                           0.02555                                      90808.25561                                        9.81303e+05                                    70394.22458               
      597100            9.15553                             0.99275                                          -0.00399                                      91208.66121                                        9.81273e+05                                    70291.72070               
      598100            9.58727                             0.99861                                           0.00520                                      91747.15118                                        9.82568e+05                                    70472.83829               
      599100            9.37298                             0.99236                                           0.09705                                      91173.27573                                        9.81833e+05                                    70292.50899               
      600100            9.33480                             0.99663                                           0.04091                                      91565.58369                                        9.82517e+05                                    70367.39917               
      601100            9.33950                             0.98975                                           0.00881                                      90932.93536                                        9.82359e+05                                    70431.76827               
      602100            9.32533                             0.99905                                           0.02183                                      91787.51370                                        9.82909e+05                                    70408.52220               
      603100            9.37575                             0.98791                                          -0.00005                                      90763.78122                                        9.82518e+05                                    70369.42988               
      604100            9.37608                             0.98788                                          -0.04250                                      90761.34876                                        9.82112e+05                                    70337.79114               
      605100            9.38180                             0.99288                                          -0.03175                                      91220.56142                                        9.83403e+05                                    70506.80094               
      606100            9.56373                             0.98712                                          -0.01294                                      90691.52460                                        9.82967e+05                                    70503.61369               
      607100            9.62035                             0.99624                                           0.01322                                      91529.74163                                        9.84141e+05                                    70594.36173               
      608100            9.33649                             0.98566                                          -0.01979                                      90557.83955                                        9.83455e+05                                    70478.91740               
      609100            9.36050                             0.99435                                          -0.03369                                      91355.86952                                        9.84251e+05                                    70525.60106               
      610100            9.61533                             1.00221                                          -0.10311                                      92078.32560                                        9.84666e+05                                    70616.02329               
      611100            9.36207                             0.98678                                           0.00961                                      90660.65931                                        9.82439e+05                                    70243.78709               
      612100            9.34055                             1.00102                                           0.03689                                      91968.74353                                        9.83600e+05                                    70270.02834               
      613100            9.36713                             1.00326                                          -0.01781                                      92174.10964                                        9.84873e+05                                    70451.24237               
      614100            9.61098                             0.99712                                           0.04728                                      91610.51564                                        9.85044e+05                                    70547.11906               
      615100            9.34427                             0.99027                                           0.06295                                      90980.84660                                        9.85070e+05                                    70430.42267               
      616100            9.59841                             0.99950                                           0.01739                                      91829.24025                                        9.84733e+05                                    70315.01152               
      617100            9.58122                             1.00055                                           0.01262                                      91925.73794                                        9.85113e+05                                    70371.08934               
      618100            9.35715                             0.99166                                           0.02703                                      91108.85313                                        9.84380e+05                                    70176.84855               
      619100            9.59309                             0.99899                                           0.08256                                      91782.19133                                        9.84575e+05                                    70251.08885               
      620100            9.34030                             0.99267                                           0.02418                                      91201.20071                                        9.85411e+05                                    70451.05572               
      621100            9.62708                             0.99051                                          -0.01488                                      91002.74771                                        9.85593e+05                                    70525.73016               
      622100            9.36952                             0.99609                                          -0.03061                                      91515.68710                                        9.85840e+05                                    70509.66653               
      623100            9.58705                             0.99065                                          -0.09124                                      91016.37019                                        9.85830e+05                                    70423.13708               
      624100            9.58266                             0.98838                                          -0.06900                                      90806.99085                                        9.85924e+05                                    70498.10028               
      625100            9.32942                             0.98406                                          -0.03089                                      90410.95232                                        9.85945e+05                                    70432.30130               
      626100            9.34716                             1.00067                                          -0.04531                                      91936.38011                                        9.86489e+05                                    70496.33755               
      627100            9.37871                             0.99102                                          -0.06925                                      91050.18818                                        9.86903e+05                                    70586.83065               
      628100            9.39048                             0.99158                                          -0.12677                                      91101.63221                                        9.86870e+05                                    70584.55927               
      629100            9.37550                             0.99260                                          -0.07348                                      91194.92758                                        9.87441e+05                                    70637.17205               
      630100            9.55388                             0.97447                                           0.01424                                      89529.37495                                        9.86139e+05                                    70340.48420               
      631100            9.31540                             0.99796                                          -0.02106                                      91687.12701                                        9.87159e+05                                    70240.64301               
      632100            9.33919                             0.99995                                          -0.02010                                      91870.15268                                        9.87210e+05                                    70335.34782               
      633100            9.57664                             0.98976                                          -0.02282                                      90934.36619                                        9.86735e+05                                    70355.76636               
      634100            9.39013                             0.99801                                           0.02358                                      91691.90903                                        9.87849e+05                                    70416.47026               
      635100            9.33530                             1.00622                                           0.00335                                      92446.03753                                        9.88487e+05                                    70465.29616               
      636100            9.33122                             0.99202                                          -0.05995                                      91141.88027                                        9.86919e+05                                    70332.71705               
      637100            9.35331                             0.99517                                           0.03920                                      91431.14028                                        9.87176e+05                                    70187.05663               
      638100            9.33354                             0.99750                                           0.03534                                      91645.12038                                        9.87819e+05                                    70293.93632               
      639100            9.33373                             0.98705                                          -0.01819                                      90685.30329                                        9.87041e+05                                    70307.43586               
      640100            9.55532                             0.99845                                          -0.01777                                      91732.15151                                        9.88185e+05                                    70394.54992               
      641100            9.35131                             0.99649                                           0.04277                                      91552.44658                                        9.88785e+05                                    70409.28549               
      642100            9.34065                             0.99145                                          -0.01098                                      91089.51917                                        9.87909e+05                                    70372.75142               
      643100            9.33802                             0.99169                                           0.00445                                      91111.71092                                        9.89313e+05                                    70456.02962               
      644100            9.40140                             0.99311                                          -0.07954                                      91242.09824                                        9.88745e+05                                    70487.87973               
      645100            9.35830                             0.99107                                          -0.09597                                      91054.72981                                        9.88512e+05                                    70420.52862               
      646100            9.36173                             0.98978                                           0.02468                                      90935.94571                                        9.87682e+05                                    70298.71260               
      647100            9.35207                             0.98852                                           0.00389                                      90820.10171                                        9.89347e+05                                    70440.65545               
      648100            9.58510                             1.00109                                           0.06432                                      91975.13691                                        9.88432e+05                                    70286.33578               
      649100            9.55829                             1.00278                                           0.01245                                      92130.05626                                        9.88474e+05                                    70257.71355               
      650100            9.56042                             1.00284                                           0.03768                                      92135.84034                                        9.89601e+05                                    70340.58348               
      651100            9.32290                             0.98546                                          -0.02506                                      90539.30007                                        9.89512e+05                                    70593.49637               
      652100            9.37111                             0.98519                                           0.00409                                      90514.79036                                        9.88994e+05                                    70356.18012               
      653100            9.34192                             0.99630                                          -0.03338                                      91535.46722                                        9.89796e+05                                    70457.45840               
      654100            9.35357                             1.00294                                           0.00855                                      92145.41852                                        9.90128e+05                                    70517.78015               
      655100            9.37182                             0.99337                                          -0.01157                                      91266.28170                                        9.89339e+05                                    70226.10582               
      656100            9.38689                             0.98489                                          -0.05736                                      90486.34392                                        9.89619e+05                                    70379.90508               
      657100            9.33371                             0.99126                                          -0.05113                                      91072.09415                                        9.90094e+05                                    70455.40521               
      658100            9.40335                             0.99631                                          -0.09405                                      91535.56049                                        9.90498e+05                                    70468.03697               
      659100            9.37172                             0.99254                                          -0.08074                                      91189.49925                                        9.90377e+05                                    70372.57585               
      660100            9.38839                             0.98916                                          -0.07473                                      90879.15990                                        9.89613e+05                                    70309.31836               
      661100            9.35698                             0.99071                                           0.06776                                      91021.74784                                        9.89287e+05                                    70152.56957               
      662100            9.33013                             0.99614                                           0.03170                                      91520.08654                                        9.90090e+05                                    70177.17549               
      663100            9.32648                             0.99559                                           0.04376                                      91469.57697                                        9.91037e+05                                    70330.38694               
      664100            9.35855                             0.99677                                          -0.03608                                      91578.08304                                        9.90658e+05                                    70266.45123               
      665100            9.37069                             0.99537                                          -0.05669                                      91449.43853                                        9.90840e+05                                    70430.93501               
      666100            9.61420                             0.99051                                           0.00341                                      91002.82088                                        9.91516e+05                                    70423.82812               
      667100            9.33287                             1.00144                                           0.02112                                      92007.74118                                        9.91063e+05                                    70133.41904               
      668100            9.34898                             0.99362                                           0.06091                                      91288.64921                                        9.91969e+05                                    70229.62068               
      669100            9.36306                             0.99697                                          -0.01481                                      91596.24924                                        9.91110e+05                                    70305.79298               
      670100            9.32852                             0.99838                                           0.00771                                      91726.36001                                        9.91667e+05                                    70270.42192               
      671100            9.36594                             0.99581                                           0.00450                                      91490.03812                                        9.92173e+05                                    70409.84900               
      672100            9.31627                             0.98982                                          -0.00667                                      90939.83847                                        9.91522e+05                                    70238.81433               
      673100            9.38267                             0.98976                                          -0.04606                                      90934.44556                                        9.92292e+05                                    70414.18110               
      674100            9.33256                             0.99414                                           0.02152                                      91336.95650                                        9.92118e+05                                    70283.12718               
      675100            9.34171                             0.99594                                          -0.00690                                      91502.29735                                        9.92351e+05                                    70172.89798               
      676100            9.34513                             0.99721                                           0.03893                                      91618.50814                                        9.92822e+05                                    70309.02465               
      677100            9.58233                             0.99622                                          -0.00070                                      91528.08734                                        9.92785e+05                                    70430.83317               
      678100            9.31414                             0.99037                                          -0.00490                                      90990.29625                                        9.92022e+05                                    70312.09799               
      679100            9.36094                             0.99256                                          -0.04628                                      91191.68093                                        9.92137e+05                                    70346.87874               
      680100            9.35534                             0.99623                                           0.03699                                      91528.59805                                        9.93167e+05                                    70402.43119               
      681100            9.57960                             0.98807                                          -0.02253                                      90778.92418                                        9.92968e+05                                    70358.66559               
      682100            9.31814                             0.99103                                          -0.08628                                      91050.88035                                        9.92831e+05                                    70378.42731               
      683100            9.36388                             0.99479                                          -0.04786                                      91396.78294                                        9.93641e+05                                    70450.87790               
      684100            9.38742                             0.98955                                           0.01541                                      90915.28363                                        9.93680e+05                                    70430.71551               
      685100            9.38451                             0.98771                                          -0.02671                                      90745.73900                                        9.92826e+05                                    70253.26666               
      686100            9.32982                             0.99727                                           0.07184                                      91624.20211                                        9.93094e+05                                    70220.42806               
      687100            9.35865                             0.99528                                          -0.09467                                      91441.00607                                        9.93782e+05                                    70473.99799               
      688100            9.60044                             0.99272                                          -0.07841                                      91206.48365                                        9.92066e+05                                    70322.67944               
      689100            9.59652                             0.99131                                           0.00771                                      91076.44363                                        9.92680e+05                                    70199.42876               
      690100            9.39255                             1.00129                                          -0.00904                                      91993.77988                                        9.94427e+05                                    70364.47128               
      691100            9.36349                             0.99835                                           0.05394                                      91723.34222                                        9.93899e+05                                    70234.89847               
      692100            9.35202                             0.99148                                          -0.01051                                      91092.21827                                        9.93533e+05                                    70352.07611               
      693100            9.41213                             0.99313                                          -0.01053                                      91243.67310                                        9.94122e+05                                    70453.85478               
      694100            9.32958                             0.99328                                          -0.02906                                      91257.81522                                        9.94245e+05                                    70482.99556               
      695100            9.37498                             0.99021                                          -0.06102                                      90975.96356                                        9.93695e+05                                    70407.40180               
      696100            9.33451                             0.98700                                          -0.02273                                      90680.57101                                        9.94106e+05                                    70363.63365               
      697100            9.36514                             1.00289                                           0.05433                                      92140.68007                                        9.93246e+05                                    70215.01511               
      698100            9.36053                             0.99820                                          -0.03714                                      91709.80992                                        9.94437e+05                                    70325.35389               
      699100            9.38592                             0.99446                                           0.00571                                      91366.12691                                        9.94771e+05                                    70358.02143               
      700100            9.33381                             0.98926                                          -0.07695                                      90888.60919                                        9.93959e+05                                    70449.99808               
      701100            9.36287                             0.98894                                          -0.04178                                      90859.26754                                        9.94468e+05                                    70466.31698               
      702100            9.38072                             0.99729                                          -0.02993                                      91625.96928                                        9.94021e+05                                    70276.04188               
      703100            9.59144                             0.98718                                           0.03360                                      90697.10889                                        9.94297e+05                                    70285.05118               
      704100            9.37602                             0.99933                                           0.00018                                      91813.41983                                        9.94552e+05                                    70312.21900               
      705100            9.35648                             0.99771                                           0.07712                                      91664.15486                                        9.94817e+05                                    70303.88283               
      706100            9.36817                             0.99836                                           0.06111                                      91724.15469                                        9.95227e+05                                    70196.85504               
      707100            9.33012                             0.99724                                           0.08167                                      91620.99302                                        9.95098e+05                                    70241.75472               
      708100            9.57716                             0.98957                                           0.01221                                      90916.33821                                        9.94512e+05                                    70385.67354               
      709100            9.36890                             0.98630                                           0.01731                                      90616.43533                                        9.93565e+05                                    70156.78429               
      710100            9.34894                             0.99825                                           0.01224                                      91714.26941                                        9.95077e+05                                    70149.23132               
      711100            9.36578                             0.99111                                          -0.03243                                      91058.28702                                        9.95905e+05                                    70397.55207               
      712100            9.35263                             0.99859                                           0.10657                                      91745.61528                                        9.95944e+05                                    70351.03571               
      713100            9.35958                             0.99283                                          -0.00996                                      91216.25470                                        9.95357e+05                                    70360.39617               
      714100            9.60786                             0.99042                                          -0.10320                                      90994.66820                                        9.95293e+05                                    70398.69939               
      715100            9.36475                             0.99514                                           0.03759                                      91428.66246                                        9.95212e+05                                    70245.10484               
      716100            9.36421                             0.98519                                          -0.00129                                      90513.89681                                        9.95286e+05                                    70341.15451               
      717100            9.35489                             0.98741                                           0.05694                                      90718.61231                                        9.95458e+05                                    70169.42193               
      718100            9.34574                             0.99597                                           0.03691                                      91504.76996                                        9.95736e+05                                    70232.42076               
      719100            9.37654                             0.99345                                          -0.00597                                      91273.42850                                        9.97351e+05                                    70514.23555               
      720100            9.31717                             0.98931                                           0.05239                                      90893.02313                                        9.95680e+05                                    70147.58793               
      721100            9.33771                             0.98697                                          -0.00908                                      90677.50693                                        9.95564e+05                                    70262.73452               
      722100            9.34318                             0.99161                                          -0.06541                                      91104.54919                                        9.96308e+05                                    70231.89560               
      723100            9.36035                             0.99276                                          -0.00137                                      91209.50332                                        9.96839e+05                                    70294.68184               
      724100            9.36388                             0.99638                                           0.04533                                      91542.56079                                        9.96716e+05                                    70152.86363               
      725100            9.57000                             0.99584                                          -0.06048                                      91493.16874                                        9.96862e+05                                    70288.59532               
      726100            9.34884                             0.99888                                           0.03251                                      91771.97267                                        9.96910e+05                                    70295.08837               
      727100            9.30550                             0.99718                                           0.03395                                      91615.51271                                        9.96514e+05                                    70211.87610               
      728100            9.36538                             0.99531                                           0.05898                                      91444.03940                                        9.96527e+05                                    70149.49273               
      729100            9.34596                             0.99160                                          -0.02778                                      91103.67767                                        9.96871e+05                                    70215.30903               
      730100            9.34731                             0.99305                                           0.05510                                      91236.65000                                        9.96955e+05                                    70150.52293               
      731100            9.27594                             0.99181                                          -0.04296                                      91122.56547                                        9.96641e+05                                    70191.68773               
      732100            9.30986                             1.00137                                           0.00137                                      92001.00986                                        9.97125e+05                                    70079.59332               
      733100            9.36678                             0.98901                                           0.00278                                      90865.17905                                        9.97015e+05                                    70178.68079               
      734100            9.34794                             0.99295                                           0.02706                                      91226.94537                                        9.96116e+05                                    70068.92122               
      735100            9.34406                             1.00133                                          -0.00996                                      91997.53514                                        9.97478e+05                                    70249.58705               
      736100            9.34308                             0.99409                                           0.00302                                      91331.99085                                        9.97247e+05                                    70165.29236               
      737100            9.36216                             0.98914                                          -0.02172                                      90877.41734                                        9.98029e+05                                    70315.96588               
      738100            9.36083                             0.99714                                          -0.01763                                      91612.02519                                        9.98220e+05                                    70228.91137               
      739100            9.36670                             0.99727                                           0.02557                                      91624.13714                                        9.98262e+05                                    70246.68443               
      740100            9.36527                             0.99813                                           0.03327                                      91703.30790                                        9.98050e+05                                    70161.54582               
      741100            9.32034                             0.99170                                          -0.03371                                      91112.67859                                        9.97848e+05                                    70213.82754               
      742100            9.33170                             0.99243                                           0.01226                                      91179.60215                                        9.98266e+05                                    70250.18801               
      743100            9.37379                             1.00684                                           0.08789                                      92503.45046                                        9.99153e+05                                    70161.36522               
      744100            9.35060                             0.99831                                           0.02614                                      91719.88871                                        9.98581e+05                                    70141.51096               
      745100            9.56414                             0.99187                                           0.00310                                      91127.95596                                        9.98372e+05                                    70203.01597               
      746100            9.35472                             0.99556                                           0.07047                                      91467.15279                                        9.98746e+05                                    70201.81988               
      747100            9.55217                             0.98923                                          -0.00612                                      90885.36882                                        9.98352e+05                                    70120.55832               
      748100            9.38282                             0.99580                                          -0.00159                                      91488.91356                                        9.99750e+05                                    70344.76452               
      749100            9.57114                             0.99270                                           0.05019                                      91203.85997                                        9.98996e+05                                    70256.25633               
      750100            9.55633                             0.99140                                           0.01705                                      91085.15117                                        9.99298e+05                                    70154.71808               
      751100            9.33517                             0.99245                                          -0.05230                                      91181.54664                                        1.00016e+06                                    70420.05098               
      752100            9.34367                             0.99169                                           0.02328                                      91111.24694                                        9.97714e+05                                    70052.14675               
      753100            9.57870                             0.99618                                          -0.05731                                      91524.17150                                        9.99973e+05                                    70307.39453               
      754100            9.31363                             0.99656                                           0.03806                                      91558.55590                                        9.99641e+05                                    70231.71644               
      755100            9.33575                             0.99545                                           0.08849                                      91457.10463                                        9.98498e+05                                    70110.51380               
      756100            9.34953                             0.98587                                          -0.08412                                      90576.42534                                        1.00006e+06                                    70380.94112               
      757100            9.59251                             0.99206                                          -0.09109                                      91145.19186                                        1.00015e+06                                    70413.24334               
      758100            9.35104                             0.98216                                          -0.00840                                      90235.61581                                        9.99299e+05                                    70227.90915               
      759100            9.36364                             0.99232                                           0.10665                                      91169.04317                                        9.99987e+05                                    70097.09208               
      760100            9.31113                             0.98966                                           0.02754                                      90924.61628                                        1.00004e+06                                    70174.98552               
      761100            9.30054                             0.99201                                           0.10823                                      91141.36295                                        1.00019e+06                                    70117.11238               
      762100            9.32627                             0.99800                                          -0.02458                                      91691.57555                                        1.00089e+06                                    70324.11765               
      763100            9.33812                             0.99016                                          -0.04034                                      90970.58765                                        9.99935e+05                                    70240.98146               
      764100            9.34503                             0.99464                                          -0.06521                                      91382.72276                                        1.00024e+06                                    70327.20939               
      765100            9.34773                             0.98115                                           0.00656                                      90142.80131                                        1.00006e+06                                    70073.27246               
      766100            9.56890                             0.99784                                           0.00739                                      91676.21189                                        1.00098e+06                                    70195.30570               
      767100            9.33366                             0.98344                                           0.01542                                      90353.97052                                        1.00118e+06                                    70290.50953               
      768100            9.35683                             0.99660                                          -0.04008                                      91562.45716                                        1.00147e+06                                    70319.08448               
      769100            9.55670                             0.99293                                           0.09292                                      91225.24213                                        1.00071e+06                                    70166.58625               
      770100            9.56754                             1.00054                                          -0.03184                                      91924.72235                                        1.00112e+06                                    70192.03303               
      771100            9.36855                             0.98939                                           0.00015                                      90900.19613                                        1.00152e+06                                    70169.15907               
      772100            9.34940                             0.99807                                           0.00809                                      91697.73710                                        1.00231e+06                                    70240.61291               
      773100            9.27323                             0.99509                                          -0.01798                                      91423.72831                                        1.00134e+06                                    70225.00581               
      774100            9.31650                             0.99436                                          -0.01423                                      91356.77256                                        1.00117e+06                                    70165.51813               
      775100            9.36699                             0.99581                                          -0.08338                                      91489.69511                                        1.00249e+06                                    70309.09048               
      776100            9.36017                             0.99309                                          -0.09730                                      91239.71200                                        1.00259e+06                                    70408.10708               
      777100            9.35545                             0.98713                                          -0.02621                                      90692.19539                                        1.00156e+06                                    70129.02599               
      778100            9.32890                             1.00305                                           0.03861                                      92155.10594                                        1.00229e+06                                    70092.19745               
      779100            9.56789                             0.99822                                           0.00444                                      91711.86771                                        1.00212e+06                                    70153.00377               
      780100            9.17994                             0.99855                                          -0.02798                                      91741.68355                                        1.00238e+06                                    70350.32166               
      781100            9.34700                             0.99353                                          -0.03784                                      91280.99076                                        1.00203e+06                                    70281.23778               
      782100            9.38007                             1.00009                                           0.00168                                      91883.67166                                        1.00230e+06                                    70274.95260               
      783100            9.35140                             0.99734                                           0.03603                                      91630.55155                                        1.00181e+06                                    70212.43319               
      784100            9.56094                             0.99554                                           0.00732                                      91465.04223                                        1.00102e+06                                    70035.98832               
      785100            9.32216                             0.98645                                          -0.03716                                      90630.05793                                        1.00163e+06                                    70112.36086               
      786100            9.35794                             0.99167                                           0.03703                                      91109.38265                                        1.00240e+06                                    70197.86275               
      787100            9.31480                             0.99843                                           0.02905                                      91730.39725                                        1.00252e+06                                    70186.90832               
      788100            9.31022                             0.99549                                          -0.03530                                      91460.48661                                        1.00183e+06                                    70157.21367               
      789100            9.30173                             0.99574                                           0.12635                                      91484.05948                                        1.00229e+06                                    70053.83585               
      790100            9.36236                             1.00337                                          -0.05379                                      92184.36101                                        1.00287e+06                                    70228.22750               
      791100            9.59518                             0.99015                                          -0.04820                                      90969.66547                                        1.00350e+06                                    70416.05238               
      792100            9.33802                             0.99525                                          -0.02488                                      91438.28453                                        1.00257e+06                                    70347.63164               
      793100            9.34181                             0.99191                                          -0.02035                                      91131.47533                                        1.00314e+06                                    70253.97631               
      794100            9.56903                             0.99399                                           0.04728                                      91323.21779                                        1.00300e+06                                    70195.96028               
      795100            9.34426                             1.00284                                          -0.01818                                      92135.92513                                        1.00343e+06                                    70292.46381               
      796100            9.35524                             0.99119                                          -0.01695                                      91065.69801                                        1.00362e+06                                    70310.39835               
      797100            9.34004                             0.99308                                           0.07471                                      91238.79273                                        1.00343e+06                                    70156.03638               
      798100            9.32632                             0.99793                                          -0.00070                                      91684.49317                                        1.00360e+06                                    70180.43353               
      799100            9.36571                             0.99017                                           0.03898                                      90972.28390                                        1.00301e+06                                    70108.23920               
      800100            9.36006                             0.99980                                           0.05777                                      91856.87587                                        1.00358e+06                                    70181.44923               
      801100            9.55553                             0.98545                                          -0.03922                                      90537.99713                                        1.00315e+06                                    70204.57675               
      802100            9.32010                             0.99446                                          -0.09519                                      91365.99671                                        1.00421e+06                                    70271.05454               
      803100            9.56430                             0.99970                                           0.05137                                      91847.32256                                        1.00494e+06                                    70140.41860               
      804100            9.30949                             0.99708                                           0.03903                                      91606.95694                                        1.00427e+06                                    70087.78905               
      805100            9.33982                             0.99341                                          -0.00067                                      91269.61741                                        1.00462e+06                                    70287.95167               
      806100            9.36488                             0.99320                                           0.08697                                      91250.53138                                        1.00442e+06                                    70134.57797               
      807100            9.59863                             1.00395                                           0.07728                                      92238.26610                                        1.00429e+06                                    70162.97417               
      808100            9.52594                             0.98937                                           0.09661                                      90898.32947                                        1.00313e+06                                    70030.14621               
      809100            9.36182                             1.00074                                           0.02151                                      91943.07491                                        1.00492e+06                                    70234.45916               
      810100            9.58856                             0.99137                                          -0.02820                                      91081.97575                                        1.00504e+06                                    70309.39526               
      811100            9.36736                             0.99070                                           0.08539                                      91020.78516                                        1.00380e+06                                    70004.67417               
      812100            9.34508                             0.99390                                          -0.06464                                      91314.60798                                        1.00519e+06                                    70233.96114               
      813100            9.31767                             0.99770                                           0.09416                                      91663.27834                                        1.00490e+06                                    70152.90797               
      814100            9.55047                             0.99201                                          -0.04929                                      91140.73782                                        1.00528e+06                                    70286.75178               
      815100            9.38669                             0.99518                                           0.02626                                      91432.30922                                        1.00561e+06                                    70225.41460               
      816100            9.34326                             0.99065                                           0.12325                                      91016.18972                                        1.00415e+06                                    70040.07422               
      817100            9.34860                             0.99953                                           0.01174                                      91831.40272                                        1.00559e+06                                    70342.09005               
      818100            9.34309                             0.99461                                          -0.00244                                      91379.43516                                        1.00526e+06                                    70295.72590               
      819100            9.58270                             0.99392                                          -0.00970                                      91316.66330                                        1.00453e+06                                    70124.22581               
      820100            9.48135                             0.99370                                           0.04864                                      91295.93127                                        1.00578e+06                                    70172.48097               
      821100            9.57604                             0.99257                                           0.01374                                      91192.63945                                        1.00436e+06                                    70056.53504               
      822100            9.56513                             0.99143                                          -0.07166                                      91087.81687                                        1.00529e+06                                    70323.49745               
      823100            9.33856                             0.99588                                          -0.02736                                      91496.40570                                        1.00546e+06                                    70219.91201               
      824100            9.36293                             1.00138                                           0.04674                                      92001.56342                                        1.00474e+06                                    70142.96724               
      825100            9.33490                             0.99896                                          -0.00643                                      91779.57902                                        1.00574e+06                                    70156.90910               
      826100            9.39170                             0.99290                                          -0.01965                                      91222.76650                                        1.00538e+06                                    70211.48497               
      827100            9.36152                             0.99594                                          -0.03708                                      91502.38380                                        1.00601e+06                                    70371.94940               
      828100            9.34352                             0.99489                                          -0.04267                                      91405.47544                                        1.00550e+06                                    70159.81983               
      829100            9.56795                             0.99244                                          -0.00789                                      91180.77968                                        1.00552e+06                                    70254.22742               
      830100            9.27749                             0.99244                                          -0.06020                                      91180.19254                                        1.00557e+06                                    70173.27938               
      831100            9.35044                             0.99570                                          -0.02888                                      91480.10137                                        1.00591e+06                                    70238.18929               
      832100            9.33652                             0.99781                                          -0.02323                                      91673.92986                                        1.00675e+06                                    70300.59701               
      833100            9.35617                             0.99630                                          -0.03384                                      91534.67922                                        1.00631e+06                                    70270.79219               
      834100            9.35587                             0.98789                                          -0.09608                                      90762.63678                                        1.00622e+06                                    70233.71771               
      835100            9.58771                             0.98227                                          -0.07975                                      90245.89006                                        1.00544e+06                                    70163.10220               
      836100            9.35323                             1.00312                                          -0.03550                                      92162.09676                                        1.00710e+06                                    70334.79556               
      837100            9.31555                             1.00062                                          -0.03890                                      91931.79110                                        1.00712e+06                                    70271.51546               
      838100            9.35408                             0.99659                                          -0.05019                                      91561.78178                                        1.00669e+06                                    70186.53554               
      839100            9.33308                             0.99061                                          -0.00183                                      91012.14202                                        1.00610e+06                                    70154.35794               
      840100            9.34857                             1.00144                                           0.02129                                      92007.07992                                        1.00668e+06                                    70224.29820               
      841100            9.33143                             0.99701                                           0.09320                                      91600.48960                                        1.00669e+06                                    70257.36823               
      842100            9.55687                             0.99459                                           0.06876                                      91378.09956                                        1.00683e+06                                    70123.58198               
      843100            9.33700                             0.99094                                           0.02062                                      91042.52161                                        1.00719e+06                                    70288.45608               
      844100            9.57809                             0.99780                                          -0.06894                                      91673.30369                                        1.00677e+06                                    70339.79925               
      845100            9.34803                             0.99635                                           0.03256                                      91539.40890                                        1.00697e+06                                    70193.00187               
      846100            9.32699                             0.99630                                          -0.00371                                      91534.66966                                        1.00664e+06                                    70086.29603               
      847100            9.57497                             1.00070                                           0.06155                                      91939.18682                                        1.00680e+06                                    70147.74112               
      848100            9.57738                             0.99736                                          -0.00253                                      91632.50144                                        1.00644e+06                                    70165.38424               
      849100            9.32932                             0.99240                                           0.04337                                      91177.11897                                        1.00670e+06                                    70171.52461               
      850100            9.36297                             0.98718                                           0.01460                                      90696.80721                                        1.00764e+06                                    70290.18848               
      851100            9.33741                             0.98656                                          -0.01610                                      90640.25977                                        1.00716e+06                                    70222.85771               
      852100            9.35030                             0.99709                                           0.04081                                      91607.20466                                        1.00754e+06                                    70259.64302               
      853100            9.59693                             0.99563                                           0.01138                                      91473.38650                                        1.00798e+06                                    70269.99821               
      854100            9.37104                             0.99412                                          -0.06167                                      91335.06400                                        1.00739e+06                                    70285.18137               
      855100            9.32346                             0.99929                                          -0.02701                                      91810.16317                                        1.00724e+06                                    70161.98660               
      856100            9.32868                             1.00071                                           0.06422                                      91940.61410                                        1.00721e+06                                    70111.81675               
      857100            9.32080                             0.99709                                          -0.05220                                      91607.57745                                        1.00778e+06                                    70132.05328               
      858100            9.36829                             1.00232                                           0.02284                                      92088.06889                                        1.00756e+06                                    70066.14306               
      859100            9.60276                             0.99616                                           0.09189                                      91521.84827                                        1.00801e+06                                    70173.83448               
      860100            9.34098                             0.98590                                          -0.04751                                      90579.88917                                        1.00776e+06                                    70252.31768               
      861100            9.58085                             0.99340                                          -0.01051                                      91268.35891                                        1.00756e+06                                    70133.82011               
      862100            9.56918                             0.99685                                          -0.00244                                      91585.65304                                        1.00808e+06                                    70247.99876               
      863100            9.37752                             0.99560                                           0.00585                                      91470.54931                                        1.00846e+06                                    70266.10473               
      864100            9.34573                             0.99727                                          -0.12833                                      91624.05904                                        1.00874e+06                                    70399.99996               
      865100            9.37436                             0.99308                                          -0.10215                                      91239.67700                                        1.00908e+06                                    70394.34809               
      866100            9.56107                             0.98530                                          -0.00926                                      90523.99081                                        1.00745e+06                                    70058.20480               
      867100            9.33810                             0.98597                                          -0.08633                                      90586.28708                                        1.00772e+06                                    70149.15140               
      868100            9.59234                             0.99779                                          -0.04525                                      91671.78538                                        1.00852e+06                                    70174.37732               
      869100            9.62617                             0.99931                                          -0.07284                                      91812.00693                                        1.00954e+06                                    70344.25857               
      870100            9.28073                             0.99488                                           0.11175                                      91404.72079                                        1.00846e+06                                    70038.77531               
      871100            9.34500                             1.00435                                           0.03957                                      92274.35641                                        1.00869e+06                                    70064.17407               
      872100            9.58729                             1.00265                                           0.00474                                      92118.52750                                        1.00868e+06                                    70130.13060               
      873100            9.31587                             0.98134                                           0.02914                                      90160.19195                                        1.00813e+06                                    70024.90002               
      874100            9.34318                             0.99768                                          -0.02425                                      91661.40621                                        1.00881e+06                                    70137.47186               
      875100            9.37648                             0.99330                                          -0.02701                                      91259.89199                                        1.00938e+06                                    70401.13849               
      876100            9.55666                             0.98695                                          -0.04134                                      90675.88154                                        1.00960e+06                                    70303.89050               
      877100            9.36681                             0.99109                                          -0.05650                                      91056.46761                                        1.00929e+06                                    70318.32550               
      878100            9.31416                             0.98944                                          -0.01174                                      90905.11815                                        1.00855e+06                                    70218.64445               
      879100            9.35505                             0.98578                                           0.00988                                      90568.37947                                        1.00968e+06                                    70216.30593               
      880100            9.55259                             0.99192                                          -0.00941                                      91132.42719                                        1.00940e+06                                    70155.07932               
      881100            9.37344                             0.99606                                          -0.03586                                      91512.88311                                        1.01012e+06                                    70303.55345               
      882100            9.36087                             0.99592                                           0.03045                                      91500.55467                                        1.01038e+06                                    70291.43319               
      883100            9.32933                             0.99494                                          -0.00749                                      91409.80579                                        1.01004e+06                                    70297.81099               
      884100            9.35036                             1.00232                                           0.09286                                      92087.79169                                        1.01078e+06                                    70280.68159               
      885100            9.35118                             0.99944                                           0.05896                                      91823.52696                                        1.01017e+06                                    70168.56712               
      886100            9.32924                             0.99366                                           0.03896                                      91292.54649                                        1.00873e+06                                    70048.78855               
      887100            9.30425                             1.00133                                          -0.00586                                      91997.11113                                        1.00981e+06                                    70210.78816               
      888100            9.36342                             0.99747                                          -0.11081                                      91642.26386                                        1.00932e+06                                    70208.32486               
      889100            9.35034                             0.99462                                          -0.05085                                      91380.50084                                        1.00999e+06                                    70223.64771               
      890100            9.36315                             0.99640                                          -0.01303                                      91544.29153                                        1.00987e+06                                    70196.41639               
      891100            9.32685                             0.97947                                           0.06167                                      89989.12778                                        1.00950e+06                                    70196.46169               
      892100            9.36592                             0.98974                                          -0.02819                                      90931.93750                                        1.00940e+06                                    70137.70339               
      893100            9.36375                             1.00002                                           0.00580                                      91876.45432                                        1.01035e+06                                    70224.56239               
      894100            9.34271                             0.99312                                           0.00134                                      91243.09610                                        1.01063e+06                                    70222.43802               
      895100            9.37872                             0.99442                                           0.01069                                      91362.32186                                        1.01066e+06                                    70353.43648               
      896100            9.34837                             0.99210                                          -0.04459                                      91148.88572                                        1.00976e+06                                    70135.53480               
      897100            9.36160                             0.98463                                          -0.01334                                      90463.16184                                        1.00958e+06                                    70199.96415               
      898100            9.34339                             0.99177                                           0.03763                                      91119.32030                                        1.01008e+06                                    70139.19703               
      899100            9.34206                             0.98820                                          -0.00079                                      90791.18855                                        1.01021e+06                                    70160.55591               
      900100            9.33283                             0.99493                                           0.01330                                      91408.95427                                        1.01118e+06                                    70224.87192               
      901100            9.34748                             1.00073                                           0.08969                                      91942.19317                                        1.01042e+06                                    70042.63610               
      902100            9.30336                             0.99676                                           0.02639                                      91576.88703                                        1.00999e+06                                    70097.08697               
      903100            9.31126                             0.99486                                          -0.01721                                      91402.52382                                        1.01103e+06                                    70173.86734               
      904100            9.35945                             1.00387                                           0.12548                                      92230.29557                                        1.01079e+06                                    70044.86549               
      905100            9.58204                             0.99114                                           0.01770                                      91060.71550                                        1.01089e+06                                    70094.62505               
      906100            9.57446                             0.99255                                          -0.03489                                      91190.17772                                        1.01176e+06                                    70337.60627               
      907100            9.56039                             0.99422                                           0.01069                                      91343.82095                                        1.01100e+06                                    70153.39055               
      908100            9.36888                             0.99197                                          -0.01411                                      91137.33995                                        1.01058e+06                                    70192.82593               
      909100            9.57014                             0.99656                                          -0.04779                                      91558.85145                                        1.01176e+06                                    70246.63005               
      910100            9.34893                             1.00022                                           0.06529                                      91895.61890                                        1.01119e+06                                    70091.72903               
      911100            9.35116                             0.99402                                          -0.05689                                      91325.23249                                        1.01061e+06                                    70141.46713               
      912100            9.33363                             1.00240                                          -0.02960                                      92095.86249                                        1.01137e+06                                    70196.99832               
      913100            9.33724                             0.99681                                          -0.01742                                      91581.89215                                        1.01134e+06                                    70055.61562               
      914100            9.32682                             0.99272                                           0.02806                                      91205.94576                                        1.01005e+06                                    69979.26593               
      915100            9.32690                             0.99079                                          -0.01585                                      91028.50038                                        1.01081e+06                                    70096.55961               
      916100            9.31895                             0.98992                                           0.03578                                      90948.86733                                        1.01115e+06                                    70050.17077               
      917100            9.33092                             0.99960                                          -0.00328                                      91838.50262                                        1.01172e+06                                    70141.85959               
      918100            9.32367                             0.99556                                           0.01978                                      91466.85657                                        1.01191e+06                                    70231.08277               
      919100            9.33983                             0.99110                                          -0.00342                                      91057.15711                                        1.01072e+06                                    70114.91431               
      920100            9.35541                             0.99033                                           0.03196                                      90987.02201                                        1.01277e+06                                    70334.73255               
      921100            9.35700                             0.99202                                          -0.02448                                      91142.06406                                        1.01212e+06                                    70192.80064               
      922100            9.35160                             0.99531                                           0.02321                                      91444.54530                                        1.01208e+06                                    70278.17526               
      923100            9.35412                             0.98355                                          -0.01518                                      90364.11090                                        1.01183e+06                                    70249.86775               
      924100            9.61428                             0.99344                                          -0.07386                                      91272.73182                                        1.01130e+06                                    70206.23041               
      925100            9.35607                             0.99450                                          -0.01746                                      91369.78154                                        1.01239e+06                                    70228.16735               
      926100            9.59079                             0.98461                                          -0.10097                                      90460.87677                                        1.01058e+06                                    70160.34151               
      927100            9.33796                             0.99130                                           0.05498                                      91075.41966                                        1.01117e+06                                    70017.60018               
      928100            9.33299                             0.99829                                          -0.08821                                      91717.95131                                        1.01250e+06                                    70261.27083               
      929100            9.35666                             0.99585                                          -0.02707                                      91493.96384                                        1.01174e+06                                    70187.29645               
      930100            9.34200                             0.99163                                          -0.05198                                      91105.81718                                        1.01153e+06                                    70223.99016               
      931100            9.33870                             0.99734                                          -0.15536                                      91630.88030                                        1.01292e+06                                    70326.62603               
      932100            9.34323                             0.99397                                           0.04060                                      91320.54840                                        1.01182e+06                                    70044.20553               
      933100            9.32785                             0.99797                                           0.00990                                      91688.05743                                        1.01237e+06                                    70201.14580               
      934100            9.34965                             0.98686                                          -0.01818                                      90668.15830                                        1.01216e+06                                    70101.41345               
      935100            9.34719                             0.99515                                          -0.03159                                      91429.78496                                        1.01175e+06                                    70178.20868               
      936100            9.34521                             0.99833                                           0.02689                                      91721.72430                                        1.01237e+06                                    70103.32796               
      937100            9.33690                             0.99577                                           0.10885                                      91486.44700                                        1.01189e+06                                    69974.26686               
      938100            9.58125                             0.98716                                          -0.03973                                      90695.47465                                        1.01251e+06                                    70142.78962               
      939100            9.33519                             1.00061                                           0.07086                                      91930.93373                                        1.01314e+06                                    70128.77494               
      940100            9.27735                             0.99417                                           0.17376                                      91338.93237                                        1.01238e+06                                    69932.99027               
      941100            9.31969                             0.99071                                           0.01648                                      91021.46534                                        1.01277e+06                                    70081.34828               
      942100            9.34027                             0.99217                                          -0.06467                                      91155.35530                                        1.01257e+06                                    70204.23510               
      943100            9.38054                             0.99103                                          -0.09096                                      91051.33279                                        1.01428e+06                                    70297.82092               
      944100            9.35352                             0.98666                                          -0.00028                                      90649.35659                                        1.01257e+06                                    70120.93423               
      945100            9.36791                             0.99492                                          -0.04407                                      91408.22820                                        1.01363e+06                                    70291.04666               
      946100            9.33986                             0.99228                                           0.03230                                      91165.79339                                        1.01301e+06                                    70165.23776               
      947100            9.36579                             0.99476                                           0.01118                                      91394.02719                                        1.01321e+06                                    70153.57695               
      948100            9.35155                             0.99815                                          -0.03118                                      91705.05123                                        1.01292e+06                                    70212.76886               
      949100            9.32355                             0.98743                                          -0.02738                                      90720.24341                                        1.01215e+06                                    70005.47939               
      950100            9.33312                             0.99321                                          -0.01333                                      91251.44313                                        1.01350e+06                                    70231.19178               
      951100            9.34997                             0.99444                                          -0.09069                                      91363.94848                                        1.01402e+06                                    70314.61822               
Simulation.timestep  Simulation.tps  md.compute.ThermodynamicQuantities.kinetic_temperature md.compute.ThermodynamicQuantities.pressure md.compute.ThermodynamicQuantities.kinetic_energy md.compute.ThermodynamicQuantities.potential_energy md.compute.ThermodynamicQuantities.volume
      951100            8.20177                             0.99765                                          -0.06265                                      91659.51870                                        1.01298e+06                                    70200.31365               
      952100            9.37785                             0.99156                                           0.00434                                      91099.62578                                        1.01112e+06                                    69912.40186               
      953100            9.22676                             0.99636                                           0.04494                                      91540.57412                                        1.01138e+06                                    69946.21276               
      954100            9.21670                             0.99112                                           0.03444                                      91059.28674                                        1.01161e+06                                    69939.00903               
      955100            9.22629                             0.98624                                          -0.00610                                      90610.53547                                        1.01211e+06                                    70088.99842               
      956100            9.48484                             0.98208                                          -0.07551                                      90228.33110                                        1.01127e+06                                    70049.75972               
      957100            9.22770                             0.99288                                          -0.05907                                      91220.96888                                        1.01162e+06                                    70120.01559               
      958100            9.25701                             0.99305                                          -0.07082                                      91236.25331                                        1.01283e+06                                    70198.35303               
      959100            9.44115                             0.98880                                          -0.02261                                      90845.97716                                        1.01175e+06                                    70097.08941               
      960100            9.22657                             0.99440                                          -0.03951                                      91360.36687                                        1.01265e+06                                    69946.88595               
      961100            9.42071                             1.00475                                           0.09353                                      92311.84522                                        1.01323e+06                                    69963.43525               
      962100            9.26765                             0.99797                                           0.09112                                      91688.16100                                        1.01306e+06                                    70027.07549               
      963100            9.24423                             1.00121                                           0.05090                                      91986.11251                                        1.01167e+06                                    69850.96334               
      964100            9.42936                             0.99743                                           0.01341                                      91639.11639                                        1.01268e+06                                    69953.85271               
      965100            9.26159                             0.99170                                           0.02163                                      91112.69352                                        1.01239e+06                                    70060.98287               
      966100            9.26516                             1.00599                                           0.07726                                      92425.03933                                        1.01343e+06                                    70086.28359               
      967100            9.26585                             0.99171                                          -0.06214                                      91113.43438                                        1.01395e+06                                    70207.31217               
      968100            9.25015                             0.99248                                          -0.02661                                      91184.25452                                        1.01386e+06                                    70205.09892               
      969100            9.26414                             0.99516                                          -0.04268                                      91430.04429                                        1.01261e+06                                    70085.46388               
      970100            9.25354                             0.99289                                          -0.00491                                      91221.46966                                        1.01287e+06                                    70021.00697               
      971100            9.46444                             0.99002                                          -0.00411                                      90958.00002                                        1.01316e+06                                    70008.49577               
      972100            9.26428                             0.99824                                          -0.02475                                      91712.93081                                        1.01335e+06                                    70104.56117               
      973100            9.18516                             0.99943                                           0.03383                                      91822.55088                                        1.01317e+06                                    69949.48303               
      974100            9.23905                             0.99379                                          -0.01323                                      91304.88429                                        1.01323e+06                                    69937.56711               
      975100            9.25526                             0.99913                                           0.02790                                      91795.47884                                        1.01401e+06                                    70168.50954               
      976100            9.21212                             0.98714                                          -0.03102                                      90693.08287                                        1.01333e+06                                    70103.41146               
      977100            9.21585                             0.99465                                          -0.01315                                      91383.08135                                        1.01349e+06                                    70030.11101               
      978100            9.21013                             0.99970                                          -0.02947                                      91847.21550                                        1.01482e+06                                    70285.62444               
      979100            9.42345                             0.99582                                           0.04822                                      91490.50802                                        1.01332e+06                                    70036.28126               
      980100            9.21417                             0.98795                                          -0.06751                                      90767.96720                                        1.01298e+06                                    70147.48190               
      981100            9.45769                             0.99396                                          -0.02917                                      91320.22985                                        1.01391e+06                                    70176.54006               
      982100            9.24834                             0.99889                                          -0.06014                                      91772.80244                                        1.01448e+06                                    70210.97112               
      983100            9.47862                             0.99417                                           0.03272                                      91339.28110                                        1.01336e+06                                    70064.28323               
      984100            9.24482                             0.99920                                           0.05419                                      91801.81474                                        1.01390e+06                                    70001.34406               
      985100            9.52341                             0.99865                                          -0.01146                                      91750.62662                                        1.01371e+06                                    70103.99560               
      986100            9.26677                             0.99961                                          -0.09196                                      91839.32181                                        1.01444e+06                                    70206.79196               
      987100            9.21134                             0.98500                                          -0.03912                                      90496.91209                                        1.01360e+06                                    70086.03959               
      988100            9.21711                             0.99467                                          -0.00079                                      91385.10381                                        1.01322e+06                                    70010.42662               
      989100            9.24360                             0.99283                                          -0.00775                                      91216.31250                                        1.01455e+06                                    70144.30677               
      990100            9.23482                             0.98826                                          -0.05142                                      90796.81794                                        1.01360e+06                                    70140.68568               
      991100            9.21799                             0.99628                                           0.05150                                      91532.94707                                        1.01400e+06                                    70057.54567               
      992100            9.21839                             1.00535                                           0.09415                                      92366.84296                                        1.01404e+06                                    69986.39622               
      993100            9.44557                             0.99872                                           0.00988                                      91757.20380                                        1.01464e+06                                    70072.56420               
      994100            9.22692                             0.98696                                           0.03831                                      90677.37816                                        1.01401e+06                                    70054.75874               
      995100            9.44711                             0.99673                                          -0.11830                                      91574.86100                                        1.01488e+06                                    70308.47458               
      996100            9.25161                             0.98733                                          -0.01961                                      90711.08793                                        1.01516e+06                                    70171.12432               
      997100            9.23794                             0.98919                                          -0.01716                                      90882.04973                                        1.01392e+06                                    70009.56511               
      998100            9.23918                             0.99409                                          -0.03407                                      91331.71815                                        1.01279e+06                                    69854.83336               
      999100            9.20016                             0.99797                                           0.08638                                      91688.34915                                        1.01396e+06                                    69939.25853               
      1000100           9.22367                             1.00229                                          -0.01899                                      92085.37023                                        1.01500e+06                                    70068.50057               
      1001100           9.22316                             0.99016                                          -0.02160                                      90970.76394                                        1.01372e+06                                    69939.74840               
      1002100           9.36347                             0.99292                                           0.08875                                      91224.79222                                        1.01405e+06                                    69929.95160               
      1003100           9.18828                             0.99713                                          -0.03183                                      91611.55810                                        1.01458e+06                                    70021.47153               
      1004100           9.42262                             0.99260                                          -0.03679                                      91195.28553                                        1.01518e+06                                    70057.38772               
      1005100           9.22072                             0.99363                                           0.00037                                      91289.39343                                        1.01341e+06                                    69931.26439               
      1006100           9.46808                             0.99483                                           0.00290                                      91399.74660                                        1.01440e+06                                    70003.11372               
      1007100           9.24274                             0.99339                                          -0.04869                                      91268.05280                                        1.01513e+06                                    70044.38344               
      1008100           9.21293                             0.99593                                           0.00102                                      91501.31719                                        1.01419e+06                                    70032.45640               
      1009100           9.18018                             0.99966                                          -0.00555                                      91843.77212                                        1.01532e+06                                    70065.94726               
      1010100           9.47700                             1.00140                                          -0.03961                                      92003.92794                                        1.01532e+06                                    70146.29821               
      1011100           9.42891                             0.99974                                           0.01857                                      91851.01086                                        1.01475e+06                                    69921.13604               
      1012100           9.22631                             0.99339                                          -0.00540                                      91267.94428                                        1.01588e+06                                    70203.43367               
      1013100           9.25005                             0.99420                                           0.04622                                      91341.92903                                        1.01611e+06                                    70198.53993               
      1014100           9.23730                             0.98906                                          -0.00262                                      90869.85705                                        1.01583e+06                                    70127.71124               
      1015100           9.23281                             1.00736                                          -0.02828                                      92551.51458                                        1.01585e+06                                    70160.46825               
      1016100           9.24281                             0.98460                                          -0.01993                                      90459.72468                                        1.01521e+06                                    70091.60329               
      1017100           9.46838                             0.98864                                           0.03710                                      90830.84525                                        1.01532e+06                                    70016.56474               
      1018100           9.43521                             0.99292                                          -0.08547                                      91224.57768                                        1.01425e+06                                    70050.95051               
      1019100           9.23300                             0.99575                                          -0.02439                                      91484.23253                                        1.01602e+06                                    70023.56832               
      1020100           9.21335                             1.00289                                           0.07147                                      92140.16031                                        1.01509e+06                                    69871.17857               
      1021100           9.23299                             1.00016                                          -0.02130                                      91889.42787                                        1.01540e+06                                    70050.34224               
      1022100           9.43703                             0.99222                                           0.04028                                      91160.29000                                        1.01445e+06                                    69862.22072               
      1023100           9.26074                             1.00211                                           0.01730                                      92068.93453                                        1.01531e+06                                    70000.69674               
      1024100           9.21573                             0.98965                                          -0.01002                                      90924.41668                                        1.01452e+06                                    69923.82179               
      1025100           9.19445                             0.98755                                           0.04888                                      90731.43697                                        1.01507e+06                                    70038.86631               
      1026100           9.42743                             0.98117                                          -0.03770                                      90144.77513                                        1.01507e+06                                    70058.46315               
      1027100           9.20535                             0.99604                                           0.01666                                      91511.27628                                        1.01575e+06                                    69997.10685               
      1028100           9.18724                             0.98963                                          -0.01375                                      90921.84654                                        1.01484e+06                                    69949.77407               
      1029100           9.24423                             0.98978                                          -0.03348                                      90935.62665                                        1.01549e+06                                    70028.31586               
      1030100           9.22862                             0.99628                                          -0.02953                                      91532.92547                                        1.01629e+06                                    70166.03208               
      1031100           9.24970                             0.98768                                           0.02914                                      90743.06098                                        1.01502e+06                                    69996.86814               
      1032100           9.20825                             0.99799                                           0.02613                                      91690.63673                                        1.01692e+06                                    70062.28385               
      1033100           9.20879                             0.99213                                           0.00182                                      91152.13717                                        1.01586e+06                                    70010.71391               
      1034100           9.23400                             0.99568                                          -0.03617                                      91478.39357                                        1.01676e+06                                    70168.77300               
      1035100           9.49950                             0.99769                                           0.01882                                      91663.03041                                        1.01559e+06                                    70069.40770               
      1036100           9.45624                             0.99585                                           0.07950                                      91493.57057                                        1.01662e+06                                    70123.36805               
      1037100           9.41872                             0.99643                                           0.01055                                      91547.45800                                        1.01618e+06                                    70053.97351               
      1038100           9.21340                             0.98334                                           0.07280                                      90344.40051                                        1.01643e+06                                    70034.34454               
      1039100           9.22478                             0.99492                                          -0.00091                                      91408.72032                                        1.01677e+06                                    70095.76799               
      1040100           9.26314                             0.99748                                          -0.01636                                      91643.91687                                        1.01723e+06                                    70223.83949               
      1041100           9.20948                             0.99237                                          -0.01134                                      91174.41396                                        1.01725e+06                                    70245.96457               
      1042100           9.20240                             0.98670                                           0.04150                                      90652.83349                                        1.01583e+06                                    70043.58278               
      1043100           9.41273                             0.98608                                           0.08102                                      90596.07174                                        1.01690e+06                                    70020.15492               
      1044100           9.24941                             0.98916                                           0.00114                                      90879.44470                                        1.01640e+06                                    70048.65335               
      1045100           9.22280                             1.00050                                           0.08015                                      91920.60108                                        1.01749e+06                                    70014.85134               
      1046100           9.23694                             0.99077                                           0.09314                                      91027.28145                                        1.01634e+06                                    69937.82785               
      1047100           9.33802                             0.99794                                          -0.01902                                      91685.97256                                        1.01657e+06                                    70030.89140               
      1048100           9.24509                             1.00347                                          -0.01635                                      92193.98173                                        1.01743e+06                                    70224.23651               
      1049100           9.20350                             0.99750                                          -0.03391                                      91645.54549                                        1.01763e+06                                    70183.64370               
      1050100           9.21915                             0.99610                                           0.05355                                      91516.63212                                        1.01795e+06                                    70083.03432               
      1051100           9.42833                             0.99376                                           0.05047                                      91301.85578                                        1.01645e+06                                    69955.11636               
      1052100           9.24394                             0.99773                                          -0.04116                                      91666.65040                                        1.01786e+06                                    70169.38278               
      1053100           9.23078                             0.99568                                          -0.02007                                      91478.31399                                        1.01744e+06                                    70150.58661               
      1054100           9.20832                             0.99190                                          -0.05736                                      91131.25600                                        1.01688e+06                                    70054.35493               
      1055100           9.22851                             1.00056                                           0.02340                                      91926.59345                                        1.01725e+06                                    70083.93083               
      1056100           9.24703                             0.99823                                           0.02295                                      91712.10659                                        1.01785e+06                                    70173.53156               
      1057100           9.48487                             0.99459                                          -0.00632                                      91378.15683                                        1.01732e+06                                    70058.67240               
      1058100           9.24384                             0.98967                                           0.04093                                      90926.36902                                        1.01675e+06                                    69940.39079               
      1059100           9.46405                             0.98966                                           0.00866                                      90925.34979                                        1.01705e+06                                    70084.65508               
      1060100           9.46428                             0.99104                                          -0.05386                                      91051.60555                                        1.01796e+06                                    70197.13423               
      1061100           9.46771                             1.01164                                           0.08877                                      92944.36368                                        1.01806e+06                                    70090.38864               
      1062100           9.24370                             0.99807                                           0.04270                                      91697.45426                                        1.01826e+06                                    70115.22080               
      1063100           9.19146                             0.99703                                           0.09316                                      91602.31696                                        1.01805e+06                                    69978.08139               
      1064100           9.20711                             1.00263                                          -0.00664                                      92116.56093                                        1.01764e+06                                    69963.16037               
      1065100           9.22098                             0.99853                                          -0.01335                                      91739.63678                                        1.01681e+06                                    69905.68640               
      1066100           9.23722                             0.98760                                           0.02810                                      90736.05856                                        1.01766e+06                                    69942.85985               
      1067100           9.24201                             0.98991                                          -0.05229                                      90947.96786                                        1.01732e+06                                    69987.79638               
      1068100           9.26904                             1.00165                                           0.03873                                      92027.02048                                        1.01861e+06                                    70073.37284               
      1069100           9.43300                             1.00280                                           0.09289                                      92131.95416                                        1.01778e+06                                    69893.73814               
      1070100           9.21697                             0.99201                                           0.04002                                      91140.52144                                        1.01717e+06                                    69865.01764               
      1071100           9.26151                             0.99281                                           0.07531                                      91214.56423                                        1.01824e+06                                    69969.86453               
      1072100           9.24144                             1.00032                                           0.07273                                      91903.98137                                        1.01768e+06                                    69978.90267               
      1073100           9.20804                             0.99410                                           0.03174                                      91333.20677                                        1.01809e+06                                    70007.48911               
      1074100           9.22217                             0.99717                                           0.03595                                      91615.25925                                        1.01769e+06                                    69975.80112               
      1075100           9.25212                             1.00266                                          -0.05934                                      92119.25036                                        1.01882e+06                                    70109.59413               
      1076100           9.43125                             0.99381                                          -0.01930                                      91306.37687                                        1.01747e+06                                    69998.65457               
      1077100           9.18809                             0.99096                                          -0.00432                                      91044.78806                                        1.01623e+06                                    69860.04434               
      1078100           9.17166                             0.99609                                           0.02515                                      91515.99470                                        1.01805e+06                                    69955.96511               
      1079100           9.44084                             0.99807                                           0.00703                                      91697.29402                                        1.01836e+06                                    70002.78892               
      1080100           9.16991                             0.99734                                           0.04109                                      91630.94234                                        1.01795e+06                                    69939.58377               
      1081100           9.17875                             0.98916                                           0.13672                                      90878.74191                                        1.01720e+06                                    69776.91209               
      1082100           9.20522                             0.99395                                           0.01542                                      91319.17739                                        1.01780e+06                                    69888.16575               
      1083100           9.19478                             0.99251                                           0.04562                                      91186.51274                                        1.01870e+06                                    69947.16578               
      1084100           9.21665                             0.99633                                           0.06807                                      91538.22317                                        1.01841e+06                                    69971.18950               
      1085100           9.22720                             0.99024                                          -0.00709                                      90978.05021                                        1.01777e+06                                    69937.40998               
      1086100           9.19350                             0.98939                                          -0.08106                                      90899.78937                                        1.01857e+06                                    70036.88271               
      1087100           9.18962                             0.99675                                           0.04526                                      91576.62366                                        1.01753e+06                                    69842.07230               
      1088100           9.22022                             0.99824                                           0.04309                                      91713.75344                                        1.01941e+06                                    70092.64869               
      1089100           9.21134                             0.99864                                           0.05006                                      91749.69751                                        1.01899e+06                                    69986.71658               
      1090100           9.16227                             0.99188                                           0.03525                                      91128.87342                                        1.01796e+06                                    69939.36403               
      1091100           9.19075                             0.99883                                           0.08259                                      91767.06988                                        1.01885e+06                                    69900.33217               
      1092100           9.21679                             0.99321                                           0.06404                                      91251.13007                                        1.01806e+06                                    69762.87776               
      1093100           9.16245                             1.00003                                           0.05830                                      91877.94549                                        1.01970e+06                                    70022.01011               
      1094100           9.23110                             0.99099                                           0.04295                                      91047.12327                                        1.01914e+06                                    70035.82093               
      1095100           9.22711                             0.99031                                          -0.03192                                      90985.10439                                        1.01804e+06                                    69952.74820               
      1096100           9.44826                             0.99381                                           0.05544                                      91306.49048                                        1.01901e+06                                    69917.36126               
      1097100           9.20941                             0.99871                                           0.02470                                      91756.65457                                        1.01890e+06                                    69910.65520               
      1098100           9.18464                             0.99544                                           0.05784                                      91455.87961                                        1.01950e+06                                    69906.57633               
      1099100           9.19623                             0.99851                                           0.09838                                      91738.33925                                        1.01913e+06                                    69832.45450               
      1100100           9.24097                             0.99156                                          -0.01994                                      91100.00355                                        1.01969e+06                                    69989.52377               
      1101100           9.41702                             0.99072                                          -0.01689                                      91021.98614                                        1.01871e+06                                    70028.94294               
      1102100           9.20921                             0.98829                                          -0.05238                                      90799.26766                                        1.01957e+06                                    70053.24957               
      1103100           9.26476                             0.99977                                           0.10735                                      91854.31668                                        1.02054e+06                                    70031.60763               
      1104100           9.23601                             0.98796                                           0.06768                                      90768.38164                                        1.01962e+06                                    69956.17917               
      1105100           9.21099                             1.00141                                           0.07194                                      92004.71912                                        1.01956e+06                                    69950.32118               
      1106100           9.22673                             0.99280                                          -0.07004                                      91213.84319                                        1.02003e+06                                    70102.11782               
      1107100           9.20715                             0.99365                                          -0.12282                                      91291.33405                                        1.02009e+06                                    70257.06461               
      1108100           9.43521                             0.99170                                          -0.01873                                      91112.06407                                        1.01958e+06                                    70045.02143               
      1109100           9.24027                             0.99716                                           0.01904                                      91614.26972                                        1.02016e+06                                    70031.71686               
      1110100           9.25686                             0.99071                                           0.05788                                      91021.24810                                        1.01932e+06                                    69953.76784               
      1111100           9.23388                             0.99320                                          -0.04831                                      91250.02736                                        1.01953e+06                                    70158.89678               
      1112100           9.24336                             0.98766                                           0.01897                                      90741.13390                                        1.02015e+06                                    70062.86392               
      1113100           9.17107                             0.99620                                           0.04544                                      91526.04196                                        1.01982e+06                                    69906.30462               
      1114100           9.19635                             1.00387                                           0.01138                                      92230.31960                                        1.02095e+06                                    70077.62056               
      1115100           9.21705                             0.99845                                           0.06536                                      91732.34937                                        1.01969e+06                                    69910.46282               
      1116100           9.24363                             0.99998                                          -0.02556                                      91873.14829                                        1.02038e+06                                    70008.14427               
      1117100           9.41089                             0.99683                                          -0.07294                                      91583.87630                                        1.02005e+06                                    70154.89612               
      1118100           9.43534                             0.99266                                           0.01633                                      91200.65639                                        1.01985e+06                                    70004.79459               
      1119100           9.24185                             0.99259                                          -0.00891                                      91194.12156                                        1.01968e+06                                    69973.44839               
      1120100           9.25150                             0.99027                                          -0.06682                                      90981.02543                                        1.02011e+06                                    70110.17571               
      1121100           9.43507                             0.99499                                          -0.01082                                      91414.80822                                        1.02030e+06                                    70058.17671               
      1122100           9.23587                             1.00000                                           0.09983                                      91875.35163                                        1.02027e+06                                    70002.03701               
      1123100           9.22463                             1.00120                                           0.03458                                      91985.18035                                        1.02140e+06                                    70057.21951               
      1124100           9.42215                             0.99510                                           0.02780                                      91424.39027                                        1.01969e+06                                    69887.51578               
      1125100           9.19353                             0.99343                                           0.09379                                      91271.56033                                        1.01984e+06                                    69876.17889               
      1126100           9.19983                             0.99142                                          -0.00584                                      91086.53061                                        1.02073e+06                                    70042.88193               
      1127100           9.19687                             0.99464                                          -0.05440                                      91382.24067                                        1.02047e+06                                    69993.66059               
      1128100           9.17704                             0.99726                                           0.00595                                      91623.18692                                        1.02086e+06                                    70041.78199               
      1129100           9.40371                             0.99852                                          -0.02599                                      91739.38114                                        1.02083e+06                                    70067.56384               
      1130100           9.19901                             0.99682                                           0.07676                                      91583.29145                                        1.02071e+06                                    69989.94317               
      1131100           9.23451                             0.98787                                          -0.02631                                      90760.30706                                        1.02117e+06                                    70108.82130               
      1132100           9.19728                             0.99018                                          -0.05419                                      90973.12148                                        1.02045e+06                                    70058.58932               
      1133100           9.18830                             0.99221                                          -0.07123                                      91159.58268                                        1.02008e+06                                    69981.28261               
      1134100           9.24129                             0.99484                                           0.02520                                      91401.21152                                        1.02062e+06                                    70112.53285               
      1135100           9.20422                             0.99529                                           0.01473                                      91442.23800                                        1.02102e+06                                    70018.85061               
      1136100           9.19335                             0.98646                                           0.02845                                      90630.80698                                        1.02035e+06                                    69959.11237               
      1137100           9.46363                             0.99316                                          -0.04795                                      91246.99839                                        1.02087e+06                                    70096.08825               
      1138100           9.45864                             0.98188                                          -0.14234                                      90210.17162                                        1.02084e+06                                    70142.81462               
      1139100           9.19409                             0.99603                                           0.05636                                      91510.22181                                        1.02090e+06                                    69907.94484               
      1140100           9.22173                             0.99638                                           0.08589                                      91542.44898                                        1.02116e+06                                    69940.33956               
      1141100           9.24403                             0.99591                                          -0.01034                                      91499.08397                                        1.02143e+06                                    70108.28378               
      1142100           9.20154                             1.00056                                           0.04957                                      91926.40867                                        1.02068e+06                                    69890.84187               
      1143100           9.41682                             0.99460                                           0.04275                                      91378.92165                                        1.02041e+06                                    69832.82972               
      1144100           9.18603                             1.00042                                           0.06603                                      91913.19086                                        1.02108e+06                                    69948.83428               
      1145100           9.16256                             0.99671                                           0.04032                                      91572.34059                                        1.02041e+06                                    69851.00228               
      1146100           9.46507                             0.99106                                           0.00162                                      91053.37951                                        1.02117e+06                                    69996.66275               
      1147100           9.44089                             0.99357                                          -0.11649                                      91284.56544                                        1.02317e+06                                    70361.33398               
      1148100           9.21155                             0.98787                                          -0.03797                                      90760.43554                                        1.02120e+06                                    69982.20479               
      1149100           9.48359                             0.99834                                          -0.04868                                      91722.10277                                        1.02159e+06                                    70069.79916               
      1150100           9.21868                             0.99755                                          -0.06659                                      91649.67306                                        1.02181e+06                                    70162.45621               
      1151100           9.22589                             1.00122                                           0.02578                                      91986.82482                                        1.02191e+06                                    69988.65754               
      1152100           9.43307                             0.98856                                          -0.01808                                      90823.61382                                        1.02142e+06                                    69921.70943               
      1153100           9.24104                             0.99081                                          -0.03991                                      91031.07724                                        1.02276e+06                                    70163.79662               
      1154100           9.21340                             0.99367                                          -0.10720                                      91293.81371                                        1.02160e+06                                    70144.72481               
      1155100           9.43646                             0.99073                                          -0.04567                                      91023.34724                                        1.02143e+06                                    69995.12288               
      1156100           9.16515                             0.99416                                           0.01461                                      91338.33639                                        1.02185e+06                                    70087.59623               
      1157100           9.25031                             0.99574                                          -0.03883                                      91483.99168                                        1.02227e+06                                    70112.05650               
      1158100           9.24253                             0.99401                                          -0.03616                                      91324.53724                                        1.02180e+06                                    70137.88602               
      1159100           9.48872                             0.99293                                          -0.07569                                      91225.57565                                        1.02231e+06                                    70172.10411               
      1160100           9.19746                             0.99180                                           0.05295                                      91121.92964                                        1.02164e+06                                    69913.22915               
      1161100           9.16135                             0.98394                                           0.05423                                      90399.59211                                        1.02125e+06                                    69937.84885               
      1162100           9.17361                             0.99013                                          -0.07059                                      90968.22803                                        1.02111e+06                                    70043.99647               
      1163100           9.19742                             0.98635                                           0.03968                                      90621.32096                                        1.02074e+06                                    69860.29576               
      1164100           9.19603                             0.99266                                           0.04971                                      91200.45305                                        1.02151e+06                                    69906.73299               
      1165100           9.42630                             0.99947                                          -0.08102                                      91826.40102                                        1.02210e+06                                    70152.65733               
      1166100           9.17103                             0.98112                                          -0.12612                                      90140.35120                                        1.02193e+06                                    70102.98481               
      1167100           9.38602                             0.99391                                           0.02006                                      91315.27336                                        1.02185e+06                                    69950.33557               
      1168100           9.19818                             0.98939                                          -0.01766                                      90900.02769                                        1.02131e+06                                    69849.69588               
      1169100           9.44422                             0.99762                                           0.10826                                      91656.03514                                        1.02170e+06                                    69816.41955               
      1170100           9.20809                             0.99553                                           0.14363                                      91464.08141                                        1.02229e+06                                    69821.73301               
      1171100           9.41595                             0.99963                                           0.04775                                      91841.21506                                        1.02180e+06                                    69808.89264               
      1172100           9.17425                             0.99391                                           0.07110                                      91315.21625                                        1.02183e+06                                    69827.76114               
      1173100           9.42194                             0.99815                                          -0.00387                                      91704.63855                                        1.02315e+06                                    70149.27614               
      1174100           9.46378                             0.99512                                          -0.02884                                      91426.60344                                        1.02246e+06                                    70014.19796               
      1175100           9.43793                             0.98898                                           0.00041                                      90862.94755                                        1.02204e+06                                    69924.49204               
      1176100           9.18746                             0.99225                                          -0.02490                                      91162.97596                                        1.02259e+06                                    70050.76112               
      1177100           9.20916                             0.99038                                           0.03315                                      90990.94742                                        1.02255e+06                                    70022.85092               
      1178100           9.22987                             0.98997                                           0.03259                                      90953.79666                                        1.02171e+06                                    69895.60693               
      1179100           9.19996                             0.99188                                           0.03497                                      91128.79954                                        1.02215e+06                                    69952.36285               
      1180100           9.25745                             0.99938                                          -0.01120                                      91818.44490                                        1.02361e+06                                    69982.68204               
      1181100           9.37822                             0.98403                                           0.03304                                      90407.98571                                        1.02213e+06                                    69902.95054               
      1182100           9.47484                             1.00217                                           0.10031                                      92074.17484                                        1.02339e+06                                    70023.89730               
      1183100           9.44314                             1.00016                                           0.00535                                      91890.14591                                        1.02216e+06                                    69897.58613               
      1184100           9.21674                             0.98978                                           0.01986                                      90935.82399                                        1.02139e+06                                    69889.03203               
      1185100           9.18742                             0.99288                                           0.03408                                      91220.64908                                        1.02221e+06                                    69866.26545               
      1186100           9.22655                             0.99017                                           0.00284                                      90972.01748                                        1.02269e+06                                    69987.93905               
      1187100           9.18732                             0.99771                                          -0.03415                                      91664.95571                                        1.02324e+06                                    70008.84664               
      1188100           9.45503                             0.98942                                           0.03349                                      90903.36085                                        1.02172e+06                                    69797.60036               
      1189100           9.19332                             1.00108                                           0.00442                                      91974.18933                                        1.02272e+06                                    69944.53466               
      1190100           9.23653                             0.99578                                          -0.03851                                      91487.31600                                        1.02281e+06                                    69970.09942               
      1191100           9.41881                             0.98976                                          -0.06131                                      90934.48413                                        1.02237e+06                                    69888.90158               
      1192100           9.41870                             0.99909                                          -0.00649                                      91791.61815                                        1.02351e+06                                    70070.57446               
      1193100           9.17549                             0.99553                                           0.01310                                      91464.42104                                        1.02412e+06                                    69941.65067               
      1194100           9.20111                             0.99866                                           0.05702                                      91752.14131                                        1.02336e+06                                    69874.74008               
      1195100           9.20331                             0.99432                                          -0.03134                                      91353.45683                                        1.02320e+06                                    70092.96766               
      1196100           9.18773                             0.99766                                          -0.01754                                      91659.73673                                        1.02263e+06                                    69863.68877               
      1197100           9.18967                             0.98618                                           0.01142                                      90605.32308                                        1.02278e+06                                    69956.20521               
      1198100           9.39858                             0.99393                                           0.07734                                      91317.25633                                        1.02303e+06                                    69859.09077               
      1199100           9.21193                             0.98738                                          -0.00617                                      90715.13233                                        1.02363e+06                                    70082.23853               
      1200100           9.22802                             0.99624                                          -0.03223                                      91529.67912                                        1.02454e+06                                    70082.37725               
      1201100           9.20522                             1.00009                                           0.01787                                      91883.39813                                        1.02449e+06                                    69972.43035               
      1202100           9.40977                             0.99599                                          -0.01284                                      91506.21788                                        1.02363e+06                                    69915.48113               
      1203100           9.15867                             0.99530                                           0.04462                                      91443.02937                                        1.02318e+06                                    69822.84720               
      1204100           9.19877                             0.99598                                           0.11502                                      91505.86640                                        1.02331e+06                                    69752.08319               
      1205100           9.17996                             0.98796                                           0.17050                                      90769.12122                                        1.02243e+06                                    69628.44425               
      1206100           9.40685                             0.99214                                           0.00986                                      91153.25617                                        1.02373e+06                                    69958.06155               
      1207100           9.21810                             0.99700                                          -0.02339                                      91599.56178                                        1.02372e+06                                    70031.13770               
      1208100           9.20866                             0.99340                                          -0.01547                                      91268.85726                                        1.02385e+06                                    69959.86663               
      1209100           9.24273                             0.99336                                          -0.04397                                      91264.97307                                        1.02451e+06                                    70134.95839               
      1210100           9.23642                             0.99782                                           0.04202                                      91674.60285                                        1.02359e+06                                    69862.29011               
      1211100           9.48137                             0.99837                                           0.07239                                      91724.78703                                        1.02336e+06                                    69791.00394               
      1212100           9.44614                             0.99600                                           0.06394                                      91507.27334                                        1.02443e+06                                    69891.18820               
      1213100           9.21321                             0.99531                                           0.02429                                      91444.21398                                        1.02329e+06                                    69869.74045               
      1214100           9.22138                             0.99206                                           0.01858                                      91145.20251                                        1.02408e+06                                    69939.43586               
      1215100           9.24669                             1.00312                                          -0.07369                                      92161.89135                                        1.02385e+06                                    69972.14771               
      1216100           9.46983                             0.98720                                          -0.05442                                      90698.69804                                        1.02397e+06                                    70004.29860               
      1217100           9.25603                             1.00156                                           0.00672                                      92017.96149                                        1.02320e+06                                    69954.92752               
      1218100           9.22481                             0.99192                                           0.01963                                      91132.80480                                        1.02434e+06                                    69982.20660               
      1219100           9.22105                             0.99394                                           0.00704                                      91318.30022                                        1.02474e+06                                    70101.60912               
      1220100           9.23857                             0.99862                                          -0.00670                                      91748.37899                                        1.02444e+06                                    70039.17243               
      1221100           9.23865                             0.99977                                          -0.02322                                      91854.12407                                        1.02383e+06                                    69992.03150               
      1222100           9.46681                             0.99173                                          -0.01149                                      91115.02467                                        1.02442e+06                                    69948.67480               
      1223100           9.24526                             0.99762                                           0.01531                                      91656.00694                                        1.02574e+06                                    70046.23419               
      1224100           9.21257                             0.99664                                           0.05352                                      91566.36826                                        1.02455e+06                                    69990.81324               
      1225100           9.26644                             1.00152                                           0.03335                                      92014.21061                                        1.02482e+06                                    70048.02928               
      1226100           9.26143                             0.99255                                           0.01830                                      91190.42205                                        1.02545e+06                                    70109.63728               
      1227100           9.26494                             0.99062                                          -0.02920                                      91013.10363                                        1.02529e+06                                    70119.39896               
      1228100           9.22917                             0.98976                                           0.00259                                      90934.61388                                        1.02474e+06                                    69991.96719               
      1229100           9.24670                             0.99116                                          -0.02978                                      91062.54157                                        1.02485e+06                                    69927.74732               
      1230100           9.25386                             0.99658                                          -0.02737                                      91560.66433                                        1.02342e+06                                    69890.88435               
      1231100           9.24448                             0.99232                                          -0.02719                                      91169.28732                                        1.02480e+06                                    69977.48826               
      1232100           9.25543                             0.98755                                           0.02618                                      90731.41258                                        1.02421e+06                                    69957.32090               
      1233100           9.46305                             0.99182                                          -0.00037                                      91123.34443                                        1.02431e+06                                    69940.99459               
      1234100           9.22586                             0.99897                                          -0.03424                                      91780.16982                                        1.02426e+06                                    69923.01388               
      1235100           9.22490                             0.98872                                          -0.00363                                      90838.95912                                        1.02503e+06                                    69988.86434               
      1236100           9.45426                             0.99323                                           0.03640                                      91253.39819                                        1.02354e+06                                    69764.28454               
      1237100           9.43503                             0.99430                                          -0.06283                                      91351.05082                                        1.02517e+06                                    70112.15418               
      1238100           9.30027                             0.99679                                           0.06431                                      91580.53399                                        1.02460e+06                                    69905.30613               
      1239100           9.27734                             0.99557                                           0.05614                                      91467.86930                                        1.02507e+06                                    69882.42712               
      1240100           9.29875                             0.99082                                          -0.10123                                      91031.96898                                        1.02507e+06                                    69969.63948               
      1241100           9.51216                             0.99777                                          -0.03187                                      91669.71054                                        1.02494e+06                                    69953.84063               
      1242100           9.30618                             0.99313                                          -0.04250                                      91243.96904                                        1.02507e+06                                    69974.42743               
      1243100           9.27245                             0.99900                                           0.03095                                      91782.71150                                        1.02438e+06                                    69842.46614               
      1244100           9.28652                             0.99943                                          -0.03603                                      91822.26776                                        1.02439e+06                                    70020.70095               
      1245100           9.29113                             0.99389                                           0.00506                                      91314.01679                                        1.02536e+06                                    69989.47067               
      1246100           9.30135                             0.99739                                           0.05420                                      91635.15860                                        1.02504e+06                                    69882.88658               
      1247100           9.25556                             0.99968                                          -0.00569                                      91845.63903                                        1.02507e+06                                    69911.24544               
      1248100           9.27534                             0.98625                                          -0.08569                                      90611.89549                                        1.02450e+06                                    69997.87825               
      1249100           9.50353                             0.99468                                          -0.00418                                      91386.34680                                        1.02567e+06                                    70047.52497               
      1250100           9.27709                             0.98959                                          -0.00300                                      90918.62770                                        1.02554e+06                                    70064.79836               
      1251100           9.29746                             0.99406                                          -0.05030                                      91328.87902                                        1.02562e+06                                    70053.79911               
      1252100           9.30874                             0.99655                                           0.01252                                      91558.04496                                        1.02603e+06                                    69994.42015               
      1253100           9.26936                             1.00419                                          -0.01992                                      92259.77026                                        1.02615e+06                                    70031.91942               
      1254100           9.28895                             0.99195                                           0.02148                                      91135.68931                                        1.02574e+06                                    69902.47497               
      1255100           9.27300                             0.99424                                           0.04493                                      91345.66146                                        1.02575e+06                                    69988.18035               
      1256100           9.51781                             0.98706                                          -0.03729                                      90685.74545                                        1.02631e+06                                    70105.66329               
      1257100           9.29347                             0.99603                                           0.00107                                      91510.64424                                        1.02611e+06                                    69985.68644               
      1258100           9.27201                             0.98567                                          -0.03704                                      90558.61730                                        1.02571e+06                                    70024.94076               
      1259100           9.55308                             0.99116                                          -0.01029                                      91063.12727                                        1.02651e+06                                    70072.43738               
      1260100           9.26868                             1.00080                                           0.03702                                      91948.44723                                        1.02641e+06                                    69953.88629               
      1261100           9.30907                             0.99474                                           0.05527                                      91392.18800                                        1.02521e+06                                    69913.94025               
      1262100           9.29776                             0.99106                                           0.05721                                      91053.76856                                        1.02582e+06                                    69938.72227               
      1263100           9.23448                             0.99758                                           0.11111                                      91652.90263                                        1.02534e+06                                    69669.52174               
      1264100           9.26379                             0.98984                                           0.00934                                      90941.11670                                        1.02553e+06                                    69919.81414               
      1265100           9.27719                             0.98806                                          -0.02292                                      90778.38835                                        1.02690e+06                                    70089.40441               
      1266100           9.26392                             0.99153                                           0.02157                                      91096.51093                                        1.02536e+06                                    69813.75790               
      1267100           9.29260                             0.99632                                           0.03172                                      91536.68643                                        1.02561e+06                                    69877.56235               
      1268100           9.27850                             0.99380                                          -0.01236                                      91305.43860                                        1.02605e+06                                    69958.72863               
      1269100           9.50974                             0.99516                                          -0.02751                                      91430.77110                                        1.02713e+06                                    70108.75540               
      1270100           9.30124                             0.98917                                          -0.03918                                      90879.59803                                        1.02663e+06                                    70059.60046               
      1271100           9.30936                             0.98605                                          -0.10389                                      90593.44767                                        1.02742e+06                                    70260.39878               
      1272100           9.30624                             0.98493                                           0.01341                                      90490.68021                                        1.02644e+06                                    69901.27342               
      1273100           9.09853                             0.99223                                           0.04777                                      91160.77739                                        1.02583e+06                                    69803.75670               
      1274100           8.87228                             1.00273                                           0.14120                                      92125.36144                                        1.02753e+06                                    69967.84380               
      1275100           9.11232                             0.98360                                          -0.05546                                      90368.15742                                        1.02640e+06                                    69938.78223               
      1276100           9.09860                             0.98270                                          -0.00158                                      90285.32817                                        1.02643e+06                                    70049.33858               
      1277100           8.96743                             0.99070                                          -0.07656                                      91020.99529                                        1.02718e+06                                    70194.28233               
      1278100           9.10722                             0.98719                                          -0.07204                                      90698.44292                                        1.02629e+06                                    70043.02435               
      1279100           9.09648                             0.98878                                          -0.06687                                      90843.83935                                        1.02611e+06                                    69967.74389               
      1280100           8.91671                             1.00247                                           0.04177                                      92102.00487                                        1.02729e+06                                    70105.61259               
      1281100           9.48931                             0.99687                                           0.01777                                      91587.72491                                        1.02720e+06                                    70027.99600               
      1282100           9.27686                             0.99524                                          -0.00568                                      91438.06778                                        1.02711e+06                                    70068.79748               
      1283100           9.29407                             0.99388                                          -0.04989                                      91312.70720                                        1.02628e+06                                    70029.44160               
      1284100           9.27961                             0.98781                                           0.00098                                      90754.75475                                        1.02719e+06                                    69987.62726               
      1285100           9.25991                             0.99537                                           0.00222                                      91449.43492                                        1.02633e+06                                    69917.32713               
      1286100           9.25030                             0.99650                                          -0.01266                                      91553.69722                                        1.02707e+06                                    69999.53904               
      1287100           9.28158                             0.98793                                          -0.04087                                      90765.92759                                        1.02690e+06                                    70016.01554               
      1288100           9.52074                             0.99996                                          -0.00925                                      91871.39076                                        1.02769e+06                                    70032.13856               
      1289100           9.30900                             0.99461                                          -0.00600                                      91380.06731                                        1.02702e+06                                    69977.79091               
      1290100           9.58701                             0.99728                                           0.08508                                      91624.66603                                        1.02704e+06                                    69948.37266               
      1291100           9.32706                             0.99242                                          -0.04008                                      91178.24454                                        1.02720e+06                                    70053.75093               
      1292100           9.31594                             0.99046                                          -0.09563                                      90998.84555                                        1.02768e+06                                    70024.72982               
      1293100           9.54387                             0.98911                                          -0.05840                                      90874.15745                                        1.02703e+06                                    69936.22508               
      1294100           9.50870                             0.99553                                          -0.07242                                      91464.31445                                        1.02782e+06                                    70041.78494               
      1295100           9.57908                             0.98878                                          -0.06075                                      90843.86424                                        1.02693e+06                                    70062.95412               
      1296100           9.29981                             0.99963                                           0.01199                                      91840.73967                                        1.02708e+06                                    69848.05461               
      1297100           9.32167                             0.99438                                           0.04563                                      91358.85569                                        1.02731e+06                                    69957.78113               
      1298100           9.34012                             0.99225                                           0.10064                                      91162.66812                                        1.02669e+06                                    69763.91962               
      1299100           9.32373                             1.00218                                           0.03084                                      92075.26704                                        1.02771e+06                                    69986.52692               
      1300100           9.34847                             0.99152                                          -0.01913                                      91095.87044                                        1.02775e+06                                    70202.91323               
      1301100           9.33670                             0.99177                                           0.03313                                      91118.98941                                        1.02808e+06                                    70118.44801               
      1302100           9.31053                             0.99555                                          -0.01653                                      91465.97183                                        1.02692e+06                                    69941.14496               
      1303100           9.33170                             0.99678                                           0.03745                                      91579.00913                                        1.02807e+06                                    70033.48448               
      1304100           9.28614                             0.99209                                          -0.03505                                      91148.42034                                        1.02721e+06                                    69996.05350               
      1305100           9.32369                             0.98707                                          -0.00293                                      90687.08667                                        1.02736e+06                                    69923.14066               
      1306100           9.58777                             0.99086                                          -0.04495                                      91035.36559                                        1.02795e+06                                    70090.27488               
      1307100           9.57089                             0.99178                                          -0.08260                                      91120.07691                                        1.02770e+06                                    70056.62668               
      1308100           9.56949                             0.99193                                           0.07244                                      91133.33532                                        1.02726e+06                                    69865.97265               
      1309100           9.31199                             1.00313                                           0.10627                                      92162.14345                                        1.02825e+06                                    69790.07289               
      1310100           9.29898                             0.99869                                           0.02617                                      91754.56343                                        1.02804e+06                                    69978.41260               
      1311100           9.29556                             1.00184                                           0.05433                                      92044.41635                                        1.02809e+06                                    69878.99321               
      1312100           9.29613                             0.99313                                           0.05912                                      91244.00457                                        1.02709e+06                                    69747.22907               
