Simulation.timestep  Simulation.tps  md.compute.ThermodynamicQuantities.kinetic_temperature md.compute.ThermodynamicQuantities.pressure md.compute.ThermodynamicQuantities.kinetic_energy md.compute.ThermodynamicQuantities.potential_energy md.compute.ThermodynamicQuantities.volume
       9100             8.25120                             1.02296                                          -0.05374                                      95902.68213                                        6.85133e+05                                    77159.19244               
       10100            9.22304                             1.01664                                           0.10160                                      95309.89612                                        6.86082e+05                                    75856.67932               
       11100            9.24748                             1.01313                                           0.10973                                      94980.61838                                        6.90048e+05                                    75880.59110               
       12100            9.42320                             1.00904                                           0.03855                                      94597.23819                                        6.94228e+05                                    75700.91396               
       13100            9.45461                             0.99941                                           0.06802                                      93694.90461                                        6.97802e+05                                    75536.70002               
       14100            9.42975                             0.99612                                           0.03370                                      93386.52408                                        7.03026e+05                                    75558.02461               
       15100            9.23701                             0.99389                                          -0.01259                                      93176.97108                                        7.07812e+05                                    75706.01737               
       16100            9.49043                             0.99532                                          -0.00049                                      93311.18904                                        7.12310e+05                                    75824.95188               
       17100            9.22928                             0.98944                                          -0.06900                                      92760.24723                                        7.15872e+05                                    75700.38710               
       18100            9.44460                             0.98501                                          -0.06485                                      92344.35323                                        7.21224e+05                                    75643.45581               
       19100            9.47622                             0.99220                                          -0.02519                                      93019.15641                                        7.26192e+05                                    75748.74788               
       20100            9.19550                             0.98928                                           0.04894                                      92744.77528                                        7.29260e+05                                    75423.71599               
       21100            9.41834                             0.99076                                           0.02368                                      92883.37616                                        7.33252e+05                                    75222.65657               
       22100            9.39957                             0.99715                                           0.02465                                      93482.40216                                        7.36736e+05                                    75118.82939               
       23100            9.18071                             0.99443                                          -0.03726                                      93227.63005                                        7.42007e+05                                    75258.59123               
       24100            9.39584                             0.99458                                           0.05258                                      93242.22687                                        7.44853e+05                                    74994.12880               
       25100            9.38786                             0.98586                                          -0.07081                                      92424.60923                                        7.49889e+05                                    75158.37981               
       26100            9.42024                             0.99403                                           0.00571                                      93190.13013                                        7.54638e+05                                    75363.24355               
       27100            9.18576                             0.98798                                           0.01083                                      92622.73664                                        7.59186e+05                                    75263.69954               
       28100            9.40390                             0.99236                                          -0.00638                                      93034.16589                                        7.61885e+05                                    75120.65288               
       29100            9.40441                             0.98689                                           0.00182                                      92520.93930                                        7.64874e+05                                    75047.38957               
       30100            9.35957                             0.99126                                           0.00511                                      92930.49896                                        7.68582e+05                                    74899.18986               
       31100            9.15309                             0.98856                                           0.03316                                      92677.37613                                        7.72352e+05                                    74828.14081               
       32100            9.38010                             0.99424                                          -0.02135                                      93209.61126                                        7.76635e+05                                    74791.67789               
       33100            9.13247                             0.99899                                          -0.04402                                      93655.26740                                        7.80965e+05                                    74882.03422               
       34100            9.37402                             0.98928                                          -0.05455                                      92744.53608                                        7.85519e+05                                    75135.49279               
       35100            9.13978                             0.98807                                          -0.05233                                      92631.58047                                        7.88264e+05                                    74941.17405               
       36100            9.35748                             0.98908                                          -0.09432                                      92726.67175                                        7.91995e+05                                    74991.87128               
       37100            9.34015                             0.99589                                           0.01102                                      93364.85978                                        7.96151e+05                                    74793.39214               
       38100            9.36818                             0.99350                                          -0.04874                                      93140.49811                                        7.99310e+05                                    74964.05309               
       39100            9.34312                             0.99260                                          -0.01485                                      93056.34112                                        8.02586e+05                                    74889.14939               
       40100            9.35588                             0.99627                                          -0.06666                                      93400.32180                                        8.06558e+05                                    74788.02976               
       41100            9.32384                             0.99873                                           0.01691                                      93630.99424                                        8.09125e+05                                    74527.71110               
       42100            9.26169                             0.99746                                           0.02250                                      93511.83149                                        8.14285e+05                                    74744.58030               
       43100            9.09569                             0.99720                                          -0.03043                                      93487.56429                                        8.16771e+05                                    74568.02093               
       44100            9.27317                             0.99229                                          -0.04626                                      93027.10457                                        8.20372e+05                                    74653.17565               
       45100            9.08584                             0.99364                                           0.01705                                      93153.82114                                        8.23953e+05                                    74605.91334               
       46100            9.28483                             0.98810                                          -0.00874                                      92634.75919                                        8.24550e+05                                    74165.46794               
       47100            9.08517                             0.99154                                           0.05378                                      92957.14198                                        8.28993e+05                                    74288.54594               
       48100            9.26978                             0.98873                                          -0.02243                                      92693.57191                                        8.32556e+05                                    74353.41828               
       49100            9.30390                             0.99321                                           0.00853                                      93113.83889                                        8.35919e+05                                    74296.01442               
       50100            9.05803                             0.98789                                          -0.03563                                      92614.26218                                        8.39368e+05                                    74346.62124               
       51100            9.04219                             0.99794                                          -0.06375                                      93556.54798                                        8.43464e+05                                    74528.00754               
       52100            9.29806                             1.00087                                          -0.04541                                      93831.46072                                        8.46558e+05                                    74539.81475               
       53100            9.27961                             0.99927                                           0.04858                                      93681.69949                                        8.48945e+05                                    74354.48344               
       54100            9.26016                             0.99144                                           0.01909                                      92947.53027                                        8.50652e+05                                    74264.13269               
       55100            9.21901                             0.99129                                           0.00152                                      92933.35560                                        8.54352e+05                                    74231.74411               
       56100            9.24867                             0.99832                                           0.13360                                      93592.22915                                        8.57101e+05                                    73981.15859               
       57100            9.29603                             0.99712                                          -0.02204                                      93479.94745                                        8.60093e+05                                    74190.69363               
       58100            9.27523                             0.99290                                          -0.05095                                      93084.36195                                        8.62290e+05                                    74090.41617               
       59100            9.20663                             0.99038                                          -0.00984                                      92847.89261                                        8.64680e+05                                    74054.47123               
       60100            9.02833                             0.98893                                          -0.00163                                      92712.25453                                        8.67934e+05                                    74035.52359               
       61100            9.27041                             0.99888                                           0.06619                                      93645.45333                                        8.72030e+05                                    74148.20111               
       62100            9.04777                             0.99107                                          -0.01149                                      92912.90168                                        8.73378e+05                                    74055.63007               
       63100            9.05210                             0.98849                                          -0.04277                                      92670.99151                                        8.76518e+05                                    73982.98173               
       64100            9.23145                             0.98956                                           0.06448                                      92771.36359                                        8.78645e+05                                    73874.52897               
       65100            9.26405                             0.99185                                           0.01347                                      92985.84782                                        8.82004e+05                                    73898.05610               
       66100            9.23790                             0.99896                                          -0.04762                                      93652.52995                                        8.85127e+05                                    74018.73086               
       67100            9.25135                             0.99920                                           0.11084                                      93675.34269                                        8.88048e+05                                    73801.93132               
       68100            9.23871                             0.98916                                          -0.08828                                      92733.74125                                        8.89908e+05                                    74028.10928               
       69100            9.20675                             0.98998                                           0.04795                                      92810.28728                                        8.91915e+05                                    73737.80748               
       70100            9.22162                             1.00280                                           0.03005                                      94012.23296                                        8.94971e+05                                    73768.79601               
       71100            9.22088                             1.00136                                           0.00731                                      93877.22145                                        8.98221e+05                                    73940.14242               
       72100            9.22421                             0.98899                                          -0.07307                                      92717.59514                                        8.99628e+05                                    73808.98077               
       73100            9.23064                             0.99239                                          -0.05560                                      93036.57640                                        9.02085e+05                                    73959.77780               
       74100            9.01543                             0.98787                                          -0.08258                                      92612.80888                                        9.04672e+05                                    73864.18578               
       75100            9.21416                             0.99511                                           0.04183                                      93291.29497                                        9.06751e+05                                    73697.23390               
       76100            9.21081                             0.99253                                           0.02168                                      93050.04587                                        9.08331e+05                                    73611.33041               
       77100            9.22871                             0.98808                                          -0.02015                                      92632.73095                                        9.10436e+05                                    73685.12796               
       78100            9.24851                             0.98610                                          -0.07144                                      92447.29658                                        9.13599e+05                                    73903.08038               
       79100            9.19277                             0.99223                                           0.00167                                      93021.10193                                        9.14146e+05                                    73513.12329               
       80100            9.18013                             1.00249                                           0.06048                                      93983.53524                                        9.18112e+05                                    73709.06289               
       81100            9.19222                             0.99937                                           0.05106                                      93690.96817                                        9.19503e+05                                    73578.20775               
       82100            9.16909                             0.99477                                           0.02809                                      93259.68715                                        9.21227e+05                                    73469.70486               
       83100            9.18478                             0.99383                                           0.03463                                      93171.50372                                        9.22749e+05                                    73568.97586               
       84100            9.19316                             0.98723                                          -0.01196                                      92552.62155                                        9.24952e+05                                    73582.97520               
       85100            9.15266                             0.99457                                           0.05582                                      93240.73903                                        9.26277e+05                                    73368.91921               
       86100            9.41742                             0.99387                                           0.03268                                      93175.14747                                        9.28977e+05                                    73481.30325               
       87100            9.22128                             1.00033                                          -0.01296                                      93781.11567                                        9.31171e+05                                    73612.55802               
       88100            8.96200                             0.99924                                           0.04918                                      93679.08863                                        9.32469e+05                                    73380.76962               
       89100            9.14984                             1.00049                                           0.03562                                      93795.53890                                        9.33966e+05                                    73364.75681               
       90100            9.19107                             1.00085                                          -0.03576                                      93829.86680                                        9.36889e+05                                    73508.12577               
       91100            9.16081                             0.98839                                           0.06391                                      92661.99857                                        9.37422e+05                                    73252.16210               
       92100            9.17449                             0.99771                                          -0.06199                                      93535.58847                                        9.40416e+05                                    73580.83890               
       93100            9.17880                             1.00461                                           0.06084                                      94182.54017                                        9.41651e+05                                    73365.53162               
       94100            9.15877                             0.98516                                           0.01258                                      92358.39795                                        9.41022e+05                                    73253.96227               
       95100            9.18100                             0.99409                                           0.00348                                      93196.39905                                        9.44190e+05                                    73308.55958               
       96100            9.40560                             0.98957                                           0.05134                                      92771.92787                                        9.45847e+05                                    73304.68630               
       97100            9.14149                             0.99606                                           0.03773                                      93380.85848                                        9.47535e+05                                    73226.05562               
       98100            9.17094                             0.99904                                          -0.00785                                      93660.05900                                        9.50253e+05                                    73309.23485               
       99100            9.17206                             0.99580                                           0.00230                                      93356.14947                                        9.52147e+05                                    73497.94736               
      100100            9.18795                             0.98687                                          -0.03119                                      92518.78660                                        9.52990e+05                                    73435.36578               
      101100            9.14794                             0.98855                                          -0.10025                                      92676.56357                                        9.54572e+05                                    73280.70620               
      102100            9.18880                             0.99841                                          -0.05304                                      93601.34456                                        9.55992e+05                                    73271.29255               
      103100            9.13537                             0.99548                                           0.01454                                      93326.01073                                        9.57746e+05                                    73251.64626               
      104100            9.12781                             0.98953                                          -0.05528                                      92768.78158                                        9.59248e+05                                    73228.11961               
      105100            9.16800                             0.99285                                           0.04383                                      93079.33971                                        9.60024e+05                                    73171.75858               
      106100            9.16640                             0.99117                                          -0.07188                                      92921.74555                                        9.63230e+05                                    73292.36967               
      107100            9.15413                             0.99091                                           0.05701                                      92897.35589                                        9.64154e+05                                    73239.22575               
      108100            9.16610                             0.99132                                           0.02221                                      92936.34593                                        9.65805e+05                                    73289.60928               
      109100            9.14008                             0.99592                                           0.01122                                      93367.33708                                        9.66463e+05                                    73201.22472               
      110100            9.12210                             0.99244                                          -0.08762                                      93040.95865                                        9.68538e+05                                    73278.48992               
      111100            9.17147                             0.98839                                          -0.05932                                      92661.56224                                        9.70831e+05                                    73389.43330               
      112100            9.13607                             0.99111                                          -0.02541                                      92917.02888                                        9.71309e+05                                    73156.52440               
      113100            9.15340                             0.99618                                          -0.03279                                      93391.48613                                        9.72719e+05                                    73165.54380               
      114100            9.10424                             0.99534                                           0.01883                                      93312.84508                                        9.74213e+05                                    73012.12786               
      115100            9.13176                             0.98935                                          -0.02059                                      92751.19790                                        9.75067e+05                                    73084.26758               
      116100            9.09540                             0.99420                                          -0.00033                                      93206.61571                                        9.75674e+05                                    72989.96423               
      117100            9.11964                             0.99039                                          -0.05147                                      92848.71950                                        9.77926e+05                                    73233.38127               
      118100            9.13634                             0.99267                                           0.05609                                      93062.44541                                        9.79612e+05                                    73097.48050               
      119100            9.12137                             0.99624                                           0.04214                                      93397.69817                                        9.80476e+05                                    73056.24705               
      120100            9.09819                             0.98459                                           0.05503                                      92304.93451                                        9.80046e+05                                    72816.92019               
      121100            9.34644                             0.99235                                           0.03679                                      93032.53354                                        9.83422e+05                                    73055.59605               
      122100            9.07644                             0.98969                                           0.09633                                      92783.88648                                        9.84004e+05                                    72875.87773               
      123100            9.07709                             1.00409                                           0.04970                                      94133.39066                                        9.85298e+05                                    72953.69659               
      124100            9.11390                             0.99117                                           0.00144                                      92922.50060                                        9.86300e+05                                    72989.83909               
      125100            9.11903                             0.98990                                          -0.05300                                      92803.27544                                        9.87714e+05                                    73087.49859               
      126100            9.13542                             0.99436                                           0.09331                                      93221.14520                                        9.88592e+05                                    72925.67587               
      127100            9.13185                             1.00061                                           0.05353                                      93806.85532                                        9.91154e+05                                    72864.94954               
      128100            9.07116                             0.99519                                           0.10402                                      93299.05044                                        9.91050e+05                                    72843.98675               
      129100            9.10008                             0.99530                                           0.01032                                      93309.73865                                        9.92161e+05                                    72820.02836               
      130100            9.08006                             0.99468                                          -0.00728                                      93251.34246                                        9.92126e+05                                    72853.01418               
      131100            9.10451                             0.99066                                          -0.04160                                      92874.69666                                        9.94748e+05                                    73022.77640               
      132100            9.08854                             0.98977                                          -0.02888                                      92790.86816                                        9.95472e+05                                    72962.73300               
      133100            9.09129                             0.99394                                          -0.10751                                      93181.89115                                        9.96379e+05                                    72970.29579               
      134100            9.13149                             0.99009                                          -0.07208                                      92821.38903                                        9.98893e+05                                    73069.75796               
      135100            9.11010                             0.99454                                           0.00763                                      93238.45974                                        9.98959e+05                                    72938.08560               
      136100            9.11206                             0.99910                                           0.05533                                      93665.49276                                        1.00025e+06                                    72940.48006               
      137100            9.11343                             0.99458                                          -0.05434                                      93241.84295                                        1.00005e+06                                    72798.38358               
      138100            9.09915                             0.99673                                          -0.02068                                      93443.79072                                        1.00197e+06                                    73047.28194               
      139100            9.30024                             0.99196                                          -0.02986                                      92996.55814                                        1.00255e+06                                    72975.00208               
      140100            8.87970                             0.99656                                           0.01675                                      93427.71945                                        1.00315e+06                                    72910.31672               
      141100            9.07466                             0.99375                                           0.10764                                      93163.93032                                        1.00406e+06                                    72819.73060               
      142100            9.09884                             0.99445                                          -0.02022                                      93229.44070                                        1.00506e+06                                    72767.82960               
      143100            9.07732                             0.99293                                           0.12048                                      93086.92425                                        1.00569e+06                                    72733.53408               
      144100            9.08681                             0.99672                                           0.03299                                      93442.46333                                        1.00566e+06                                    72729.66819               
      145100            9.08950                             0.99223                                           0.11742                                      93021.78611                                        1.00806e+06                                    72750.28765               
      146100            9.09948                             0.98736                                           0.00037                                      92565.19674                                        1.00750e+06                                    72739.24578               
      147100            9.10970                             0.99811                                           0.04329                                      93573.00146                                        1.00974e+06                                    72816.63112               
      148100            9.10203                             0.99656                                          -0.10665                                      93427.79794                                        1.01014e+06                                    72996.25297               
      149100            9.05800                             0.98792                                           0.04428                                      92617.70006                                        1.01083e+06                                    72803.66442               
      150100            9.08985                             1.00078                                           0.00967                                      93822.87681                                        1.01180e+06                                    72786.35127               
      151100            9.07866                             0.99335                                          -0.03062                                      93126.29426                                        1.01294e+06                                    72983.05054               
      152100            9.08894                             0.99190                                          -0.02084                                      92990.25447                                        1.01356e+06                                    72896.90612               
      153100            9.27630                             0.98392                                          -0.00988                                      92242.49981                                        1.01329e+06                                    72725.04710               
      154100            9.08698                             0.99464                                          -0.01119                                      93247.68299                                        1.01522e+06                                    72757.45597               
      155100            9.01713                             0.99331                                          -0.00824                                      93123.15916                                        1.01535e+06                                    72720.73255               
      156100            9.07686                             0.99168                                           0.00746                                      92970.17494                                        1.01560e+06                                    72688.52169               
      157100            9.05749                             0.98446                                          -0.03555                                      92293.21665                                        1.01544e+06                                    72492.12003               
      158100            9.09148                             0.99546                                          -0.06799                                      93324.58755                                        1.01751e+06                                    72752.83369               
      159100            9.05840                             0.98486                                          -0.00203                                      92330.36996                                        1.01786e+06                                    72696.97421               
      160100            9.06372                             0.99543                                          -0.03209                                      93321.60990                                        1.01916e+06                                    72748.88024               
      161100            9.06702                             0.98704                                           0.02044                                      92534.83077                                        1.01959e+06                                    72699.61875               
      162100            9.08814                             0.99157                                          -0.02174                                      92959.52945                                        1.01965e+06                                    72586.02965               
      163100            8.83142                             0.99685                                          -0.04389                                      93454.47072                                        1.02049e+06                                    72529.72804               
      164100            9.03769                             0.99476                                           0.06272                                      93258.40095                                        1.02107e+06                                    72532.96471               
      165100            9.27783                             0.99900                                           0.04820                                      93656.13565                                        1.02206e+06                                    72525.44660               
      166100            9.26295                             0.99914                                           0.12927                                      93669.51819                                        1.02290e+06                                    72556.61706               
      167100            9.30195                             0.98841                                          -0.05114                                      92663.08136                                        1.02389e+06                                    72745.44823               
      168100            9.10708                             0.99292                                          -0.08090                                      93086.70460                                        1.02456e+06                                    72772.53622               
      169100            9.04727                             0.98203                                          -0.03745                                      92065.71086                                        1.02441e+06                                    72664.58841               
      170100            9.05950                             0.98784                                          -0.04744                                      92610.25564                                        1.02544e+06                                    72748.68083               
      171100            9.06726                             0.98645                                          -0.07305                                      92479.63334                                        1.02634e+06                                    72723.26090               
      172100            9.08300                             0.99825                                          -0.04725                                      93586.05625                                        1.02810e+06                                    72781.67533               
      173100            9.28696                             0.99080                                          -0.05274                                      92887.50729                                        1.02794e+06                                    72677.18781               
      174100            9.07329                             0.99021                                          -0.13410                                      92832.59812                                        1.03003e+06                                    73035.04821               
      175100            9.06518                             0.99085                                          -0.02266                                      92892.63802                                        1.02959e+06                                    72835.58828               
      176100            9.04047                             0.98699                                          -0.05087                                      92529.86796                                        1.02915e+06                                    72674.83773               
      177100            8.86281                             0.99743                                           0.01571                                      93508.67977                                        1.03141e+06                                    72728.04600               
      178100            9.06269                             0.98602                                           0.01857                                      92439.66519                                        1.03121e+06                                    72523.74368               
      179100            9.04009                             0.99019                                           0.06137                                      92829.87793                                        1.03159e+06                                    72441.08672               
      180100            9.05170                             0.99854                                           0.03066                                      93613.22056                                        1.03255e+06                                    72570.70566               
      181100            9.26519                             0.99303                                           0.00268                                      93096.15863                                        1.03292e+06                                    72435.00001               
      182100            9.03784                             0.99850                                          -0.02615                                      93609.22466                                        1.03453e+06                                    72643.57117               
      183100            9.26396                             0.99011                                           0.00131                                      92822.77532                                        1.03415e+06                                    72479.32011               
      184100            9.02941                             0.98993                                          -0.01803                                      92806.36750                                        1.03525e+06                                    72595.25230               
      185100            9.06220                             0.98962                                          -0.00163                                      92776.54640                                        1.03508e+06                                    72516.42168               
      186100            9.04423                             0.99830                                          -0.05306                                      93590.75818                                        1.03716e+06                                    72721.00574               
      187100            9.06104                             0.99579                                          -0.01946                                      93355.18385                                        1.03708e+06                                    72597.16093               
      188100            9.03975                             0.99297                                          -0.01599                                      93091.17235                                        1.03715e+06                                    72594.51031               
      189100            9.05415                             0.99891                                           0.05356                                      93648.16321                                        1.03803e+06                                    72445.45640               
      190100            9.29264                             0.99934                                           0.10765                                      93687.92945                                        1.03794e+06                                    72413.26383               
      191100            9.04003                             0.99711                                           0.02470                                      93479.27766                                        1.03871e+06                                    72546.95134               
      192100            9.06233                             0.99036                                           0.00791                                      92846.40480                                        1.03917e+06                                    72512.69306               
      193100            9.04834                             0.99779                                          -0.05699                                      93542.49768                                        1.04011e+06                                    72591.49973               
      194100            9.02240                             0.99500                                          -0.00802                                      93281.24369                                        1.04056e+06                                    72417.62026               
      195100            9.25693                             0.99280                                           0.07411                                      93075.46092                                        1.03914e+06                                    72317.91067               
      196100            9.04920                             0.98875                                           0.01825                                      92694.86067                                        1.04052e+06                                    72364.23876               
      197100            9.06107                             0.99638                                           0.00479                                      93410.28840                                        1.04165e+06                                    72511.84683               
      198100            9.00571                             0.99390                                           0.04227                                      93178.05614                                        1.04164e+06                                    72361.50621               
      199100            9.05111                             0.99539                                           0.00204                                      93317.87341                                        1.04259e+06                                    72509.94738               
      200100            9.23464                             0.99156                                          -0.00120                                      92959.09009                                        1.04246e+06                                    72398.26161               
      201100            9.29075                             0.99380                                          -0.02750                                      93169.13825                                        1.04307e+06                                    72478.38690               
      202100            8.99365                             0.99766                                          -0.02032                                      93530.70640                                        1.04353e+06                                    72530.84848               
      203100            9.04137                             0.99340                                           0.01867                                      93131.24088                                        1.04320e+06                                    72302.04801               
      204100            9.28533                             0.99559                                          -0.04069                                      93337.01454                                        1.04367e+06                                    72404.67138               
      205100            9.21260                             0.99126                                           0.01330                                      92930.31136                                        1.04541e+06                                    72507.81889               
      206100            9.02697                             0.99290                                          -0.01395                                      93084.26878                                        1.04497e+06                                    72324.80041               
      207100            9.07143                             0.98695                                          -0.08853                                      92526.56644                                        1.04550e+06                                    72562.42377               
      208100            9.03508                             0.98152                                          -0.08514                                      92017.80651                                        1.04579e+06                                    72476.17308               
      209100            9.00704                             0.99054                                           0.04775                                      92863.46713                                        1.04625e+06                                    72355.44203               
      210100            9.04153                             1.00072                                           0.03971                                      93817.17521                                        1.04732e+06                                    72393.83393               
      211100            9.01543                             0.99948                                           0.02970                                      93701.08268                                        1.04693e+06                                    72337.97976               
      212100            9.02988                             0.99145                                           0.07787                                      92948.63867                                        1.04801e+06                                    72273.10025               
      213100            9.03724                             0.99392                                          -0.01819                                      93180.35486                                        1.04766e+06                                    72364.97897               
      214100            9.04121                             0.99380                                           0.03989                                      93168.62833                                        1.04861e+06                                    72386.72796               
      215100            9.03154                             0.99355                                          -0.00392                                      93145.09744                                        1.04886e+06                                    72381.49157               
      216100            9.03899                             0.99008                                           0.03227                                      92819.55755                                        1.04922e+06                                    72434.43472               
      217100            9.03834                             0.99544                                          -0.04216                                      93322.81827                                        1.04999e+06                                    72625.15710               
      218100            9.24442                             0.99235                                           0.01876                                      93033.10417                                        1.04874e+06                                    72306.37677               
      219100            9.05877                             1.00308                                          -0.01646                                      94038.40910                                        1.04960e+06                                    72376.79153               
      220100            9.03542                             0.99285                                           0.06096                                      93079.41195                                        1.05054e+06                                    72294.15025               
      221100            9.04887                             0.98743                                          -0.00500                                      92571.63893                                        1.05092e+06                                    72370.41579               
      222100            9.01678                             0.99172                                          -0.04294                                      92974.21835                                        1.05105e+06                                    72399.39697               
      223100            9.04152                             0.98567                                          -0.03877                                      92406.53765                                        1.05130e+06                                    72265.81073               
      224100            9.04250                             0.98797                                          -0.02581                                      92621.83156                                        1.05209e+06                                    72390.27590               
      225100            9.03306                             0.98740                                          -0.04784                                      92569.16655                                        1.05136e+06                                    72343.22262               
      226100            9.06743                             0.98497                                          -0.04481                                      92341.37375                                        1.05211e+06                                    72523.72659               
      227100            9.24250                             0.99685                                           0.04870                                      93455.13197                                        1.05289e+06                                    72220.74876               
      228100            9.02748                             1.00143                                           0.01149                                      93884.13540                                        1.05315e+06                                    72405.00613               
      229100            9.02071                             0.99257                                           0.02727                                      93053.14358                                        1.05290e+06                                    72319.91641               
      230100            9.02859                             0.99070                                          -0.01348                                      92878.52721                                        1.05378e+06                                    72470.06035               
      231100            9.04006                             0.99332                                          -0.04658                                      93123.31572                                        1.05405e+06                                    72424.57910               
      232100            9.03183                             0.99395                                          -0.06819                                      93182.48037                                        1.05486e+06                                    72666.70510               
      233100            9.04010                             0.98722                                          -0.05333                                      92551.93721                                        1.05345e+06                                    72322.73590               
      234100            9.23343                             0.98807                                           0.00950                                      92631.78005                                        1.05397e+06                                    72404.88611               
      235100            9.22519                             0.98789                                          -0.00406                                      92614.76338                                        1.05426e+06                                    72347.77490               
      236100            8.98992                             0.99097                                          -0.03134                                      92903.05130                                        1.05469e+06                                    72348.18394               
      237100            9.01136                             0.99112                                          -0.01856                                      92917.28123                                        1.05481e+06                                    72348.91387               
      238100            9.22850                             0.99548                                          -0.02611                                      93326.18124                                        1.05511e+06                                    72391.65287               
      239100            9.06609                             1.00056                                          -0.00083                                      93802.90642                                        1.05710e+06                                    72501.15610               
      240100            9.03693                             0.99102                                           0.04145                                      92907.89627                                        1.05659e+06                                    72396.18962               
      241100            9.06214                             0.98720                                           0.00692                                      92549.62876                                        1.05745e+06                                    72350.73546               
      242100            9.02030                             0.98965                                           0.04182                                      92780.14446                                        1.05646e+06                                    72259.04895               
      243100            9.24270                             0.99310                                           0.06246                                      93102.83240                                        1.05745e+06                                    72286.88271               
      244100            9.01048                             1.00098                                           0.00148                                      93841.71679                                        1.05777e+06                                    72220.29815               
      245100            9.26228                             1.00001                                          -0.04052                                      93750.79474                                        1.05795e+06                                    72389.29929               
      246100            9.04148                             0.98563                                          -0.05612                                      92403.07370                                        1.05797e+06                                    72400.21838               
      247100            8.95413                             0.99530                                          -0.02947                                      93309.51289                                        1.05896e+06                                    72462.40987               
      248100            9.04047                             0.99547                                           0.05553                                      93325.54303                                        1.05782e+06                                    72137.88059               
      249100            9.01666                             0.99638                                           0.06301                                      93411.06210                                        1.05806e+06                                    72031.66029               
      250100            9.01358                             0.99880                                           0.03599                                      93637.33630                                        1.05953e+06                                    72355.20447               
      251100            9.02360                             0.99344                                          -0.01161                                      93135.02246                                        1.05958e+06                                    72342.78323               
      252100            9.20721                             0.99206                                           0.04902                                      93005.51524                                        1.05818e+06                                    72052.29925               
      253100            9.03463                             0.99389                                           0.03413                                      93177.21020                                        1.06044e+06                                    72349.84473               
      254100            9.02320                             0.99798                                          -0.02437                                      93560.22672                                        1.06008e+06                                    72378.48020               
      255100            9.01720                             0.99280                                          -0.02325                                      93075.07167                                        1.05968e+06                                    72261.66878               
      256100            9.01549                             0.99296                                           0.01065                                      93089.80956                                        1.06051e+06                                    72344.70651               
      257100            9.21896                             0.99639                                          -0.02678                                      93411.93958                                        1.06082e+06                                    72252.34993               
      258100            9.00586                             0.98419                                           0.02370                                      92267.88937                                        1.05932e+06                                    71949.58983               
      259100            9.03410                             0.99288                                           0.05071                                      93082.12727                                        1.06189e+06                                    72278.80396               
      260100            9.02675                             0.98530                                           0.07361                                      92371.98603                                        1.06056e+06                                    71983.33856               
      261100            9.01600                             1.00008                                           0.04328                                      93757.42391                                        1.06156e+06                                    72200.44279               
      262100            9.04004                             0.99963                                           0.10043                                      93715.14196                                        1.06150e+06                                    72032.90585               
      263100            9.01498                             0.99768                                          -0.04256                                      93532.51452                                        1.06222e+06                                    72267.72259               
      264100            9.02631                             0.99594                                          -0.02675                                      93369.77308                                        1.06310e+06                                    72305.97530               
      265100            9.05398                             0.98660                                          -0.00408                                      92494.00443                                        1.06262e+06                                    72229.18558               
      266100            9.05829                             0.99936                                          -0.01333                                      93690.11220                                        1.06358e+06                                    72222.13695               
      267100            9.04425                             0.98922                                          -0.04328                                      92738.97216                                        1.06342e+06                                    72260.55908               
      268100            8.99582                             0.99399                                           0.06290                                      93186.54679                                        1.06314e+06                                    72098.25702               
      269100            9.06095                             0.99775                                           0.08793                                      93538.82367                                        1.06397e+06                                    72207.96800               
      270100            9.05440                             0.99770                                           0.04315                                      93534.61121                                        1.06405e+06                                    72236.10666               
      271100            9.03143                             0.99698                                          -0.00380                                      93467.18664                                        1.06500e+06                                    72318.90857               
      272100            9.19768                             0.99323                                          -0.02844                                      93115.64918                                        1.06449e+06                                    72232.27037               
      273100            9.01516                             0.99685                                           0.10813                                      93454.48071                                        1.06347e+06                                    72068.81189               
      274100            9.01511                             0.98911                                           0.00301                                      92728.71794                                        1.06403e+06                                    72139.68995               
      275100            8.97976                             1.00617                                           0.00748                                      94328.48510                                        1.06510e+06                                    72240.69954               
      276100            9.05285                             1.00504                                           0.06498                                      94222.80737                                        1.06548e+06                                    72037.94298               
      277100            9.03316                             0.99167                                           0.04784                                      92968.78104                                        1.06520e+06                                    72052.22109               
      278100            9.03592                             0.98843                                           0.00160                                      92665.45094                                        1.06493e+06                                    72220.55135               
      279100            8.98477                             1.00545                                           0.14580                                      94261.21070                                        1.06544e+06                                    72029.11386               
      280100            9.24589                             0.99437                                          -0.08718                                      93222.16053                                        1.06664e+06                                    72362.39764               
      281100            9.23810                             0.99623                                           0.02501                                      93396.67725                                        1.06629e+06                                    72109.23455               
      282100            8.98957                             0.98920                                           0.02426                                      92737.58116                                        1.06586e+06                                    72073.20523               
      283100            9.01642                             0.99780                                          -0.07105                                      93543.56155                                        1.06601e+06                                    72148.69867               
      284100            8.96953                             0.98168                                          -0.12976                                      92032.21191                                        1.06640e+06                                    72200.11395               
      285100            9.02939                             0.99025                                          -0.05878                                      92836.39605                                        1.06703e+06                                    72125.87307               
      286100            9.02718                             0.99248                                          -0.01396                                      93045.36939                                        1.06691e+06                                    72171.88963               
      287100            9.02279                             0.99575                                           0.03869                                      93351.91959                                        1.06783e+06                                    72182.69028               
      288100            9.00165                             0.98656                                          -0.01090                                      92490.18250                                        1.06735e+06                                    72156.58960               
      289100            9.21177                             0.99675                                          -0.01908                                      93445.73341                                        1.06834e+06                                    72202.99054               
      290100            9.25299                             0.99026                                           0.08604                                      92836.55270                                        1.06758e+06                                    72093.83748               
      291100            9.04346                             0.99452                                          -0.09667                                      93236.20928                                        1.06907e+06                                    72327.64720               
      292100            9.02407                             0.99227                                          -0.08596                                      93025.15127                                        1.06863e+06                                    72252.23308               
      293100            9.03988                             1.00674                                          -0.02896                                      94381.71979                                        1.06923e+06                                    72142.78485               
      294100            9.01581                             0.99138                                           0.08175                                      92941.84191                                        1.06887e+06                                    72016.06376               
      295100            9.02406                             0.99603                                           0.00545                                      93378.13998                                        1.06841e+06                                    72125.24951               
      296100            9.00113                             0.99275                                           0.02912                                      93070.08156                                        1.06918e+06                                    72197.71398               
      297100            9.05583                             0.99321                                          -0.11747                                      93113.71657                                        1.07054e+06                                    72279.17290               
      298100            8.98845                             0.98633                                           0.03305                                      92468.15639                                        1.06871e+06                                    72047.63291               
      299100            9.02445                             0.99174                                           0.06042                                      92975.93465                                        1.07041e+06                                    72189.61782               
      300100            9.24414                             0.99627                                           0.04164                                      93400.55280                                        1.06966e+06                                    72068.19631               
      301100            9.03888                             0.99391                                           0.08968                                      93178.82423                                        1.07046e+06                                    72079.89915               
      302100            8.99680                             0.98828                                           0.01861                                      92650.87665                                        1.06956e+06                                    71992.89191               
      303100            8.99753                             0.99409                                          -0.03992                                      93196.23363                                        1.07064e+06                                    72154.49705               
      304100            9.01702                             0.99803                                           0.01703                                      93565.21855                                        1.07064e+06                                    72063.68238               
      305100            9.03696                             1.00134                                          -0.01299                                      93875.40251                                        1.07136e+06                                    72093.21803               
      306100            9.05385                             1.00202                                           0.01780                                      93939.02691                                        1.07116e+06                                    72125.56668               
      307100            9.21205                             0.98464                                           0.04235                                      92309.67491                                        1.07037e+06                                    72107.72067               
      308100            8.99213                             0.99047                                           0.01233                                      92856.14594                                        1.07086e+06                                    72131.52142               
      309100            8.99186                             0.99152                                          -0.14196                                      92954.69972                                        1.07212e+06                                    72383.96119               
      310100            8.99681                             0.99200                                           0.00711                                      93000.30003                                        1.07217e+06                                    72211.10602               
      311100            9.18431                             0.98913                                           0.05214                                      92730.57685                                        1.07135e+06                                    71973.81469               
      312100            9.18457                             0.99714                                          -0.01143                                      93481.49265                                        1.07263e+06                                    72189.52100               
      313100            9.22769                             0.99734                                           0.01980                                      93500.79262                                        1.07377e+06                                    72234.05114               
      314100            9.03418                             0.99413                                           0.04033                                      93199.91290                                        1.07327e+06                                    72174.49778               
      315100            9.05150                             0.99044                                           0.03778                                      92853.44069                                        1.07408e+06                                    72166.07304               
      316100            9.01739                             0.99461                                           0.08493                                      93244.47076                                        1.07408e+06                                    72146.08517               
      317100            9.01590                             0.99001                                          -0.02147                                      92813.04637                                        1.07364e+06                                    72241.40803               
      318100            8.99357                             0.98794                                          -0.01235                                      92619.23616                                        1.07340e+06                                    72113.24671               
      319100            9.01369                             0.99566                                           0.01580                                      93343.06417                                        1.07408e+06                                    72058.69797               
      320100            9.01520                             0.99649                                          -0.05460                                      93420.48407                                        1.07415e+06                                    72202.22703               
      321100            9.02347                             1.00177                                           0.01612                                      93915.60365                                        1.07464e+06                                    72200.92223               
      322100            8.97781                             0.99484                                           0.07270                                      93265.98131                                        1.07394e+06                                    72065.91804               
      323100            9.21896                             0.98958                                           0.00028                                      92773.15258                                        1.07459e+06                                    72243.96081               
      324100            9.01736                             0.98319                                          -0.01923                                      92173.82038                                        1.07521e+06                                    72210.17163               
      325100            9.05153                             0.99659                                          -0.08153                                      93430.06317                                        1.07516e+06                                    72260.79001               
      326100            8.95117                             0.98671                                          -0.02949                                      92504.20135                                        1.07573e+06                                    72213.13490               
      327100            9.25253                             0.99370                                          -0.07062                                      93158.92192                                        1.07620e+06                                    72251.06127               
      328100            9.00412                             0.99373                                          -0.02310                                      93162.29517                                        1.07571e+06                                    72163.04614               
      329100            9.00682                             0.99612                                          -0.05795                                      93385.82359                                        1.07572e+06                                    72087.82179               
      330100            9.01171                             0.98294                                           0.02044                                      92150.42927                                        1.07463e+06                                    72008.61231               
      331100            9.23598                             0.98894                                          -0.03208                                      92712.81662                                        1.07600e+06                                    72172.76732               
      332100            9.02893                             0.99088                                          -0.02902                                      92895.00864                                        1.07613e+06                                    72228.67373               
      333100            9.01178                             1.00326                                          -0.03224                                      94055.49805                                        1.07709e+06                                    72156.92221               
      334100            9.04473                             0.98999                                          -0.08649                                      92811.79359                                        1.07629e+06                                    72308.09790               
      335100            9.03480                             0.99234                                          -0.04182                                      93031.79500                                        1.07671e+06                                    72266.59938               
      336100            9.00832                             0.99424                                           0.02122                                      93210.38258                                        1.07700e+06                                    72279.14097               
      337100            9.04352                             0.99300                                          -0.03910                                      93093.61003                                        1.07750e+06                                    72231.91543               
      338100            9.21388                             0.99486                                           0.02975                                      93267.79582                                        1.07747e+06                                    72193.06094               
      339100            9.22473                             0.98626                                          -0.04175                                      92462.01552                                        1.07659e+06                                    72116.00012               
      340100            8.97477                             0.98997                                          -0.06642                                      92809.72048                                        1.07800e+06                                    72357.94638               
      341100            9.02600                             0.99540                                           0.00760                                      93318.57718                                        1.07728e+06                                    72162.46745               
      342100            9.23477                             0.99173                                           0.09017                                      92974.57431                                        1.07652e+06                                    71926.42508               
      343100            8.99679                             0.99719                                           0.01898                                      93487.00713                                        1.07711e+06                                    72031.44392               
      344100            9.23310                             0.99265                                           0.06780                                      93061.34634                                        1.07681e+06                                    71846.37827               
      345100            8.99166                             0.99155                                          -0.03667                                      92958.14149                                        1.07771e+06                                    72109.89598               
      346100            8.97391                             0.99243                                           0.01309                                      93040.48447                                        1.07817e+06                                    72151.30281               
      347100            9.00194                             0.99140                                           0.04004                                      92943.59163                                        1.07736e+06                                    72013.78319               
      348100            9.01567                             0.99873                                          -0.00876                                      93631.04720                                        1.07749e+06                                    71878.17756               
      349100            9.01657                             0.99045                                          -0.03393                                      92854.63418                                        1.07755e+06                                    72032.41701               
      350100            9.22846                             0.98654                                           0.00343                                      92488.11037                                        1.07761e+06                                    72008.45936               
      351100            8.97663                             0.98789                                          -0.09203                                      92614.32224                                        1.07813e+06                                    72027.26128               
      352100            9.03272                             0.99120                                          -0.02522                                      92924.65032                                        1.07876e+06                                    72081.12327               
      353100            9.01104                             0.98848                                           0.03148                                      92670.37087                                        1.07778e+06                                    71887.05846               
      354100            9.21157                             0.99387                                          -0.02567                                      93175.45541                                        1.07878e+06                                    71981.70039               
      355100            9.01487                             0.99127                                          -0.04295                                      92931.95966                                        1.07831e+06                                    72021.71264               
      356100            9.01485                             0.99810                                           0.08809                                      93571.94397                                        1.07887e+06                                    71929.12177               
      357100            8.96997                             0.99046                                           0.01999                                      92855.95899                                        1.07931e+06                                    72008.73121               
      358100            9.02263                             0.99771                                           0.00242                                      93535.13472                                        1.07948e+06                                    72035.56040               
      359100            8.95910                             0.99070                                           0.04735                                      92878.06898                                        1.07822e+06                                    71817.63465               
      360100            9.00577                             0.99097                                           0.01902                                      92903.31665                                        1.07869e+06                                    71931.79986               
      361100            8.89391                             0.99256                                          -0.00347                                      93052.71696                                        1.07903e+06                                    71975.82421               
      362100            9.09083                             0.98434                                          -0.10561                                      92282.15745                                        1.07932e+06                                    72151.95709               
      363100            8.91947                             0.98744                                          -0.06624                                      92572.95015                                        1.07971e+06                                    72186.58284               
      364100            8.87310                             0.99285                                           0.02641                                      93079.42383                                        1.07934e+06                                    71900.63719               
      365100            8.86749                             0.99466                                           0.10124                                      93249.02048                                        1.08061e+06                                    71984.21400               
      366100            8.87928                             0.99362                                           0.01332                                      93151.47289                                        1.08100e+06                                    72094.99857               
      367100            8.88730                             0.99048                                           0.02009                                      92857.77604                                        1.08072e+06                                    72088.90141               
      368100            8.94037                             0.98377                                          -0.02999                                      92228.86332                                        1.07986e+06                                    72138.60006               
      369100            8.90304                             0.99654                                          -0.05556                                      93425.58163                                        1.08219e+06                                    72250.02335               
      370100            9.08101                             1.00161                                           0.00874                                      93900.98737                                        1.08136e+06                                    72073.45837               
      371100            8.92067                             0.99132                                           0.02663                                      92936.39239                                        1.08095e+06                                    71989.07085               
      372100            8.85065                             0.98936                                          -0.05777                                      92752.72068                                        1.08046e+06                                    71907.93145               
      373100            8.96924                             0.99890                                           0.03777                                      93647.15583                                        1.08151e+06                                    71973.41383               
      374100            8.98136                             0.98915                                          -0.03632                                      92732.72623                                        1.08120e+06                                    71981.43152               
      375100            9.11893                             0.99218                                          -0.03957                                      93016.98302                                        1.08121e+06                                    72034.91434               
      376100            8.98258                             0.99368                                          -0.04462                                      93157.78806                                        1.08239e+06                                    72314.86555               
      377100            8.95795                             0.98751                                          -0.03203                                      92578.90894                                        1.08155e+06                                    72071.45814               
      378100            8.89453                             0.99139                                           0.01022                                      92942.88768                                        1.08302e+06                                    72156.91625               
      379100            9.01634                             0.99486                                           0.01178                                      93268.29178                                        1.08228e+06                                    71978.39448               
      380100            8.96813                             0.99184                                          -0.00069                                      92984.95504                                        1.08192e+06                                    71949.87943               
      381100            9.22979                             0.99005                                          -0.04833                                      92817.00054                                        1.08299e+06                                    72083.01920               
      382100            9.23253                             0.98882                                          -0.00216                                      92701.92434                                        1.08232e+06                                    72134.26883               
      383100            8.96729                             0.98741                                           0.03820                                      92569.84433                                        1.08187e+06                                    71951.04248               
      384100            8.99448                             0.99303                                           0.00678                                      93096.55480                                        1.08159e+06                                    71842.38880               
      385100            9.19629                             0.99653                                           0.04151                                      93424.85558                                        1.08314e+06                                    71995.49699               
      386100            8.99541                             0.99147                                          -0.01929                                      92949.87037                                        1.08260e+06                                    72030.77235               
      387100            9.22251                             0.99099                                          -0.08978                                      92905.53934                                        1.08306e+06                                    72197.21777               
      388100            8.85359                             0.99950                                           0.01354                                      93703.09264                                        1.08324e+06                                    72003.59796               
      389100            9.15557                             0.99632                                           0.04179                                      93404.87284                                        1.08297e+06                                    72070.39141               
      390100            8.94430                             0.99551                                          -0.07410                                      93328.93936                                        1.08426e+06                                    72210.79335               
      391100            8.94717                             0.98324                                          -0.03065                                      92178.61452                                        1.08230e+06                                    72044.91574               
      392100            9.14998                             0.99474                                          -0.01653                                      93256.69596                                        1.08400e+06                                    72150.50227               
      393100            9.14247                             0.99014                                           0.04343                                      92825.57911                                        1.08419e+06                                    72122.87142               
      394100            8.94729                             0.99229                                          -0.09694                                      93027.61555                                        1.08478e+06                                    72288.77295               
      395100            8.97531                             0.99193                                           0.03997                                      92993.21840                                        1.08412e+06                                    72029.99603               
      396100            8.98599                             0.98793                                           0.01003                                      92618.15043                                        1.08382e+06                                    72062.59523               
      397100            8.93667                             0.99961                                          -0.00661                                      93713.32236                                        1.08594e+06                                    72081.49866               
      398100            8.94376                             0.99829                                           0.06014                                      93589.39166                                        1.08532e+06                                    71988.01902               
