0.0001920097722638832	-0.14017294582785064	0.0005761134789337152	-0.2812159937740938
0.0002899720908729246	0.04602328019262906	0.0008700724446410347	0.0850797422402177
0.00038993980971366413	0.044890873837604886	0.0011700775959947896	0.09303378277337424
0.0004898975312139092	0.04878717026788231	0.0014700827707398556	0.11039296672135798
0.0005898452573730418	0.022653940283122814	0.001770087974871748	0.05995560542034835
0.0006897350473971118	0.03072006136013415	0.002069949257882664	0.06184092168634718
0.0007896628128274345	0.03338816995528048	0.002369954538658714	0.06917794957630477
0.0008895805889064035	0.028830666916803943	0.0026699598667793145	0.036011472445359544
0.0009894404491996205	0.034158553656412585	0.0029698212916398513	0.0509891467940283
0.0010892903289239039	0.050132847427349005	0.003269682775778815	0.08645532142828526
0.0011891781728668172	0.026347724909709908	0.0035696882816752987	0.05802346333090075
0.0012890560354379887	0.03349709964681831	0.003869693858831536	0.0672029294120245
0.0013889239186319683	0.04802936930200794	0.004169699513223768	0.10925775482359609
0.0014888297528741353	0.040284328231957434	0.004469849207416554	0.09152905262500317
0.0015886777072145345	0.05263313077643764	0.004769855033979309	0.10117151912210058
0.0016885156881531582	0.06516584703723743	0.0050698609556785405	0.12002178657320439
0.0017883436976821676	0.05546770497069224	0.005369866978480942	0.10266848927573612
0.0018881617377932598	0.04261237870902017	0.00566987310835121	0.06969538295693745
0.001987969810477402	0.036254355978379754	0.005969879351251328	0.0520201929522339
0.002087767941620559	0.02357939023108261	0.006269885712848434	0.04153619929140838
0.0021875561093122288	0.020978203310891366	0.006569892199378092	0.028217452865438135
0.0022873343155416378	0.014114220579541661	0.006869898816795162	0.02156503679116665
0.00238710256229737	0.033522546934861557	0.007169905571052106	0.07545503814939977
0.0024868129948372084	0.0687662243636532	0.007469768510674469	0.13730677731246144
0.0025865613524809457	0.04869778346128284	0.007769775556095904	0.10516455055768445
0.0026862997566086022	0.0675838481693497	0.008069782756186484	0.14934922052151325
0.0027860282092064285	0.0895765995326642	0.008369790116889297	0.19126375779635413
0.0028857467122600806	0.05265198339529564	0.00866979764414504	0.10974306173597093
0.0029854552916072584	0.019713958864758872	0.008969805343471117	0.034040353853987564
0.003085153925375077	0.03951230380499319	0.009269813221210298	0.07821202425722504
0.003184842615547367	0.01386257629342228	0.009569821283295976	0.02508301547692155
0.0032845213641074103	-0.0022034664425998416	0.009869829535659402	-0.007233787824468109
0.0033841423592229866	0.02272511774856719	0.010169694025996144	0.051129219230201056
0.003483801254334926	0.047197323006892625	0.010469702676207504	0.10079360761128157
0.003583450213776109	0.04677119789274223	0.010769711534461757	0.08237574018828767
0.003683089239527491	0.04665978234911954	0.011069720606680857	0.09424222132391659
0.003782718333569391	0.055335691759289554	0.011369729898784132	0.10279004414068764
0.003882337521691514	0.05089403106656176	0.0116697394161402	0.09094301106882016
0.0039819467820582715	0.03347608144439934	0.011969749165198107	0.07515968877636536
0.004081546116648209	0.055683371375384635	0.012269759151870096	0.10840094971588557
0.004181135527439277	0.07076862583373836	0.0125697693820662	0.1323662668627103
0.0042807150164088405	0.07082513042956248	0.012869779861694065	0.13404465360012666
0.0043803323755386425	0.06586787049842037	0.013169934555440823	0.12395945283094799
0.004479892050576411	0.06923512362754985	0.013469945551012087	0.11511242696311529
0.004579441809716478	0.034959906642088506	0.013769956813709674	0.06848203558842596
0.004678981654933847	0.01315463177713036	0.01406996834943184	0.03144200644127902
0.004778463840993805	0.005137236508982555	0.014369836204126707	0.012519720866809143
0.004877936121832198	0.0029917963986128716	0.014669704343491907	0.01252426087042114
0.0049774462608834094	0.011040050979095625	0.01496971673294949	0.03258950425865097
0.005076946493901299	0.032392562949559084	0.015269729418987034	0.05769351035934559
0.00517643682285792	0.0423677871816377	0.015569742407490938	0.08353605138298269
0.005275917273468401	0.04325019295204702	0.01586975570359892	0.09260697642014637
0.005375387823955232	0.0412112119730459	0.01616976931392513	0.09934668692004299
0.0054748484762886605	0.022117892481519894	0.016469783244348956	0.08961059491582037
0.005574299232438476	0.013723860136109536	0.01676979750074774	0.08237299772343779
0.005673740094373749	0.019940640882187347	0.017069812088996206	0.08322846561506697
0.005773218787528468	0.027983883410622513	0.017369970975661043	0.09357062875642776
0.005872687585656935	0.05014785937693695	0.017670130206075933	0.0987473109027023
0.005972098800468017	0.06548943308131526	0.017970145824253738	0.10137695647512272
0.006071500128930425	0.06356316921186321	0.018270161797743014	0.09231760733507828
0.006170891573010295	0.08147315312630578	0.01857017813240669	0.10303041368845738
0.006270225458624399	0.07722886604574639	0.018870050871707525	0.0924477136211244
0.006369549468525355	0.06817655824234282	0.019169923983716242	0.09538143220435452
0.006468911294936074	0.05102241754484676	0.019469941436143934	0.07895519105581425
0.006568263244818448	0.04843807435583241	0.0197699592731613	0.08678928889667525
0.006667605320135729	0.03403050147194316	0.020069977500619895	0.07752112155010629
0.00676693754652354	0.03324456496363326	0.020369996123411525	0.07620973119182754
0.0068662599022663	0.015413869691850678	0.02067001514832636	0.05697606163323755
0.006965572389325507	0.03579144218778946	0.020970034581208895	0.07353551735781828
0.007064875009662073	0.03669946759575282	0.021270054427901353	0.0761854224714068
0.0071641677652363265	0.027788574971994634	0.021570074694243616	0.07189939132764296
0.007263498310383919	0.037163676880119983	0.021870239349428736	0.06934563312179615
0.007362818989954064	0.03655243838314698	0.02217040443613634	0.06209074938141982
0.007462082186637534	0.04539515376963878	0.02247042599538849	0.0859455873736705
0.007561335526389472	0.048713879983603936	0.022770447997612766	0.085208220983543
0.007660579011167332	0.0431540655359114	0.02307047044863755	0.07733158661869934
0.007759812642927899	0.045591545624102336	0.023370493354288674	0.10450360631772287
0.007858988823251579	0.059165569069951573	0.023670372754681736	0.11500488434787078
0.007958202778462334	0.051771986439261286	0.023970396585929192	0.09560280359855755
0.008057406886518096	0.06529424832601896	0.02427042088925311	0.11125702257714451
0.008156553563154584	0.07460358131376607	0.024570301704062297	0.1300273079288161
0.008255690401265406	0.07402197716780977	0.024870183002340028	0.102174378392529
0.008354865003178755	0.07727766286999244	0.025170208755603656	0.11835204647946485
0.008454029765746943	0.06303319468861085	0.025470235004182884	0.11264125584380573
0.00855318469092214	0.046309538535080026	0.025770261753885217	0.08000328471005376
0.008652377366874686	0.03873085424386277	0.026070432976923685	0.0496092937924353
0.008751560204615944	0.0347109146016535	0.02637060471293249	0.061656062326712224
0.008850685652893925	0.03609405780843404	0.026670632999575884	0.054012222069191526
0.00894980127157714	0.027068686561547567	0.026970661810535514	0.03935099345805213
0.009048907062614856	0.03730470145379018	0.02727069115160743	0.0693764430814679
0.009148003027955777	0.0435219116239981	0.02757072102858529	0.10060758124928403
0.009247089169548013	0.03393499713835991	0.027870751447260547	0.08430127360304629
0.009346165512890251	0.05123182014395829	0.028170782412102448	0.11243997148813036
0.00944523203637363	0.07179270330228615	0.02847081393020381	0.13132389887073803
0.00954428874194453	0.05676320792306084	0.028770846007349117	0.10101643927554196
0.009643288116011475	0.0675333212431122	0.029070734679036696	0.09744170117903106
0.009742277680763856	0.05832034783235148	0.0293706239210497	0.09774477097004347
0.009841304967797594	0.03433880581618803	0.02967065770862199	0.05575551575691154
0.009940322444693927	0.03774661302190099	0.029970692078339602	0.06899655019448264
0.010039330113396342	0.05905535703378011	0.030270727035975664	0.11414352548506762
0.010138375491385066	0.05949198926522738	0.030570906557585056	0.10390063834896802
0.010237363573037056	0.06515607370773231	0.030870942706923744	0.1269990898005735
0.010336341852317478	0.06262339169162777	0.03117097946147258	0.1490628722674433
0.010435310331167513	0.05430356036340307	0.03147101682699553	0.12314810288505454
0.010534269011527769	0.02514158468879476	0.03177105480925427	0.08686924371008989
0.01063317042680547	0.043116552470603794	0.03207094944079385	0.10984085494389373
0.010732109539491635	0.052245830511389715	0.03237098867228647	0.09615937071085055
0.010831038859501733	0.052791433153914	0.03267102853777237	0.08089142796370569
0.010929958388774067	0.06357346898430319	0.032971069043004134	0.09949603419561547
0.011028868129246364	0.06603432506025704	0.03327111019373201	0.0898618075356563
0.011127768106323115	0.033339698774912246	0.03357115199413528	0.0628962387692959
0.011226658298468917	0.03156257796753155	0.03387119445151461	0.054412792955589165
0.011325538707619865	0.034952175543168484	0.034171237571613715	0.05232762700591849
0.011424409335711252	0.007381190134331899	0.03447128136017339	0.024944959914109055
0.011523270184677983	0.021092188271900437	0.0347713258229327	0.036089882866849915
0.011622121279898525	0.010659731981079659	0.03507137096399085	0.01970924450054834
0.011720962599857764	0.015946434489155323	0.03537141679070592	0.03690945919251289
0.011819794146488788	0.018097833065015514	0.0356714633088099	0.04199249868492122
0.01191861592172425	0.04183543378671234	0.03597151052403284	0.08430314818600698
0.012017380524611238	0.044366120421556965	0.03627141446432258	0.0833515038695923
0.012116182786271908	0.062144860622814865	0.03657146308925765	0.10643908363053436
0.012214975282326592	0.05145784742971541	0.03687151242847379	0.10715904270871637
0.012313758014705557	0.04966236229530771	0.03717156248769185	0.10931182057018313
0.012412483601175327	0.03577639337102289	0.03747146929344774	0.07670788726591958
0.012511246835393923	0.05129506062095392	0.03777152080806201	0.10951568329437576
0.012610000311719563	0.05404874984702211	0.038071573059813305	0.10999169473234602
0.012708744032080235	0.050788671219293785	0.03837162605441334	0.08661746123715762
0.01280747799840335	0.05335521286216483	0.038671679797571606	0.07438070400763112
0.0129062495967789	0.053526416252278886	0.038971878274177876	0.07754135574076561
0.013005011440289151	0.03747513797340269	0.03927207751111257	0.05083109549002925
0.013103716179433199	0.029889045575606385	0.03957213353233722	0.03267180649049934
0.01320241117223903	0.03434747569709923	0.03987219032492198	0.05772330227723611
0.0133010964206312	0.023525951279475873	0.04017224789456504	0.06335731544166621
0.013399771926533705	0.02789116058741778	0.04047230624696241	0.06342574990129918
0.013498390359123494	0.01720854039024721	0.04077222140454063	0.05718242132993068
0.01359704640916809	0.036264059231814055	0.04107228133761427	0.09878712849961384
0.013695692722486972	0.046449283183035595	0.04137234207050307	0.1047032973080019
0.013794281982253668	0.05970041278266016	0.04167225962445596	0.11047497869650538
0.013892861513805546	0.07944825365459611	0.04197217798919988	0.13494074142006524
0.013991478651808699	0.0809482853199889	0.04227224115368176	0.14153057872308825
0.014090086060764987	0.06343750041296718	0.04257230514069978	0.11825583880090626
0.014188683742593857	0.054331237625262235	0.04287236995593198	0.09813513899615028
0.014287319017962367	0.04923698050977021	0.0431725795894923	0.09383026992099727
0.014385944565372611	0.022371523204736662	0.0434727900630121	0.053222451148120326
0.014484560386743334	0.04080005884231716	0.04377300138216569	0.0686290989680737
0.014583119202551356	0.04203463808758447	0.044073069564942946	0.061164513936287704
0.014681668300816063	0.04590601135018788	0.044373138604277475	0.06162296550168451
0.0147802076834535	0.05125560068593721	0.04467320850583385	0.07675521619330763
0.01487873735237914	0.0737529865628937	0.04497327927527446	0.10958804932250651
0.014977210046692495	0.06153366846263273	0.04527320692889121	0.0813395891958839
0.015075720317221493	0.057329914942103315	0.045573279448963416	0.08436507635872434
0.015174220879777128	0.066964632249645	0.045873352853880105	0.11648387183229443
0.015272664487414139	0.049543563572587185	0.046173283158633276	0.09528568984595842
0.015371098395557897	0.033886343368009164	0.04647321435909899	0.09638463652849372
0.015469569868934866	0.04432020028259032	0.04677329045029158	0.11662540322840334
0.015568031641983386	0.0375183416258762	0.0470733674489158	0.12451301416029352
0.01566648371661436	0.022597650312196137	0.04737344536061609	0.09148003568491478
0.015764973343596653	0.0457099775921596	0.04767366818169623	0.10870407173493349
0.0158634532713274	0.031144879159064144	0.04797389192757173	0.07012334602352524
0.015961876285407385	0.03197160565604721	0.048273972610108434	0.06380044919829139
0.016060289608703364	0.039801332935882214	0.04857405422826365	0.049445127117298315
0.01615869324312352	0.048611383278118855	0.04887413678767088	0.058940691410078724
0.016257087190575416	0.04346079685207255	0.049174220293961526	0.048663584505133695
0.016355471452966064	0.04563315874312644	0.04947430475276447	0.06102624913354924
0.01645384605542066	0.049637520251591155	0.04977439016740238	0.0846270552610937
0.01655221097662175	0.06428614542578652	0.050074476545790586	0.10094561865870443
0.01665056621847466	0.039160590173062476	0.050374563893551536	0.07801028405714013
0.016748911782884145	0.033593552836426295	0.05067465221630536	0.09012237137115475
0.016847200497220063	0.058127686489420974	0.050974597521699305	0.11476003598884602
0.0169455267356506	0.029958232624365456	0.05127468780891891	0.07385657098870162
0.01704384330234404	0.01849877861940981	0.05157477908796522	0.05973064106754778
0.017142150199202896	0.050530111796982885	0.05187487136444964	0.09477071337564126
0.01724044742812911	0.054687449350039344	0.05217496464398129	0.09734794980785896
0.01733873501420169	0.045699548341943924	0.052475058929741386	0.0679390056767361
0.017437012936139286	0.06179614759610241	0.052775154229746976	0.08087443588555664
0.01753528119584221	0.0780978535156943	0.05307525054960072	0.11325123245778926
0.017633539795210124	0.06547799549986962	0.053375347894902773	0.10249230097245228
0.017731788736142177	0.039518417479556624	0.05367544627125127	0.06081067561546584
0.017830075171893667	0.035423756153051454	0.053975689684638686	0.0731721682852397
0.017928304824799533	0.042134274411172706	0.05427579013735959	0.09822259304132444
0.01802652482495907	0.030554076451837855	0.05457589163789476	0.0739026911850034
0.01812473517426918	0.036001673229815935	0.05487599419183347	0.07012761304445726
0.018222935874626218	0.0661727941155044	0.055176097804762944	0.11326421426033473
0.018321079822856315	0.07225586231273726	0.05547605847681927	0.12882714415042115
0.01841926125412164	0.05737786296938097	0.055776164221909834	0.10556819267047982
0.018517433042115044	0.06904384857937447	0.05607627104272593	0.1147464402044737
0.018615595188730603	0.04708159600094683	0.056376378944845915	0.09413407026820846
0.01871374769586192	0.039123153400299836	0.05667648793384595	0.08231365058238875
0.0188118905885115	0.0485637662427319	0.05697659801267383	0.09266181919212821
0.01891002384545775	0.044881344743687844	0.05727670918951427	0.07157143424903695
0.01900814746859255	0.023868977516701702	0.05757682146993689	0.044141383526618415
0.01910626145980723	0.05352376293403155	0.05787693485950912	0.0829992356799848
0.019204318757501462	0.028781573302627032	0.058176905353572235	0.06217371582852148
0.019302413513634476	0.010671071252134153	0.05847702097544412	0.032254512265024946
0.019400498643513495	0.024458986494485035	0.05877713772314146	0.06329191778457646
0.01949857414902762	0.041685159562953114	0.05907725560222302	0.09008159200101579
0.019596592987028847	0.023515143905588547	0.05937723060582964	0.06412659146252137
0.019694649272546983	0.05370140901583117	0.05967735076160045	0.08136405848224469
0.019792695939359638	0.05730497988748089	0.05997747206540503	0.10067919424385897
0.01989073298935374	0.03275889565771543	0.06027759452279345	0.0649300222063393
0.01998876042441562	0.02647095642981101	0.06057771813931356	0.06692568920316477
0.02008682529146765	0.020110115311492722	0.060877986932926675	0.07324025731932632
0.02018483352536799	0.018879665888031413	0.061178112881532076	0.079586683789277
0.02028283214998725	0.03447655774369485	0.06147824000588622	0.08969500269854688
0.02038082116720953	0.05240909400826661	0.061778368311528276	0.12539908561775243
0.020478800578918398	0.04445392200780221	0.06207849780399513	0.10387573949876036
0.02057672338803895	0.049418383445745256	0.062378484470740445	0.09041491420240268
0.020674683617392973	0.046391774328517606	0.06267861635057988	0.104578254611253
0.020772634246876417	0.045010479733967865	0.06297874943382871	0.08235966557220212
0.020870575278370634	0.03480757720268392	0.0632788837260152	0.056341834264665915
0.020968459733202452	0.043421266003416975	0.06357887521224391	0.07951471644510141
0.02106638159736547	0.06771338763943034	0.06387901193594947	0.11100422437616897
0.021164293869175482	0.03478835940053543	0.06417914988515126	0.04876667592710931
0.021262196550511644	0.02493812234355399	0.06447928906536904	0.05643149369256711
0.021360089643252506	0.049667760583968754	0.06477942948212012	0.08984678032132665
0.021458020129830058	0.018327453123575213	0.0650797151613414	0.05115426092215957
0.021555894073996842	-0.005197181412349615	0.06537985806470455	0.023449319878501497
0.021653758435196263	0.038787116004292035	0.06568000222112724	0.0933283164490788
0.021751613215304694	0.03187478860884279	0.06598014763611826	0.08652713571806867
0.021849458416197974	0.035011724464728444	0.0662802943151843	0.08585604230062621
0.021947294039751375	0.06968189100973152	0.06658044226382982	0.13158785868280856
0.022045120110800124	0.06497867557646057	0.06688059148449287	0.12995363920264508
0.0221429366082534	0.05754172778310631	0.06718074198572477	0.10123557134080768
0.022240743533984784	0.061397477805269295	0.0674808937730235	0.09784311464941617
0.02233849397361964	0.03466243216523078	0.06778090282293947	0.054745374465557606
0.022436234849867127	0.01703377871476837	0.06808091316928296	0.031016184299225535
0.022534013094607338	0.03676099395673263	0.06838106884461925	0.06174224576125978
0.022631781775110223	0.031287996007251996	0.06868122582798007	0.061135389484940045
0.022729540893246664	0.02900716939552314	0.06898138412485263	0.07663323857066306
0.022827337367134753	0.05924918505562804	0.06928168776966784	0.13864845200014028
0.022925124277807636	0.056228190551593595	0.06958199273959206	0.13133510875927842
0.023022854742980187	0.04667771706937612	0.06988215500670662	0.11637832099953506
0.02312057565325984	0.06798534801926284	0.07018231860924762	0.140322778756481
0.023218287010514788	0.06060367347620014	0.07048248355269178	0.12000780810640871
0.023315988816612534	0.030651798889536896	0.07078264984251333	0.06334024468120404
0.02341368107342016	0.047507907234712946	0.07108281748418467	0.08187173637762399
0.02351141066695939	0.04678433964500746	0.07138313051657819	0.0830352941140024
0.023609083853674478	0.014212270158006371	0.07168330087508282	0.050541398277711876
0.02370674749669282	0.025101988518852855	0.07198347260182829	0.05640338637377998
0.023804401597879322	0.02471969799414792	0.07228364570227841	0.07780160983997288
0.023901999316132582	0.026125809300612653	0.07258367614257495	0.08209549598685291
0.023999587500856626	0.027373161839938456	0.07288370796682629	0.0772561655218598
0.024097213010597605	0.04805173925212898	0.07318388521781141	0.09641500183519544
0.024194828985956193	0.05248186133843597	0.0734840638643218	0.1031485853698754
0.024292435428794522	0.0748172632502928	0.0737842439118106	0.11468210333462463
0.024390032363827245	0.060800944896078346	0.07408442536234945	0.0998901185622063
0.024487619770057863	0.052273998212195326	0.0743846082247534	0.07876254261093665
0.024585197649346868	0.04468441355870321	0.07468479250446922	0.08192441618073684
0.02468276600355421	0.029181983207106924	0.07498497820694147	0.06609186172290059
0.024780324834539253	0.01858711403015921	0.07528516533761254	0.05345033121123223
0.024877920964273492	0.022734906898432376	0.075585497944622	0.05885541468144174
0.024975507569932512	0.038163828561321125	0.07588583199139295	0.08353547343947774
0.02507303786522367	0.05996084434647576	0.07618602343582397	0.09447085861119216
0.025170558644720294	0.07105430533149402	0.07648621633018958	0.11554174594408788
0.025268069910279054	0.06932245322306342	0.07678641067992159	0.11392636399560647
0.025365524889282863	0.06509396073665269	0.07708646244079671	0.1159975724305572
0.025462970362621778	0.05375171510412994	0.0773865156671856	0.10204532370573309
0.025560453120301287	0.024254573731214722	0.07768671441205133	0.06893838687773286
0.025657926371459798	0.021047424822640205	0.07798691463397679	0.06944501580141044
0.025755390117951284	0.022553596263089448	0.07828711633838324	0.06014297622248342
0.025852844384415485	0.03445192354623608	0.0785873195271153	0.058235450385728575
0.0259502891499145	0.04468828964554333	0.07888752420915149	0.08454294930928449
0.026047724416300707	0.06391800617074041	0.0791877303899069	0.10013579863303189
0.026145150185425924	0.053840062651897176	0.07948793807479432	0.08290966802462948
0.026242566459141442	0.04593831214276177	0.07978814726922466	0.09707686701898607
0.02634001999098489	0.04236077533284591	0.0800885020318341	0.09904047461091744
0.026437417302192255	0.03465418722756117	0.08038871425792136	0.08504754430636684
0.026534805123535992	0.03659735114624338	0.08068892800975797	0.0983181430587934
0.02663218345686521	0.0328342763143674	0.08098914329274626	0.07960903701717273
0.02672955230402842	0.043928732467272094	0.08128936011228637	0.08831734683360185
0.026826864960692864	0.05766570682486446	0.08158943441320524	0.10328948391687096
0.02692421486380524	0.045162199005150054	0.08188965431832423	0.08779181297729113
0.02702155528628967	0.03763578305455095	0.08218987577617017	0.07687884227961704
0.027118886229992555	0.047196557491607234	0.08249009879213486	0.0967502322792533
0.027216161008754347	0.03841136759722029	0.08279017930802712	0.08223636067143132
0.02731347302315098	0.020263033091782415	0.08309040545262729	0.05077413400362317
0.027410775564297656	0.03389701211072993	0.08339063317149623	0.07435063140633182
0.027508068634038586	0.031120109675052583	0.08369086247001718	0.0805475681681789
0.02760535223421747	0.04042048992996219	0.08399109335357145	0.08721883372688533
0.02770262638937965	0.04424242440237743	0.08429132582371791	0.10349316256055743
0.027799891078661175	0.06514267981689109	0.08459155988964112	0.13051556752420013
0.02789714630390414	0.06955995432602641	0.08489179555671617	0.12811355172181826
0.027994392066950105	0.060630761326502594	0.08519203283031593	0.10683705236803084
0.028091581722480455	0.06624523945935776	0.08549212764530773	0.11510414140347801
0.028188808589335042	0.04422584190162491	0.08579236814418273	0.08645563580549777
0.028286025999509662	0.029312857966572427	0.0860926102656759	0.061634932334352195
0.028383233954843698	0.0237994777516928	0.08639285401515172	0.05729632874371043
0.028480432457176057	0.0199741874397331	0.08669309939797283	0.05605196773063498
0.02857762153100759	0.027674495315133465	0.08699334641556365	0.0505604709434994
0.02867480115550918	0.033716992537258135	0.08729359507720565	0.05960754412809087
0.028771971332518104	0.04499409709957203	0.08759384538825513	0.08937227413141155
0.028869132063871126	0.039926917506887115	0.08789409735406634	0.07299255011605776
0.02896628335140436	0.04758265246270693	0.08819435097999115	0.09147305899644448
0.02906342521959396	0.04294570621129104	0.08849460626737939	0.10980609730281521
0.02916055764763021	0.04550142170374823	0.08879486322556646	0.09474448948830512
0.02925768063734769	0.02761653289524304	0.08909512185989821	0.054933701578362366
0.029354794190580458	0.04409486462845137	0.08939538217571844	0.07670025683464107
0.029451851725399734	0.042251208336047855	0.089695500096683	0.050343773955541224
0.029548946433781552	0.01752454849935131	0.0899957637874388	0.005721761532102922
0.029646031711173228	0.05007469891176221	0.09029602917568916	0.05830278050997263
0.029743107559406692	0.05814219451801272	0.09059629626676964	0.08798479246312903
0.02984017398031332	0.0432097022406956	0.09089656506601355	0.08433081988012657
0.029937277559486334	0.051010814213090186	0.09119697966043833	0.11954226913523625
0.03003432515382791	0.07385531858521109	0.09149725188787307	0.15286035977414142
0.030131363326329236	0.06520767594852314	0.09179752583944634	0.13241103677070631
0.030228392078819562	0.05612736787476552	0.09209780152048325	0.11116458617263775
0.030325411413127612	0.0547209767954133	0.09239807893630694	0.09751467128779631
0.030422421331081542	0.04483931762843118	0.09269835809223825	0.07467571423345284
0.0305194683911508	0.03818996214165679	0.09299878308022903	0.06345080189626018
0.030616459504449283	0.03720134957316445	0.09329906572812594	0.0661309219904807
0.03071344120687068	0.038549569207142656	0.09359935013206849	0.07453144812449725
0.030810413500241066	0.025874905677156144	0.09389963629736943	0.06395775497978641
0.030907329870360687	0.027634345989991673	0.09419978013511587	0.05681562444424478
0.031004236839590776	0.021532031883930627	0.09449992574398342	0.059135554159989535
0.031101180939307544	0.006077849867789461	0.09480021722094707	0.03713448997086317
0.031198115637267862	0.024643859160313232	0.09510051048048682	0.05258664214121475
0.03129504093529515	0.04920077684463819	0.09540080552790506	0.0905742752371225
0.03139195685774754	0.05979928025911355	0.09570110236419578	0.1163937600294628
0.03148886338390771	0.0674079112580094	0.09600140099895096	0.11492808878718437
0.03158576051559757	0.09146730748887465	0.09630170143746719	0.15035980035657348
0.031682648254638374	0.07673715875836576	0.09660200368503863	0.1271746090496555
0.03177952660285088	0.04618732666747002	0.09690230774695739	0.07272558530373997
0.03187644205554535	0.048110974841568	0.09720275772704377	0.07386674072523486
0.03197334811654486	0.03598722542828433	0.09750320953292507	0.05299700668595003
0.03207019832569641	0.008605624070199339	0.09780351906522308	0.012081129468595112
0.03216703915129306	0.03312523595912974	0.09810383043300405	0.053359078628510984
0.03226387059515293	0.05139096300757967	0.09840414364154994	0.08506665859781648
0.032360646210608676	0.024060044154667073	0.0987043145888074	0.05707575013023138
0.032457412452460165	0.06022990328078041	0.0990044873864929	0.11877358345114711
0.03255421578449608	0.06047272643076494	0.09930480614454634	0.13255753805996182
0.032651009742058035	0.03385587450394031	0.09960512676445946	0.08263037552579645
0.03274774789645205	0.049396358210381415	0.09990530514057883	0.10246448638855657
0.032844523132981904	0.05920262204384389	0.10020562949552783	0.11480390250430447
0.032941289000478324	0.02827384788868364	0.10050595572813295	0.06676023708365457
0.0330380455007552	0.032496247634063044	0.10080628384365975	0.07084375717506243
0.03313479263562591	0.03194387534543359	0.10110661384737181	0.0887097988451185
0.033231576837412784	0.0243398498817035	0.10140708985545581	0.06686295308695495
0.033328351672924264	0.03335533310517745	0.10170756776315089	0.06630678335454414
0.03342511714397298	0.03776389184696238	0.10200804757571694	0.0756161404167109
0.03352182685778169	0.040931422042894454	0.10230838518018041	0.07433766659114366
0.033618527215238864	0.05067094222791771	0.10260872469910395	0.0831757927872411
0.03371521821815472	0.04683989656006195	0.10290906613773892	0.08151054551604066
0.033811899868338956	0.0530232513042524	0.10320940950133467	0.09595097107438479
0.03390852579094508	0.06545334435856559	0.10350961067319409	0.11931889255445621
0.034005188763510774	0.06027070349917552	0.1038099578978034	0.09963271635231025
0.03410184238876648	0.043887647496810074	0.10411030706309692	0.0835785957295427
0.03419844030530263	0.055464144331695955	0.10441051404956085	0.11317019200714705
0.034295028882624784	0.03687725319543387	0.10471072298624669	0.07632162765816516
0.034391654499194325	0.025194378518742074	0.10501107800033369	0.05104363875043477
0.03448827077567674	0.037947747633700346	0.10531143497604491	0.0771251930253022
0.03458487771387748	0.0532043830519394	0.10561179391861333	0.1003973682717423
0.03468152167881871	0.04166375934420796	0.10591229895802506	0.07763446952140532
0.0347781099682538	0.04759997030417215	0.10621266184525163	0.10440443401130634
0.03487468892481631	0.042002497695262375	0.10651302671501028	0.09791826265139217
0.03497125855030967	0.036414937107074365	0.10681339357252627	0.09245363977842092
0.0350678188465367	0.02521778932929241	0.10711376242302229	0.06303281847394406
0.03516436981529981	0.029189095673155557	0.10741413327171952	0.05792472679273952
0.03526091148076236	0.04416451131212079	0.10771450611902636	0.06429669305452644
0.03535744382235983	0.041441836297589074	0.10801488097495786	0.0684515914062052
0.03545396684189301	0.051916525600585475	0.108315257844729	0.08637420077085042
0.03555048054116218	0.058818404753271374	0.10861563673355275	0.10338726650983465
0.03564693862584759	0.04839562138850024	0.1089158735074911	0.09995648655589212
0.03574343371232742	0.04194726018390217	0.10921625644517771	0.10140666060192431
0.03583991948393662	0.05255878709388659	0.1095166414175312	0.10970074306219516
0.035936395942473394	0.032259327733640916	0.10981702842975653	0.07293128167104375
0.03603286308973546	0.027176168288573683	0.11011741748705672	0.06630437225600638
0.03612932094984266	0.034264047425704415	0.1104178085897096	0.07470094275232102
0.03622576950226459	0.029278318888586105	0.11071820174782457	0.054473695601825065
0.03632220874879736	0.03438941293660766	0.11101859696659849	0.061760802166740826
0.03641863869123656	0.054305405032487354	0.11131899425122622	0.09144591224312362
0.0365150130754211	0.062490205300723425	0.11161924945884624	0.09022311431111887
0.036611424437359125	0.06785227096044925	0.11191965088577324	0.1059161329485295
0.036707826500582914	0.06039046393132874	0.11222005439411414	0.10589294818349941
0.03680421926688601	0.049978411631311434	0.11252045998905592	0.0729910194851956
0.03690055649993202	0.04483487890308598	0.11282072352370644	0.0683586741853807
0.03699693070005621	0.045707466752356776	0.1131211333023676	0.09155540958819784
0.037093295608632865	0.041025431955959514	0.11342154518316587	0.06631226843916273
0.03718965122745346	0.042811809985845314	0.11372195917128027	0.08024587927259208
0.03728599755830889	0.04807251072980402	0.11402237527188758	0.10709640026949195
0.037382380841118966	0.05282998027277982	0.11432293764223972	0.08936909126352398
0.037478754835086905	0.048567055893855494	0.11462350213644487	0.07615120392970989
0.03757507333504549	0.0496582279344087	0.11492392460046284	0.0822069982894601
0.037671382554193146	0.05109501925566921	0.11522434919764891	0.06647173321056993
0.037767682494318215	0.05037486058326993	0.11552477593317001	0.06329207488002724
0.03786392696359141	0.04205231412830239	0.11582506064988295	0.08336625552818677
0.03796016216186583	0.04321276666108677	0.11612534751422171	0.08018187574892377
0.03805643429788488	0.04438263950898985	0.11642578069055828	0.08449713239404391
0.038152697162025205	0.03916126950117576	0.11672621602586519	0.08260352972009613
0.03824895075607262	0.02974455873503174	0.11702665352529946	0.07669728464966011
0.038345195104036424	0.0411494789308219	0.11732709318880805	0.06165369503209253
0.03844143018547301	0.0300201396356806	0.11762753502673967	0.04374335282651897
0.0385376560021666	0.02456200174755334	0.11792797904424546	0.049260661541452505
0.03863387255590087	0.0517607222657587	0.11822842524647438	0.09960578250553265
0.038730079848459026	0.0493209178156566	0.11852887363857353	0.10232933833068432
0.03882632405301677	0.04462379892564264	0.11882946839320424	0.12018968556674256
0.03892255899551885	0.06907606805069744	0.11913006534904294	0.1543423767939177
0.03901873853743669	0.07574897668640551	0.11943052033632069	0.16446822093231495
0.03911490882530172	0.044907083886512676	0.11973097753402487	0.10751573067072549
0.03921106986089456	0.06131506301443482	0.12003143694729254	0.1214066238400359
0.0393072216459953	0.0655988690330761	0.120331898581259	0.12692047473936918
0.03940331805981023	0.03252575254049383	0.12063221826186532	0.07354732481203113
0.03949945137143776	0.033276596570365975	0.12093268434727061	0.05331765914229445
0.03959557543790619	0.04016538165987331	0.1212331526687562	0.07906029628392636
0.03969164415171199	0.030622139394785818	0.12153347904902255	0.05077111706015659
0.03978770362834662	0.005904367866024853	0.12183380767453754	0.0066890689656243525
0.03988379999215958	0.03434749354915711	0.1221342827296143	0.07420982608755977
0.039979887117918236	0.03574091646441509	0.12243476004125638	0.08302490241827246
0.040075965007398566	0.042820561674263485	0.12273523961458307	0.07621482707137683
0.0401720797716576	0.04741168896248687	0.12303586563713866	0.11391421559912031
0.04026818529875646	0.06790240083622882	0.12333649393269626	0.14986671879722677
0.04036423551218726	0.044822299776194376	0.12363698031630753	0.10430052758560839
0.04046027649643438	0.04036955269769755	0.12393746898204928	0.10258266582291503
0.040556308253271306	0.03733159477411375	0.12423795993503124	0.09154166902253319
0.04065233078447088	0.029743726927130745	0.12453845318036086	0.07315833424843377
0.04074834409180551	0.012401748343445597	0.12483894872314372	0.05028167120706613
0.04084434819916041	0.024753656038557066	0.125139446562956	0.055680481208672965
0.04094034308618948	0.01597902557029142	0.12543994671041497	0.05413281581943287
0.041036328754663606	0.02005632988181988	0.12574044917062038	0.06646769330570908
0.041132259163436796	0.03416190511760219	0.12604080974973345	0.06826457576801967
0.041228180361614956	0.03333263539335147	0.12634117265066588	0.06915161269784445
0.04132413840713645	0.022859956416799346	0.12664168207410098	0.0748568849495527
0.04142008724117722	0.042998333319598125	0.12694219383064997	0.09245167061872245
0.04151602686550559	0.04883239001095673	0.12724270792540276	0.11091314914932321
0.041612003324805746	0.03752671505409116	0.12754336856238424	0.08568424014475354
0.041707970573509	0.051517737753570395	0.12784403154886448	0.09895645123636072
0.041803882601375894	0.05627301375742852	0.1281445526830995	0.10382601928467497
0.04189978542659443	0.036838450740417306	0.12844507617586678	0.06702510384121575
0.0419956790509304	0.037136319330831356	0.12874560203224658	0.04982028071366999
0.04209156347614913	0.04620847215957137	0.12904613025731726	0.07755054092376086
0.042187438704015374	0.048721229399007304	0.1293466608561552	0.0839224583654667
0.04228330475834306	0.05375086426109306	0.129647193828124	0.09065187516291692
0.042379161618842066	0.06541826872000411	0.12994772918399466	0.11117860474895457
0.04247500928727566	0.059439135340803424	0.1302482669288378	0.10836043151959328
0.042570801788664604	0.03915043332959344	0.13054866285172628	0.08514340801498797
0.0426665851059201	0.03390404207523069	0.13084906117256512	0.06555547047002579
0.04276240523076044	0.03143572298361053	0.13114960610895782	0.05092213971138899
0.042858216170579104	0.027813397170237477	0.13145015345457356	0.0481176272404303
0.042954017927136816	0.023612737263649212	0.13175070321447305	0.048534524953567915
0.04304985647893573	0.0383416229933707	0.13205139960971085	0.07278689462064543
0.04314563989626332	0.039575956356224726	0.1323519542075326	0.09866608016178346
0.043241414135604936	0.03533977177229767	0.132652511234797	0.08722943020239833
0.04333717919871923	0.035822097644603965	0.13295307069655699	0.0844426331533358
0.0434329350873644	0.024218285571824736	0.1332536325978637	0.06326390452872656
0.043528635870566865	0.012026705064009768	0.13355405271609438	0.04436941125385026
0.043624373437536966	0.02532233848170029	0.13385461950575972	0.045534662405914236
0.04372010183530531	0.03088331728510405	0.13415518875010146	0.06166744749633915
0.04381582106562806	0.03383537704838786	0.13445576045416308	0.06134641572753728
0.0439115311302609	0.06498355019877909	0.13475633462298592	0.11026976356082713
0.044007232052932777	0.07006558842797615	0.13505691125568087	0.09982941090893804
0.04410292381342036	0.05633914170739134	0.13535749036320213	0.08476533941250396
0.044198606413477795	0.0533005182701129	0.13565807195058535	0.0867362570852839
0.04429427985485878	0.05080867393319955	0.1359586560228644	0.08470092021867076
0.04438994413931646	0.017347240664946386	0.1362592425850711	0.043049272668812394
0.044485599290556295	0.0308969301123598	0.13655983163624635	0.07730782051957316
0.044581245288373435	0.04976426544528106	0.1368604231873951	0.09336709032501747
0.044676882134519535	0.04922399331605112	0.13716101724354338	0.08878306867422922
0.044772509830745745	0.05777637755206558	0.1374616138097154	0.09525191886227909
0.04486808250754291	0.06623234219802021	0.13776206864650936	0.10386427641369077
0.04496369193111252	0.06326751634329587	0.1380626702417441	0.09853091574891855
0.045059292210008456	0.04673303795231237	0.13836327436205134	0.07369879248176861
0.04515488334597986	0.041916870323012646	0.1386638810124476	0.07311718603980631
0.04525041948704718	0.037811310303512105	0.13896434594865092	0.0758618542305195
0.0453459923643299	0.04406441966058432	0.13926495766816932	0.07534926680160424
0.04544155610392831	0.03536560820959216	0.13956557193280256	0.06796252185410728
0.045537110707589534	0.03507315403913669	0.13986618874755946	0.07834443704496787
0.04563265617706026	0.04048056056628183	0.14016680811744706	0.05917978402582199
0.04572823836781477	0.0363037184083033	0.14046757429676657	0.052240169219795934
0.04582381142348711	0.042074132993618646	0.14076834304244962	0.06886702529286877
0.045919329522750865	0.03842089522811808	0.14106897010158154	0.054112074086608786
0.04601483849480142	0.04324861957412791	0.14136959973584035	0.04927297994102153
0.046110338341382895	0.06930137358806074	0.1416702319502234	0.10752413303297045
0.04620582906423888	0.07641397436512265	0.14197086674972598	0.11941592463341681
0.04630126485953503	0.07667494073048345	0.14227135987644574	0.1194573529071347
0.046396737362038074	0.0901751998872697	0.14257199985493707	0.14974043182705044
0.046492200746039374	0.07805975034148438	0.14287264243351092	0.14041701698264833
0.04658760922081273	0.040113333294126856	0.14317314335050102	0.08047757490421188
0.04668300858493889	0.04117900056623015	0.143473646876289	0.09378969555774377
0.04677844464573515	0.02872622914727202	0.14377429727875224	0.061197386505540095
0.046873871594989056	0.007761828310210424	0.14407495030122577	0.02487537763089657
0.04696928943444027	0.031158012433550722	0.14437560594868973	0.0796458766188038
0.047064743958295796	0.05054132306619378	0.1446764084927764	0.10261505523270804
0.047160189371454636	0.03787633633487773	0.1449772136730664	0.06619018151071633
0.04725557991376207	0.047772534029044515	0.14527787721902707	0.09469874906301914
0.047350961353216196	0.06248162044827291	0.1455785434098679	0.10705523091979528
0.04744633369155421	0.03438434658482341	0.14587921225055964	0.051620254016353846
0.04754169693051274	0.01941105194911062	0.14617988374607105	0.051013305111971996
0.04763705107182796	0.039852551720169715	0.146480557901369	0.08325219126884735
0.047732396139046174	0.036390790007597915	0.14678123471502222	0.06461506825032472
0.04782773211208771	0.040559916025583856	0.14708191419837813	0.06872559101485365
0.04792305899268727	0.05611984474266253	0.14738259635639797	0.09568799051874419
0.04801833105556815	0.06355356006339948	0.14768313690827015	0.09034922509163251
0.04811359403383419	0.058876235909862004	0.1479836801434291	0.0879647615547332
0.0482088936693008	0.05520406157398244	0.14828437034873376	0.11137574348788372
0.048304184219255	0.07001220898417163	0.14858506324851647	0.13247220690184056
0.048399465685428994	0.05263773210117517	0.14888575884772892	0.10804427498189136
0.048494783796565355	0.05466001574396629	0.14918660143709206	0.11353568473214959
0.04859009282302512	0.04752916589613748	0.1494874467370768	0.10148403953893059
0.0486853470700158	0.03838985327590592	0.1497881504577554	0.07091396164175831
0.04878059224014594	0.015449028461100118	0.15008885689764012	0.049148292408190235
0.04887582833514526	0.02669930286394963	0.15038956606167334	0.051268995310881894
0.048971055356742975	0.030588823990142032	0.15069027795479545	0.06217692258099192
0.049066273306667824	0.023989945368034588	0.15099099258194504	0.057695942836990505
0.0491614822083964	0.0456497871466588	0.1512917099414845	0.0832851790735985
0.04925668204190399	0.046443922650152875	0.15159243004491124	0.09274377708155482
0.04935187280891779	0.05576077971557403	0.15189315289715813	0.11835177510475525
0.04944705451116457	0.040641284412113225	0.1521938785031562	0.0973085396866258
0.04954218149297661	0.0436730137074125	0.15249446256108257	0.10251614021792832
0.04963734509259536	0.0635724238737002	0.15279519368273534	0.12127867868472389
0.049732499632620206	0.053861419689792564	0.15309592757290919	0.09776736545289863
0.049827645114776	0.05341662459778143	0.1533966642365278	0.09793603762828337
0.04992278154078706	0.07155536756254756	0.15369740367851306	0.11863652247847847
0.05001790893408833	0.0430521171424528	0.15399814589710417	0.08621894984965148
0.05011302727468781	0.031903414221338175	0.15429889090388765	0.07253494411933306
0.05020813656430832	0.03493017587917741	0.15459963870377966	0.08014805925015095
0.05030323680467219	0.013933014654472959	0.15490038930169436	0.021757841241812428
0.0503983279975012	0.02555702043010816	0.1552011427025439	0.03737858601681042
0.050493455780199606	0.060229072880903275	0.15550204322467145	0.08784685085379029
0.05058852890480899	0.04594359221163359	0.15580280223936963	0.07285822299259101
0.050683592987042	0.04716223286510817	0.15610356407171677	0.08253286658374998
0.050778648028618506	0.062060539050992576	0.15640432872661778	0.14195536128024377
0.05087369403125788	0.0507465750100661	0.15670509620897563	0.1210113334948685
0.0509686854043567	0.04922442824454173	0.15700572219672168	0.10457706486243522
0.05106371335594383	0.049562556204207804	0.15730649534188496	0.10132287291027828
0.05115873227374491	0.051080897985230724	0.1576072713291911	0.08588916346085697
0.05125374215947737	0.058180815004938546	0.15790805016353573	0.07837387055642372
0.05134869743985482	0.05874835421612575	0.1582086875173625	0.09065445127327251
0.051443689288249654	0.038429298716514536	0.15850947205360633	0.06663459746283151
0.05153867210972109	0.041692855198946555	0.1588102594515524	0.08124940868315558
0.05163364590598462	0.053483101448226045	0.15911104971608878	0.09788001590974628
0.05172861067875519	0.045678087897654644	0.15941184285210178	0.09146739275914247
0.051823566451380185	0.044567397239771836	0.15971263885757214	0.07585435077668479
0.051918513203936596	0.04669952991729243	0.16001343774427426	0.07650183726482027
0.05201345093813793	0.049905345628424316	0.16031423951708884	0.08260744130712833
0.052108379655697215	0.05355518259979365	0.16061504418089476	0.08779644373370638
0.05220329935832693	0.037206387598580005	0.16091585174056883	0.060564557337685745
0.052298210069351606	0.03729097531563973	0.16121666219402436	0.07124666905543395
0.05239311176886627	0.0630727064297607	0.16151747555308488	0.11313579976316421
0.05248800445858199	0.05821828249508948	0.16181829182262186	0.1022239084458336
0.05258288814020935	0.053519731057070655	0.1621191110075049	0.10063153809877039
0.05267776281545847	0.08279325331452447	0.16241993311260164	0.1434085375009559
0.05277262850763082	0.07355114294823227	0.1627207581357576	0.1317906705972704
0.05286748519683955	0.047093119925150785	0.1630215860888456	0.08026001798045923
0.05296233288479331	0.04926091137189321	0.16332241697672784	0.08129948604094953
0.05305717157320025	0.04640130919261723	0.1636232508042646	0.08524681820446631
0.05315195577085863	0.016910542596156982	0.16392394321732096	0.041177826290907805
0.05324677648686581	0.011079074754741442	0.16422478293166176	0.032030053381861746
0.053341588208443674	0.04514253039369309	0.16452562560021555	0.085760006020812
0.05343639093729837	0.03995158197959435	0.16482647122783525	0.07885926158697505
0.05353113919946981	0.04239876879384477	0.1651271754546836	0.06870472839127718
0.05362592396954994	0.06539423427645652	0.16542802700786155	0.10324833056122866
0.053720699752018604	0.05691734560521487	0.16572888153464177	0.0978331283970514
0.053815466548579924	0.03487675431104828	0.16602973903986956	0.06812593092832274
0.05391022436093778	0.04950009159946045	0.16633059952838888	0.08988760072611975
0.05400501866646131	0.06484079465034248	0.1666316073697301	0.11127014810934321
0.054099758537056356	0.04652175311364946	0.16693247383217358	0.08588925701811626
0.0541944894285523	0.05566749643265866	0.16723334329241735	0.09539228056571236
0.05428921134265101	0.06636747881414977	0.16753421575529798	0.10873027600537383
0.05438392428105385	0.0352624190319618	0.16783509122565005	0.06993793675308604
0.054478628245461694	0.0233524753080076	0.1681359697083063	0.05131615763430762
0.054573323259089215	0.027889017227945956	0.16843685120085666	0.05593226351137957
0.05466800930211798	0.03502840137565702	0.16873773571535974	0.056932039242484654
0.05476268637624744	0.023100290312946848	0.16903862325664276	0.02705466116824791
0.05485730906776572	0.036404504619337225	0.16933936944461728	0.05580649972011022
0.054951922798082135	0.04249013823172001	0.1696401186675581	0.07962272581771164
0.0550465729971993	0.041073085876930926	0.1699410153108277	0.06622657045098415
0.05514121423420598	0.05037684986531926	0.17024191500015665	0.09076668377372732
0.05523584651079927	0.0812007689698851	0.17054281774036328	0.14415216989060362
0.055330515244086484	0.0911441764391245	0.17084386792117795	0.1288290693874615
0.05542512962641967	0.055870343808197935	0.17114477677024187	0.07461114831550812
0.055519735053423516	0.08366956228238345	0.1714456886846154	0.12690487684482582
0.05561433152679314	0.05251647228878556	0.17174660366910935	0.07621995873014521
0.0557089190482231	0.028013607266067875	0.17204752172853272	0.04121120615667536
0.05580349761940759	0.031756908393260334	0.17234844286769285	0.061622591598259814
0.055898112631673394	0.05095318092557445	0.17264951148511717	0.07995189840659808
0.05599271869278545	0.03795285425750509	0.17295058319336407	0.05577166326590899
0.05608727044484277	0.056361412568106665	0.17325151359313423	0.08914543261173696
0.056181813253422266	0.05568043415144059	0.1735524470918404	0.0937207615855412
0.05627634712021572	0.04542380158714245	0.17385338369428077	0.07779038156556181
0.05637082670017562	0.05488717261441811	0.1741541789966669	0.09644455944285833
0.05646529734601848	0.040020162395648026	0.17445497741087843	0.08628534258807155
0.05655980441902829	0.033819193900015365	0.17475592334580906	0.06914184159758352
0.056654302557010115	0.05382152204554739	0.17505687240363693	0.1005051908028442
0.0567487917616533	0.04984915422062023	0.1753578245891511	0.10403040521140243
0.05684327205606351	0.05461371613348564	0.17565877989962123	0.0968653024806541
0.05693774342050827	0.07395651139055318	0.1759597383473389	0.10829189313694577
0.05703220585667549	0.07296611063463866	0.17626069993708787	0.11748777388335913
0.05712665936625258	0.050502288969273744	0.17656166467365	0.08276253350639548
0.0572211039509265	0.06185943557277439	0.1768626325618054	0.08467223615841683
0.057315584937705624	0.045301929200657974	0.17716374802243462	0.08866715786649372
0.057410056998671036	0.0483825111019721	0.17746486664572292	0.09886610242879032
0.05750447484014076	0.05610770108610497	0.17776584400972215	0.0991686936454708
0.057598883763446324	0.02728679478890027	0.17806682454440542	0.06564179049925893
0.05769328377027222	0.046461248192753574	0.17836780825454365	0.10080175455417487
0.057787629579753544	0.03671502679407769	0.1786686507135964	0.0852231473974233
0.05788196648039781	0.01846227562635305	0.17896949635610676	0.0489753782757254
0.057976339769255626	0.04606852088591447	0.17927048961356312	0.07733977517151952
0.05807070414836321	0.0817186687773623	0.1795714860655291	0.1265623127539576
0.05816501435393833	0.07324820778543495	0.17987234127931112	0.09720293906708433
0.05825936093994772	0.08324496638633434	0.18017334412689157	0.10991636628055204
0.058353698621247924	0.08437033378412412	0.18047435018325098	0.1432599144698032
0.058448027399519716	0.06370360983340677	0.18077535945314602	0.12573914276921075
0.058542347276443356	0.04472859125388374	0.18107637194133155	0.10443038232946061
0.05863670351916299	0.021486004200940476	0.18137753209001614	0.07949717758672126
0.05873105085962194	0.040425630204537696	0.1816786954680389	0.10397420932331589
0.05882534406391006	0.03011724045033	0.18197971763184953	0.0735146286788121
0.05891962837356232	0.01861727830463239	0.1822807430329408	0.04485109169586409
0.059013903790256644	0.04103407779370341	0.1825817716760586	0.06529312849724112
0.05910817031567043	0.0512215343477476	0.182882803565947	0.08027304360556234
0.05920238273294	0.031115545618637015	0.18318369425280026	0.02899415368876087
0.059296631502135	0.048806442316483345	0.18348473264264045	0.05205171008476316
0.05939087138507492	0.055300475291886066	0.18378577429346157	0.06565548726721807
0.05948510238343524	0.04185603000139232	0.1840868192100005	0.046812662028630145
0.059579279297386656	0.036669553711108825	0.18438772293616176	0.05369179491300541
0.059673492552908346	0.05197706328508131	0.18468877439048018	0.10599235767766398
0.05976769692887014	0.05249326794257118	0.18498982912470519	0.10615526504303632
0.05986189242694564	0.0570823623777602	0.1852908871435665	0.1209083126240116
0.059956079048808036	0.06393663553192488	0.18559194845179228	0.1352203975766183
0.06005025681740994	0.0551389895619049	0.18589301304620376	0.1182080591799853
0.06014442571313963	0.06949688437528287	0.1861940809394191	0.118707245821815
0.060238585737668854	0.09025802192838472	0.18649515213616102	0.13485120922890237
0.06033273689266888	0.07530136318321017	0.18679622664115053	0.11594616358419317
0.06042683401659346	0.0823135064670394	0.1870971599840068	0.11383691951684852
0.06052096745880685	0.10151453034220353	0.18739824111168518	0.1336546885626689
0.06061509203649801	0.06573090121555816	0.18769932556175187	0.08761839888188053
0.06070920775133632	0.024368467190978915	0.1880004133389207	0.03640775675783427
0.06080331460499071	0.04320282723759543	0.1883015044479036	0.06591979200259318
0.0608974126203734	0.04035492130849383	0.18860259888540393	0.07426841920366621
0.06099150177790456	0.018289340909571596	0.1889036966641259	0.04003098875217463
0.061085582079251695	0.01610967683448635	0.18920479778877627	0.04278086743930395
0.06117965352608187	0.06874864067142036	0.18950590226406006	0.11909854615035657
0.061273716120061605	0.0528480018090191	0.18980701009468035	0.08662295712721062
0.06136781500483022	0.03417739159427959	0.19010826576844542	0.06069149258307357
0.06146185991932673	0.07134603607331957	0.19040938031576665	0.12631361712858152
0.06155589598596566	0.07883454525283452	0.1907104982325119	0.13213173038522477
0.06164992320641164	0.036026694577826215	0.1910116195233774	0.08404316021837299
0.06174389647854233	0.059278526317281865	0.19131259969539727	0.1328024356960148
0.06183786091204924	0.05632240124932857	0.19161358324929498	0.13444859382502078
0.06193186162509984	0.035931022559144044	0.19191471468254961	0.09128769278391637
0.06202585349860754	0.035791828802214834	0.19221584950868006	0.10199810969716994
0.0621198365342347	0.04005512106909609	0.1925169877323736	0.09252999159068577
0.062213810754831116	0.03068835478856341	0.1928181293501512	0.05791739853738824
0.06230777614086629	0.03365437337135136	0.19311927437485005	0.0608856383127967
0.06240173269400112	0.02432923010236203	0.19342042281115215	0.05130567882235205
0.06249568041589606	0.024952834655924738	0.1937215746637376	0.03709646887526472
0.06258961930821108	0.03244736185496836	0.19402272993728503	0.06179518923299546
0.06268359445520438	0.034654293701349655	0.1943240331422959	0.07343465208379317
0.0627775607716991	0.05312698217433216	0.19462533977926083	0.08136968870539835
0.0628714732063898	0.05869674493836573	0.1949265053355043	0.10224820053766465
0.06296537681813193	0.07315015135690077	0.19522767433139493	0.12919200017667457
0.06305927160858314	0.07896995322709828	0.19552884677160248	0.12766417356200777
0.06315311253911823	0.07617094395870394	0.19582987813847275	0.11990014941338158
0.06324694465590552	0.07253355235212926	0.19613091295733098	0.12569956186709205
0.06334081301356535	0.08018962719760704	0.19643209575019047	0.12917572592832025
0.06343467255655622	0.05187716062988366	0.19673328200601686	0.09282487017647292
0.06352852328653341	0.0353529196695035	0.19703447172947114	0.07278452835986587
0.06362236522628023	0.0204363705832378	0.19733566491688023	0.05892990245369237
0.06371619835631867	0.008442689448347368	0.19763686158122265	0.0435517197958437
0.06381002267830266	-9.483989552916405e-06	0.19793806172715414	0.01572603474189961
0.06390383819388566	0.02998641432748782	0.19823926535932862	0.06713869367218106
0.06399764490472065	0.02958549421971913	0.1985404724823983	0.061384816795366434
0.06409148783161409	0.04390749683707244	0.19884182763166788	0.07690544212435631
0.0641853219528388	0.037367365813424105	0.19914318628280592	0.08652360847079875
0.06427910228044373	0.040419061984095075	0.19944440389804657	0.11169281838257443
0.06437287380990399	0.0384093470220402	0.19974562502276272	0.0850735311594347
0.06446663654287028	0.046636923368401514	0.20004684966159786	0.10646472119767977
0.06456034550403619	0.056904518194109036	0.20034793327170738	0.11302632821300136
0.06465404567622547	0.06698061888637041	0.2006490204035214	0.10721818582039336
0.06474778205069007	0.06556299719408802	0.2009502556040908	0.10024785491426537
0.06484150963525474	0.06692649886741159	0.20125149433732467	0.10187738601775337
0.064935183471466	0.06614619226706009	0.20155259205357698	0.09931119325812438
0.06502889350224447	0.05474718704226127	0.20185383785754288	0.08806302633487471
0.06512259474806273	0.062177159306501965	0.20215508720806125	0.08980414001773682
0.06521628721056773	0.052458016051973186	0.2024563401097615	0.08626913238921698
0.06530997089140597	0.059227465052297694	0.20275759656727163	0.10037989772626169
0.06540369075232542	0.04371259068430704	0.20305900113949857	0.0829163981990179
0.06549740183065546	0.035690223570929686	0.20336040927849083	0.07193686100339666
0.0655910591974132	0.023058060089597893	0.2036616764226145	0.06775680553110873
0.06568470778908161	0.03067987927642729	0.20396294714103108	0.07924700416698376
0.06577834760730489	0.019965392799462873	0.2042642214383597	0.06903318017638622
0.06587197865372668	0.02414307268084617	0.20456549931921775	0.07029434315597605
0.06596560092999035	0.04518507177257196	0.20486678078822113	0.11123259368572293
0.06605921445876431	0.07018401632585769	0.20516806584136252	0.14334749463083435
0.0661528192206613	0.06531542308032189	0.20546935449186435	0.12348676104919074
0.06624641521732319	0.06288452071488979	0.2057706467443371	0.11438566859475476
0.0663399575533902	0.07599910382317893	0.20607179802331188	0.1437820480922421
0.0664334911317069	0.04749458674629526	0.20637295291173527	0.0962305670798201
0.06652706086351616	0.023494638521604824	0.20667425598909056	0.05301624068020394
0.06662062183664927	0.034825021383363006	0.20697556268683073	0.07091077331172432
0.06671417405274585	0.013166077286094233	0.20727687300955772	0.038132647152054416
0.0668077624104462	0.026150256447223366	0.2075783315419495	0.033215826864694625
0.06690129713837677	0.05139820700464602	0.20787964911972823	0.07174657321867167
0.06699482311418281	0.06295123019284567	0.2081809703362782	0.09816522622531504
0.0670883403395021	0.05387183321780961	0.20848229519619454	0.08715934365416672
0.06718184881597189	0.08486870176070772	0.20878362370407047	0.1404726884746489
0.06727534854522899	0.06915720864360708	0.20908495586449763	0.13406904631224595
0.06736883954988036	0.050101669735898746	0.20938629167329026	0.1003264052066512
0.0674623218105874	0.05103641898046807	0.20968763114380118	0.0986367702797603
0.06755579532898545	0.03826999234837073	0.2099889742806166	0.09677465180816361
0.06764926010670956	0.010612026211776072	0.21029032108832146	0.05784708036481751
0.06774267131131675	0.029856462854659132	0.21059152696512737	0.07541740798428292
0.06783611863354717	0.05314102664763726	0.21089288111952814	0.10065260042740505
0.06792955722000191	0.034295500085048336	0.2111942389585513	0.07290419530051524
0.0680229870723141	0.06653781528527672	0.21149560048677482	0.09906069418706961
0.06811640819211648	0.08891298748776322	0.21179696570877476	0.11942640148369235
0.06820982060197664	0.060399410828759575	0.21209833462025127	0.09342108130349724
0.06830322428258706	0.031088174823408865	0.21239970723464052	0.05983054756630603
0.06839661923557906	0.05767689152852261	0.21270108355651357	0.09983711532945236
0.06849000546258353	0.018146859140292206	0.2130024635904399	0.05618290801897516
0.06858333816882096	0.011540069915538355	0.21330370271860288	0.046265107428895634
0.06867670696965683	0.028650634462277565	0.21360509018140733	0.0643720863814902
0.06877006704939108	0.038462294118957574	0.2139064813699518	0.08415402456790443
0.06886341840965277	0.03505931649359722	0.21420787628879895	0.05851842004523295
0.06895676105207042	0.07548863387958903	0.21450927494250946	0.11143707672952044
0.06905009499917245	0.059792587551349696	0.21481067732666956	0.1028006864468191
0.06914342023168234	0.03920639668944267	0.21511208345479865	0.06535365942044792
0.0692367367512273	0.039738501765557245	0.21541349333145243	0.07461537333281847
0.06933004455943406	0.03787353746801812	0.21571490696118484	0.09681112186918009
0.06942334365792895	0.009808336574190092	0.21601632434854823	0.049367734734399635
0.06951667882384743	0.03819212506707573	0.21631789012945035	0.0790449597209085
0.06960996052867258	0.06681753742987123	0.21661931503668774	0.11719889497038868
0.06970323352865812	0.06382661191860334	0.216920743715192	0.09821711751490186
0.06979649782542856	0.04981672114810701	0.21722217616950867	0.06379619215761748
0.06988970868266765	0.06061645468689403	0.2175234677565369	0.08729231849073638
0.06998291084411196	0.05104706260538557	0.21782476312664192	0.0752794476889288
0.07007614906183683	0.017454288519090578	0.21812620692655937	0.0344201850331533
0.07016937858283603	0.03103890774724964	0.21842765452044344	0.0651961555380115
0.07026255468746768	0.028633722850993543	0.21872896125789126	0.08502920518510618
0.07035576684072752	0.016576344065046475	0.21903041644419255	0.051554256222068745
0.07044897030212309	0.010022189079937623	0.2193318754380558	0.06036251256854441
0.07054216507327528	0.018427978410005843	0.21963333824401302	0.07432269724291593
0.0706353511558045	0.016808489402781783	0.2199348048665945	0.05518339741170172
0.0707285732725948	0.04225582543880971	0.22023641996526874	0.07066249543728487
0.07082178669983195	0.05186974188837193	0.22053803889145307	0.09196841710198196
0.07091499143913571	0.05439869349912393	0.2208396616496747	0.08105763647797767
0.07100814280418641	0.0590445755818609	0.22114114357482084	0.08864649681359867
0.07110128548870538	0.05072249036661523	0.2214426293392064	0.08205715556462906
0.07119441949431034	0.0290644134902509	0.22174411894735163	0.04828071326353736
0.07128754482261854	0.048237471365645726	0.22204561240377513	0.08314816067795905
0.07138061680394656	0.044498961359381466	0.22234696503595588	0.07826667553209193
0.07147372480331028	0.04060617822720013	0.2226484661932291	0.0786294325128116
0.07156682413022233	0.07684645442881369	0.2229499712123151	0.11776274135426706
0.0716598701274665	0.07791600297322708	0.22325133541511677	0.12764386163610417
0.07175290745964732	0.05236248544465592	0.22355270348689021	0.08394701752686917
0.07184598079967879	0.061006735081379104	0.22385422010917969	0.08710520747145861
0.07193904547371367	0.06228536628674715	0.224155740611308	0.09127393398100095
0.07203210148336561	0.03766862800301782	0.22445726499778038	0.07107421050766072
0.07212519348907943	0.0474263838583609	0.22475893795570898	0.08781596710126069
0.07221827682947823	0.05701011009277772	0.22506061480884948	0.1104664272088879
0.07231130687642294	0.0631443846025912	0.22536215086601472	0.12765077236679867
0.07240432826543082	0.06585734368322249	0.22566369082551657	0.12356949609278114
0.07249734099811324	0.043004736892123405	0.22596523469185179	0.09283976642531573
0.07259034507608111	0.042647550306918185	0.22626678246951545	0.07125074504336988
0.07268334050094491	0.0614361303342955	0.22656833416300076	0.07860544416256453
0.07277632729505969	0.032870517921376144	0.2268698897673927	0.04969607839625446
0.07286930543928613	0.034575550331394415	0.22717144929657718	0.04307262843372217
0.0729622749352334	0.056505060076796135	0.22747301275504272	0.07348979524851854
0.07305519118793687	0.04828290920602264	0.2277744354365118	0.09254203041725509
0.07314809879972436	0.04284839797980658	0.22807586205433814	0.09315786613598925
0.07324104238121001	0.05651935102455362	0.22837743731809917	0.10501517762905876
0.07333397732084461	0.05206739260090101	0.22867901652906705	0.11471985329957689
0.07342690362023498	0.02741781695407971	0.22898059969172152	0.0801226323432363
0.07351986587756087	0.02206752750731505	0.22928233152130498	0.06191021348374355
0.07361277492199216	0.026206246249981188	0.22958392259126306	0.059562033202152004
0.07370567533099338	0.03003650119069457	0.22988551762632714	0.05898110284398071
0.07379856710616961	0.033372450958856464	0.23018711663097052	0.05304352969729909
0.07389145024912554	0.058910686166747626	0.23048871960966497	0.08704864435049775
0.07398432476146528	0.07676057591918192	0.2307903265668803	0.11876938057134653
0.07407723521650912	0.06136942186785181	0.23109208222924738	0.10356423546350023
0.07417009249311468	0.0735624043886853	0.23139369714734045	0.12481313183043183
0.07426294114391016	0.07040064191976236	0.2316953160573439	0.12088347523633303
0.07435578117049796	0.06629638398883367	0.23199693896372103	0.11594599612949093
0.07444856803999184	0.038025282613254455	0.23229842113153126	0.08093601162608734
0.07454134629261631	0.01677029500415859	0.23259990730270955	0.04682363698375105
0.07463416047685917	0.003510725007100193	0.23290154221535028	0.013993606673696857
0.07472696604329568	0.02218990448907284	0.23320318114219096	0.04417392724130167
0.07481976299352608	0.019106058207939237	0.23350482408768683	0.023652781429860735
0.07491259586363827	0.028074366455681992	0.23380661579569353	0.034717871207669046
0.0750053756069079	0.06145529961620054	0.23410826678219435	0.0994326528332587
0.07509814673876539	0.07726267776773209	0.23440992180069492	0.1346174133722693
0.07519090926080917	0.06757289214451534	0.23471158085564364	0.11423235708656321
0.07528366317463712	0.0675559025038293	0.23501324395148723	0.1276187358198124
0.07537640848184687	0.07797571968741203	0.23531491109267116	0.1364771729557656
0.07546914520466905	0.062317233750010984	0.23561658227392185	0.10657712387383722
0.0755618733240628	0.04714171103265679	0.23591825750938747	0.078529921906735
0.07565459284162435	0.03315726536833198	0.23621993680350828	0.06090472693299227
0.07574730375894939	0.028107898459056247	0.23652162016072298	0.062248287692687095
0.07583996160505742	0.02223749769387996	0.23682316281694707	0.05381314923349666
0.07593265534730946	0.029606492767137754	0.23712485430388847	0.05468126074777808
0.07602534049410567	0.03200986500262005	0.23742654986721887	0.06016951723256729
0.07611801704704006	0.04809841354009338	0.23772824951137034	0.08548879083125661
0.07621068500770614	0.047033094893468005	0.23802995324077322	0.07215444758499676
0.07630334439829617	0.046643603686496525	0.23833166105004355	0.07588803222230854
0.07639599519979978	0.042669727810770934	0.2386333729534105	0.08590802190193535
0.07648863741380921	0.04232172765253575	0.2389350889552997	0.09221075496107192
0.07658127104191613	0.051607942249014896	0.2392368090601348	0.1003091980546581
0.07667385165019892	0.0717908024608058	0.23953838848611647	0.12934179772184923
0.0767664681318545	0.06400717000349321	0.2398401168002426	0.10609359521513388
0.07685907603237634	0.06030216271108518	0.24014184923056564	0.09457479211928863
0.0769516753533544	0.06579349714085211	0.24044358578150274	0.09914540183287088
0.07704422167731682	0.021578832193157725	0.24074518166332695	0.04087773689682021
0.07713680386454051	0.0071496610924575345	0.24104692645882975	0.02171601563978487
0.07722937747698391	0.03219206352241782	0.24134867538817806	0.058870648682415566
0.07732194251623527	0.02454152387224498	0.24165042845578263	0.05160718300830334
0.07741449898388231	0.022708317445569746	0.24195218566605256	0.047357929723818824
0.0775070913005738	0.06497872860304739	0.242254091817538	0.11179119846183116
0.07759967504472179	0.05714808668730001	0.24255600212248882	0.09823555255759356
0.07769220582762025	0.06685184105635887	0.24285777177722162	0.09979193937663394
0.0777847280452573	0.07675333830983891	0.2431595455922292	0.11144844554626104
0.07787724169921847	0.07635406136280092	0.24346132357191252	0.10275939556672198
0.07796974679108894	0.07057137374278756	0.24376310572067098	0.09684330286140738
0.07806219894857812	0.07011081744522958	0.2440647472267981	0.10574021697356525
0.07815468694154384	0.038527851439052505	0.24436653771687392	0.08065345861107306
0.07824716637716778	0.038013337168976945	0.24466833238920244	0.07964115736582303
0.0783395928954612	0.03697763596887051	0.244969986426041	0.08968313705513078
0.07843201086368194	0.015411549579260046	0.24527164465189988	0.055080175598275063
0.0785244646572869	0.03983014002826759	0.2455734518872704	0.08558793384309554
0.07861690989987707	0.04634187136909422	0.24587526332244436	0.10374692927241976
0.07870934659303414	0.04614545950508297	0.24617707896180827	0.0944757218164906
0.07880181909991138	0.04164530943684966	0.24647904363188225	0.08820330322130454
0.0788942830564146	0.06661712685239374	0.24678101251693013	0.12229585285224497
0.07898669413124661	0.05126364181949922	0.24708284078504672	0.0925971646129666
0.07907909666296377	0.041321722492975034	0.24738467327487165	0.058791058429480215
0.07917149065314552	0.05630908416312999	0.2476865099907832	0.09798912267696408
0.07926387610337078	0.056813733360590216	0.24798835093715782	0.10147631712780777
0.07935625301521816	0.04274271701568182	0.24829019611837055	0.0816171384885217
0.07944862141073586	0.039716155332363376	0.2485920455286238	0.08681573214841079
0.07954098127102766	0.04504357419326429	0.24889389918244972	0.10016210194870487
0.0796333325976708	0.03529162810288687	0.24919575708421857	0.06130430067652297
0.0797256310921029	0.03312500314296534	0.24949747438571288	0.049564232481690625
0.07981792106013091	0.03996324715828849	0.24979919594183764	0.06967160944037476
0.07991024681573831	0.060591982864767475	0.25010106660341613	0.08893154111114408
0.08000256404399783	0.07596399832071674	0.25040294153039144	0.1174749730319624
0.08009487274648455	0.0683313526948669	0.2507048207271256	0.1283866326903589
0.0801872172249123	0.09123647264483191	0.25100684905056503	0.1552508911711523
0.08027950890101287	0.0939538578817604	0.2513087367896312	0.14804140117701273
0.08037179205605938	0.0704870005365605	0.2516106288115222	0.11787443385657145
0.08046406669162512	0.06717010267549585	0.2519125251205937	0.0971336248710711
0.08055633280928301	0.06822362584095117	0.2522144257211997	0.09258831671721665
0.08064859041060547	0.03679075789442015	0.2525163306176927	0.060426026713404225
0.08074088377277626	0.02456152658179811	0.2528183846793226	0.0477554741550433
0.08083316861766832	0.0316626912559797	0.2531204430476	0.07627931392463813
0.08092540069982453	0.018450751328868545	0.25342236084751396	0.06696746175984686
0.08101762427192692	0.007921975531575191	0.253724282960698	0.05389432326404024
0.0811098393355458	0.03218227648472665	0.2540262093914965	0.08261581131170634
0.0812020016574549	0.04147337851554354	0.2543279952586661	0.08283318696122872
0.08129415547809908	0.039640819360121524	0.25462978545005294	0.06294591291191783
0.0813863450460755	0.06632721678237588	0.2549317248493548	0.09262432745260839
0.08147852611184134	0.05495990811993405	0.25523366858362223	0.0776487063934387
0.08157069867696466	0.05018998204978705	0.25553561665719166	0.0707294594506074
0.08166286276339278	0.050154903777308996	0.25583756906397626	0.08632940225569342
0.08175501835230954	0.03367058117246123	0.2561395258187205	0.06734754498638586
0.08184716544528176	0.008441733124692123	0.2564414869257558	0.0309422317210156
0.08193930404387574	0.03655438889496197	0.2567434523894123	0.0732159527911139
0.08203143414965747	0.04936844396117894	0.2570454222140184	0.08621242996068368
0.08212359997860884	0.04245390894909668	0.25734754129990833	0.07128777153805442
0.08221571312381909	0.06800420373937414	0.2576495198489083	0.11348042350970902
0.08230781778090854	0.09557346193767263	0.2579515027718232	0.1631370326586207
0.08239991395144133	0.07564066250519416	0.2582534900729749	0.11808379359473843
0.08249200163698127	0.03945562815120056	0.25855548175668386	0.07859165447509768
0.08258403666537809	0.03756175103878184	0.2588573329102623	0.08311430012586116
0.08267610740596014	0.016858734725150332	0.259159333361505	0.04949352288497173
0.08276816966623422	-1.9101390503144244e-05	0.2594613382082462	0.011710954930236678
0.08286022344776242	0.028769355953277616	0.25976334745480006	0.06746181248511318
0.08295222459465103	0.05198087882260882	0.2600652161800162	0.09050020437088013
0.08304426144369524	0.05299665501968491	0.2603672342285546	0.06770830362200614
0.08313628981867335	0.0808628176565428	0.260669256689828	0.11785909962858059
0.08322830972114567	0.07762326147770367	0.26097128356814425	0.1193859482851462
0.0833203211526721	0.047638396151331114	0.2612733148678093	0.07106100329142111
0.08341232413512048	0.05579594439944408	0.26157535058250964	0.08669702410835342
0.08350431864973769	0.06724003611376446	0.261877390727156	0.12253176196839724
0.08359630469808231	0.0433972360736957	0.26217943530604987	0.06888160644854274
0.0836882822817125	0.030988723705498374	0.262481484323491	0.06549628753147185
0.08378025140218602	0.054409289255818796	0.26278353778377767	0.11823760391861801
0.08387221208134985	0.041206746615373616	0.26308559568053663	0.09228315569174768
0.08396416430046744	0.027276898455631606	0.26338765802872244	0.05935757396201167
0.0840561080610952	0.05867429623610919	0.26368972483262865	0.10037539657281006
0.08414804336478926	0.06989043842018892	0.2639917960965474	0.1110321401310954
0.08423992611246435	0.03892516952038869	0.26429372686944597	0.05177211529329258
0.08433184452722824	0.03284322833731646	0.2645958070555374	0.06195842480611452
0.08442375448972006	0.04991679755347697	0.2648978917144971	0.10190062156069181
0.08451565600149415	0.017725960337132765	0.2651999808506106	0.06717319480305053
0.08460754906410435	0.023520233124043236	0.2655020744681619	0.06645902083024958
0.08469943369936032	0.059238505139081424	0.26580417256067124	0.11743742420966675
0.08479130988855514	0.06549545779989346	0.2661062751431715	0.11367792473647509
0.0848831776332414	0.054277760882659315	0.26640838221994195	0.08115897962625465
0.08497503693497123	0.07284887503026974	0.26671049379526035	0.10756064162105854
0.08506684373110147	0.07427288976091831	0.2670124648986722	0.10314827834547338
0.08515868617181088	0.05669462048246061	0.2673145854730998	0.07690166992334749
0.08525052017421406	0.042590305866230145	0.2676167105588888	0.05852073032300608
0.08534234573986146	0.05053757708774813	0.26791884016031065	0.0780243777187463
0.08543416287030312	0.035507455254246825	0.2682209742816352	0.07601437199846878
0.08552601563128352	0.027173527305811913	0.26852325790186143	0.0803275124157741
0.08561781591618102	0.04345410702813432	0.26882540106493	0.092920555668478
0.08570960777051662	0.04479441720533781	0.26912754876069145	0.11667030619445394
0.08580139119583854	0.049247561265630097	0.26942970099340924	0.10821265547857334
0.08589316619369469	0.04436670455571048	0.2697318577673454	0.0821975005734468
0.08598493276563257	0.04823917399507305	0.27003401908676034	0.08602027532656985
0.08607669093339965	0.03386350538443189	0.27033618494499734	0.06184822915982737
0.08616844067833833	0.03228037663145146	0.2706383553572191	0.04191490625144365
0.08626018200199484	0.023690972751691294	0.2709405303276815	0.03664318692265757
0.08635191490591496	0.026043202994490394	0.2712427098606388	0.047041674576561485
0.08644359538806161	0.031023876736980517	0.2715447489528966	0.055441107597356536
0.08653531147732643	0.056352878982697474	0.27184693761263357	0.09754820545554345
0.08662701915148589	0.07653020166119513	0.2721491308476088	0.12134432333233092
0.08671871841208398	0.08146302518214601	0.2724513286620698	0.12591068107334233
0.08681040926066434	0.0981804726102996	0.27275353106026323	0.15423302593253108
0.08690209171893738	0.07789469812837495	0.27305573803542665	0.14511665676896038
0.08699376576827501	0.044210516111571556	0.27335794960280047	0.09465279834229381
0.08708543141021959	0.028071510719797473	0.2736601657666265	0.07870806424507056
0.08717708864631304	0.02772360084519125	0.273962386531145	0.0907648236042204
0.08726873747809688	0.013814276564662047	0.2742646119005946	0.050916068390187495
0.08736042189052738	0.02299317939988997	0.2745669868976668	0.03476341082220077
0.08745209789769685	0.027614562372360554	0.2748693665103512	0.06070350288206361
0.08754372154593802	0.04642336119595435	0.27517160570893184	0.0768081616988532
0.08763533679602771	0.03456611415532344	0.2754738495293725	0.054220483435154065
0.0877269436495053	0.040771295596088955	0.27577609797590397	0.07364938429517522
0.08781849816477347	0.03685020572817465	0.27607820601213384	0.08315075963205759
0.0879100442905329	0.048210495232771086	0.276380318680683	0.08869036257151484
0.08800162598352916	0.036703140888236445	0.27668258101972765	0.07796486816330454
0.08809319928606305	0.034886868483636084	0.2769848480017612	0.07535957176133577
0.08818472027262447	0.029357140215567772	0.27728697458146245	0.06262060005141395
0.08827627681895674	0.03181591541983585	0.2775892508509819	0.055842188075783936
0.08836782497943345	0.012092114817792998	0.27789153177614495	0.028823920953741887
0.08845936475559063	0.017419204096652666	0.27819381736117005	0.04098214512963401
0.08855089614896387	0.015403972165934678	0.2784961076102739	0.051927690379662925
0.08864246308813566	0.024638134610142394	0.27879854757721645	0.05837393046573822
0.08873402164357061	0.029388949761836956	0.2791009922189044	0.0698899371405911
0.08882557181680381	0.058391796024946575	0.2794034415395519	0.10759267590108978
0.08891706971447493	0.07463961803646682	0.2797057504758802	0.12660594825982283
0.08900855923703006	0.06837393447320536	0.280008064097339	0.11584383935668557
0.0891000403860023	0.0744475218437623	0.2803103824081362	0.12633233792506035
0.0891914692800683	0.07373008498633772	0.2806125603382259	0.1325905640924073
0.08928288980763098	0.0480849854076734	0.2809147429638054	0.09934694023716083
0.08937434586511642	0.03589271820475692	0.28121707535656754	0.06613256854428082
0.08946579355514332	0.04776184398295691	0.2815194124554733	0.07831063628407223
0.08955718901243157	0.04178420533645132	0.2818216091814273	0.07849279016440537
0.08964861999219056	0.029839930513674295	0.28212395569390775	0.04472723591584197
0.08974004260907903	0.023417660846911284	0.28242630692511733	0.043363426723362415
0.08983145686462662	0.02385840970966594	0.2827286628792513	0.0678940963280287
0.08992286276036272	0.02526230032150723	0.28303102356050375	0.0608655962018236
0.09001430416462727	0.026381632194208724	0.2833335340563623	0.06270777475274299
0.09010573720812581	0.043167995883271235	0.28363604928998976	0.08782120216349915
0.09019711805363341	0.05831254598770883	0.283938424166374	0.10217095080233407
0.09028849054543876	0.05190881596120801	0.28424080378662675	0.07867478555528289
0.09037985468506902	0.0508870325673386	0.2845431881549342	0.08405084028857931
0.09047121047405098	0.03274793086217094	0.2848455772754811	0.058975137564070614
0.09056251409116998	0.03139125736969287	0.2851478260441152	0.05842328582063411
0.09065385320345035	0.04074301777207952	0.2854502246702675	0.08943812843373733
0.09074518396965653	0.02566000112142091	0.2857526280611941	0.07837478938801361
0.09083650639131365	0.03747635335636781	0.28605503622107353	0.0755742527545794
0.09092777666320637	0.06670887728168035	0.28635730403658377	0.11704990318084618
0.09101908242034078	0.06155476623897047	0.2866597217354373	0.0988544582614005
0.0911103798374952	0.05807907140405246	0.2869621442157602	0.0673958029935344
0.09120166891619315	0.08363480611652954	0.28726457148172513	0.11524881140373393
0.0912929496579576	0.06132730655881864	0.2875670035375029	0.09894745098251626
0.09138422208429829	0.03164832084903443	0.2878694403757616	0.04501965211946132
0.09147548617674664	0.0561724731064434	0.2881718820121606	0.0927827707840343
0.09156674193682439	0.06585572814716216	0.2884743284508663	0.11536040636260056
0.09165798936605288	0.036160909304452295	0.28877677969604343	0.046138194575583935
0.09174918469517486	0.07065756134532584	0.2890790906136189	0.10718856882213668
0.09184041548723612	0.08665678898604832	0.2893815514726764	0.13832609234964394
0.09193163795300602	0.06331940925183421	0.289684017150681	0.10071953501380855
0.09202285209400415	0.0368560129829847	0.2899864876517912	0.06720853096848138
0.09211405791174988	0.05985157431795632	0.2902889629801646	0.1128508509942899
0.09220525542771645	0.040648468175695625	0.2905914431283658	0.07470799965496654
0.0922964446234642	0.03155309378073578	0.2908939281121303	0.05421024622626613
0.0923876255005112	0.030136497218763506	0.2911964179356106	0.06984849978374358
0.09247879806037503	0.04762977829817013	0.29149891260295807	0.07709701573039848
0.09256996230457284	0.04447462461590065	0.29180141211832233	0.07293528753602968
0.0926611619854452	0.03786251494539632	0.29210406163567915	0.08309229995838123
0.09275230962279353	0.05354842185599578	0.29240657084786936	0.11734837127490083
0.09284344894902131	0.05358921469791919	0.29270908492050646	0.10003801867996803
0.09293457996564407	0.053015090409876245	0.2930116038577341	0.11786066622827873
0.0930256589592233	0.04907620477931953	0.29331398249287877	0.10594345509002515
0.0931167296502114	0.05343328018033904	0.29361636599855345	0.09047890769853104
0.09320783576702248	0.05569395079317574	0.2939188995426992	0.0798702427556559
0.09329893358028293	0.057808551177661045	0.2942214379679852	0.08647021911529876
0.09339002309150617	0.050320630032982795	0.2945239812785475	0.07144771778805284
0.09348110432210874	0.06260886482967766	0.29482652946679055	0.07899148523353273
0.09357217725369615	0.05273779005182501	0.2951290825485678	0.07898666363689147
0.09366324188778062	0.05380662535321426	0.29543164052801063	0.0843857747438359
0.09375429822587389	0.05262809593614928	0.29573420340924916	0.08276728317659357
0.09384534626948746	0.05453526198887558	0.29603677119641214	0.09130543276183259
0.09393642971518235	0.03911159396653558	0.2963394890761726	0.0775451513218613
0.09402750486543858	0.05867976153938648	0.2966422118724631	0.09020206337120042
0.09411852805455527	0.04977209917399485	0.29694479439035626	0.08928178750208969
0.09420954295523004	0.044750370925567544	0.2972473818306631	0.0786770006032538
0.09430054956897216	0.036084841908084815	0.29754997419750484	0.05180552567217965
0.0943915042419933	0.037336910227100076	0.29785242628884656	0.0655237601104377
0.09448245063507245	0.032316839331723954	0.2981548833125878	0.07426645345178956
0.09457343241692875	0.021514808965710387	0.29845749047189685	0.048575646495876895
0.09466440591788203	0.04409449610148097	0.2987601025742002	0.08108906437891951
0.09475532750002118	0.06354761785655244	0.29906257440795936	0.12400672973272381
0.09484628446353903	0.05959358935909391	0.2993651963967121	0.10957288107958242
0.09493723315067089	0.07124106156729913	0.29966782334078557	0.10957523609779743
0.09502817356292273	0.09711234753471935	0.299970455244289	0.15914804214234918
0.09511910570180018	0.08100131005667735	0.30027309211132974	0.13645196603337478
0.09521007320822686	0.06456343448684457	0.3005758791616661	0.09589132821055817
0.09530103244031884	0.07468329552654623	0.3008786711861313	0.12038174219741771
0.09539193978793037	0.035062304987638446	0.3011813229564774	0.07635237436280208
0.09548283886818229	0.019996315247342536	0.30148397970676655	0.035897821974629464
0.09557372968257821	0.01470086438309624	0.3017866414410988	0.046665557258720486
0.09566461223262132	0.03837164626601033	0.30208930816357304	0.08288649065638769
0.09575548651981433	0.03814083846226135	0.30239197987828625	0.07540161654569955
0.0958463525654692	0.07294218117198799	0.3026946565773476	0.1164532562231811
0.09593721035127464	0.077121886623997	0.30299733827682795	0.12929777180262883
0.0960280598787322	0.06234014086751083	0.30330002498082	0.10640943512572704
0.096118857569375	0.07374055361306991	0.30360257144186226	0.11709510573399198
0.09620964700863124	0.0655433320082939	0.303905122913187	0.10524344394282556
0.09630047178984182	0.03181857042055204	0.3042078246432198	0.06832737601491884
0.09639128831870292	0.053482029813861576	0.3045105313941105	0.09469850597305651
0.09648209659671403	0.061816972313494145	0.3048132431699442	0.09780786131721138
0.09657294020534221	0.02217930065161087	0.30511610522635735	0.04341686071320805
0.09666377556215862	0.03974996180243194	0.3054189723182898	0.07790921383943297
0.09675455911638622	0.06020727526644362	0.305721699181365	0.10005627388699401
0.0968453344257541	0.029833792765253497	0.30602443108569966	0.050421283050188975
0.09693610149175969	0.06173923051321671	0.30632716803537174	0.09031768412369351
0.09702686031590001	0.07793804231461185	0.3066299100344575	0.1277639777104269
0.09711761089967172	0.04555477718846612	0.3069326570870319	0.07047246432820108
0.0972083532643267	0.05632888077873354	0.307235409185035	0.0819567045853959
0.09729908739160151	0.056747021124685944	0.30753816634466236	0.11285248863983913
0.09738981328299152	0.03804133304733585	0.3078409285699843	0.07435847544747175
0.0974804874193124	0.032045485805091464	0.3081435505771759	0.05487860121003869
0.09757115332668684	0.058016063614852	0.30844617765575927	0.09670042440410238
0.09766185453912865	0.03385671320405536	0.3087489550903911	0.062001276948242555
0.0977525475216596	0.026630590015015203	0.30905173760697474	0.04224043716916656
0.09784323227577311	0.04363507289771183	0.30935452520957346	0.07275863837107824
0.09793395232364152	0.036527251368344345	0.30965746319014287	0.08454836424268272
0.09802462064512213	0.04136531173414469	0.30996026096473417	0.06583826382706061
0.0981152807426594	0.06465611287481215	0.3102630638375112	0.10006320256027013
0.09820593261774509	0.0734741326271407	0.31056587181253115	0.10115929109231071
0.0982965762718705	0.06514515723975484	0.3108686848938496	0.09546046631043979
0.09838721170652659	0.08963078746895659	0.311171503085521	0.11914735159174646
0.09847783894290948	0.06860881524015039	0.3114743263793285	0.12399457607020584
0.09856845796280016	0.05966664171504755	0.3117771547915832	0.09876409194980759
0.09865906876768829	0.06375074748512882	0.31207998832633504	0.11323592364740871
0.09874967135906323	0.05110337603879561	0.3123828269876323	0.08652645657359989
0.09884022227686207	0.030186942000601406	0.31268552545484835	0.03853170281201172
0.09893080846536462	0.03993532007625491	0.3129883743690575	0.04204239061418049
0.09902138644481594	0.04201412429457008	0.3132912284219388	0.05506055727397392
0.09911195621670371	0.02818552193121442	0.3135940876175347	0.024541933867827912
0.09920251778251526	0.03242332619675205	0.3138969519598863	0.04524588463886525
0.09929307116341089	0.05471040414762065	0.31419982144067626	0.10345150100854948
0.09938361634120009	0.061801665536127245	0.31450269607628983	0.10555155989756487
0.0994741533173689	0.05562051303663078	0.31480557587076374	0.09943652016310454
0.09956468209340304	0.06722223082988764	0.31510846082813315	0.1189090409743765
0.09965515924463353	0.07519642155579036	0.31541120560548236	0.1225504382559074
0.09974567164450938	0.04752687163343367	0.3157141008883373	0.06367767276313259
0.09983617584870157	0.04887983002397327	0.3160170013461749	0.06568609070692921
0.09992667185869418	0.06447039591594074	0.3163199069830245	0.07904351348676786
0.10001715967597083	0.05277627466417574	0.3166228178029138	0.053871793250754314
0.10010763932165637	0.04657472162564042	0.31692573379742583	0.048534001423179214
0.1001981107775885	0.0676016864407626	0.31722865498301955	0.09806781534631386
0.10028857404524977	0.03919745741493239	0.3175315813637185	0.06808636759298191
0.10037902912612218	0.029573811349862582	0.31783451294354464	0.06899101837435923
0.10046947602168738	0.06385857829368242	0.31813744972651875	0.14019386488688235
0.10055995813993931	0.05349232839011675	0.318440537076053	0.12934790196704052
0.10065038868895362	0.039493841413774336	0.3187434842648772	0.085550839734529
0.10074081105709973	0.08525271308928925	0.31904643666889265	0.14610104173526114
0.10083122524585765	0.08109330472066095	0.3193493942921144	0.13791820864395854
0.10092158788550235	0.04964371473631039	0.3196522117566434	0.07493684090837457
0.10101194235263941	0.06742638933231218	0.31995503444589074	0.10587394517761634
0.10110233203171148	0.07524402402902906	0.3202580077382554	0.14144496487946906
0.101192713537308	0.04655750126930222	0.3205609862658615	0.09108221527958081
0.10128304351537525	0.047460370377838984	0.3208638246407461	0.08153264826284407
0.1013734086980462	0.06580970784282453	0.32116681363827737	0.11918160647604611
0.10146376571167094	0.04479465537361399	0.3214698078830585	0.06219648916484705
0.10155411455772634	0.03628045791655156	0.32177280737909286	0.03341125546343761
0.10164445523768882	0.04922535908260332	0.3220758121303821	0.06226414275312027
0.10173483110856615	0.05103594507342031	0.3223789675328967	0.0622685018219853
0.1018251988123834	0.030288221747959268	0.32268212820118614	0.04836247331882399
0.10191551502249234	0.04778381616777974	0.32298514872960016	0.08843146867806254
0.10200582307240655	0.0516413937968473	0.32328817452925207	0.10616448198716011
0.10209612296360049	0.049869191642221686	0.32359120560413646	0.10188261541835786
0.10218641469754819	0.05768652286035487	0.3238942419582464	0.12138886387422684
0.10227669827572329	0.06492877983521303	0.3241972835955736	0.109992834453248
0.1023669737191519	0.05738801580764957	0.3245003305074241	0.09780535251087269
0.1024572410097505	0.07320954439808462	0.32480338271046144	0.1170092851378129
0.10254750014899147	0.0649250951752426	0.3251064402086727	0.09251849298471704
0.10263770784149508	0.05042103053753813	0.32540935757607914	0.07281958559222353
0.102727907389493	0.07176126148715636	0.3257122802440805	0.09742283438954118
0.10281814210302706	0.06266797463294178	0.3260153536389914	0.09061226317516044
0.10290836867108578	0.042574343710421424	0.32631843234500163	0.06476563387458083
0.10299858709513957	0.04612187636467983	0.3266215163660913	0.08197563359154046
0.10308884067351029	0.051235731834474156	0.3269247511362037	0.08290348316663242
0.1031790861069076	0.048744087468552424	0.327227991231901	0.08520935780683919
0.10326928012728304	0.07085018240143233	0.3275310912093161	0.10733707530525807
0.10335946600952785	0.05831323425187038	0.3278341965177075	0.09213247858865398
0.10344964375511045	0.059606314196368845	0.3281373071610477	0.10414708803704281
0.10353981336549897	0.08120491443408921	0.32844042314330874	0.15017577031221827
0.10362997484216106	0.06874689968434523	0.3287435444684604	0.13823515289480817
0.10372012820606409	0.060135782635156516	0.32904667112764463	0.12516961836555332
0.10381027343917132	0.09314383100153334	0.32934980313764595	0.15116504842062234
0.10390041054294923	0.07576480869727663	0.32965294050243027	0.12391080910847098
0.10399049628053346	0.04741143407510124	0.3299559377575738	0.07706026728246029
0.10408057389561778	0.03606072703586536	0.33025894037284964	0.06440672536357991
0.10417068663968511	0.02881362529680669	0.3305620938128888	0.05820338852605006
0.10426079126028151	0.011878013734873617	0.33086525262355027	0.04211950346956494
0.1043508877588715	0.031115088628092577	0.33116841680879283	0.06781351000416107
0.10444101937524963	0.0365943813856466	0.3314717318409617	0.06849438803328126
0.10453109965368713	0.04367980134595739	0.3317749067743241	0.07119256137750316
0.10462117181450584	0.060589838497338726	0.33207808709412545	0.09594650233920027
0.10471123585916865	0.07915585214678963	0.3323812728043188	0.11873251661204412
0.10480129178913812	0.07016354740826403	0.33268446390885575	0.09766242109110199
0.10489133960587634	0.07572923815889951	0.33298766041168626	0.11908480346511416
0.10498142252580937	0.07368748467482031	0.3332910078006377	0.12989793936959312
0.10507145413991732	0.06831211633113614	0.333594215098931	0.10997478465954832
0.10516147764517449	0.05464635499334489	0.3338974278073502	0.10126005507618291
0.10525149304304145	0.05774512128815676	0.3342006459298397	0.11415555300272384
0.10534150033497834	0.06040351711994237	0.3345038694703427	0.10184451956255451
0.10543145634636494	0.06308864710050215	0.33480695292295537	0.09329176629457184
0.10552144745025052	0.06867191067144164	0.335110187298292	0.11077270836570008
0.10561143045258059	0.060923189237791504	0.33541342710345323	0.096259174880409
0.10570140535481372	0.0627006758912526	0.335716672342376	0.08803751239971513
0.10579132899786052	0.056817666744258505	0.33601977749871326	0.0926590780566485
0.10588128772368996	0.047961025373252544	0.3363230336039119	0.07747642169288467
0.10597123835379235	0.05299123644308844	0.3366262951546665	0.08645343226282197
0.1060611808896247	0.05903782768190019	0.3369295621549086	0.09312141315076661
0.10615111533264357	0.051661345465844444	0.3372328346085685	0.07860696916632269
0.10624108484485281	0.05443715798584914	0.33753625803985854	0.09185047644248456
0.10633100312601157	0.06899499046128608	0.33783954139903793	0.11339520255247018
0.10642091331872083	0.05270857325895299	0.33814283022340796	0.08687180495035375
0.10651081542443568	0.039879936405798705	0.3384461245168933	0.06730187699472237
0.10660070944461074	0.06250947038074459	0.33874942428341737	0.10627728113224506
0.10669055225893916	0.055576889504131304	0.3390525839803872	0.08704083762234664
0.10678043013177799	0.05380656329164382	0.3393558946916036	0.08000508116601188
0.10687029992343511	0.04819440693005324	0.3396592108876102	0.08943776977942948
0.1069601616353636	0.05448674774007781	0.3399625325723246	0.11147864857258077
0.10705001526901613	0.04996944318787022	0.3402658597496628	0.10213270676640507
0.10713986084521218	0.04122899054578483	0.3405691924103541	0.09810943090970625
0.10722969834603299	0.027366982236145573	0.34087253057148803	0.08533989530154222
0.10731952777293008	0.039224205944873046	0.34117587423697654	0.09433793535011009
0.10740934912735453	0.04574297148857878	0.34147922341073	0.09831768447517049
0.10749911932384253	0.04481971693994732	0.3417824325263765	0.09184301675573557
0.1075889245570233	0.049829164892020085	0.3420857927151535	0.09905251015080385
0.10767872172207898	0.07761280815903684	0.3423891584239093	0.13398640343504653
0.10776851082045913	0.05933033348716301	0.3426925296565489	0.10723488281194148
0.10785824878216652	0.052679068487563055	0.3429957608360833	0.09583246927427554
0.10794802177087855	0.0489962760419916	0.34329914311492926	0.09447572958517811
0.10803778669725789	0.04614394769030439	0.34360253092935605	0.08094156360665548
0.10812754356275256	0.016220832195202435	0.343905924283263	0.03972445006487083
0.10821729236881017	0.038279997390033196	0.344209323180548	0.05993657799809931
0.1083070761883243	0.04437926972834869	0.34451287320599966	0.07018593784457255
0.1083968088991675	0.03503373569038457	0.34481628318841173	0.06469102311671815
0.10848653355491061	0.048557196078519035	0.3451196987258777	0.07712458631934649
0.10857625015699968	0.05286201113934106	0.34542311982228996	0.09153660269672001
0.1086659587068804	0.053757131864764204	0.34572654648153933	0.08578033934464803
0.10875565920599796	0.040821770856184714	0.34602997870751534	0.07160039905884893
0.1088453516750985	0.0367598454460892	0.34633341649074284	0.059169046360244684
0.10893503609632185	0.04021284907056623	0.3466368598484625	0.06199754551342608
0.10902471247111208	0.03756825189233386	0.34694030878455967	0.05588485981774664
0.10911433778352261	0.042652095533647294	0.34724361768464895	0.06447614790100492
0.10920395505624497	0.05174616701297971	0.347546932168197	0.07411365996306474
0.10929360731968049	0.05849926119722854	0.347850397849315	0.0909254182258521
0.10938325154245199	0.07178185496252869	0.34815386912432855	0.10935029585122741
0.10947288772600161	0.09852642465388634	0.3484573459971162	0.14986615215423366
0.10956255888916137	0.07486789493965149	0.34876097408982415	0.12338699207301593
0.1096522220121245	0.07414172009100974	0.34906460779074394	0.12949294093444078
0.10974183410592417	0.07129178731199774	0.34936810146665354	0.13861714112706955
0.10983143816626326	0.05547980304129894	0.34967160075582754	0.10096611833040146
0.10992103419458199	0.029533060885302855	0.3499751056621372	0.058485045342950154
0.11001062219232022	0.05658650063802813	0.3502786161894528	0.08526428116635432
0.11010020216091737	0.06495851448176224	0.3505821323416428	0.08325911299137945
0.11018977412106186	0.056653549250486206	0.35088565410907163	0.05487774270352136
0.11027933805493954	0.06517731703708786	0.3511891815090988	0.09383922942316188
0.11036889396398876	0.06312433274850333	0.35149271454558884	0.09516972862358032
0.11045839889002594	0.03647148938773712	0.35179610756368285	0.079165724791021
0.11054789579795762	0.031838719515566244	0.35209950622325153	0.08074601951369698
0.11063742766037941	0.036533924936188046	0.35240305617875434	0.09726124839336679
0.11072695150371856	0.026215753805167913	0.35270661178615476	0.07848658638201868
0.11081646732941142	0.03591340038540457	0.35301017304931065	0.09682839048291825
0.1109060180985154	0.05191622588028725	0.3533138856307999	0.11656833400897881
0.1109955179124416	0.05536277049762312	0.35361745820344764	0.11104318300704205
0.1110850097130248	0.056879841223137745	0.3539210364434058	0.10654664686789257
0.11117449350169989	0.046459337744469996	0.3542246203545266	0.0914950670206495
0.11126396927990125	0.05058979933913262	0.35452820994066075	0.0903639098467897
0.11135343704906295	0.033143504161721064	0.3548318052056575	0.0749927308121583
0.11144293974717415	0.034552705862290124	0.35513555182838585	0.06412133868221154
0.11153243443526918	0.052724571892805466	0.35543930414039543	0.07794160007717028
0.1116218782051066	0.06279142112137587	0.3557429164514115	0.09228281039296492
0.11171131397163325	0.0700021199084733	0.35604653445666434	0.09050863032186296
0.1118007417362813	0.08922047253719169	0.35635015815999666	0.11044843584265998
0.11189011860231207	0.09126967253550468	0.3566536418629175	0.1297294446182642
0.11197948747316383	0.07513345841004558	0.356957131268856	0.12388542523731927
0.11206889125994196	0.07222934655637225	0.35726077207577006	0.12784299675692062
0.11215828705056265	0.056576287478951236	0.3575644185961102	0.10760759070191848
0.11224763196361875	0.03890651767146619	0.3578679251204059	0.08025849540479586
0.1123370117853817	0.0407778324255508	0.3581715830653792	0.08425874901836616
0.11242638361527323	0.050956318175087986	0.35847524673527176	0.0716429164781689
0.1125157474547224	0.05345057266983163	0.35877891613391527	0.06930433521090347
0.11260510330515791	0.048052077279307305	0.3590825912651397	0.077727891139487
0.1126944940508454	0.06957440553996848	0.3593864178460799	0.10079328346964272
0.11278387680654156	0.05912580100300267	0.35969025017000705	0.07670971749952095
0.11287320871765066	0.06382052189947648	0.35999394250816197	0.09673450206993561
0.1129625326454535	0.07129324208158118	0.3602976405941953	0.09444743887087081
0.11305184859137685	0.07032600280359194	0.36060134443193026	0.08963778913663469
0.1131411565568471	0.060173005122707915	0.36090505402518874	0.08160981872591275
0.11323041370256916	0.05567422564266397	0.3612086236341493	0.09442996743969424
0.11331970573054007	0.034839186756112986	0.36151234473609006	0.08767408785658456
0.11340898978233127	0.0418893757462805	0.3618160716050025	0.10442451393100785
0.11349826585936762	0.04788048047435514	0.3621198042447032	0.11242192956192937
0.11358749113764446	0.0632716943845022	0.3624233969042807	0.1313737224243748
0.1136767512885597	0.08684731178728727	0.36272714108313986	0.14114356073989562
0.11376600346898892	0.10041328757410636	0.36303089104421926	0.13945646737325884
0.1138552476803555	0.09457451342917084	0.3633346467913298	0.12846901308068825
0.11394448392408234	0.09769423515979409	0.36363840832828115	0.12778909937297245
0.11403371222069394	0.057832115773532256	0.3639421756449833	0.07102286968939311
0.11412293255250713	0.03247441214519371	0.36424594875913224	0.052287503501013056
0.11421214492094371	0.022200461814080016	0.3645497276745335	0.044853567255251886
0.1143013493274251	0.0022405990602480277	0.3648535123949912	0.027710204072432746
0.11439054577337233	0.009469333424386757	0.36515730292430826	0.03194952241598414
0.11447973427929098	0.04349009516827099	0.3654610992523423	0.08073439847190217
0.11456891482751297	0.0498417204245946	0.36576490139682816	0.0865881242969053
0.11465808741945827	0.06926645744735264	0.3660687093615645	0.10104378688952419
0.1147472520565463	0.07765357922642868	0.36637252315034863	0.1204798070535167
0.11483636596820787	0.0741682949329868	0.366676196973222	0.10873071398717588
0.11492551471890647	0.06755134812560049	0.3669800224074997	0.10655065603441385
0.11501465551900071	0.051973243102402436	0.36728385367720023	0.08550673964590885
0.11510378836990862	0.04185314294509994	0.36758769078611564	0.07879413079108759
0.11519291327304781	0.051000303420789664	0.36789153373803646	0.08001232693408084
0.11528203024888986	0.054222859470191086	0.3681953825227266	0.09924229423852984
0.11537113927979388	0.04973129822918862	0.36849923715799027	0.08901195328635932
0.11546024036717638	0.0592132651911857	0.3688030976476143	0.09713467080794931
0.11554933351245344	0.06166337286222464	0.36910696399538373	0.10677219776190378
0.11563837597933613	0.057084997082855145	0.36941069038605034	0.08893622705476137
0.11572745326368652	0.04552821786796476	0.36971456844739	0.0728950742057766
0.11581652261017408	0.054588065617617476	0.3700184523782135	0.08120728317712353
0.11590558402021349	0.055347606053400465	0.37032234218230087	0.08751331080241993
0.11599463749521897	0.03682150015577046	0.3706262378634305	0.05140072124060892
0.11608368305562812	0.05296620750223216	0.3709301394112727	0.08256228299283777
0.11617272068382722	0.06245496044308318	0.37123404684370104	0.09743897639315986
0.11626175038122936	0.04253407918138695	0.3715379601644902	0.07318649009828958
0.11635077214924723	0.04811419392556079	0.3718418793774131	0.0846142387489394
0.11643978598929319	0.06703695183454146	0.37214580448624157	0.12009235113056232
0.11652883462146002	0.0642602205632681	0.37244988132788526	0.10367249103573487
0.1166178753246739	0.03697233064377549	0.3727539640758023	0.06846410190854163
0.11670686540827432	0.0555339518044192	0.3730579068807942	0.0842812772451825
0.11679584756954496	0.0672999690452683	0.37336185559675633	0.0863977045670434
0.11688482180989625	0.056216467585327154	0.37366581022745377	0.08086701287630915
0.11697374545005414	0.045298036340105374	0.3739696249151609	0.07597602665895162
0.11706266117591023	0.06371596040731756	0.3742734455222831	0.09835041218574889
0.1171516116809456	0.04787592642917546	0.37457741790554777	0.09732127944474345
0.11724055427069624	0.03185729456803241	0.37488139621858557	0.09233060477885513
0.11732948894657075	0.03851557868556684	0.37518538046515487	0.08459017730432694
0.11741841572895036	0.04595657020874759	0.3754893706347701	0.08088743568042349
0.11750733460026644	0.06237640613831434	0.3757933667454206	0.10220715129649785
0.11759624556192644	0.08780074624685309	0.3760973688008606	0.12490073486764469
0.11768514861533742	0.08061411866215291	0.3764013768048432	0.11999993553511527
0.11777404376190603	0.06726881813258861	0.37670539076112014	0.1167813917436504
0.11786297366474974	0.06558958556473655	0.3770095565491738	0.13268334026830358
0.11795189565976888	0.04967801035315699	0.37731372829987625	0.1153220077548942
0.11804076711319625	0.020731631749877105	0.3776177601212272	0.07148754716492683
0.11812963066540089	0.04806939387104451	0.37792179790985697	0.10050338602318415
0.11821848631778761	0.0565930931499048	0.3782258416695105	0.1163999234282989
0.11830729144794534	0.03532808074601425	0.3785297454995796	0.07537226602389252
0.11839608868488136	0.05511133472816662	0.37883365530528545	0.09150253089857249
0.11848492066517213	0.0465835112419025	0.379137716986117	0.10033563245790716
0.11857374475125709	0.014859160938508522	0.37944178465293005	0.04271848605209716
0.11866251833586126	0.02914614413933308	0.37974571239361443	0.050703757244875095
0.11875132665666566	0.0426159039793552	0.3800497920292274	0.08993399804962365
0.1188401270874686	0.017759183876859156	0.3803538776620241	0.05540138177328492
0.11892891962967196	0.03556148459585643	0.38065796929573925	0.05276784762427297
0.11901770428467709	0.051307064492715625	0.3809620669341055	0.09848809621136556
0.11910652366256307	0.0345224874556988	0.38126631649670367	0.0728752071780533
0.11919533515226764	0.023112621248105234	0.38157057207429573	0.04307730010994623
0.11928409617298552	0.048579235852292395	0.38187468773457	0.0938445752621658
0.11937284931210387	0.062087045264589365	0.38217880941440574	0.135489900101328
0.11946159457102237	0.06387100725869843	0.38248293711752945	0.11893522284344994
0.11955033195114016	0.06510529610655982	0.3827870708476661	0.13393040365384967
0.11963901888675782	0.09305279423250758	0.3830910646609216	0.19582893228277876
0.11972774053235596	0.06511461619815766	0.3833952104417787	0.12941752017305044
0.11981645430334545	0.04294745295281964	0.3836993622608074	0.070003278966206
0.11990516020112392	0.07107887734398335	0.38400352012172734	0.10906926190907479
0.11999381567508788	0.0595618992248962	0.3843075380690353	0.07850872476557016
0.1200825058495084	0.015415159698987595	0.384611708010381	-0.01537709598774556
0.12017118815490556	0.043316291058333706	0.3849158840047609	0.05360935091772612
0.12025986259267556	0.04717921111691267	0.3852200660558894	0.07062987976171894
0.12034852916421429	0.010258388424998014	0.3855242541674797	0.013686954341844488
0.12043723042291815	0.016441086309067793	0.38582859430246574	0.04275509756885176
0.12052592381440642	0.05627556297094791	0.3861329405082434	0.1004288783482882
0.12061456681447491	0.03813803290711132	0.38643714680892116	0.06311194128028019
0.1207032019538885	0.053203252664998764	0.3867413591848916	0.09404117346561058
0.1207918292340412	0.08199991535916672	0.3870455776398617	0.13782425072553284
0.12088044865632665	0.0796518615341652	0.3873498021775367	0.12760624820354674
0.1209690177116064	0.06957010789159014	0.38765388681033564	0.12314004271681571
0.1210576214411722	0.07902513247487108	0.3879581235099221	0.13933750106097403
0.12114621731704611	0.06599782963925173	0.3882623663033127	0.12272512306172315
0.12123480534062027	0.04009418029102886	0.38856661519420765	0.06868757529484439
0.12132334301781193	0.06316724932992308	0.3888707241833101	0.0968108152676763
0.1214119153597836	0.06561170989831498	0.3891749852656641	0.11355604449987326
0.12150047985362644	0.039708372648501314	0.389479252456606	0.057820358890280886
0.12158903650073108	0.03177089814946034	0.38978352575983055	0.05271626158803924
0.12167758530248789	0.051834536928334465	0.39008780517903163	0.10984206985210895
0.12176612627909555	0.02415911372045401	0.39039209070322145	0.055939041060708884
0.12185465941313152	0.023863298430625124	0.3906963823507619	0.04592912216485005
0.12194318470598499	0.04683269048029718	0.39100068012534267	0.09912010629820775
0.12203170215904476	0.05493174845139137	0.39130498403065206	0.08857945925129278
0.12212021177369929	0.049826527510660634	0.39160929407037703	0.08156255708191451
0.12220871357012889	0.06455747041207273	0.3919136102334794	0.11373567059291727
0.12229720753092575	0.06356550141475209	0.3922179325383588	0.10218517422902687
0.12238569365747724	0.0428230489740051	0.39252226098869825	0.08481982122514312
0.12247417195117033	0.05411884995038359	0.3928265955881795	0.11212407362895259
0.12256259997053805	0.044864431973845376	0.3931307902962741	0.09031735747658004
0.12265106262144936	0.035682729765925666	0.39343513719031115	0.0741975255862795
0.12273951744365773	0.0310387911437996	0.393739490244519	0.05923006293487906
0.12282796443854865	0.041240171545993735	0.3940438494625741	0.06250497694507179
0.12291640360750729	0.03236113641709282	0.3943482148481518	0.050034029433050076
0.12300487739477206	0.025867153891297526	0.39465273244913524	0.042910133085175314
0.12309330093477899	0.04518649750064388	0.39495711016596663	0.07693383873970198
0.12318171665300352	0.06437655621411595	0.3952614940613297	0.11723489821130725
0.12327012455082939	0.0650948423347685	0.39556588413889493	0.11197911030032584
0.12335848222054452	0.05752988558930809	0.3958701343314453	0.09664447029830897
0.1234468320763768	0.07115068047379608	0.39617439071055954	0.13229070656725217
0.12353521654004732	0.03829301672869273	0.3964787993418822	0.08213510004622633
0.12362359318884684	0.01741431022134557	0.39678321417006546	0.04046489468216164
0.12371196202415723	0.04221036597900332	0.39708763519877294	0.07744707350198478
0.1238003230660924	0.04483761851068027	0.39739206241678454	0.08648944367037992
0.12388867629729773	0.04077141647237365	0.397696495842635	0.057168253360830326
0.12397702171915395	0.07004698574578071	0.3980009354799841	0.10563030848012357
0.12406535933304151	0.06266813615734905	0.3983053813324903	0.10893317187564275
0.1241536891403403	0.035634434246056335	0.3986098334038106	0.07999154969958955
0.12424205353279293	0.05613376923177735	0.398914437783369	0.09985862321305813
0.12433041011766949	0.05703454565538445	0.3992190483920352	0.11505585640940429
0.12441871653218786	0.053930529349391604	0.39952351912678424	0.09893600319553952
0.12450701514563063	0.07787693335987637	0.39982799609495434	0.11574633535502195
0.12459530595937598	0.0697943139651248	0.40013247930019635	0.10562115170611683
0.12468354662185405	0.06566219194979041	0.40043682263049485	0.10417736725624598
0.12477177949112965	0.0509662705210199	0.4007411722021621	0.07777554048361654
0.12486004693274091	0.03941451649728106	0.40104567412552306	0.06456899781490442
0.12494830658016055	0.03244252995898272	0.40135018230053704	0.07676337246607884
0.12503651609676314	0.03495504249560708	0.4016545506031779	0.07454527545450222
0.12512476017861118	0.0194759655690271	0.4019590712774157	0.05502990561253304
0.12521299647039227	0.04042173916471674	0.40226359821422675	0.09414191930823607
0.12530122497348173	0.04384469957788517	0.40256813141725134	0.09339633979189556
0.12538944568925445	0.04093968654019257	0.4028726708901287	0.07145156777681347
0.12547770095708674	0.05885961717250236	0.4031773627641671	0.0987664898464009
0.12556594843661403	0.0725771699865368	0.4034820609183404	0.113495154972413
0.1256541458173454	0.04904229637326756	0.40378661920753156	0.06606599025089316
0.1257423354162527	0.05914100100308437	0.4040911837811104	0.07728153264625402
0.1258305172347091	0.056087897275495374	0.40439575464270955	0.09327993425996034
0.12591869127408722	0.028294119701043088	0.4047003317959605	0.050336075779318035
0.1260068575357595	0.04090680778259635	0.4050049152444933	0.0699702603880453
0.12609501603974452	0.06194238757611223	0.4053095049768272	0.10577454742922295
0.12618316676876404	0.05172498504922958	0.4056141010116908	0.10080989187250539
0.12627130972418932	0.06747833916971877	0.4059187033527104	0.09388166335781696
0.1263594026253491	0.08796231502572928	0.4062231658305636	0.1289631996245806
0.12644748775938328	0.06128308660297591	0.4065276346187877	0.08960690732422393
0.12653560742088005	0.06817590198685587	0.40683225588486704	0.07295141158512071
0.12662371931426075	0.06839223054409482	0.4071368834715861	0.07659653069594544
0.12671182344089485	0.05801809013606031	0.4074415173825647	0.09114804677031768
0.12679996208419364	0.04500045840450232	0.40774630379436894	0.0659715754405385
0.12688805070005854	0.026595749897116133	0.40805095034953376	0.05712995219002593
0.1269761315532798	0.025486266358415194	0.40835560323980136	0.0770409052468834
0.12706420464522541	0.028191772756303503	0.40866026246878695	0.0656223676869963
0.12715226997726303	0.015434460254036216	0.40896492804010387	0.029620347500302874
0.12724032755075995	0.046671719437942474	0.40926959995736456	0.06476632897707879
0.12732841962678101	0.0697051433457087	0.40957442441534886	0.08741522866653557
0.12741646170589443	0.05857126445854002	0.409879109020089	0.06364906174621357
0.12750449603056363	0.07709040667048779	0.4101837999815933	0.11230996414078755
0.12759252260215437	0.09546602123861068	0.41048849730346904	0.15232233946542736
0.127680499195802	0.07524334123278595	0.4107930547707077	0.11676304682932806
0.1277684680428192	0.07810083907215874	0.41109761860246846	0.1346558249012291
0.12785647138194728	0.08647610396324873	0.4114023350118059	0.16009654769119408
0.1279444669734534	0.05713054567185145	0.4117070577959221	0.09365481327918246
0.12803245481870174	0.046763702619258454	0.41201178695841806	0.0878742285474835
0.12812047714528613	0.0630217667548733	0.4123166687215076	0.12298400300812033
0.1282084495206774	0.041435448962938694	0.4126214106362427	0.06555786573293995
0.1282964141538976	0.03133068270671153	0.41292615894014384	0.04492974615872198
0.12838437104630926	0.054075827621298506	0.4132309136368068	0.0929314340949636
0.12847232019927465	0.04387774063737917	0.413535674729826	0.06075598652047563
0.12856026161415568	0.021836063476931816	0.41384044222279476	0.029793303410083658
0.12864819531086552	0.056917981964055384	0.4141452161039444	0.09673022288652142
0.12873612127221035	0.06378134615034099	0.4144499963922176	0.10491726811403573
0.12882403949955104	0.04117709128815373	0.4147547830912037	0.07372641631589989
0.1289119499942481	0.07267337860268437	0.4150595762044913	0.11757971210126947
0.12899981058709614	0.0847317556530389	0.4153642294709969	0.13553857324855043
0.1290877056391211	0.0642660969195872	0.41566903540824296	0.1071326949596795
0.12917559296257838	0.05939107342950477	0.4159738477705388	0.09918796844398856
0.12926347255882686	0.0516644641159074	0.4162786665614675	0.09298474452759019
0.12935134442922527	0.03465273636286588	0.4165834917846107	0.07098685091953898
0.12943920859365432	0.029813565331679677	0.41688832342811155	0.07129516103169298
0.12952706503494626	0.022845956278802	0.4171931615109785	0.05980307932558267
0.12961491375445872	0.03943412234673179	0.4174980060367899	0.07887819791928591
0.12970275475354895	0.07629013911107148	0.4178028570091223	0.12423700059935813
0.12979054589633512	0.06568657168812599	0.41810756813906397	0.1148623941292353
0.12987837147715717	0.07795443792782458	0.41841243199968353	0.11593333156191826
0.1299661893416232	0.10380655059043037	0.4187173023175388	0.14874584915826503
0.13005399949108912	0.06898354033153234	0.4190221790962014	0.1150720294760361
0.1301418019269103	0.04538245945138015	0.4193270623392421	0.07866778813122177
0.13022959666893485	0.06039198700447002	0.4196319520347152	0.09432919607332328
0.13031738370002124	0.04391951540955295	0.4199368482016951	0.0863828049452689
0.13040516302152388	0.024345482564342075	0.42024175084374876	0.0389493097074394
0.13049293463479672	0.047991975284451587	0.42054665996444174	0.05577145399108568
0.13058069854119345	0.05144540712328999	0.4208515755673384	0.07282284425182878
0.13066849686081303	0.03683424160967108	0.42115664396400443	0.046510972485418176
0.1307562453759907	0.04459751700096075	0.4214615725264302	0.05234147580044868
0.13084398618834786	0.06506424429953706	0.4217665075817364	0.10183706217993621
0.13093171929923672	0.06316264754573106	0.4220714491334825	0.10519466059649069
0.13101940262450848	0.07984850499094376	0.42237625084919106	0.11173230758369854
0.13110707825470794	0.07650931677727561	0.4226810590653295	0.12540924585731694
0.13119478828775916	0.08891517626850631	0.42298602011212977	0.14569132090501985
0.13128249062474423	0.07143363908038629	0.4232909876695863	0.11679188073380495
0.13137014319627058	0.054777505029829865	0.4235958153927138	0.10667277184796181
0.131457830163622	0.05442137266459771	0.42390079596650604	0.10219450042819779
0.13154550943895435	0.06949146508677094	0.4242057830616014	0.11196365567307888
0.131633181023617	0.040247466193776976	0.4245107766815494	0.06544779666781186
0.13172084491895902	0.04113412797729142	0.424815776829898	0.05216432677514875
0.13180854319707208	0.051713381506825334	0.4251209298587323	0.07211440689518184
0.1318962337848714	0.041512753512956066	0.4254260894261912	0.06853959094414504
0.13198387463877037	0.031944203462446585	0.42573110916533224	0.04694591418454689
0.13207150780873803	0.0564935616297108	0.4260361354470454	0.08607140075211003
0.13215913329612164	0.06604407271379378	0.42634116827487245	0.12764625850754582
0.13224675110226808	0.062055351668268935	0.42664620765235417	0.1094622028011069
0.132334361228524	0.07580059544462629	0.4269512535830298	0.11991843204957581
0.13242196369464768	0.08516003597663656	0.4272563060547099	0.13472401153042796
0.13250955848356955	0.08542504752449512	0.4275613650866504	0.12890308140438447
0.13259714559663513	0.06698318638622956	0.4278664306823871	0.08956658301543963
0.13268468301970252	0.05376273085234104	0.42817135644978405	0.08258300335659916
0.13277221277328388	0.04118769744918641	0.4284762887848878	0.07850680447949093
0.1328597768852462	0.036004219654001676	0.42878137407744504	0.07178832466043884
0.13294733332672745	0.014501412324611471	0.42908646594792044	0.04724382065099307
0.13303488209907136	0.0504341762766861	0.42939156439984355	0.08410169439797939
0.13312246521910842	0.07890735010084558	0.4296968158324131	0.11178072235824432
0.13320999867559064	0.06775915651273011	0.4300019274420111	0.09351341226593321
0.13329752446696136	0.07916293640790198	0.43030704564362937	0.1232614221092311
0.1333850425945629	0.0929445924827262	0.4306121704407925	0.1438986404633401
0.13347255305973726	0.05791272317035073	0.43091730183702376	0.10219504493055408
0.133560055863826	0.05687643664306221	0.4312224398358453	0.09544940040160887
0.133647593001594	0.048672976319935814	0.43152773085540974	0.08333453881149777
0.13373508050589883	0.04056084199330581	0.4318328820541185	0.06893545723391266
0.1338225603531376	0.0403089539520489	0.43213803986596805	0.06373701948143456
0.1339100325446505	0.04439259676863677	0.4324432042944754	0.0770326665888301
0.13399745512140113	0.05624919473775723	0.4327482288999728	0.08996560779153794
0.13408487004877592	0.08673822655526597	0.4330532601259761	0.13356843663477336
0.13417231929949666	0.08418113662910337	0.433358444409651	0.11576904654517083
0.1342597608998456	0.08265714783411027	0.4336636353240316	0.11033741669338955
0.13434719485116114	0.08180837699412526	0.433968832872629	0.12754348341826735
0.13443466311515767	0.06868718993106847	0.43427418350213687	0.11656114869864126
0.13452208179075548	0.04574188515528401	0.43457939431376574	0.07905197910319214
0.13460949282133	0.04244564770354811	0.4348846117701287	0.09967361123343177
0.13469689620821826	0.044398293071444286	0.43518983587473203	0.1090807196022451
0.1347842919527569	0.04785510607773033	0.43549506663108034	0.09053719749788533
0.1348716800562823	0.03032558194888915	0.43580030404267733	0.06457961974221603
0.13495910245850093	0.050618518804317	0.43610569457532217	0.09781118448830099
0.13504651721871114	0.040135929541490346	0.4364110917734122	0.06753216398817895
0.13513388242552388	0.033113620891125746	0.43671634915577595	0.039358357283784666
0.13522123999666205	0.06466349505508301	0.4370216132073824	0.08162756868922386
0.13530858993346023	0.08359529570789752	0.43732688393172925	0.11778155504098539
0.1353958903355041	0.06899252901873015	0.43763201483802916	0.06989257714597767
0.13548318310953653	0.08135147894729351	0.43793715242085135	0.09798356715247859
0.13557051016961535	0.08875012870927647	0.43824244316836086	0.1454752806000082
0.13565782960068584	0.0602627141029235	0.4385477406025803	0.09853225513083104
0.1357450995169614	0.04723363557506232	0.4388528982198774	0.08021558326598012
0.13583240371230043	0.07108290051899907	0.43915820902193325	0.14572925213273408
0.1359197002826254	0.06671978594285032	0.4394635265211614	0.12530740592205344
0.13600698922926813	0.08564290938718366	0.43976885072104926	0.1315901528951317
0.13609427055356013	0.0919888937148916	0.4400741816250838	0.15435919240902365
0.13618158614395193	0.07682472753604692	0.4403796657438739	0.12586616318714747
0.13626885224580637	0.06612020248309258	0.44068501005055827	0.08852256670101864
0.13635611072929907	0.06536524646781455	0.44099036107183315	0.1079591151330622
0.13644336159576012	0.03969832166359993	0.44129571881118035	0.06934238786041419
0.13653060484651916	0.039220424225310954	0.44160108327208003	0.056136338079264866
0.13661779863231877	0.06066578123231451	0.4419063079186675	0.09990061730186536
0.13670502667391676	0.05806946543145379	0.44221168581696957	0.1005704922904134
0.13679224710379667	0.055998453511581406	0.44251707044725036	0.07532910891943632
0.13687945992328676	0.06523586596590866	0.4428224618129852	0.09617745990728511
0.13696662329772158	0.07186417232352241	0.4431277133653707	0.11813012892130834
0.13705382091865798	0.06378419930206207	0.4434331181962628	0.09461513145512185
0.13714101093318432	0.055347088739112996	0.4437385297730205	0.08677077880907991
0.13722819334262748	0.05453118495825052	0.4440439480991144	0.10794899278549135
0.13731536814831402	0.062157179811396866	0.44434937317801415	0.11523774535574544
0.13740253536979985	0.04538112350816447	0.44465480499698185	0.08675080337931029
0.13748969499017802	0.0544130844846273	0.4449602435756825	0.09107660132375003
0.137576847010774	0.07908621303445923	0.445265688917582	0.12427182322643376
0.13766399143291308	0.07900628724913518	0.4455711410261453	0.10412850060661331
0.1377511282579201	0.0783020295342999	0.44587659990483586	0.09899904197595995
0.13783825750533327	0.07899877031310149	0.44618206554086814	0.11434102576511594
0.13792537915825986	0.06479903044606897	0.4464875379539428	0.10745081351679775
0.13801249321802364	0.052538529106602214	0.44679301714751984	0.09335405146655296
0.13809959968594804	0.04915473694734586	0.4470985031250576	0.09030082051073389
0.1381866985633562	0.031656264430771186	0.44740399589001395	0.07190405560373549
0.13827378986976885	0.04604579550202754	0.44770949542955596	0.08578035373380727
0.13836087358830734	0.04222137232257158	0.4480150017634196	0.08027299695250725
0.13844794972029367	0.035239529350015265	0.4483205148950586	0.06634358754038765
0.13853501826704964	0.04575310111517139	0.4486260348279258	0.09216981659729324
0.13862207922989658	0.05546431561827208	0.44893156156547265	0.09735367596481859
0.13870913262833767	0.045715802496476776	0.44923709509481885	0.06575698372481734
0.13879617844550834	0.06604275261012721	0.44954263543573575	0.09548052587163387
0.1388832166827289	0.08790824908469919	0.4498481825916713	0.127509618739317
0.1389702055890476	0.06828410832790908	0.45015358993890536	0.09529101994102665
0.1390571869216902	0.06583495643884582	0.45045900410477246	0.10081630865628177
0.13914420244514547	0.08943639306206802	0.4507645717100671	0.1461028762625214
0.13923121039392547	0.06800012999145873	0.45107014614415164	0.09926860386470776
0.13931821076934892	0.045162366462932924	0.4513757274104681	0.07202581810871435
0.1394052453250058	0.07324328836673386	0.4516814621396238	0.10989359641756412
0.13949223057582413	0.07242152443184635	0.45198705706431974	0.0978544117296834
0.13957920825723646	0.05060719018304006	0.4522926588315577	0.07595992611145921
0.13966617837056008	0.07398985156216781	0.4525982674447747	0.12096312297133863
0.1397531409171119	0.06558140905742475	0.45290388290740685	0.10559503320874612
0.13984009589820848	0.06621094224489876	0.4532095052228884	0.09992847144656426
0.13992708504564996	0.06495380678326068	0.4535152810415025	0.10695726236582022
0.14001402491791914	0.04978573824904335	0.4538209170565287	0.08071747939865762
0.14010095722867758	0.04961539554653242	0.45412655993469325	0.07063662872053633
0.14018788197924048	0.04953481160205955	0.4544322096794261	0.07492644502279153
0.1402747991709227	0.029032138075598134	0.45473786629415613	0.06768588724939634
0.14036166711081483	0.05103094759511677	0.45504338310252834	0.09284965185282203
0.14044856920679777	0.043392527563913826	0.4553490534510386	0.07791279077177057
0.14053546374783937	0.029492515528128888	0.4556547306798168	0.06060172781572247
0.14062235073525314	0.05257601631588567	0.455960414792287	0.09219391879656605
0.1407092301703522	0.05110624672421918	0.4562661057918718	0.07385796376991387
0.14079610207255566	0.03916698989025831	0.4565718036654646	0.045646437202263856
0.1408829664250665	0.07525028717894514	0.456877508433006	0.11106647499111569
0.14096982322919688	0.07510671020826462	0.4571832200979152	0.11084252248545677
0.14105667248625853	0.06647125933269887	0.4574889386636101	0.09895167272226758
0.14114351419756288	0.10060842250823288	0.45779466413350756	0.14881519228657428
0.14123039004053867	0.0717219779735238	0.45810054320733395	0.11566042352710257
0.14131725833675782	0.05034296226623822	0.4584064291955051	0.0758010464100265
0.14140407743673974	0.06024559069497267	0.45871217538191394	0.10688987815318354
0.14149088899620355	0.05351930928597293	0.4590179284861726	0.08296531905374756
0.14157769301645895	0.03360980286999404	0.45932368851169225	0.05354679244683882
0.14166444785886334	0.06091136346541423	0.45962930873239277	0.1098466931616161
0.1417511951682925	0.06024012063248353	0.45993493587784373	0.10576726841652975
0.14183797659684627	0.05765251310938131	0.46024071667097316	0.09364788214777806
0.14192475049142397	0.06295921962387505	0.4605465043989871	0.1223823029386596
0.1420114752278285	0.06570899413766118	0.460852152322485	0.11419439635990312
0.14209823407643704	0.05489694350024966	0.4611579539138309	0.09417777949666989
0.14218498539498942	0.06378676655974827	0.4614637624502645	0.09414947344260217
0.14227172918479258	0.05244607602013617	0.4617695779351873	0.07239164496439808
0.14235846544715328	0.047398123906824505	0.4620754003719996	0.06318090697379013
0.14244523580888283	0.05203000061515439	0.4623813765069059	0.07711406162786744
0.1425319986421698	0.06496246374473012	0.46268735960383367	0.08664778863267045
0.14261871234808	0.06735175908057245	0.4629932029000046	0.10410261742875854
0.1427054185317677	0.05659056684536564	0.4632990531616463	0.10061669199570204
0.142792117194538	0.059924982823618037	0.463604910392153	0.08910177620195708
0.14287880833769545	0.05073445520605548	0.4639107745949179	0.07465486481968332
0.14296545037672315	0.0542613553788045	0.4642164989937689	0.0605138721764419
0.14305212650259222	0.05193418125257257	0.4645223771344847	0.056392666399303515
0.14313879511275718	0.06373657871608122	0.4648282622576232	0.06251464746854393
0.14322541463350585	0.05231810583293333	0.465134007576953	0.0616078348214581
0.1433120266447602	0.05627646055194474	0.4654397598821236	0.0778726097439061
0.14339867273364335	0.04359666757731395	0.4657456659560838	0.09179859306157734
0.14348531131203024	0.05479937271091328	0.46605157902600547	0.09036061022224427
0.14357194238122284	0.07776835951245102	0.4663574990952725	0.12321615079661041
0.14365860751753803	0.07462209248295491	0.4666635729568875	0.12055759152702775
0.14374526514365818	0.06428680911331565	0.4669696538279696	0.09674631296876686
0.1438318737110726	0.07735720616345482	0.4672755948987504	0.10339499916773624
0.1439184747744938	0.04972734040119162	0.467581542982392	0.07722780591854589
0.14400506833522203	0.05220321291033592	0.46788749808227226	0.0706905793585357
0.14409165439455718	0.06584001102480064	0.468193460201768	0.09112708047157997
0.14417819141837107	0.0642023749948434	0.4684992825176262	0.09491568603901042
0.14426476249679948	0.03650264750616924	0.4688052586696247	0.05622382071396698
0.14435132607772933	0.06708939143016088	0.469111241851354	0.0985977986664992
0.1444378821624591	0.050975809874983964	0.4694172320661861	0.07159325330129059
0.14452438923123373	0.03260842427633312	0.469723082477359	0.036744628053315125
0.1446109303454263	0.053031738599402176	0.4700290867516221	0.07489438920277647
0.14469746396730926	0.0722081643065211	0.47033509806908924	0.10084092505466757
0.14478399009817983	0.03611907851143052	0.4706411164331281	0.06902825264263829
0.14487050873933482	0.0607473367895599	0.47094714184710473	0.12039943398335905
0.14495701991002705	0.08637567362128004	0.4712531742974658	0.1685992921456965
0.14504352359359327	0.07257227792551793	0.47155921380448573	0.13026360797423503
0.14513001979132933	0.07694098634774953	0.4718652603715272	0.12402535394532704
0.14521650850453074	0.08596877033012261	0.47217131400195184	0.12213409652798737
0.14530294824574785	0.06822486219346323	0.47247722782850676	0.08539255480319201
0.14538942201170588	0.04339406180467219	0.47278329557881926	0.045533279770322656
0.1454758882970106	0.050034438470105275	0.4730893704025848	0.074542502425068
0.1455623471029562	0.04701461200043425	0.4733954523031604	0.07009309485167761
0.14564879843083653	0.05117281036492991	0.4737015412839017	0.07942357717503903
0.14573524229987334	0.05053615375233891	0.47400763733117246	0.087201275872921
0.14582167869342844	0.07481275736941435	0.4743137404653092	0.10422288925122011
0.14590810761279457	0.05889998072060147	0.4746198506896642	0.07539031059765312
0.14599452905926424	0.06116700086079699	0.47492596800758863	0.09199053784241217
0.1460809430341296	0.05946948459326374	0.4752320924224325	0.09012861168553404
0.14616739100949885	0.032887906307533195	0.4755383708251488	0.05372289663500618
0.14625383151226154	0.02871533416221113	0.4758446563348857	0.060252047653041
0.14634022309797007	0.043133919182304636	0.4761508020435291	0.07714564641885832
0.14642660721723647	0.03927225912379053	0.4764569548624725	0.05329114922547563
0.14651298387135114	0.05069212929668065	0.47676311479505995	0.06760657526313019
0.14659931162659812	0.07535934836996144	0.4770691349229283	0.10705374883854094
0.14668563192285267	0.06770456530835181	0.47737516216770515	0.10236636122808442
0.1467719862071429	0.046730769654064176	0.47768134344419166	0.08575071141357882
0.14685833303143686	0.057841800042776344	0.47798753184767956	0.10274146541780707
0.14694463097632227	0.05483040442553008	0.478293580446117	0.10425789208957616
0.14703096290237178	0.05785583212191347	0.47859978309651097	0.10464831002028126
0.1471172873722873	0.05720052104931193	0.47890599288391045	0.09034332721876842
0.1472036043873567	0.06785326226341379	0.47921220981165025	0.09116603040069099
0.14728991394886734	0.07099403615376337	0.4795184338830643	0.1032033022831414
0.14737625747880753	0.07164437133438865	0.4798248120368757	0.09289979550495323
0.14746259355418603	0.061660514446789105	0.4801311973444526	0.07895394043162068
0.14754892217629	0.060665437440852905	0.48043758980912704	0.09287173414781164
0.14763520195429433	0.0662575388295146	0.48074384247138646	0.10684652154327437
0.14772147428516919	0.03730096652997669	0.4810501022939643	0.08500126116180537
0.1478077391702001	0.013361038876045641	0.48135636928018727	0.06296210720816725
0.14789395522926566	0.017071192357894234	0.4816624964602217	0.06463270051215043
0.14798016384862728	0.013466862492830509	0.48196863080710717	0.064601815284187
0.14806640642168067	0.01642639550199741	0.48227491928700916	0.05543619866798052
0.14815264155402563	0.028952039033146675	0.48258121494384465	0.05811979177001005
0.1482388278798074	0.04502449846678769	0.4828873707939955	0.07646387914517117
0.14832504815242217	0.054796931668018446	0.4831936807974299	0.09216586172550023
0.14841126098817575	0.059230806810239386	0.48349999798775023	0.08986481075464763
0.14849746638835098	0.061818268950541065	0.483806322368274	0.08741338405541943
0.14858366435423034	0.06285211386967074	0.48411265394231806	0.08872365247375348
0.1486698962542344	0.07701114485415088	0.4844191397001374	0.10796499204119336
0.14875612071893898	0.07311275931565914	0.48472563266155794	0.09366803410590184
0.14884229640743962	0.06764387833585088	0.4850319858187728	0.08713602160497969
0.1489284646667679	0.05786877362292677	0.4853383461827553	0.08079221490899728
0.14901462549820468	0.05817320334840731	0.485644713756816	0.08452371068950972
0.14910077890303042	0.051555885584280745	0.48595108854426505	0.08427308524999635
0.14918688355457987	0.03080532006483799	0.48625732352343976	0.06869520995237206
0.14927302212782564	0.02812959270016642	0.4865637127302718	0.06795180812476234
0.1493591532782968	0.03951262580703541	0.4868701091604066	0.09730176147938766
0.14944527700727253	0.04918459050262977	0.4871765128171494	0.10622312800624696
0.14953135200231746	0.03161918578422952	0.48748277666495815	0.06007893046619189
0.14961746090992817	0.051538049711268824	0.48778919476747823	0.07648514782239124
0.14970356239987587	0.06157586293709514	0.48809562010650726	0.09275928976470962
0.1497896564734385	0.04993425666944058	0.4884020526853461	0.07429019662388933
0.14987574313189342	0.028495531970749995	0.4887084925072939	0.047573555476965866
0.1499618636902321	0.05925662173997262	0.48901508661449544	0.10375074585560692
0.15004793554007737	0.06497071374695146	0.4893215409151662	0.12118572606208278
0.15013399997864252	0.055114922514213134	0.48962800246883004	0.09451092232904344
0.1502200570072037	0.07109648661034487	0.4899344712787819	0.11155487139858258
0.15030610662703692	0.08157238259437748	0.4902409473483158	0.1334233053219675
0.15039214883941762	0.06262982599867889	0.49054743068072443	0.09602396967194526
0.15047818366338012	0.04501172519728233	0.49085392126187055	0.07098406279271041
0.1505642110824371	0.0753787296590327	0.4911604191124654	0.1090496250846611
0.15065023109786316	0.058247026732224955	0.49146692423579846	0.0832809739573436
0.15073624371093247	0.049139335093499846	0.4917734366351579	0.07845319547290906
0.15082220766249133	0.056410567882949215	0.492079809222722	0.10303035640942204
0.15090820549241243	0.050619432989072434	0.4923863361665261	0.10034609995075564
0.15099419592379448	0.032664169624122844	0.49269287039620646	0.07519334415112558
0.15108017895791037	0.051742854067928154	0.49299941191504687	0.09600923960634528
0.1511661545960327	0.03781901016943828	0.4933059607263299	0.07165235176521215
0.15125212285716533	0.045676941738872226	0.4936125168158371	0.062061690271741445
0.15133808372484547	0.06824823397324245	0.4939190802043407	0.09385476307122777
0.15142403720034475	0.06923853238355561	0.49422565089512005	0.09070244415097779
0.15150998328493448	0.06292088843160291	0.4945322288914528	0.08320804893171249
0.15159592197988553	0.0973485781682794	0.4948388141966162	0.14182036115258967
0.15168185330418493	0.08664592832284874	0.4951454067963469	0.13995249919077168
0.1517677772413835	0.053443995336781853	0.4954520067114507	0.08896895523482737
0.1518536937927512	0.04997065233647903	0.49575861394520104	0.09639781134738507
0.15193960295955777	0.05062215159040187	0.49606522850087076	0.10004050912940934
0.1520254635322532	0.027492085208606687	0.4963717032415258	0.05081876535658861
0.1521113579514461	0.008635383579400333	0.4966783324332681	0.032827972072291135
0.15219724498988166	0.03075525992701286	0.49698496895673216	0.06343806337010367
0.15228312464882818	0.031588526333055866	0.49729161281518586	0.06069358184737308
0.1523689969295537	0.03716210162917702	0.49759826401189583	0.059839782446962794
0.1524549030441451	0.03918400090671161	0.4979050696903331	0.06784389995669762
0.15254076058991728	0.07225352639258972	0.4982117355557346	0.10586983549317852
0.15262661076126743	0.09035309832278772	0.4985184087691785	0.13285567991981148
0.15271245355946225	0.06299449880891288	0.4988250893339269	0.10761213901646709
0.15279824780677653	0.043814953948206954	0.49913163008131267	0.08920635370798499
0.15288403468700312	0.07199577228056184	0.4994381781829896	0.1231583004775374
0.15296985539099964	0.049634068390554294	0.49974488080355806	0.09107903541199569
0.15305566872690127	0.01336057192616683	0.5000515907884613	0.027834885257092917
0.1531414335311104	0.044919416121199124	0.5003581609548885	0.06001420867150975
0.15322723215227882	0.05024330033857534	0.5006648856605505	0.07873705625048678
0.15331302340914355	0.01653955821070719	0.5009716177403061	0.04795148534040733
0.15339880730296862	0.019418203559175225	0.501278357197409	0.052490798815595846
0.15348458383501792	0.037110234858408954	0.5015851040351113	0.08817958927642099
0.15357039417141746	0.03431042397103643	0.5018920054427317	0.08907315645593855
0.15365619714503492	0.04125122053930325	0.5021989142409935	0.08192431979905905
0.15374195161697946	0.04936576474796048	0.5025056832222698	0.06588677122144575
0.15382769873219693	0.044339709783112816	0.5028124595971356	0.06898169881255564
0.15391343849194936	0.06334278060189179	0.5031192433688374	0.09628002996596569
0.15399917089749862	0.06517905242593372	0.5034260345406208	0.10132678609536908
0.15408485482405435	0.05853099395651933	0.5037326858906458	0.10084519624645656
0.15417057254260988	0.08681539531892479	0.5040394918545595	0.1542683038410558
0.1542562829107427	0.09328536831084333	0.5043463052282772	0.16155576511173644
0.15434198592971332	0.07414502261915239	0.5046531260150399	0.12599810473138204
0.15442764048882268	0.07349213763198456	0.5049598069787705	0.12006887401319533
0.15451332883086547	0.05941658558271039	0.5052666425835455	0.09280332134404828
0.15459900982752267	0.05124193379254535	0.5055734856110745	0.07532710090284042
0.15468468348005343	0.06376880939279111	0.5058803360645941	0.07877324925043494
0.15477034978971665	0.03958542289746923	0.5061871939473399	0.04569924026124324
0.15485604986973023	0.04495903471869198	0.5064942065018633	0.05887285672657462
0.15494174260586935	0.06149128179483887	0.5068012264956447	0.09968484037348695
0.15502738691207837	0.03198528343406495	0.5071081066676281	0.06599961677101504
0.15511302388044923	0.0371354421664884	0.5074149942817612	0.0754852095547541
0.1551986535122392	0.06696180499144302	0.5077218893412739	0.13035280489358195
0.15528427580870513	0.06473304812010777	0.5080287918493951	0.11643837047549563
0.15536989077110375	0.06617419429345385	0.5083357018093526	0.09633497706663707
0.1554554984182745	0.07002441226354282	0.5086426192064915	0.10476076649361019
0.15554109873388713	0.061831881924261534	0.508949544061911	0.08591200675136937
0.15562669171919738	0.05635219096089651	0.509256476378836	0.0763309876009697
0.15571223631626896	0.05155026091942937	0.5095632688675742	0.06347923692186369
0.1557977735890632	0.0503548877177509	0.5098700688206761	0.0692848949006029
0.15588334460856515	0.07131676965129041	0.510177023523533	0.08639036724666245
0.15596890830278112	0.07159847662496724	0.5104839857007744	0.09705316955351928
0.1560544646729652	0.05639346895699439	0.5107909553556195	0.0744607854083606
0.1561400547795626	0.059263429931579605	0.5110980797842016	0.09459770595490066
0.15622559652299975	0.05970996574847485	0.5114050643859552	0.10579934321335889
0.1563111309461622	0.036826508817779054	0.5117120564749551	0.09096772581790516
0.15639665805030267	0.034324532564976626	0.5120190560544159	0.08458373290475572
0.15648217783667367	0.047755421586869365	0.5123260631275509	0.10554367603224568
0.15656769030652726	0.042603384705877684	0.5126330776975726	0.09380428727364369
0.1566532364992361	0.0634365491976671	0.5129402470821464	0.1064617547754077
0.15673873435734811	0.07808335516216527	0.5132472766375767	0.10565088950341783
0.15682422490269418	0.07677512971457465	0.5135543136995167	0.10998345698627318
0.15690970813652513	0.08921740813266116	0.5138613582711742	0.12066939840126978
0.15699514305353218	0.08961866745278571	0.5141682630088944	0.10916706255323487
0.15708057066503053	0.06150402244412669	0.5144751752591344	0.07159938221414885
0.15716603198934104	0.05907813146003821	0.5147822423611454	0.08803195671049481
0.1572514860071336	0.0672989258401381	0.5150893169856873	0.1005165368988317
0.15733693271965743	0.05996161542592124	0.5153963991359625	0.10161386959126707
0.1574223721456756	0.05911680594511229	0.5157034887971137	0.11292082199096831
0.15750780426891958	0.059248822599641204	0.5160105859903923	0.12220455952753191
0.1575932290906376	0.0736617182173137	0.5163176907189976	0.12840176937919903
0.15767864661207764	0.058779815415362084	0.5166248029861277	0.09888431981191088
0.15776405683448738	0.0456381343802692	0.5169319227949795	0.08433951128447341
0.15784950074815918	0.0542226590362789	0.5172391975136695	0.08703311573370975
0.15793489639374603	0.04801155551233637	0.5175463323974469	0.08231219663180113
0.15802028474404048	0.02483020559431708	0.517853474832523	0.058795792040329815
0.15810566580028898	0.041488236136175846	0.5181606248220907	0.07304778082475474
0.1581910395637375	0.04963983890636465	0.5184677823693411	0.06830954180189368
0.15827640603563176	0.04129491421635978	0.518774947477465	0.06376452537758531
0.1583617652346985	0.057474900681753496	0.5190821201315088	0.07661286694181246
0.15844711714469845	0.06411209686655782	0.5193893003527963	0.08801296525326927
0.15853246176687644	0.054466080560206256	0.5196964881445145	0.08873885422617722
0.1586177991024769	0.07168889859572629	0.5200036835098497	0.1088917771311438
0.15870308821615156	0.06219072445371136	0.5203107390326602	0.10690293263805377
0.1587884109997953	0.053374225145731057	0.520617949536602	0.10382568313526125
0.15887372650059	0.0620983354669275	0.5209251676237051	0.10992971165290233
0.15895903471977876	0.05624673279336029	0.5212323932971511	0.09958810726717449
0.15904429473597514	0.049855166065208435	0.5215394791262298	0.08177103131999601
0.1591295884131347	0.07863396841662483	0.5218467199636911	0.10849756493970356
0.15921487481241298	0.09576898325049807	0.5221539683970269	0.1415608080222221
0.1593001539350518	0.08143887362263964	0.5224612244294142	0.11674963249156163
0.1593854257822928	0.07167655464493819	0.5227684880640295	0.11552951774473197
0.1594706903728198	0.07920013905190308	0.5230757592858062	0.13684407924427996
0.15955594769042825	0.058668442390693944	0.5233830381161528	0.10177388506824318
0.15964119773635868	0.04381490747293634	0.5236903245582427	0.0632136889307915
0.15972644051185145	0.06312831547271405	0.5239976186152476	0.10567854690045399
0.15981167601814658	0.07395638530463303	0.5243049202903387	0.11994573013526694
0.1598969042739114	0.051492433587645034	0.5246122295684056	0.08841009172446393
0.15998212526295463	0.06892166797652394	0.5249195464708896	0.12951229190969513
0.16006733898651532	0.06173459416680977	0.5252268710009584	0.12466178473804347
0.16015254544583213	0.0504437026856519	0.5255342031617791	0.09335625557601332
0.16023774464214358	0.06648610458808218	0.5258415429565166	0.11199724045655216
0.16032293659410046	0.07755065867398105	0.5261488903700174	0.12183550471399676
0.16040812128552479	0.05015333828107968	0.5264562454237558	0.07645210011935108
0.1604932987176541	0.07232537586792766	0.5267636081208938	0.10866331451291872
0.16057842803181643	0.07946757329618495	0.5270708309648556	0.1289912388044138
0.16066355009263844	0.05953330230921857	0.5273780614548644	0.09442045969770449
0.1607487057717022	0.05099083969744599	0.527685447082809	0.08594327102083826
0.16083385419641463	0.055935621717998985	0.5279928403667842	0.11533915090686186
0.16091899536801157	0.05234867977532677	0.528300241309947	0.10437214572205349
0.16100417014763768	0.05267260303809593	0.5286077974151906	0.08749979765821643
0.16108933767313846	0.05126545674331929	0.5289153611896069	0.08684659752707878
0.16117445711018435	0.06890912203667839	0.5292227851108698	0.1136244050018359
0.16125956929905222	0.08147481570965515	0.5295302167039299	0.10944679745746479
0.16134467424097632	0.06700166833413218	0.5298376559719385	0.09148531004768055
0.16142977193719063	0.06154320066764207	0.5301451029180465	0.09306409304304457
0.16151486238892887	0.09251672459825717	0.5304525575454029	0.1364918163263381
0.1615999456147928	0.0824754930055149	0.5307600198387249	0.11640324015465585
0.16168502159864406	0.05675001875713587	0.5310674898195835	0.08273804546540704
0.1617700903417154	0.0660613787528586	0.531374967491125	0.10927093962362658
0.1618551110374532	0.058118354966566366	0.531682305301508	0.09603667688511051
0.16194012449834744	0.00857180486793969	0.5319896508051661	0.02910002046417944
0.16202517154382587	0.03696166840895759	0.5322971515491537	0.07106020172811194
0.16211021135344922	0.0655597948577323	0.5326046599963908	0.11190850392816756
0.1621952439284487	0.046658397717233124	0.5329121761500185	0.07815775665309367
0.16228031007784108	0.06606950204990128	0.5332198475681631	0.10917611885676225
0.16236532820462668	0.0934907119923544	0.5335273791254905	0.154925713187166
0.162450339100477	0.0514275475081525	0.5338349183986171	0.10387324417352299
0.16253534276662185	0.05612063059185801	0.5341424653906792	0.09805819630299278
0.1626203392042909	0.07535533696608568	0.5344500201048126	0.12473409294457896
0.16270532841471344	0.06499039438950754	0.5347575825441515	0.10018834302939153
0.16279035118609078	0.07585709666505897	0.5350653002890127	0.09311704618498559
0.16287532596303098	0.07598531703171069	0.535372878169618	0.10064091109002425
0.16296029351640764	0.057258995746748684	0.5356804637848184	0.07433693510685137
0.16304525384744875	0.05558689792863985	0.5359880571377442	0.06202027179576476
0.1631301662015862	0.04391997683180092	0.5362955106209497	0.06219525466661701
0.16321507133930624	0.0260166249830788	0.5366029718444183	0.062414002586764675
0.16330001002801525	0.03537617051675942	0.5369105884107089	0.06978671441000034
0.1633849414992948	0.04674960412038903	0.5372182127272276	0.09844805394992191
0.16346986575437128	0.050766892376033254	0.5375258447970994	0.09363491281115884
0.16355478281177144	0.07374609496127897	0.5378334846048434	0.10848968800188385
0.1636396926554176	0.08297646756989868	0.5381411321721795	0.10724959226231666
0.16372459528653532	0.07569293829833179	0.5384487875022295	0.08988308854702627
0.16380949070634976	0.06279000756549422	0.538756450598114	0.07603121642932333
0.16389437891608577	0.06984460410702473	0.5390641214629525	0.10429724032332235
0.1639793006554633	0.04926658173189127	0.5393719477290428	0.08844028044912051
0.1640642151837512	0.03831122165139641	0.5396797817740502	0.08135642963511723
0.16414912250217406	0.06688656693305858	0.5399876236010925	0.1163548841100582
0.16423398190111646	0.060477978094301686	0.5402953255542577	0.10839590225571398
0.16431883409609735	0.04283866084930454	0.5406030352919516	0.07544762961799187
0.16440367908833975	0.0703331166770631	0.5409107528172873	0.10092244261303669
0.16448847617858253	0.05045781196653256	0.5412183304631348	0.08294873027241322
0.16457326607198558	0.031651412954941074	0.5415259158991041	0.05723567296300429
0.16465808948061	0.061685523981350104	0.541833656787333	0.09575634085552577
0.16474290569138206	0.06021241073573483	0.5421414054756384	0.10280401887388198
0.16482767401884182	0.04113551905011466	0.5424490142819123	0.07607011732137212
0.16491247585482688	0.07527964102890133	0.5427567785609706	0.10600642460671883
0.16499727049662005	0.06389943772470226	0.5430645506494189	0.10830001377021795
0.16508205794544195	0.058545501479538464	0.5433723305503624	0.0903027509411851
0.16516683820251277	0.05417823879604385	0.5436801182669044	0.09434343389045238
0.16525165195573366	0.05483825078626805	0.5439880614873642	0.10158230170522098
0.16533641785020076	0.03768427216036833	0.5442958648256497	0.08372098516796918
0.16542117655657268	0.06892177436478622	0.5446036759888313	0.10891038972682845
0.1655059280760684	0.0662017327499331	0.5449114949800086	0.0939943491413543
0.16559067240990663	0.07827282248678975	0.5452193218022802	0.09734699369900635
0.16567536890709372	0.0909889666850158	0.5455270087359824	0.1257398309847104
0.16576009889049612	0.10030319203614953	0.5458348512109353	0.13207213532115913
0.1658448216918922	0.0743440748428168	0.5461427015262642	0.09271418539989568
0.16592953731249951	0.06788935454490906	0.5464505596850634	0.09670326554066272
0.16601420511509304	0.06467873872747934	0.5467582779526079	0.09602124903178243
0.16609890639498662	0.03277145640046105	0.5470661517887987	0.04968913648307233
0.1661836004977389	0.023035419954621408	0.5473740334777288	0.05422931283452284
0.16626828742456612	0.03553264090556445	0.5476819230224885	0.07741674353897476
0.16635296717668413	0.042968770597185624	0.547989820426167	0.09018298555412857
0.16643763977250975	0.05375283345932662	0.5482977256729946	0.09250689145860116
0.1665223051960541	0.07925328593784037	0.5486056387849084	0.12096675062346927
0.1666069634485322	0.08354672402502561	0.5489135597649943	0.10512221080964827
0.16669161453115863	0.07149147043688037	0.5492214886163371	0.09008485245186089
0.16677625844514787	0.06314804003258816	0.5495294253420209	0.08634249450242572
0.16686089520890046	0.042733411753343935	0.5498373699262338	0.0690185222019914
0.1669455248064407	0.0480032956185314	0.5501453223909446	0.08559207468388025
0.16703014723898194	0.06874236038388538	0.5504532827392341	0.12357807038488308
0.16711476250773732	0.071698730681327	0.5507612509741819	0.12991365845482344
0.16719933002360252	0.07345457479435272	0.5510690793081563	0.13001369777014232
0.1672839309855964	0.0856813709621321	0.5513770633067241	0.15245643906455678
0.167368524787439	0.08309535685266972	0.5516850552011756	0.1333405965152861
0.1674531114303423	0.07684894181681598	0.5519930549945865	0.11642556291272584
0.16753769091551785	0.07849593871238622	0.552301062690031	0.12498604837805388
0.16762230383449406	0.07051651574080404	0.5526092260812928	0.10373390092341342
0.16770686902500503	0.06565582372915524	0.5529172495710556	0.09731329513420567
0.1677914270614183	0.06810988257622888	0.5532252809720617	0.11678542524639499
0.16787597794494408	0.05671892724561697	0.5535333202873813	0.09666490063531924
0.16796048111735207	0.052444719868440806	0.5538412196952196	0.0888164259715034
0.16804497714272204	0.07166504457956172	0.5541491270197045	0.1110075466613362
0.1681295065919876	0.07750922739781507	0.5544571900773718	0.11532252574704048
0.16821402889320125	0.050159614055102573	0.5547652610616162	0.06097757335326717
0.16829854404757164	0.04805274114073808	0.5550733399755028	0.0703270170637312
0.1683830926157478	0.05448965042430101	0.5553815746469598	0.09203644939236805
0.1684675934971885	0.029283540547746286	0.5556896694102876	0.059147927351262536
0.1685520872354078	0.02954393161282975	0.5559977721124395	0.04026201541372966
0.16863657383161318	0.05551282339966937	0.5563058827564763	0.10505769054408748
0.16872105328701203	0.06834483491475872	0.556614001345458	0.12384174888414726
0.1688055256028112	0.054994865720198446	0.5569221278824434	0.08714060152171489
0.16889003131909675	0.06191757142480782	0.5572304102181935	0.12850179955699156
0.1689744893764305	0.062446647774873514	0.5575385526412806	0.14599934076785734
0.1690589402977809	0.04319073947230484	0.5578467030215348	0.0934037613509748
0.16914338408435367	0.028672563914109186	0.5581548613620109	0.06837840554852727
0.16922782073735426	0.05641430033447395	0.5584630276657622	0.10584180769992987
0.16931220975332806	0.05520081835812725	0.5587710540499602	0.07123758747653891
0.16939663215989909	0.04612610238652278	0.5590792362703048	0.06503140177603303
0.1694810474365095	0.07140209977650065	0.5593874264630722	0.0996297247623097
0.16956545558436362	0.060612347904287614	0.5596956246313125	0.09050264868513921
0.16964981611367566	0.037037528526116574	0.5600036828768824	0.06448014130893621
0.16973421002471673	0.05311670819905992	0.560311896986069	0.09043142471333399
0.16981859681060948	0.05981927946698017	0.5606201190798636	0.094829744406985
0.16990297647255687	0.05466125705712478	0.560928349161312	0.07789407372293082
0.16998734901176168	0.08140327223518937	0.5612365872334584	0.10930811619227478
0.17007175492041587	0.09103176333557986	0.561544981200538	0.1294728435804972
0.1701561537053139	0.07302239827433107	0.5618533831682354	0.10194770535242126
0.17024050490057482	0.05029019842959152	0.5621616452115448	0.08164481634175547
0.170324848977898	0.04338250981697525	0.5624699152577125	0.08544127546373549
0.17040918593848473	0.030881518199767984	0.562778193309778	0.07629268527755635
0.17049351578353575	0.014294409054312285	0.5630864793707795	0.029343764550726636
0.17057779806081316	0.040190507381406074	0.5633946255003313	0.0668059698900766
0.17066211369545078	0.06255432023662577	0.5637029275690915	0.0898751577894774
0.1707464222181507	0.05004480016675372	0.5640112376558892	0.06648169900894613
0.17083072363011256	0.05312044329275573	0.5643195557637588	0.06905825108929796
0.1709149774927327	0.09011591776231995	0.5646277339369122	0.14797070497718018
0.17099926470386118	0.0619499770330579	0.5649360680767704	0.11584770249038771
0.171083544807846	0.057794660460850786	0.5652444102467896	0.10278508741855036
0.17116781780588547	0.07895619804027273	0.5655527604499999	0.14582615203180999
0.17125208369917783	0.06976004334732107	0.5658611186894305	0.12952416211517317
0.17133638292872405	0.042548916682417275	0.5661696329269306	0.07277414206309316
0.17142067505250913	0.06662593421885546	0.5664781552105616	0.10310826358662001
0.17150491965577377	0.060707426684322906	0.5667865375575205	0.0980435720712721
0.17158915715907805	0.03152005709340854	0.5670949279527988	0.05665199982886474
0.17167338756361855	0.051745792305529434	0.5674033263994203	0.07733776241938262
0.1717576108705916	0.06574075718808578	0.5677117329004078	0.1028695281452953
0.1718417866788465	0.04985409836456805	0.5680199994574916	0.08407159322365883
0.17192599581128587	0.08202732999621154	0.5683284220569434	0.11539797750278048
0.17201019784974214	0.09640065591864011	0.568636852719817	0.13922592238494513
0.17209435240326326	0.06973748127904969	0.5689451434362299	0.1000746298840344
0.17217849986859268	0.055162644755316646	0.5692534422182259	0.08052880528387972
0.17226268064927114	0.06462238560738003	0.5695618970701123	0.09979157265487944
0.17234685434074232	0.03938554028206864	0.5698703599974828	0.06971638008813635
0.17243102094420015	0.04832112154511879	0.5701788310033523	0.08294343161742049
0.17251522085298548	0.07406416866889831	0.5704874581036361	0.12485938780439054
0.17259941367274284	0.060784853676345604	0.5707960932923207	0.10596309601628012
0.1726835590363088	0.04607678829468298	0.571104588532368	0.07017888991379019
0.1727676973166312	0.06145640408120833	0.5714130918629563	0.10856554603697308
0.17285182851490252	0.04377270571035621	0.5717216032870953	0.06681895502354467
0.17293595263231482	0.036253808074082426	0.5720301228077941	0.05110307038557753
0.17302002931528088	0.07580286987266602	0.5723385023724653	0.1160821173861659
0.17310413929152368	0.09040348417305326	0.572647038075871	0.1502993522425406
0.1731882421904791	0.07065545856181672	0.5729555818848495	0.11218954285074174
0.1732723380133381	0.09073553423249864	0.5732641338024053	0.13931627512073924
0.17335642676129132	0.0965449203363391	0.5735726938315421	0.15052879837994404
0.17344050845249098	0.06968778066489287	0.5738812619557996	0.10178698654641442
0.17352458307116236	0.05347852843214062	0.5741898381976355	0.06059994390053991
0.17360865061849512	0.044519913950952214	0.5744984225600503	0.052874986020569406
0.17369271109567863	0.034394546458153305	0.5748070150460438	0.055600304606314016
0.1737767241796426	0.03437357057451987	0.5751154675679622	0.058327011975875406
0.1738607705370424	0.02724381459367991	0.5754240762906088	0.044050891856995775
0.17394480982785662	0.045157195916877044	0.5757326931458198	0.0840757872410314
0.1740288420532734	0.07275078979135727	0.5760413181365908	0.12912197818307547
0.17411282690376975	0.05698286270270451	0.5763498031596468	0.09556715547522335
0.17419684501889143	0.05025789194221023	0.5766584444109929	0.09388848879833622
0.1742808560721756	0.07596459928361153	0.5769670938068728	0.12789275187352253
0.17436486006480942	0.07250969013530562	0.5772757513502782	0.11542693539378754
0.17444885699797957	0.07667415673726677	0.5775844170441995	0.10936206266805595
0.17453284688979734	0.0948632914269295	0.5778930908720702	0.1432027361114977
0.17461682972452114	0.09360768201674147	0.5782017728564279	0.13392326607806096
0.17470080550333675	0.10218407493945578	0.5785104630002601	0.15536911437768514
0.17478477422742966	0.08995717961245128	0.5788191613065536	0.14356912627192703
0.17486873589798516	0.06149270700342169	0.579127867778294	0.09446158085311593
0.17495273080997412	0.06361532059545309	0.5794367305442918	0.09284325470240674
0.17503671866741033	0.06775602189603176	0.5797456014856222	0.10056789198310315
0.17512065920136685	0.03491779917112501	0.580054332452	0.052976761308050686
0.17520459268652097	0.03423436136849407	0.5803630715957498	0.05762514505073965
0.17528851912405644	0.0535201499847545	0.5806718189198523	0.09986188211213401
0.17537239825517786	0.04964764477857772	0.5809804262622409	0.0914748058094456
0.1754562703444264	0.049781502872543446	0.5812890417870085	0.07738035086224505
0.17554017566309613	0.06602674052625307	0.5815978136504001	0.1153956670936727
0.1756240739388763	0.06598635115148459	0.5819065937060496	0.10346333497584637
0.17570792492647572	0.04905717935527726	0.5822152337761601	0.07828820277281465
0.1757918091369055	0.046097839016862485	0.5825240302055873	0.08566100698231713
0.1758756863079888	0.04607490223412049	0.5828328348361891	0.09227563961364146
0.17595955644090688	0.03749629374707642	0.5831416476709378	0.0545316449295508
0.1760434195368408	0.05854450188852444	0.5834504687128053	0.08360175077048174
0.17612731584344476	0.06585800316092941	0.5837594461455341	0.09277340194382543
0.1762112051120488	0.07142814985894551	0.5840684317952592	0.09004044816852855
0.17629504712097888	0.07673793618371727	0.5843772774565958	0.10411702185572494
0.17637888209764324	0.08109107933934886	0.5846861313369203	0.12284322080227689
0.1764627100432214	0.07631081240485023	0.5849949934391994	0.11273154549581126
0.17654653095889264	0.08272086073568495	0.5853038637663986	0.13186730540056202
0.17663030463646173	0.07288590228456389	0.5856125940973392	0.12146789853299611
0.17671411151270705	0.06389306845551762	0.5859214808635302	0.1026764683261697
0.17679791136257864	0.06791093689125487	0.5862303758635249	0.11312275488829612
0.17688166398798277	0.05626647297883423	0.5865391308642878	0.10313254337827285
0.1769654095927381	0.034716200676188635	0.5868478941008196	0.05983984655449017
0.1770491883873958	0.060207335726394653	0.5871568138002221	0.0950786901053856
0.17713296016038751	0.042065213289844784	0.5874657417452621	0.07647641662327781
0.17721672491289014	0.033477974888682815	0.5877746779388971	0.03795634359877892
0.1773005228453521	0.04294181821131423	0.5880837706200817	0.056177449464859766
0.1773843137563089	0.05896401493241561	0.5883928715597311	0.07640854384725607
0.177468097646937	0.034745803123451866	0.5887019807608014	0.03384355328579127
0.17755183434606944	0.04843043229286868	0.5890109499585617	0.05151768029717671
0.17763556403059005	0.06906135580575493	0.5893199274196838	0.10333617081541
0.17771928670167397	0.06453839997184681	0.5896289131471191	0.09186283360196473
0.177803002360496	0.0727215230855869	0.5899379071438186	0.1084009849803014
0.17788671100823072	0.08150023387926525	0.590246909412732	0.12730301308139158
0.17797041266286132	0.08953574191648873	0.5905559199369599	0.14350779060336993
0.17805410730874996	0.0688746512990853	0.5908649387392915	0.121771874118449
0.17813779494707027	0.07117657612316598	0.5911739658226731	0.12259887148656179
0.1782214354335366	0.06712534680780213	0.5914828528905944	0.11412690220917658
0.17830506891814107	0.0421637775166717	0.5917917482414767	0.09704700792182858
0.17838873555759033	0.03548567262532975	0.5921008001657967	0.07854690405212468
0.17847239519416014	0.030372623800227625	0.5924098603829371	0.05578926669372838
0.17855604782902265	0.014300070841996875	0.59271892889584	0.038699609290310466
0.17863973360880886	0.03759427538542167	0.5930281540069027	0.05565474423413413
0.1787233722605559	0.0543323856980867	0.5933372391002406	0.06794660115780769
0.17880700391410764	0.04740981419809253	0.5936463324981538	0.06388650473030312
0.1788906285706351	0.054791827868331935	0.5939554342035798	0.08376639415465104
0.17897424623130898	0.06996593722689831	0.5942645442194558	0.11034386463213203
0.1790578568972997	0.04991312852862376	0.5945736625487178	0.087367197309459
0.1791415006950927	0.0447419571847293	0.5948829375176488	0.07883598122168056
0.179225097391994	0.06585656719069652	0.5951920724625329	0.10335262475262266
0.17930868709771874	0.06436434505362391	0.595501215729598	0.08953488814071536
0.1793922698134363	0.05741653607983965	0.5958103673217762	0.072935112817888
0.17947580544517377	0.05084648524072744	0.5961193788827228	0.07487865229205383
0.17955933409259325	0.054566875864426	0.5964283987706425	0.07329516060360548
0.17964289586205442	0.0441081134756109	0.5967375753357532	0.06425283684441445
0.1797264506461796	0.053121628617407934	0.5970467602376885	0.08428293466244026
0.1798099984461366	0.05131542704637993	0.5973559534793752	0.08202489756650067
0.17989353927983726	0.0713455123712696	0.59766515504373	0.09715381988449925
0.1799770731317016	0.08002827087537485	0.5979743649536804	0.1239580056013708
0.1800606000028965	0.08345946366282797	0.5982835832121511	0.12787341817060716
0.18014411989458862	0.06901309708341649	0.5985928098220652	0.11373100322740129
0.18022763280794415	0.06274361606196042	0.5989020447863449	0.10896287014602032
0.1803111387608597	0.04585623368245616	0.5992112880878667	0.10179351018202158
0.18039463773776773	0.044799007743341134	0.5995205397495887	0.0900833019350873
0.1804781297398336	0.03747964805496476	0.5998297997744304	0.07552437112348223
0.18056161476822252	0.048466653889119686	0.60013906816531	0.09328706540683201
0.18064505277580514	0.05977832821031421	0.6004481965097554	0.11140001714038554
0.18072852387705093	0.05183913029003947	0.6007574816213824	0.10452216554994477
0.18081198800811066	0.06454536193538424	0.6010667751077896	0.11689292410995028
0.18089544517014827	0.07697229006357037	0.6013760769718914	0.13682657974013818
0.18097889536432754	0.06713215297180213	0.6016853872166015	0.10696818226298861
0.18106237864010605	0.06617387120803209	0.6019948542602217	0.0911455489075865
0.181145814918761	0.06863645954683718	0.60230418125477	0.0843196911173
0.18122924423304415	0.04625373707400638	0.6026135166386544	0.05328693689695706
0.18131266658411793	0.041558725381434944	0.602922860414784	0.04854828744414692
0.18139604195490833	0.04448139640370057	0.603232064134461	0.06324954022533089
0.18147941036815235	0.04348696800676055	0.6035412762481668	0.0607067204186964
0.18156281185325904	0.037674753184011936	0.6038506451983313	0.055560010078995505
0.18164620637980078	0.054279506483198174	0.6041600225523631	0.08077384185485
0.1817295939489387	0.04861295278223302	0.604469408313167	0.07374604918925312
0.18181297457851384	0.033111138771250145	0.6047788024634763	0.05499096289808768
0.18189634825300366	0.056964608343817176	0.6050882050263572	0.08924507010999227
0.18197971497356832	0.055386635153455044	0.6053976160047118	0.08917594905301951
0.18206307474136776	0.04889735265332309	0.6057070354014409	0.07908866027836124
0.1821464275575616	0.050759669811300055	0.6060164632194445	0.08264317219761252
0.18222981342486522	0.07221042903053683	0.6063260479333986	0.10733239315283834
0.18231315235798912	0.06759183773905517	0.6066354925824345	0.10556375898832748
0.18239648434298172	0.07560580034692665	0.6069449456614319	0.10947634381888727
0.18247980938100158	0.0771194456432241	0.6072544071732866	0.11112959366342534
0.18256312747320677	0.07297981591622957	0.607563877120894	0.11086851412478628
0.18264639865251797	0.05832167062400903	0.6078732069949251	0.09353013168882077
0.18272970287321694	0.04306275831176269	0.608182693802472	0.07809864642945641
0.1828130001515713	0.047071676629989914	0.6084921890544441	0.08183019942883725
0.18289629048873807	0.04513341275753104	0.6088016927537325	0.06414963040213885
0.1829795339309471	0.04799779562912713	0.6091110563747898	0.05885341545173305
0.18306281040584713	0.06181608052467898	0.6094205769571063	0.07522609497262848
0.18314607994302612	0.07319027074938184	0.6097301059954001	0.08147574142995283
0.1832293425436399	0.060209939144351625	0.6100396434925587	0.09177899264420686
0.18331259820884405	0.07865018805726573	0.6103491894514685	0.14452033672762654
0.18339588689472075	0.07481256179497073	0.6106588924034528	0.13628859098322244
0.1834791287091959	0.08271454439618624	0.6109684552742112	0.14659192634166154
0.18356236359172365	0.08201242685020976	0.6112780266153673	0.14572442233499994
0.1836455915434584	0.08654772075720878	0.6115876064298039	0.13611249728613414
0.18372881256555423	0.06300645978722372	0.6118971947204023	0.09400748867590064
0.18381202665916502	0.0842647185393978	0.6122067914900432	0.13176489824968837
0.18389527376041825	0.06453821603014066	0.6125165452944135	0.10285640323052583
0.18397847401712758	0.0676726578091224	0.6128261590104275	0.10340099282393017
0.18406166734880886	0.08259776993951924	0.6131357812141135	0.12631690324967693
0.18414485375661482	0.06122257337564922	0.6134454119083483	0.10424645502174959
0.18422799333661213	0.05456668752083162	0.6137549025065596	0.07387713435533733
0.18431112599835853	0.06570527460847254	0.61406440159699	0.09460053860592346
0.18439429165804616	0.05644118101087113	0.6143740577597376	0.08998363716806171
0.18447745039846358	0.05859076349500317	0.6146837224245251	0.05793500585465848
0.18456060222076207	0.08853685483009537	0.6149933955942242	0.09990604429565147
0.18464378703117829	0.10555403938299256	0.6153032258611545	0.1347920504786626
0.18472692503727473	0.10369214213303078	0.6156129160288767	0.12815490561658596
0.18481005612870155	0.08433828968836772	0.615922614710114	0.11350693286762277
0.18489318030660876	0.08631821560591312	0.616232321907735	0.13599282105462057
0.18497629757214626	0.07825733712253205	0.616542037624607	0.13143421997259613
0.18505940792646353	0.040230185992547275	0.6168517618635962	0.07761070244761498
0.1851425512558924	0.054689342992609226	0.6171616432415094	0.09280462967900913
0.18522564780778347	0.06569849425943695	0.6174713845128741	0.10115869488226699
0.1853087374518984	0.05022626910891853	0.6177811343149423	0.07988853055127722
0.18539182018938566	0.03650337822006042	0.6180908926505766	0.052064411263500844
0.18547485616602444	0.04681321492024331	0.6184005108718696	0.0702968951481621
0.185557885241643	0.01846073851613561	0.6187101376283499	0.03461569052032307
0.18564094728268754	0.01040700141427925	0.6190199215613597	0.02933407410288203
0.1857240024216923	0.03737012833485497	0.6193297140393693	0.06567006355810176
0.1858070506598042	0.049938611524407574	0.6196395150652364	0.07842760731924503
0.18589009201471468	0.0547064070248225	0.6199493246213091	0.08171521696279362
0.1859731264710227	0.07624815797940554	0.6202591427309453	0.11642723446342848
0.18605615402987424	0.09345681138942094	0.6205689693969997	0.13862814323398429
0.18613917469241517	0.06539708910318595	0.6208788046223263	0.09601108349439692
0.186222188459791	0.05541541228121066	0.6211886484097782	0.08408314858516912
0.186305235171971	0.06307467623730728	0.6214986494334851	0.10904707109162191
0.1863882351689804	0.07977865625475122	0.6218085103331931	0.11530109478446901
0.18647122827425677	0.05801175531182154	0.622118379803573	0.09228175596773237
0.18655421448894458	0.07605757355590007	0.6224282578474738	0.13009076029446676
0.1866371938141879	0.10024172443673832	0.6227381444677441	0.17595031351359613
0.18672016625113053	0.07231243865856798	0.6230480396672311	0.1166691686032411
0.18680313181743063	0.07400591020461018	0.6233579434281972	0.1180392659856074
0.18688609049771407	0.0701684347112432	0.623667855774065	0.11870354783720782
0.18696904229312383	0.06495771226213497	0.6239777767076791	0.08437451677008734
0.1870519872048026	0.0693303115578966	0.624287706231883	0.05865055229289205
0.18713488544462079	0.083250139554708	0.6245974956165108	0.10580621135933711
0.1872178166087654	0.07043659985546741	0.6249074423098033	0.07881211810175562
0.18730074089260262	0.08356072498476402	0.625217397602204	0.08713470616012123
0.187383658297274	0.08403396578394666	0.6255273614965524	0.12345276717815087
0.18746656882392077	0.06824374095332326	0.6258373339956876	0.12261377614117146
0.18754947249017384	0.052987532253064566	0.6261473150818024	0.09764111534341353
0.18763236928068125	0.050119822359654106	0.6264573047783719	0.11371068651210947
0.18771525919658344	0.047745767260984645	0.6267673030882321	0.099653320436955
0.18779814223902044	0.034964551428974526	0.6270773100142183	0.058858629130369884
0.1878809786495306	0.055861685802582314	0.627387176788972	0.07429608619657173
0.18796384796493285	0.05550912116053714	0.6276972009350323	0.06621637780421082
0.18804671041028587	0.04614205409234745	0.6280072337057114	0.056970804546087966
0.18812956598672873	0.060618616587390345	0.6283172751038407	0.07698555262916155
0.18821241469540007	0.07402835298612126	0.6286273251322505	0.11195949745439754
0.18829525655390372	0.0526905375209046	0.628937383773064	0.08773259848432607
0.1883780915469097	0.0785220567763988	0.6292474510498092	0.11897342349249258
0.18846091967555584	0.09280776530227858	0.6295575269653136	0.12687790614033262
0.18854374094097975	0.06793931170925238	0.629867611522404	0.1119415612315961
0.18862655534431874	0.07310356408113773	0.6301777047239061	0.10859548235912278
0.18870936290316154	0.07179864556946297	0.6304878065519044	0.11634028829230258
0.18879216360219042	0.04304746019606741	0.6307979170299562	0.07499982034634797
0.1888749574425418	0.048087376450653044	0.6311080361608846	0.088799535120615
0.18895770470852882	0.06945191858129787	0.631418015123416	0.1035690460114179
0.18904044512139903	0.057554156207853854	0.6317280027403087	0.08548174417708723
0.18912321840897195	0.06373427245779092	0.6320381478260204	0.08895521497913075
0.18920598484240758	0.07237635216495289	0.6323483015758837	0.11878595521364606
0.189288744422841	0.05936066126414625	0.6326584639927175	0.10884264083638047
0.18937153686822994	0.053818931016632	0.6329687839034337	0.10447746121316123
0.18945428276249018	0.05016192028493985	0.6332789636418577	0.11663461922425099
0.1895370218071489	0.05051832902062658	0.6335891520556943	0.10667742680898279
0.18961975400334002	0.05892773572012748	0.6338993491477579	0.1065224792212596
0.18970247935219714	0.060867063944579844	0.6342095549208622	0.09716117305754376
0.18978519785485368	0.05802772781287172	0.6345197693778197	0.08968707811558728
0.1898679492095497	0.05091314113519446	0.6348301413704965	0.06452725191744166
0.18995065403961475	0.052421081137332376	0.6351403731827532	0.07605694118152737
0.1900333520268748	0.05750484065364808	0.6354506136872887	0.08741118256200253
0.19011604317246206	0.06086521481829353	0.635760862886912	0.08874768607150628
0.1901986878099347	0.06625416280742095	0.6360709718978521	0.0855455628204341
0.19028132561127867	0.07017513583533365	0.636381089605317	0.10560951742955395
0.19036399625503556	0.06747091755864007	0.636691364886173	0.09561537855123914
0.19044666006164304	0.05193628561210605	0.6370016488733365	0.07227033960487755
0.19052931703223192	0.049095091102333094	0.6373119415696119	0.08054494810883225
0.19061200683550655	0.059100692671511294	0.6376223918643814	0.09430443381186676
0.19069465015383613	0.062040179792814405	0.6379327019663875	0.08899686342677363
0.19077728663953517	0.06552922230485296	0.638243020785906	0.09945140293980487
0.1908599162937334	0.08230993763466266	0.6385533483257373	0.12346519478395228
0.19094253911756018	0.08026738842511898	0.6388636845886813	0.11616452141241736
0.19102515511214474	0.07944028572985368	0.6391740295775364	0.13053744745439255
0.19110780392652252	0.0785362822392735	0.6394845322067602	0.12272213171162472
0.1911904062823791	0.07608887811205889	0.6397948946348883	0.11321166183132042
0.19127300181237644	0.07509688256659414	0.6401052657973116	0.09833793190220637
0.19135559051764253	0.05348725155098799	0.6404156456968253	0.06951642886569195
0.19143813278085847	0.04089434839288666	0.6407258853868579	0.04392572246797001
0.1915206682248708	0.04364400812107819	0.6410361338153696	0.0500447862349029
0.1916032364790653	0.0334669976295651	0.6413465399219396	0.04816797641937146
0.19168579791303514	0.02555224547436468	0.6416569547767637	0.051445386953513535
0.19176835252790697	0.035928239300456716	0.641967378382633	0.05456282557524307
0.19185090034115582	0.0330217041458517	0.6422778107213406	0.06355522790002407
0.19193344133755635	0.05338458745846256	0.6425882518166649	0.09165570804257078
0.19201597551823432	0.060311500609436255	0.642898701671393	0.09280887647360513
0.19209850288431524	0.06604089594198384	0.6432091602883115	0.10516831950551994
0.19218102343692434	0.09759488614321493	0.6435196276702065	0.16390803559773376
0.19226357677928455	0.09691012566890506	0.6438302527902242	0.15500539174206476
0.19234612330715287	0.09572941491930231	0.6441408866849924	0.14260420376873237
0.192428623442425	0.103082896280006	0.6444513803574803	0.157349722314416
0.1925111167687208	0.08208807521889393	0.6447618828060722	0.11379541555126278
0.19259360328716402	0.05177373074996578	0.6450723940335492	0.07047219526910325
0.1926760829988783	0.05892858770594327	0.6453829140426914	0.08871126418208872
0.1927585163388102	0.03684573617378863	0.6456932938196075	0.06622277299065685
0.1928409824567524	0.015908831115457205	0.6460038313793421	0.036166528308452114
0.192923441771332	0.05154778057273818	0.6463143777290711	0.08920453690153607
0.19300585472727655	0.058609505091478935	0.6466247838422461	0.10015320546782315
0.19308826088536518	0.053782206953475735	0.6469351987467437	0.07160815862055712
0.1931706998128959	0.07138995364811104	0.6472457714620086	0.10529621109639985
0.1932531319415494	0.07831121331298824	0.6475563529783621	0.11167203080017189
0.19333555727244703	0.05463355621262873	0.6478669432985774	0.0761503018744313
0.19341801536310463	0.045542108371772014	0.648177691454751	0.06491308938287159
0.1935004666549861	0.061532757229583665	0.6484884484245533	0.09568801135134303
0.19358287161563345	0.02693053895060135	0.6487990651518464	0.04787999036424455
0.19366526978300486	0.048705883151768326	0.6491096906940772	0.0751459057077809
0.19374766115822015	0.06288635787646206	0.6494203250540139	0.09413225078194942
0.1938300457423991	0.05031732544265696	0.6497309682344244	0.07965512441218982
0.1939124235366611	0.038110549444292346	0.6500416202380753	0.057945812555832026
0.19399479455840396	0.06926787631461331	0.6503522810465632	0.10245756802684992
0.19407715879246515	0.03524620290366504	0.650662950683815	0.05925864613497754
0.19415951623996322	0.04104081521592674	0.6509736291525947	0.06340735302245097
0.19424182739447404	0.06267750086598942	0.651284167362874	0.1073808460056368
0.19432413176791208	0.06671018817349439	0.6515947144059624	0.10750912119940324
0.19440646887869478	0.06615039367908941	0.6519054193646978	0.08938261533144518
0.19448879920738316	0.10502141492868325	0.6522161331660008	0.14574623257277566
0.19457112275509444	0.07479367483599536	0.6525268558126307	0.11169514627444468
0.19465343953920283	0.05929673260321857	0.652837587286124	0.06479938957124101
0.19473574954456502	0.057644619269321275	0.6531483276104535	0.07672257896731038
0.19481805277229733	0.045387739321367276	0.6534590767883758	0.07941271331685201
0.19490034922351585	0.037522266033699694	0.6537698348226465	0.06045822704241964
0.19498263889933642	0.05331248731795976	0.6540806017160206	0.07996178982029457
0.1950649218171185	0.0665576612930261	0.6543913774499966	0.11177715162810713
0.19514719796173063	0.06707793719143941	0.6547021620485761	0.11390162585530277
0.1952294673342879	0.06148546811230149	0.655012955514511	0.09651694924384337
0.195311729935905	0.06281423628010852	0.6553237578505524	0.09510664462222947
0.1953939463056392	0.06418296939354284	0.6556344199071577	0.10641424964432435
0.1954761953849496	0.06876013602178732	0.6559452399703743	0.1028875911408095
0.19555843769665965	0.06779397636346536	0.6562560689119392	0.09252780533138819
0.19564067324188295	0.06522996130043623	0.6565669067345995	0.09700621423089063
0.19572290202173281	0.07159365275756177	0.656877753441102	0.10200397162241125
0.1958051634993795	0.08859228823991092	0.6571887581864855	0.12212172968914567
0.1958873787680387	0.08720782635779345	0.6574996226475879	0.12581782870004837
0.19596958727466013	0.08444504254029285	0.6578104960007602	0.11652196932175625
0.19605178902035608	0.09651780228735495	0.6581213782487457	0.14603748561283914
0.19613394457336597	0.07123885416068035	0.6584321202036062	0.11904036016393699
0.1962160933709158	0.05161169265124691	0.6587428710544889	0.07947456059997249
0.1962982748567098	0.05443861732748442	0.6590537799820088	0.0926183025691847
0.19638044958602185	0.05382278594683915	0.6593646978152983	0.10255147528162056
0.19646261755996283	0.03950065164297081	0.6596756245570958	0.05715046716662063
0.19654477879583923	0.052319971566369125	0.6599865601887658	0.08208039034818732
0.1966269332785628	0.05199952426475047	0.6602975047344114	0.0930890358079718
0.19670908100924356	0.041743681560518886	0.6606084581967685	0.05876046511142953
0.19679122198899127	0.04104681513024985	0.6609194205785722	0.06357883807908732
0.19687335621891544	0.05948355074745324	0.6612303918825563	0.10065177076102985
0.1969555231168019	0.05058740161515593	0.6615415213235073	0.08363800573383796
0.19703768326384383	0.0625210377758949	0.6618526596963846	0.09960375139735331
0.1971198366611504	0.06483834256995945	0.6621638070039209	0.11484761734058863
0.1972019439190446	0.0741852138533054	0.6624748140025235	0.12561862226524334
0.197284044432656	0.05304749240894327	0.6627858299369562	0.10359489166834122
0.1973661382030924	0.05841518590455449	0.6630968548099482	0.11031322823319788
0.19744818585037074	0.06247237974515314	0.6634077393650355	0.11260355561774857
0.19753022675992235	0.0664252516329102	0.6637186328598417	0.10967267407129241
0.19761230032363977	0.06140181017144502	0.6640296845434156	0.09922284385698212
0.1976943671486083	0.0823138901876828	0.6643407451764477	0.12355222693341528
0.197776387867766	0.06701710416287067	0.664651665485293	0.10216582855268223
0.19785844123470936	0.05393073627263063	0.6649627440039351	0.07486955990755602
0.19794048786621987	0.047418953335258876	0.6652738314801986	0.07145750774982891
0.19802252776340318	0.05472381127370814	0.6655849279168049	0.08136675112853134
0.19810456092736467	0.05653037534087782	0.6658960333164746	0.07638903229734398
0.19818662672737794	0.07323809321780635	0.6662072969582966	0.10347768467551398
0.19826868579314827	0.08907606900709181	0.6665185695729207	0.13170041118761422
0.1983506987802116	0.10176468215082138	0.6668297018565781	0.15101939365935546
0.19843270503846944	0.087929606809861	0.6671408431141658	0.13353353625808287
0.1985147045690258	0.09385408527624468	0.6674519933484002	0.12891716523039776
0.19859669737298447	0.09717622086772855	0.667763152561996	0.14084093355762622
0.19867864411877872	0.0728094647726893	0.668074171433945	0.10057346585646969
0.19876062348897655	0.062077545672348314	0.6683853485928567	0.07035508609919591
0.19884259613588365	0.07286991182699093	0.6686965347392639	0.0977337624051111
0.19892452273759942	0.04828220384424462	0.6690075805392182	0.07853610573497419
0.19900644262145342	0.03909327233951796	0.669318635327772	0.048877414660877236
0.19908839512121737	0.05127225549400064	0.6696298484313566	0.0751818249520192
0.19917034090209712	0.0610916085167993	0.6699410705332715	0.10297366120529826
0.19925227996519435	0.055860754027271475	0.6702523016362247	0.08064387706648787
0.19933425163461366	0.08078961023303241	0.6705636910795836	0.1210593036121388
0.19941621658522907	0.09495419782143591	0.670875089533713	0.14633356580212517
0.19949813551768608	0.10571970448990178	0.6711863476344133	0.1541680135952547
0.19958004773676158	0.09833080798353917	0.6714976147469692	0.1413688725076303
0.1996619532435559	0.08056866354125859	0.6718088908740845	0.12145798659455119
0.19974385203916897	0.06952481110513437	0.6721201760184616	0.11294703315064986
0.19982574412470047	0.04802124332079398	0.6724314701828027	0.09152755542980284
0.1999076295173373	0.04207245814168984	0.6727427733481682	0.07921649927476083
0.19998950820208852	0.04558903318865734	0.6730540855388925	0.08290627434722714
0.20007138018005313	0.04202788324622733	0.6733654067576745	0.08124896595993317
0.2001532454523297	0.03393059909910094	0.6736767370072129	0.045573907547679975
0.20023506474850705	0.042784298962086034	0.6739879268843249	0.055220056507719564
0.2003169166287766	0.04589610705415101	0.6742992751817944	0.057598939757558004
0.20039876180664976	0.048576145890957385	0.6746106325181034	0.059927103711454294
0.20048060028322406	0.08238434360889127	0.6749219988959468	0.10281935799740924
0.2005624320595969	0.0997108153755132	0.6752333743180187	0.13221162751389934
0.20064429640837478	0.09703443294283196	0.6755449081928919	0.14379222216462503
0.20072611480369634	0.08005426440349124	0.675856301689794	0.13067135789592485
0.200807926502104	0.06849838378344625	0.6761677042389945	0.10587281757626436
0.20088973150469397	0.056416993765942815	0.676479115843184	0.09920727173912247
0.20097152981256217	0.0498848571179662	0.6767905365050519	0.09425056933030043
0.2010532821874089	0.047742966968160286	0.6771018167779779	0.06265616317332512
0.20113506712516824	0.04824121442622382	0.6774132555415309	0.07620427073181041
0.20121684537148932	0.06711320152697889	0.6777247033708191	0.11099608659106765
0.2012986169274671	0.05664480189892035	0.6780361602685288	0.0680901442513934
0.2013803817941961	0.06555987639905558	0.6783476262373451	0.09654961323317779
0.2014621399888081	0.0815755471835761	0.6786591012581893	0.12069225299801445
0.20154389149635712	0.08069597472068504	0.6789705853555013	0.10382958686976666
0.20162563631793698	0.08146258719884861	0.6792820785319637	0.12272655794007113
0.20170737445464115	0.09607568174260497	0.6795935807902582	0.16309263187864595
0.20178906669702396	0.07430601084570633	0.6799049426445618	0.11553052305366629
0.2018707914832806	0.07537917450784123	0.6802164630527668	0.12839469003607473
0.20195250958793795	0.0884530890438053	0.6805279925508371	0.1467988430314838
0.20203422101208837	0.06335685938253022	0.6808395311414506	0.09620759372157493
0.20211592575682413	0.0598111478048626	0.6811510788272849	0.09474167000222414
0.2021976238392509	0.06535980933907316	0.6814626355891955	0.10840522875578976
0.20227931524444398	0.029814511782890463	0.6817742014516723	0.05668330581449896
0.20236099997349466	0.03872471737478178	0.6820857764173898	0.06743556495633579
0.20244267802749405	0.045720390003641816	0.6823973604890222	0.08005180404010265
0.2025243102258081	0.027371266041592734	0.68270880414144	0.030346467563246018
0.20260597494897803	0.0418327832185243	0.6830204064110665	0.047328133586818255
0.2026876330003658	0.06325079928626816	0.6833320177946174	0.0953284004486128
0.20276928438106148	0.05147740159348629	0.6836436382947625	0.06922634108177261
0.2028509290921548	0.06450596746006187	0.6839552679141717	0.09740842758745619
0.20293260631646026	0.09654428912864337	0.684267056183315	0.1703718570801968
0.20301423770760493	0.08742494028131761	0.6845787040273721	0.14469429634579892
0.2030958624324124	0.08163381287939078	0.6848903609986898	0.12701811813370428
0.20317748049197135	0.08287000412450868	0.6852020270999337	0.14631306753946255
0.20325909188737024	0.0640451914222479	0.6855137023337694	0.11610598639534928
0.2033406574699399	0.029771252458472175	0.6858252371312704	0.06145555720358545
0.20342225555625756	0.03200908219848907	0.6861369306163638	0.08175454130947761
0.2035038469816763	0.04360558899390632	0.6864486332420324	0.08562802889375357
0.20358543174728344	0.03120942825342707	0.6867603450109375	0.07113027056043714
0.20366697071717976	0.05480457545693045	0.6870719163366008	0.08371055270344156
0.20374854218238916	0.07717893023624334	0.6873836463780184	0.1123174103579395
0.20383010699104492	0.0537385368906013	0.6876953855706458	0.055547727414252526
0.20391166514423334	0.06730664766978176	0.6880071339171411	0.08086624069733764
0.20399321664304051	0.09038300188594774	0.6883188914201614	0.10679748157904144
0.20407480062553854	0.06338726483203454	0.6886308076715025	0.077006934662253
0.20415637795263325	0.07577505303308704	0.6889427330890737	0.09110513341132834
0.20423790951075885	0.09260693404015584	0.6892545180556237	0.15112051630644158
0.20431943441884212	0.0676890817888093	0.6895663121893127	0.11918975660083156
0.20440095267796776	0.05090576503108998	0.6898781154927938	0.09657519477642573
0.20448246428922023	0.04911908692420234	0.6901899279687189	0.09857523726129418
0.20456393015178015	0.022504919175949344	0.6905015999822268	0.050975724168195305
0.2046454284864742	0.021108593441345695	0.6908134307889803	0.028504887156125466
0.2047269201765443	0.03016222817641074	0.6911252707761222	0.037331067353834665
0.20480836613072384	0.03167310522682712	0.6914369702955745	0.053529889167630226
0.204889805445632	0.04985494020532902	0.6917486789963007	0.0757027520827582
0.20497127722425468	0.059766275750800166	0.6920605465184588	0.10605657405389021
0.20505274236258275	0.06875830983726325	0.6923724232315883	0.12099654415016184
0.20513420086169856	0.06612893425816767	0.6926843091383343	0.11278238877748363
0.20521569181503413	0.07012254746315477	0.692996353892068	0.09971076184874239
0.20529717612813522	0.08265531733874887	0.6933084078491166	0.1249363260299487
0.2053786147320179	0.08963734161267754	0.6936203213305051	0.1087485214619526
0.2054600467010124	0.08018403552739306	0.6939322440160755	0.09988111896192839
0.20554147203619974	0.08694779717989444	0.6942441759084689	0.11022908130684084
0.2056228907386607	0.07712945833054205	0.694556117010325	0.0985817484015363
0.20570430280947571	0.05155125943989024	0.6948680673242833	0.06627278446364354
0.20578574731979113	0.05853430352166451	0.6951801765346008	0.0902299929035037
0.20586714614645155	0.04747089530516276	0.6954921452585698	0.0814507530413281
0.20594853834470334	0.0375392681719609	0.6958041232025466	0.07099174224531936
0.20602992391562594	0.06765147248198297	0.6961161103691671	0.10522379421009107
0.2061112638188405	0.07513310205379935	0.6964279570396446	0.11479192317536133
0.20619259710006177	0.0654003431896941	0.6967398129336031	0.10620090203753414
0.2062739628113546	0.09704240696647042	0.697051827761821	0.12977211365368405
0.2063553218996307	0.10237020684697247	0.6973638518232099	0.14413449959925806
0.20643667436596827	0.07878665864671663	0.6976758851204017	0.11900830028337546
0.20651805925290315	0.08040286106073115	0.6979880773774476	0.10679478328437327
0.2065993984944703	0.06621365495579445	0.6983001291319714	0.09189342385682554
0.20668073111732907	0.05084167804097517	0.6986121901301805	0.09046433797324246
0.20676205712255658	0.05871537270040286	0.6989242603747031	0.09723437904179094
0.20684337651122953	0.06592208162503518	0.6992363398681662	0.09362736421020482
0.20692468928442448	0.07436922150439727	0.6995484286131961	0.1126244114548049
0.2070060344656245	0.08124665874193583	0.6998606763604345	0.11807725708877641
0.20708733402695007	0.07676303957724175	0.7001727835942716	0.09755357269789457
0.20716862697602303	0.06582959536420271	0.7004849000875425	0.07375964096560864
0.20724991331391898	0.06310165533036394	0.7007970258428704	0.09006284279795056
0.20733115404784458	0.06317505954820402	0.7011090110748888	0.08341655262115014
0.2074123881759134	0.07263671452220641	0.7014210055697574	0.09570183259069538
0.2074936547025737	0.08378792214302458	0.7017331591047515	0.12090167315846864
0.20757491462235367	0.07490408961071442	0.7020453219122793	0.1090854841433682
0.2076561679363275	0.05497346684536895	0.7023574939949593	0.08737336284049432
0.20773741466140655	0.046743926065488085	0.702669675333157	0.08942506454314901
0.2078186547828245	0.04297388859172777	0.7029818659517352	0.08457853545702151
0.20789988830165465	0.020383361832848397	0.7032940658533099	0.05498376772323909
0.20798111521897025	0.04651444233554073	0.7036062750404962	0.09738811679507489
0.2080623355358441	0.057667407048720226	0.7039184935159084	0.10975510630415344
0.2081435492691734	0.04371793185586404	0.7042307212598767	0.06963315280229967
0.20822475640420327	0.04723938894035308	0.704542958297291	0.06907436831470917
0.20830595694200593	0.07693155442197298	0.7048552046307628	0.09846501634231525
0.20838715088365314	0.05821031381114723	0.7051674602629031	0.05652081187370808
0.2084682992806588	0.0786111476266741	0.7054795753459513	0.06618355178912916
0.20854948004902119	0.10737630095700691	0.7057918495609433	0.12805825997722137
0.20863065422443952	0.08611034186283975	0.7061041330824254	0.10888242692835748
0.20871182180798448	0.07105557834530035	0.7064164259130051	0.09907690632115479
0.20879298280072667	0.08641257899330809	0.7067287280552892	0.13852781054964555
0.20887413721953782	0.06863815136798945	0.7070410394895438	0.12849117825016548
0.2089552850496838	0.057653794754615725	0.7073533602407072	0.10310190081932742
0.2090364262922344	0.08819757465717175	0.7076656903113835	0.1454084966311322
0.2091175609482591	0.07920971998508354	0.7079780297041762	0.13412959135408847
0.20919865009770128	0.06688239636759682	0.7082902285310855	0.10916495632477613
0.2092797715996702	0.08609321231090042	0.7086025865535467	0.13627178282863345
0.20936088651831755	0.08200123330521092	0.7089149539059227	0.12022768149026039
0.2094419948547117	0.06136275095291585	0.7092273305908139	0.06994711087484765
0.2095230966099209	0.0712109794040649	0.7095397166108193	0.08096807365750106
0.2096041918007914	0.0702966640536878	0.7098521119461408	0.08177966774674415
0.20968528041260992	0.03855205701164489	0.710164516621766	0.03134611346968521
0.20976636244644392	0.03563550613549956	0.7104769306402914	0.0386197406042853
0.2098474379033605	0.043198404554257115	0.7107893540043124	0.0682903579473846
0.2099285067844265	0.05303215104418501	0.7111017867164242	0.08317418106289462
0.21000960799605606	0.060178250612592715	0.711414378692219	0.1008411201091289
0.21009066374438365	0.08241817169967447	0.7117268300858602	0.14345806791245574
0.2101717129200571	0.09993186545364052	0.7120392908353653	0.1587143218347633
0.2102527555241424	0.08812884415383374	0.7123517609433262	0.14116276699687874
0.21033379155770515	0.08434395272142811	0.7126642404123333	0.11949831380968304
0.21041482102181058	0.08542815247375136	0.7129767292449766	0.11388108565188114
0.21049584393327406	0.06972067880231125	0.7132892274213809	0.09620431939135617
0.21057686027740763	0.03304160613126787	0.7136017349665922	0.051793946774975785
0.21065787005527573	0.03548459782473581	0.713914251883198	0.060359898373237394
0.21073883440670518	0.045216409254934156	0.714226628197915	0.090088849685619
0.210819792197146	0.06304325673333708	0.7145390138846962	0.10642377751595315
0.21090078229834008	0.06682816368144337	0.7148515589085055	0.10151822562312113
0.2109817658375218	0.09506755892543345	0.7151641133140442	0.1403682361514819
0.21106274281575435	0.0916894933839572	0.7154766771038948	0.135822116368277
0.21114375209533828	0.07754604130235199	0.7157894002565093	0.1133475338506949
0.21122471597058867	0.03736084231589872	0.7161019828002106	0.06415729928622092
0.2113056732880756	0.03140861312863068	0.7164145747359626	0.059723962213635504
0.21138662404886127	0.034670545184715754	0.7167271760663446	0.068539406833697
0.21146756825400773	0.04397056629712461	0.7170397867939359	0.09031646379930172
0.2115485059045766	0.04549805000685261	0.7173524069213145	0.0848762252625135
0.21162947584399103	0.05711361412242437	0.7176651864539492	0.09925795923544585
0.21171040040430086	0.06659188266907634	0.7179778253660765	0.11998080580665046
0.21179131841321416	0.07988663966532414	0.7182904736857142	0.12542676160241165
0.21187222987179163	0.07833447027388585	0.7186031314154373	0.10771569838090103
0.21195309596700757	0.06138466948499224	0.7189156485143169	0.08437508501159396
0.2120339555171491	0.07801163771990886	0.7192281750239077	0.11947716696624279
0.21211484734677977	0.07382667343798334	0.7195408609767393	0.11158591802740103
0.21219573263031222	0.060480933081972846	0.719853556349941	0.09586651303716902
0.21227661136880568	0.07159598226045004	0.720166261146083	0.12077203811614245
0.21235748357901124	0.09046524407080078	0.7204789753451295	0.15887452369457183
0.2124383492462933	0.05955284638092556	0.7207916989722489	0.11092354426618908
0.21251920837171057	0.0647796107713926	0.7211044320300097	0.10263450031059529
0.2126000609563214	0.06664534814768502	0.7214171745209792	0.1163943016687658
0.21268090700118392	0.04872056266746034	0.7217299264477235	0.07656018922031477
0.21276178530575018	0.03548988857889431	0.7220428378789177	0.05259462260953441
0.21284265706954522	0.06787924123437161	0.7223557587555445	0.0969359193767656
0.2129234835171827	0.06704685057620989	0.7226685389823555	0.09371265431403034
0.21300430342929919	0.07467192529860996	0.7229813286551928	0.09669588422961166
0.21308511680695144	0.09787896278305624	0.7232941277766191	0.14254966179693032
0.21316588488414717	0.10965147146410033	0.7236067862377817	0.1527868114897125
0.21324664643212485	0.10260718368121584	0.7239194541481162	0.14874888130803515
0.21332744022838415	0.1115814930829673	0.7242322816079946	0.1684845406216437
0.21340822749440147	0.09454342356125098	0.7245451185266967	0.1468297832120988
0.21348900823123235	0.08103449541066562	0.7248579649067807	0.11230085736107374
0.21356978245558575	0.06804887879789977	0.7251708207281056	0.10745628665233162
0.2136505501528604	0.05212330024810605	0.7254836860159198	0.07754035567506776
0.2137313113241112	0.04294769264034883	0.7257965607727797	0.06544997875351587
0.2138120659703926	0.04779580045506358	0.7261094450012395	0.0665396354803054
0.21389281409275887	0.04037136900292447	0.726422338703854	0.0636640056397765
0.21397359444365927	0.050517345644594716	0.726735392017288	0.06469521633204299
0.2140543295369956	0.06031861116938824	0.7270483046531346	0.08515335651862746
0.21413505810957562	0.05282645421995825	0.727361226770787	0.07104911128200757
0.21421578016245246	0.05203761254092616	0.7276741583727953	0.07584936163864678
0.21429649569667916	0.07469267802149826	0.7279870994617097	0.10314285675274779
0.21437720471330834	0.0697368858910008	0.7283000500400792	0.10178633095399003
0.2144579072290186	0.06946663566777894	0.7286130100876868	0.09381314356445339
0.21453860322923363	0.07791761390572301	0.7289259796298391	0.11070623032846375
0.21461929271500532	0.08332592897926897	0.7292389586690831	0.13026153509775895
0.21469993697975204	0.07624060743943264	0.7295517970101361	0.12273421994260243
0.21478057473528234	0.06563693368651141	0.7298646448488091	0.11054408668971852
0.21486124469964682	0.07190855702359975	0.7301776523718031	0.11551253011866539
0.21494190815377082	0.07287207043007858	0.7304906694020606	0.11465192561592148
0.21502256509870504	0.06777841037079999	0.7308036959421247	0.1000469956894019
0.21510325424313337	0.05253378978564652	0.7311168821923649	0.0853941414685135
0.21518389818844239	0.06582997129306262	0.7314299277368453	0.09150730996893905
0.2152645356277096	0.05436140998535152	0.7317429827987487	0.07834677420741384
0.2153451665619848	0.04671300040563961	0.732056047380614	0.07579799934248053
0.21542579099231735	0.0408795886324683	0.7323691214849802	0.060053253057814976
0.21550637024332206	0.044275847285418835	0.7326820548708972	0.05966562598381998
0.21558698168450735	0.04856666687589016	0.7329951480050259	0.07948486784754112
0.2156675866248943	0.06789804285307201	0.7333082506692594	0.10219798592411436
0.21574818506553123	0.07223491980028435	0.7336213628661332	0.10169451033314322
0.21582877700746636	0.09325814693915208	0.7339344845981814	0.12854000716866884
0.2159093624673282	0.09445031246802216	0.7342476158450624	0.13087537684542583
0.21598994143058126	0.09808098266638607	0.7345607566321781	0.11938922202035904
0.21607051389827295	0.09481679947771239	0.7348739069620603	0.10521884371602683
0.21615107987145044	0.09410543499368904	0.7351870668372402	0.10406079722093259
0.21623163935116055	0.08018425184406389	0.735500236260248	0.09812085224076511
0.21631219235401808	0.07153107256217821	0.7358134152107076	0.09737038006828361
0.21639273886549878	0.05309281037094948	0.7361266037140473	0.0857567163528196
0.21647327888664875	0.02788908950659731	0.7364398017727947	0.06817867578764739
0.2165537737825602	0.028014846112592424	0.7367528590864554	0.07120959723377407
0.21663426219334445	0.035765607412695605	0.7370659259559864	0.08782620681259568
0.21671478276533218	0.05837824087547569	0.7373791526731801	0.10410666947145136
0.21679529685116866	0.08508321187727026	0.7376923889558787	0.13110770750753997
0.2168758044518989	0.11901973521393178	0.738005634806606	0.1764061643403156
0.2169563442045212	0.10521636561597282	0.7383190405309065	0.16277426071323922
0.21703683885371794	0.10739440806754319	0.7386323055022993	0.14598006938780247
0.21711732702093894	0.08106391529951049	0.7389455800492811	0.12345876034801011
0.21719780870722807	0.06435312815651646	0.7392588641743724	0.0975238715516444
0.2172782839136289	0.05295942920772527	0.7395721578800929	0.06832660430545301
0.21735875264118484	0.07807574214911146	0.7398854611689615	0.10121006858133727
0.2174392535082351	0.06428209385109546	0.7401989243740684	0.09058437632917307
0.21751970929676087	0.07230184774683002	0.7405122468137906	0.08859494544509816
0.21760015860956777	0.0765421121371375	0.7408255788442066	0.1130443046049975
0.2176806014476982	0.07848953469721157	0.7411389204678321	0.12029182240104627
0.2177609992228471	0.05938879040810645	0.7414521213152081	0.08468327844753826
0.21784139052850807	0.06028600383059902	0.7417653317562137	0.08062267298187897
0.21792181396437865	0.06541540228375553	0.7420787021515274	0.09667327930211117
0.2180022309297371	0.06769422068098158	0.7423920821500988	0.0996905379413997
0.21808264142562456	0.0718175242549409	0.7427054717544401	0.10782825409959584
0.21816304546859244	0.08963562325223656	0.7430188709440173	0.13364506856539288
0.21824344304416823	0.0824844473222086	0.7433322797443791	0.1315260055579081
0.21832383415339224	0.08442275847064602	0.7436456981580343	0.13004203242753318
0.21840421879730468	0.06974845379101964	0.7439591261874914	0.10983994880566604
0.21848459697694528	0.05626989839858095	0.7442725638352581	0.08460081900372488
0.21856500726719022	0.04804831082610912	0.7445861614988595	0.06852233726988677
0.21864541109214014	0.06418866700509906	0.744899768790398	0.0885925362787929
0.218725769900695	0.0707901361345971	0.745213235285044	0.09995444689742372
0.21880612224913235	0.06876414922804923	0.7455267114080157	0.0992557982766401
0.21888646813849086	0.07929188150407562	0.7458401971618167	0.13156437686975775
0.21896680756980885	0.07278626560759721	0.7461536925489498	0.13047800443236574
0.21904710200436878	0.06219384327116846	0.7464670471260927	0.10782796160236033
0.21912742853820041	0.06603692460598272	0.7467805617642784	0.10574998439507356
0.21920774861710254	0.07230701663147462	0.7470940860432935	0.1045287221441206
0.2192880622421125	0.04964745968434786	0.7474076199656374	0.05179219012510307
0.21936833088688784	0.046440205818209214	0.747721013069477	0.06464550933778006
0.21944863162269518	0.050145934779643936	0.7480345662628337	0.07833724465412471
0.2195289259077184	0.03257686928325182	0.7483481291070072	0.05600319617272252
0.21960921374299375	0.043339609158919816	0.7486617016044936	0.0744586228051792
0.2196894951295574	0.06789916932951243	0.7489752837577885	0.12715224657118238
0.21976980859582468	0.0647830819572844	0.7492890260337186	0.1026061742630132
0.21985011561235696	0.06801647880962468	0.7496027779750786	0.09813291326644051
0.21993037767445525	0.06729739556004473	0.7499163890875876	0.11123806057145388
0.2200106332919812	0.06068181308718997	0.7502300098658735	0.09985022624297642
0.2200908824659696	0.06063986646936896	0.7505436403124273	0.08732754293167228
0.2201711251974551	0.08065539927878433	0.75085728042974	0.12014323545548901
0.22025132299409136	0.06907999166339879	0.751170779704966	0.1161688121918274
0.2203315528591172	0.09251805182610931	0.7514844391480591	0.12781056523981146
0.22041177628473987	0.09390450487483341	0.751798108269372	0.12734485111156327
0.22049195478787098	0.06734025958818046	0.7521116365421274	0.1000510959158853
0.22057212685675365	0.07344048527578498	0.7524251744934275	0.09605728403822171
0.22065233098580103	0.06242910637949887	0.7527388726410931	0.073514597561552
0.22073252867957568	0.040508035499073676	0.7530525804769179	0.05887870151194197
0.22081271993911022	0.05345735349838193	0.7533662980033866	0.07294838669175022
0.22089294324955897	0.05590604031767198	0.7536801757522478	0.0741053098515762
0.22097316012474433	0.042488167161062886	0.7539940632013684	0.05895971965812179
0.22105333210317277	0.07405224219469525	0.7543078097914064	0.09886476641571863
0.22113349765148654	0.05507620253425459	0.7546215660820118	0.08351079920748586
0.22121365677071697	0.03585184496727907	0.7549353320756645	0.06489984991401374
0.2212938094618952	0.05327569395669721	0.7552491077748443	0.10369897047844955
0.22137395572605206	0.061630285332880244	0.75556289318203	0.12100870907495284
0.22145409557962703	0.0749353365653965	0.7558766882764099	0.13635391527223464
0.22153422900823916	0.10041647235757047	0.7561904930837448	0.145562944670204
0.22161435601291854	0.10972889832178431	0.756504307606511	0.15554782028553715
0.2216944381568144	0.10112782379417173	0.756817981248086	0.12839401113188234
0.2217745138819173	0.09250282176967452	0.7571316646053754	0.1045772614299393
0.2218546216363732	0.052712581792751664	0.7574455082659666	0.05540429485728726
0.22193472297101197	0.061225911543278375	0.7577593616518807	0.07390469835337521
0.22201481788686245	0.05410251742947176	0.7580732247655904	0.06667239274064933
0.22209494482283398	0.05539548113226076	0.7583872482086653	0.07234202402005044
0.22217502691958013	0.06261229446650457	0.7587011307620368	0.08935296872988255
0.2222551026006207	0.07197143879073989	0.7590150230506103	0.1177233771816465
0.22233517186698354	0.07200274805663892	0.7593289250768549	0.1109314832705667
0.22241523471969632	0.07961490389334039	0.759642836843239	0.12801426387931636
0.22249525275267165	0.07312298790575059	0.7599566077064288	0.12623992726472394
0.22257530279654061	0.07378296394017725	0.760270538937122	0.12005988331349743
0.22265534642983847	0.08599195359430224	0.7605844799153494	0.13133643065194744
0.22273538365359197	0.06967562231616845	0.7608984306435763	0.10702345344263316
0.2228153760740037	0.050941662994982394	0.7612122404597537	0.08205660976498527
0.22289540049711187	0.07130554897938308	0.7615262106719763	0.10053778746837103
0.22297541851375166	0.06527037961586346	0.7618401906415838	0.08733060552102695
0.22305543012494877	0.05687236366631758	0.7621541803710382	0.064637670687047
0.22313543533172867	0.0731310206692272	0.7624681798628009	0.08787659801756016
0.22321547252994026	0.08399266197886245	0.7627823397838461	0.09977193101020336
0.2232954649463131	0.0564681284773753	0.7630963587841807	0.06600793813399133
0.22337545096134107	0.06690053584553203	0.7634103875541968	0.09029555508694584
0.22345543057604855	0.06508644319505173	0.7637244260963528	0.10048763329091942
0.22353536542426405	0.05884351155872129	0.764038323706418	0.09824180647794123
0.22361529387727624	0.05079853717977718	0.7643522310888429	0.06631235559181081
0.22369525431250653	0.06538652642663247	0.764666298938705	0.08712727746436251
0.22377520835150927	0.06966229858963446	0.764980376570526	0.09740031344587269
0.22385515599530764	0.05905913891759347	0.7652944639867602	0.0825379846624106
0.22393509726025715	0.07511379438463332	0.7656085611663884	0.10314036567733657
0.22401503213204557	0.09875975361106573	0.76592266813533	0.16571488486277147
0.22409496061169532	0.09766687737990236	0.7662367848960372	0.1623655222662453
0.2241748827002287	0.08367346487455382	0.7665509114509609	0.1257032076309602
0.2242547983986677	0.08977187246118046	0.7668650478025514	0.13016482464709955
0.22433474605989717	0.09091094030601767	0.7671793446834192	0.12676175646019122
0.224414687330009	0.0806814327398156	0.7674936513705524	0.09221215473777333
0.22449458387960966	0.06469072921025079	0.767807817103324	0.0729170327996288
0.22457447404319897	0.07053237307139781	0.7681219926425504	0.1051422263422076
0.2246543578217977	0.07028111477366433	0.7684361779906776	0.09740409194454086
0.2247342352164264	0.03498385195416871	0.7687503731501517	0.06097439190753674
0.22481406790993208	0.02496713781953277	0.769064427341511	0.06647158749692977
0.22489393255498438	0.058721041655174624	0.7693786421074691	0.11312883496408278
0.22497379081912433	0.04331615447227762	0.7696928666921004	0.08345364656427098
0.22505360439437277	0.046200788406785	0.7700069503018093	0.0982055127212301
0.22513341159380731	0.06751891167395585	0.7703210437303587	0.11523303459652894
0.2252132507366198	0.07429019372291684	0.7706352977620948	0.10119006269355006
0.22529308350259417	0.07013876184395168	0.7709495616222636	0.08688930494504091
0.22537290989274894	0.085029547788099	0.7712638353133044	0.10130815429151092
0.2254527682171011	0.07342268758680062	0.7715782696336938	0.0847861063779132
0.2255326201646105	0.07597298653309872	0.7718927137945485	0.09416281318790579
0.2256124657362954	0.0560168664793954	0.7722071677983069	0.08012479202852345
0.2256922666486315	0.03571401162238488	0.7725214808136132	0.05958216287983836
0.22577206119023485	0.03134742638445634	0.772835803671971	0.056431634486367316
0.22585184936212244	0.04198319671400576	0.7731501363758153	0.06639225631572214
0.22593163116531123	0.061003604607789697	0.77346447892758	0.07912693452585362
0.22601136832848812	0.08140269908380347	0.7737786804770049	0.10691914046759154
0.22609113741259543	0.08058098347332672	0.7740930427082783	0.11049292281440463
0.2261709001310505	0.09392792048504596	0.7744074147947634	0.12638928579637998
0.22625061822169237	0.0778948239787437	0.7747216458720138	0.12246560999198677
0.22633032995176589	0.05252193029584041	0.7750358868046023	0.08985406775609148
0.2264100735946157	0.05144823312127497	0.7753502884476506	0.08486392317598562
0.22648981087587308	0.06258903229829144	0.7756646999556238	0.10213686689706994
0.22656954179655286	0.04950437152374592	0.7759791213309495	0.07833509347415832
0.22664930462084676	0.04612614725514212	0.7762937034429321	0.06690078704776692
0.22672906108353988	0.06156448636811361	0.7766082954318548	0.10221939388941706
0.22680877294381874	0.06222497787505108	0.7769227464001138	0.08946371044920332
0.2268884784475748	0.06314122695911809	0.7772372072454226	0.08271810377363442
0.2269681775958218	0.055828107459927064	0.7775516779702052	0.07992189785187598
0.22704787038957325	0.082633059090394	0.7778661585768849	0.09597815332132885
0.22712755682984234	0.06831907911783053	0.7781806490678841	0.074675232206208
0.22720727515947017	0.06750228864468623	0.7784953003456544	0.0846227077489402
0.22728694891104334	0.061146332580993584	0.7788098105888384	0.07350560916172166
0.22736661631216987	0.07654630484897372	0.7791243307235982	0.1061831246141441
0.22744627736386205	0.05740972060628415	0.7794388607523531	0.09188426478524765
0.2275258938527122	0.06250366969748698	0.7797532497347914	0.0942700703052147
0.2276055039971963	0.06254894370806051	0.7800676486113083	0.09263575904487227
0.22768514602187462	0.0705854404238957	0.78038220831281	0.11224626207251498
0.2277647817011627	0.07447550969802876	0.7806967779179705	0.10135582154477835
0.22784441103607167	0.08042372968345819	0.7810113574292052	0.12079849126626568
0.227924034042823	0.0919898627850024	0.7813259468251644	0.1462976609078632
0.22800365070721415	0.10532456961410586	0.7816405461320206	0.1656657709678937
0.22808326103025545	0.09250247621088531	0.7819551553521868	0.14493529164480842
0.22816286501295696	0.08875673421949082	0.7822697744880753	0.14635634169486672
0.2282424626563285	0.08268832557969119	0.782584403542098	0.12028622465804278
0.2283220539765783	0.05482181160670646	0.7828990424928721	0.07200201868713356
0.22840163895951462	0.04969051158519551	0.783213691366595	0.06239660186242629
0.22848121760614665	0.061122840972370626	0.7835283501656762	0.06865145637465471
0.22856078991748321	0.04892896901892631	0.7838430188925244	0.056447040900931784
0.22864035589453305	0.0778457783296759	0.784157697549547	0.1038766548321279
0.22871991555349094	0.07917010515544749	0.7844723861153291	0.11477302019037701
0.22879946888017616	0.06273929891985339	0.7847870846160931	0.09139624951245584
0.22887901587559661	0.07486625283626681	0.7851017930542444	0.11624000434510215
0.22895855654075994	0.07061307936389696	0.7854165114321878	0.1127030830636645
0.22903809087667357	0.04282676364335644	0.7857312397523266	0.06830380751999064
0.22911761889951915	0.06403402969576993	0.7860459779932143	0.10251649344221264
0.2291971405951268	0.0878120838344796	0.7863607261810974	0.14309238150839634
0.2292766559645032	0.07681514856336408	0.7866754843183777	0.11330056262711072
0.22935616500865483	0.08679467196678699	0.7869902524074561	0.12290006934453425
0.22943562958706784	0.0973425863585197	0.787304879393673	0.14605547342528846
0.22951512599895071	0.08907095963446456	0.7876196673696676	0.13573688460495426
0.22959461608862436	0.06889451687437262	0.7879344653046526	0.10910849797817115
0.2296740998570943	0.05759280759881908	0.7882492732010257	0.09659297617114998
0.22975353917596736	0.055804461521067716	0.7885639399850064	0.0890536005873492
0.22983301032019812	0.05492167902598648	0.7888787677874434	0.07941127516546811
0.22991247514623786	0.04536398271723357	0.7891936055584516	0.056339814976572054
0.22999193365509113	0.03201743132045925	0.789508453300426	0.04335414441653236
0.2300713858477622	0.05142682338708703	0.7898233110157602	0.07347706343105438
0.23015086985465363	0.05038144904598844	0.7901383297830252	0.07087025605622337
0.23023030943311304	0.045825827434951776	0.790453207428327	0.06892527052623841
0.23030974269839935	0.05791119730948839	0.7907680950541606	0.08603046378319767
0.23038916965151593	0.07003283912706251	0.7910829926629166	0.09344761333288466
0.23046859029346584	0.060644862952365666	0.7913979002569853	0.08394080112604947
0.2305479665261278	0.0674225938619962	0.7917126667146991	0.10270214715587664
0.2306273745638816	0.08266010901975043	0.7920275942626009	0.12031169684090473
0.23070677629347422	0.08222404769923765	0.7923425318029759	0.10858349254776076
0.23078613362585365	0.0867105616408086	0.7926573281997722	0.12265677988596278
0.23086548465510087	0.09045985465556683	0.7929721345890153	0.1222558293679383
0.23094486748134122	0.07515931526626193	0.7932871020971465	0.09553607623920624
0.23102424400342525	0.058065102736849734	0.7936020796072891	0.07952149941295371
0.23110361422235418	0.06563215035504757	0.7939170671218273	0.09270138004804032
0.2311830162291832	0.05894187652389837	0.7942322157815832	0.07326625057296628
0.23126241193183397	0.051273721550433644	0.7945473744553004	0.07516860809160285
0.2313417632624095	0.06942362058913487	0.7948623919733109	0.10172306421861024
0.2314211082938299	0.07511191062141315	0.79517741950524	0.10731111229530933
0.23150044702709524	0.06279512612329208	0.7954924570534682	0.09388272225428465
0.2315797794632053	0.07955017806199263	0.7958075046203752	0.12988629884686465
0.2316591056031596	0.06321043251203916	0.7961225622083397	0.1068387049466801
0.23173842546305262	0.0597111667355115	0.7964376297956998	0.0911799916335256
0.2318177390287858	0.06434538282253635	0.7967527074088673	0.09677334450168834
0.23189704630135802	0.05368608945410386	0.7970677950502184	0.09501453496228311
0.23197634728176786	0.06191241194351325	0.7973828927221289	0.08048583405600714
0.2320556039292768	0.08094810585074935	0.7976978492116331	0.11828047165413313
0.23213489234343984	0.06961208740340559	0.7980129669277192	0.10662824932268672
0.23221417446843245	0.070259747926938	0.7983280946814819	0.09220565936331523
0.23229345030525228	0.08607988820302527	0.7986432324752943	0.10022409378117754
0.2323727198548967	0.06021403108237951	0.7989583803115284	0.08528093284900949
0.23245202116009975	0.06929409316167101	0.7992736894078964	0.07009852601203004
0.2325312781534558	0.07050423554805191	0.7995888573119903	0.09072608853786286
0.23261052886262487	0.06634382526941543	0.7999040352656117	0.10529699622896917
0.23268977328860335	0.07169192344168435	0.8002192232711298	0.10974850826734658
0.2327690114323875	0.08028796509257648	0.8005344213309128	0.1264447403322824
0.23284824329497333	0.06313111584052238	0.8008496294473284	0.11827432560288584
0.23292750690100505	0.059977692004768296	0.8011649988669993	0.10228275586968401
0.233006726219238	0.05926961423465139	0.8014802270796486	0.09493754675159691
0.23308593925925664	0.06366326091304059	0.8017954653560229	0.09651119106238679
0.23316514602205607	0.05796697642881213	0.8021107136984869	0.07719915658806689
0.23324430851207914	0.07192805180707175	0.8024258208217044	0.09123624340778985
0.23332346472988225	0.09660066897591164	0.8027409380109031	0.11270733091386383
0.23340265268203683	0.0936983635515943	0.8030562165416559	0.11424636207871719
0.23348183436094752	0.07808551996101247	0.8033715051479432	0.11719432340918931
0.23356100976760824	0.08625588227426415	0.8036868038321259	0.13211421104179527
0.23364017891805042	0.06796657615765615	0.804002112572388	0.11047940039058592
0.23371934179822723	0.06032569869532765	0.804317431395259	0.1042647360324862
0.23379849840913183	0.0694633196950124	0.8046327603030977	0.112415840485217
0.2338776487517571	0.06615504579409784	0.8049480992982618	0.09094770124160016
0.23395679282709567	0.07719253590400735	0.8052634483831084	0.10432827991792537
0.23403596861765424	0.09852202676596221	0.8055789588718693	0.14561795053448917
0.23411513813990326	0.09810458335420393	0.8058944794598654	0.15557938025811588
0.2341942634343567	0.07276912528632817	0.8062098588036787	0.11881662988123774
0.23427338246548943	0.06690416876703843	0.8065252482465894	0.11171742299407432
0.23435249523429297	0.05271375691771498	0.8068406477909512	0.09965421944566781
0.23443156379028424	0.027503946853662326	0.807155906078804	0.0574540070896139
0.2345106260889314	0.014897012090014577	0.80747117446796	0.02257359744221587
0.23458972009170317	0.057585200949733996	0.8077866043065435	0.08087307773139542
0.23466880783610694	0.07713304148603611	0.8081020442559781	0.10508241589892643
0.23474788932313306	0.09234557271106242	0.8084174943186135	0.11838310818806369
0.23482696456877372	0.10936690733299136	0.8087329544725379	0.1490897898370062
0.2349060335590143	0.10093076743756875	0.8090484247443545	0.1536047345260115
0.23498509629484435	0.0703896009562701	0.8093639051364108	0.1110511754849944
0.23506415277725334	0.08180584051310452	0.8096793956510533	0.14350143232224208
0.23514320300723035	0.07170489875544245	0.8099948962906282	0.1130088889036644
0.23522224700075464	0.051358180764727486	0.8103104070331913	0.05568544763707416
0.23530128474382214	0.08183329493868458	0.8106259279053707	0.11397762424844882
0.23538031623742134	0.08967998441597873	0.8109414589095099	0.11470317329198758
0.23545934148254039	0.05514691334066977	0.8112570000479516	0.048663620518373744
0.2355383604801673	0.07086205490639687	0.8115725513230384	0.09556162844057256
0.23561737324626827	0.09165069868059844	0.8118881127127948	0.14899981525008446
0.23569637976685004	0.07120415154523081	0.8122036842438727	0.09116799477485868
0.23577538004289977	0.08091967777611046	0.8125192659186122	0.12256063176708137
0.23585437407540452	0.09498411020292119	0.8128348577393523	0.16541031267631817
0.23593332397082054	0.0661116833846191	0.8131503082557815	0.10520845842377452
0.2360123055341622	0.049676409535109455	0.8134659203511929	0.07677779576577631
0.23609128085691616	0.06949736774771216	0.8137815425996129	0.11027109844053998
0.23617024994006866	0.053211002867919105	0.8140971750033774	0.0740191386253361
0.23624917490204012	0.03174244844141528	0.8144126660926827	0.02421851776474092
0.23632813152390408	0.05259161806025775	0.8147283187897753	0.059074770058011775
0.23640708190912108	0.07928229159515321	0.8150439816492113	0.10129895301505448
0.23648602605867614	0.04677252722513485	0.8153596546733242	0.05392763745900472
0.23656496397355437	0.06510648669886784	0.8156753378644466	0.07246064772061435
0.2366438956696882	0.0872920289700675	0.8159910312005209	0.12200695918166479
0.23672282113311188	0.08942223398506768	0.8163067347082619	0.12992888605105163
0.23680174036480972	0.06497224880807559	0.8166224483900003	0.09000868768918523
0.23688065336576572	0.08429532449476355	0.8169381722480656	0.1356242813261506
0.23695956013696365	0.08223171943308644	0.8172539062847869	0.1402495948057209
0.23703846069432294	0.0725841291386898	0.8175696504780745	0.11164560105970953
0.23711735502388864	0.06314754821134343	0.8178854048546681	0.11087594151582181
0.2371962431266438	0.0878319683051359	0.8182011694168942	0.1327569526380916
0.23727512500357123	0.07818283074339193	0.8185169441670792	0.10672059650509864
0.2373540006556536	0.07123345125790942	0.8188327291075478	0.0985037014806411
0.23743290793655486	0.08138670852472363	0.8191486757615717	0.10678835328499034
0.23751177115681574	0.06419293015069122	0.8194644810651298	0.08651317467476877
0.2375906281551755	0.0560728622127838	0.8197802965659378	0.08333012270188077
0.23766947893261595	0.06388023559747814	0.8200961222663176	0.10412214108103926
0.23774828566429032	0.05660866286529811	0.8204118066036242	0.1020826268094776
0.23782708617999096	0.055013698165870706	0.8207275011402463	0.10116856378001528
0.23790591831547103	0.06461966661136029	0.8210433574287894	0.12224757367343625
0.2379847442339538	0.07532526041880105	0.8213592239261812	0.1346387215224802
0.23806356393641975	0.0606423734533217	0.82167510063474	0.10815396230747382
0.23814241524967733	0.06845211578753763	0.8219911391217503	0.11608601661995832
0.2382212225379509	0.06042070979204333	0.822307036235095	0.11724372626359722
0.23830002361314542	0.061357127913195725	0.8226229435665529	0.09084259915618474
0.23837881847624048	0.04612897704298227	0.8229388611184392	0.08041697126627304
0.23845760712821545	0.06177896278127464	0.8232547888930692	0.10136349502565403
0.2385363895700495	0.05424942431177577	0.8235707268927576	0.08333544861076413
0.238615203610666	0.06933588833243673	0.8238868267141843	0.09646555666885089
0.2386939736500412	0.08387319243300476	0.8242027851463943	0.12697618576999534
0.238772737482209	0.07878819944389379	0.8245187538105955	0.10500065054526381
0.2388514951081477	0.07509531638634936	0.8248347327090987	0.0994441420175192
0.23893020874768095	0.08844090878669661	0.8251505702056785	0.12488820741951034
0.23900891618591663	0.07159805257916918	0.8254664179362656	0.09981209561305425
0.23908765521390973	0.05642578626815643	0.8257824275269747	0.0722091926738162
0.23916638803958185	0.06085440243058901	0.826098447361219	0.10736356716566023
0.23924511466390996	0.04850496329562664	0.8264144774413059	0.08529996686145132
0.2393238351027388	0.04106620096014213	0.8267305177449635	0.07547397281045222
0.23940254934217478	0.07097515485134079	0.8270465682990716	0.12622266672681562
0.23948125738319417	0.0674427879900867	0.8273626291059357	0.12343141410794364
0.23955995922677323	0.05953621805176803	0.8276787001678607	0.08686537839069951
0.23963865487388775	0.08458017326277904	0.8279947814871506	0.13420945504717258
0.2397173820918	0.07792666795655515	0.8283110247292238	0.12593407736689538
0.23979610311222527	0.0458735481892414	0.8286272782381894	0.06511850064635974
0.23987478019065073	0.05333692746214696	0.828943390318774	0.07592229502994662
0.2399534510765106	0.06327817223411969	0.8292595126659268	0.09754602884774163
0.2400321157707796	0.05343233559881379	0.8295756452819487	0.060660218632352395
0.2401107365378463	0.06931839916225586	0.8298916364567842	0.08589375879044106
0.2401893511182398	0.08926480127612874	0.8302076379001548	0.11790923242801879
0.24026799725842218	0.07777193601186197	0.8305238013119344	0.10772895461929226
0.24034663721090804	0.07959153067134389	0.8308399750017721	0.11842631641526384
0.2404252332519507	0.0741582602909013	0.8311560072398851	0.12602097504014856
0.24050386084679676	0.04018226763224901	0.8314722014680673	0.06836287357819724
0.24058248225686413	0.031202038024106704	0.8317884059811907	0.07175330200410589
0.24066109748312559	0.0632605605872836	0.8321046207815498	0.10816379098111546
0.24073970652655385	0.06170603372592074	0.8324208458714385	0.09075808671099489
0.24081834711284156	0.06794876616036313	0.8327372329852295	0.10247817543792186
0.2408969815152737	0.10447175773201282	0.8330536303980729	0.166152281743625
0.2409756097348227	0.0873874297252545	0.8333700381122616	0.1354782097272493
0.24105419407145676	0.05892597395892675	0.8336863043584941	0.09799516445856177
0.24113277223011517	0.05156653096675898	0.8340025809057101	0.0913654242058217
0.24121134421176926	0.053838763753763695	0.8343188677561986	0.09555817811938333
0.24128991001739014	0.04228124136350135	0.834635164912249	0.045120323897414695
0.24136843195878785	0.0684522842591248	0.8349513205847785	0.07877647566222741
0.24144698543005932	0.08482458531487103	0.8352676383340889	0.10377308069361008
0.241525532728207	0.07923884477336876	0.835583966395818	0.09031553655916279
0.24160403617391635	0.08286715250976666	0.8359001529660398	0.09926401658286765
0.24168253345140206	0.0820765097857996	0.8362163498482984	0.12733310736738596
0.2417610622507941	0.048941995000589704	0.8365327088362481	0.08073661853859931
0.24183958488093935	0.03136073477664124	0.8368490781457506	0.05931625130274767
0.241918101342807	0.04282865721144148	0.8371654577790897	0.10102433236706662
0.2419966493176509	0.02355010969901462	0.8374819995447594	0.05793323800180574
0.24207515346065644	0.033139496986472096	0.8377983998078466	0.06314104281137362
0.24215365143828835	0.08474194075066793	0.8381148104016101	0.14597121910702368
0.2422321432515151	0.10051672452899156	0.8384312313283298	0.1480813917059341
0.24231062890130473	0.10136774927235172	0.8387476625902852	0.12819209264892653
0.24238907073790572	0.11422361494314112	0.8390639523339852	0.15805465458766532
0.24246754407849908	0.10632831932703349	0.8393804042484504	0.14539501712417993
0.24254601125855593	0.06805788975375195	0.8396968665049804	0.08216844637091003
0.24262447227904346	0.06025896399460595	0.8400133391058523	0.09345429325036383
0.24270292714092861	0.06536718717189957	0.840329822053342	0.10326177374516192
0.24278137585994344	0.04146895838370361	0.8406463153249044	0.07759010493860101
0.24285981842228682	0.04203264103803875	0.840962818947629	0.07058085576897782
0.24293825482892503	0.056773615037931616	0.8412793329237899	0.09531579195502128
0.24301668508082416	0.056124969504963776	0.84159585725566	0.09251888000234182
0.24309510917894997	0.04632928611191217	0.8419123919455119	0.0802322505386757
0.24317352713902188	0.07482464514397622	0.8422289369707697	0.10810546275477438
0.2432519389472491	0.08495638934434062	0.8425454923585467	0.14133173224166007
0.2433303446045968	0.08433593434151915	0.8428620581111128	0.11733504887286225
0.2434087441120299	0.09162225465019214	0.8431786342307381	0.1215891320323666
0.24348709986110614	0.09974947073044758	0.8434950687943576	0.13705420948691807
0.24356548708634612	0.09777635166453685	0.8438116656300321	0.13214881471934228
0.2436438681645626	0.09790687018613609	0.8441282728395646	0.12845320337736355
0.24372224309671958	0.08100851692368534	0.8444448904252221	0.13294283838471688
0.24380061188378083	0.07388865560917882	0.8447615183892703	0.12325734206716282
0.24387897454144283	0.07178581516126006	0.8450781567090784	0.11085042629572317
0.2439573310559337	0.06691142135499609	0.8453948054118019	0.10766396063792404
0.2440356814282165	0.056636863783670756	0.8457114644997048	0.07553775155903668
0.2441140256592541	0.08593200952924698	0.8460281339750505	0.09142937680780364
0.24419236375000922	0.1043179877061482	0.8463448138401009	0.10612969470145218
0.24427073329611812	0.10075777764028782	0.846661656047348	0.10613769693856773
0.24434905912391422	0.09604372370047476	0.8469783566736642	0.10902179204225344
0.2444273788143121	0.088043767605118	0.8472950676964632	0.11182025875735756
0.24450569236827346	0.0738613970203353	0.8476117891180049	0.11015560505013473
0.24458396221857479	0.047219946524165446	0.8479283689454389	0.08301303432247148
0.24466222593730483	0.03875411306315477	0.848244959171138	0.06615232820357858
0.2447405211024325	0.04490687139791544	0.8485617117775022	0.0607570719675772
0.24481881013496604	0.06255893646080093	0.8488784747916353	0.09169026146849693
0.2448970930358661	0.04479666744138561	0.8491952482157932	0.06472982059047186
0.24497536982079376	0.051188979124733566	0.8495120320272591	0.07432418015808512
0.24505364047600622	0.07297368097666601	0.8498288262532547	0.10754876983044581
0.2451319050024634	0.04983868754861289	0.8501456308960339	0.0896184493257043
0.245210163401125	0.05486108560445242	0.8504624459578499	0.08491918582603133
0.24528841567295046	0.07499663065515297	0.8507792714409556	0.107104101887882
0.24536669937238345	0.09141278393471736	0.8510962593676837	0.12985804469529388
0.2454449769439585	0.08255941435634162	0.8514132577252047	0.12228675175807105
0.245523210855715	0.10475633841459975	0.8517301144606774	0.13130891229253117
0.24560143864446882	0.1012953988313817	0.8520469816264375	0.1390729912104644
0.24567966031117827	0.10797359262861969	0.8523638592247342	0.16536329878694567
0.24575787585680153	0.08013582009386346	0.8526807472578158	0.12260771307105879
0.24583604776111467	0.060396018366537046	0.8529974936528124	0.10081932106242332
0.2459142510821122	0.06734386300827595	0.8533144025371694	0.12081542232484303
0.2459924482848943	0.05267233291793258	0.8536313218630467	0.09379081134302268
0.24607060185803326	0.04593914637252368	0.853948099542545	0.06435965988354654
0.24614874931780478	0.0782949926744192	0.8542648876630392	0.1068139669493668
0.2462269281863471	0.08394979144398829	0.8545818383018902	0.11214661291559062
0.24630510094049926	0.095971569557155	0.8548987993912338	0.12173182604549833
0.24638326758121767	0.10450188535106877	0.8552157709333132	0.12746538141528696
0.2464614656218434	0.0922349707748064	0.8555329050205155	0.13040734064691228
0.24653965754801363	0.07789274356787998	0.8558500495699523	0.1117142343765255
0.24661780586881907	0.0622409365252513	0.8561670524586038	0.09297598697746225
0.24669594808001155	0.03792272072319407	0.8564840658089498	0.07540064040494748
0.24677408418254634	0.021255679371711602	0.8568010896232295	0.05630905237138479
0.2468522141773784	0.034974247923458254	0.8571181239036817	0.051929613098039035
0.2469303380654625	0.05156167623324323	0.8574351686525439	0.07498828530597763
0.24700845586239425	0.07022778363702101	0.8577522238469414	0.09859904841816045
0.24708656755448463	0.06233691163628176	0.8580692895142171	0.07219477350348967
0.24716467314268778	0.07918839699985454	0.8583863656566072	0.11083694701653048
0.24724273515950948	0.08627702355033083	0.8587033001108975	0.14043229577473787
0.24732079107727833	0.08176621495861067	0.8590202450397403	0.1264385078078963
0.2473988783741717	0.10124024098677853	0.8593373525957415	0.14792511683522502
0.24747695957098972	0.11850937314045659	0.8596544706357876	0.18954958016164156
0.24755503466868534	0.10163832456409572	0.8599715991621109	0.14744206264396076
0.2476331411366594	0.07032139255575712	0.8602888903423918	0.10227221727900628
0.24771124150448953	0.04759680168113073	0.8606061920184436	0.08197559566256873
0.24778929832515184	0.03744397200446918	0.860923351991819	0.048549362681068436
0.2478673490504992	0.032654753702461	0.8612405224603885	0.03763058601584802
0.2479453936814835	0.04168374884509739	0.8615577034263807	0.06865033489278997
0.24802343221905632	0.057445115254871365	0.8618748948920237	0.06951232430482499
0.24810146466416913	0.07714083657143489	0.8621920968595449	0.09705655207104141
0.24817949103237993	0.0838356893272638	0.8625093093059784	0.12397368885254816
0.24825751131003057	0.07358694132820343	0.8628265322587375	0.09234186024634983
0.24833552549807184	0.07526175122908212	0.8631437657200474	0.08902703984002734
0.24841353359745427	0.09092530484751155	0.8634610096921327	0.13819695203161675
0.24849149818743427	0.0731101510627483	0.8637781119311762	0.11061933606164735
0.2485694941269452	0.06588344021208678	0.8640953769062646	0.09428463333515955
0.24864748398064535	0.09613808293406725	0.864412652398793	0.15648231769020257
0.24872546774948423	0.0976899433987641	0.8647299384109828	0.14033954480815028
0.24880344543441135	0.06812898057302416	0.8650472349450554	0.07021866638882321
0.2488814170509622	0.07205309316862288	0.8653645419779911	0.09618903446969902
0.24895938258549719	0.08711864240667115	0.8656818595372444	0.1230872682480599
0.24903734203896505	0.04388767684522368	0.8659991876250345	0.057752146929586204
0.24911529541231434	0.04016060752593975	0.8663165262435797	0.06504692611597496
0.24919320531104514	0.08342806652341953	0.8666337231036072	0.14007081572539865
0.24927114654157684	0.08097670470656186	0.8669510827650478	0.12242699650115309
0.249349081694832	0.07039734138287916	0.8672684529638895	0.09909679758005452
0.2494270107717582	0.10209272599544167	0.8675858337023474	0.14354291373746514
0.24950489638950696	0.08610118979631509	0.8679030726709208	0.12733292693248036
0.2495828133311832	0.07334578456801415	0.8682204744699676	0.10901299324944456
0.24966072419936988	0.08166435612855936	0.8685378868152684	0.11803924911728911
0.24973862899501376	0.06502018602976459	0.8688553097090359	0.08991969325071827
0.24981652771906132	0.052771588865787894	0.8691727431534823	0.06379271395583913
0.24989445775625488	0.07108033115737972	0.8694903394625353	0.09018748399613365
0.24997234435450316	0.05298779266465842	0.8698077939896585	0.062345889111840344
0.2500502248839911	0.060266072991254124	0.8701252590740874	0.06520000852120378
0.25012809934566443	0.08453596305297661	0.8704427347180317	0.11457092185335635
0.2502059677404686	0.0838454402091545	0.8707602209237	0.12042494136006113
0.2502837927146551	0.08691938914362546	0.8710775653309388	0.12899857483242855
0.2503616489930996	0.09408314601370614	0.8713950726413375	0.14564857197363096
0.2504394992075076	0.07625555427483971	0.871712590520077	0.12525951300384444
0.25051734335882364	0.07941630633851053	0.8720301189693632	0.12009472945128705
0.2505951441049252	0.0810132562333459	0.8723475056087545	0.1343937020081992
0.25067297614742434	0.06587023030909309	0.8726650551803868	0.10041613791462428
0.25075080212966167	0.0676242732693329	0.8729826153291745	0.10461919601189598
0.25082862205258083	0.07348944676352924	0.8733001860573207	0.1200022103961719
0.2509064359171253	0.05383718621808163	0.873617767367028	0.09093061744438195
0.25098428106730525	0.07586392822175363	0.8739355116431451	0.10178619327032548
0.2510621201580894	0.08814704485807279	0.8742532665103031	0.1338369321405559
0.25113991586768875	0.07430691985178284	0.8745708795525078	0.10801988799531834
0.25121770552268274	0.08339173632064656	0.8748885031850715	0.11584816747108129
0.2512954891240137	0.08572737125223123	0.8752061374101933	0.13415467984961416
0.2513732666726238	0.07325992242158877	0.8755237822300717	0.10981286711686872
0.2514510008583297	0.07605099284586447	0.8758412852083772	0.1031870695406045
0.2515287663188328	0.08845895229003975	0.8761589511989412	0.12312113968422797
0.2516065257294378	0.09324992225821663	0.8764766277908477	0.11887872639852952
0.2516842417886595	0.09015700481410283	0.8767941625325084	0.11285071796050519
0.25176195180276634	0.08022949731137621	0.8771117078748105	0.12537342924829573
0.251839693083824	0.0830704846061456	0.8774294162584747	0.1199066545684752
0.25191742831874503	0.06692113377692854	0.8777471352522548	0.10918255504409022
0.2519951575084698	0.05851802991387692	0.8780648648583439	0.10337877171076991
0.2520729179563649	0.06496228136676342	0.8783827575327183	0.09290864251549208
0.2521506723580429	0.056913964805050746	0.8787006608288771	0.06373915341213279
0.2522283834323078	0.06690027479991954	0.8790184222595762	0.08964845700089055
0.2523060884651335	0.07118379365855403	0.8793361943113439	0.09188688494072413
0.25238378745745926	0.0670050259565109	0.87965397698637	0.08247630145458798
0.2524614804102242	0.06625946668882907	0.8799717702868434	0.10176086542381364
0.25253916732436704	0.07946586504190803	0.8802895742149519	0.12983060211144654
0.2526168482153042	0.07166039413135138	0.8806073887473896	0.10160378705181809
0.2526945230694941	0.0866329961276581	0.880925213911832	0.1097590608505517
0.25277219188787486	0.1001421904540433	0.8812430497104646	0.13444352587299924
0.2528498174124047	0.09038087140824899	0.8815607436152396	0.11919908888584006
0.2529274369058954	0.07940470315799346	0.8818784481534678	0.11152470362616976
0.25300508763694235	0.07654639436879233	0.8821963158422628	0.12909655927781705
0.2530827323359285	0.07555491218812009	0.8825141941739808	0.12039172842677047
0.2531603710037909	0.06058169083201931	0.882832083150805	0.09738054592411015
0.2532380409004463	0.08127395804249601	0.8831501353051511	0.11066734747908745
0.2533157047649573	0.09083360149376998	0.8834681981140744	0.11090635131701294
0.2533933253595243	0.07543499780364253	0.8837861190137603	0.08099303853410227
0.25347093992671155	0.06638851886200536	0.8841040505672713	0.08553166198949849
0.253548548467455	0.06893917028674101	0.8844219927767869	0.09982917590944893
0.25362615098269053	0.0519556408335433	0.8847399456444855	0.07998110184955078
0.2537037474733536	0.05230732430254991	0.8850579091725453	0.08920113984114814
0.25378137517911614	0.061879011432471646	0.8853760359291399	0.09971281547425148
0.2538589596378821	0.06296012700115673	0.8856940207588762	0.09190096386503573
0.2539365380748787	0.07063860461704721	0.8860120162554983	0.10278045828339946
0.2540141104910408	0.08171959331677088	0.8863300224211819	0.13511657604549446
0.2540916396745561	0.06493357126008582	0.8866478866460588	0.11410085973106163
0.25416916284199265	0.08602260538179615	0.8869657615392216	0.1350797656872
0.2542467172156876	0.11107745704964485	0.8872837996995309	0.17205854590597702
0.2543242655722824	0.08686455031203758	0.8876018485375906	0.1242470510174049
0.2544018079127106	0.07586261963407058	0.8879199080555733	0.09213235840948691
0.25447934425232954	0.09950788520434437	0.8882379782300313	0.12115468643333846
0.25455687457764614	0.05969554317067004	0.888556059088748	0.09019286582312923
0.2546343988895935	0.03840687692015701	0.8888741506338941	0.06106049601681711
0.25471191718910424	0.0769636709608727	0.8891922528676387	0.13618605897751668
0.25478942947711086	0.08204100628882385	0.8895103657921504	0.1397018687899952
0.2548669729528686	0.058596402878671974	0.8898286420472589	0.11328054993110209
0.2549444732350744	0.096416730859508	0.8901467763341577	0.14653965893253304
0.2550219675085702	0.0973342241732551	0.8904649213183204	0.14668536689092368
0.2550994557742876	0.06864349223758588	0.8907830770019125	0.08594820219194965
0.25517693803315816	0.0735122754926618	0.8911012433870995	0.1049964045568606
0.2552543771166045	0.09572863400021786	0.8914192677870678	0.13199598683732194
0.25533184737897396	0.06439000557453645	0.891737455556261	0.08476754437186437
0.25540931163728725	0.06860506444256995	0.8920556540335356	0.09537026771408036
0.255486769892475	0.08823487691406919	0.892373863221054	0.13553530746484388
0.2555641849874709	0.0714308135081751	0.8926919304114472	0.11218979822835617
0.25564163125358874	0.07387549264141664	0.8930101610002411	0.09044687006328328
0.2557190715193693	0.0885333334054926	0.8933284023057575	0.11714984620597463
0.2557965057857422	0.0767185614922593	0.893646654330156	0.10476842902867899
0.2558739340536369	0.05171868200811079	0.8939649170755959	0.06567165265463791
0.2559513563383642	0.07298363600815283	0.894283190518518	0.08166465187098823
0.2560287726264695	0.07954955148484807	0.8946014746867927	0.11010472080835201
0.2561061829188815	0.08104947823282382	0.894919769582577	0.11177746234785457
0.25618358721652895	0.08772071649703336	0.8952380752080276	0.10715941027607151
0.25626094838822094	0.09857751314350098	0.8955562388094616	0.13234314924758825
0.25633834071349465	0.0930913645536158	0.8958745658749683	0.12977881166858746
0.25641572704678617	0.07661895980681308	0.8961929036766018	0.10671868398331974
0.25649310738902326	0.06958149580580282	0.8965112522165158	0.1126479315396002
0.25657048174113345	0.07014467735360412	0.8968296114968638	0.11313625097563228
0.25664788723616344	0.057415228240284805	0.8971481342756368	0.08234465409531208
0.25672524962516097	0.07252883403913321	0.8974665150175398	0.11338371991075918
0.2568026060268107	0.07343826312733252	0.897784906506327	0.11707599975256411
0.2568799564420394	0.07257622679202645	0.898103308744149	0.09504649330118302
0.25695730087177354	0.08884069179299442	0.8984217217331556	0.11902406155187306
0.25703460221353186	0.11299163536339167	0.8987399926681028	0.1630372770696097
0.2571119346894036	0.09264375304676513	0.8990584271401303	0.12153744199816409
0.2571892611825566	0.08826573337916221	0.899376872369783	0.10352340874573661
0.25726654459911136	0.0894432247969496	0.8996951755363336	0.12811780874017492
0.2573438220376672	0.0752817155769861	0.9000134894596363	0.11596439724324173
0.25742113060255645	0.062351694675167935	0.9003319669492291	0.09420116560756381
0.25749843318842597	0.08193018370914022	0.9006504552050266	0.13476607155536463
0.25757572979620064	0.09529882668381202	0.9009689542291736	0.15388810944007858
0.2576530575216102	0.1020612140133158	0.9012876168466879	0.15729957525889698
0.25773037926790493	0.08602861560724973	0.9016062902420053	0.14434474091412008
0.2578076579612695	0.09088714053530259	0.9019248215582194	0.13252022941194228
0.25788493068023366	0.06213244162707444	0.9022433636513493	0.09278837939700461
0.2579621974257213	0.052195197594957304	0.9025619165235362	0.07909357153507951
0.2580394581986559	0.05606407419079432	0.9028804801769207	0.06216008394354097
0.2581167129999606	0.05146223150745209	0.9031990546136424	0.05384452206636663
0.2581939618448757	0.058278460935428114	0.903517639809974	0.06914154959671398
0.2582712047200047	0.0869252672398347	0.9038362357939159	0.10222260525450505
0.2583484416262701	0.08840826529296011	0.9041548425676058	0.10785319898807012
0.2584256725645943	0.08359727178785145	0.9044734601331813	0.11805856105204698
0.25850286048692117	0.10370934500216261	0.9047919355871521	0.14878584877544052
0.2585800795064356	0.09383863046063892	0.9051105747170147	0.14737390235704367
0.2586572925607726	0.07319030229335251	0.9054292246451657	0.12111201613074628
0.2587344996508537	0.08044857408142028	0.9057478853737394	0.13162591583293962
0.25881170077760035	0.0767800137008091	0.90606655690487	0.11560515037946334
0.25888889595623077	0.06870164342306186	0.9063852392147774	0.0942245259803948
0.25896608517336644	0.07527896611357107	0.9067039323315024	0.09032596255776909
0.2590432684299282	0.07784699120499841	0.9070226362571769	0.08473292306886317
0.2591204457268363	0.06554677152164716	0.9073413509939325	0.07433181689029938
0.2591976170650112	0.08062528766385321	0.9076600765438996	0.09543724323656802
0.25927481948005415	0.09505501641033154	0.9079789658407482	0.12159532465022299
0.2593520159353443	0.08287455058218972	0.9082978659602563	0.11998206969659826
0.25942916941712074	0.0731968806874438	0.9086166239366874	0.11662952830945365
0.25950631694384063	0.0672926587888198	0.908935392734841	0.10813871805476896
0.2595834585164233	0.04931689616129558	0.9092541723568448	0.08651052023582577
0.25966055712966785	0.033932487352933034	0.909572809821383	0.04592978580701951
0.2597376497934679	0.048890402383599034	0.9098914581088258	0.054832764971966624
0.2598147735234225	0.07755194080445577	0.910210270189163	0.08805606720795019
0.25989189130291235	0.08087271026198752	0.9105290931018486	0.09231048102068032
0.25996900313285554	0.08176777983161787	0.9108479268490064	0.10326469338190031
0.26004610902843406	0.09621275427108882	0.91116677140677	0.1384261995892232
0.26012320897629937	0.0828367000958014	0.9114856268032469	0.12635468658394455
0.26020030297736907	0.0767975012668892	0.9118044930405594	0.11944510072183456
0.26027739103256026	0.08713782201037441	0.912123370120829	0.12572325433235831
0.2603544731427902	0.09001436130773814	0.9124422580461763	0.11819386585503343
0.2604315863008312	0.08128647497029082	0.9127613098281535	0.10699272977821403
0.26050869351289146	0.09022305556793192	0.913080372464652	0.12081723361400812
0.26058575780798654	0.07385463044996865	0.9133992929119261	0.09540115148090537
0.2606628161617842	0.042949426783066444	0.9137182242127497	0.0693832845361186
0.2607398685752006	0.05448870049950007	0.9140371663692406	0.10347926521275466
0.26081687808579135	0.04596810965285132	0.9143559663220284	0.07802366531044141
0.2608938816606807	0.0345835969184195	0.9146747771295026	0.04666298780033102
0.260970916272685	0.07000948856152725	0.9149937518396434	0.09569062508405715
0.26104794494796774	0.11752419300654518	0.9153127374139098	0.16186536894638381
0.2611249307354683	0.10233534730781356	0.9156315807720812	0.12310471928224699
0.26120194755428394	0.10802229632576148	0.9159505880548763	0.15152602480859886
0.2612789584391201	0.1345765709553216	0.9162696062081331	0.20324417237187237
0.2613559633908911	0.09905951519371728	0.916588635233964	0.1460428835106926
0.26143296241051117	0.06922797633229498	0.9169076751344809	0.08609536754827486
0.2615099924508697	0.07589833237392377	0.9172268789941301	0.09305238081763074
0.2615869796231495	0.08044935823386742	0.9175459406242603	0.08851565547003933
0.2616639608660172	0.04536994055790776	0.9178650131354026	0.04184055644854962
0.26174093618038596	0.05988095008461639	0.918184096529666	0.07391991485180058
0.261817905567169	0.0695259387548579	0.9185031908091591	0.10161245504972424
0.2618948690272791	0.062304582119282526	0.9188222959759897	0.10407289938313424
0.2619718265758383	0.04503700424731662	0.9191414120061484	0.07546659741374813
0.26204877819954736	0.07199490103121285	0.9194605389278533	0.11694970143892683
0.26212572389931865	0.06760259863164643	0.9197796767432104	0.11001059755040596
0.26220266367606415	0.06799089079651766	0.9200988254543245	0.09184716460158546
0.26227956062135466	0.0852050639069774	0.9204178319026312	0.11212587627737398
0.26235648856898214	0.10581859746763377	0.9207370023854312	0.14505038186070182
0.2624334105963164	0.08739901511334433	0.9210561837702952	0.09928933262423915
0.2625103267042686	0.0845075437000048	0.9213753760593258	0.1105253165148176
0.2625872368937497	0.07975124323981883	0.921694579254625	0.11550843193168908
0.26266414117986014	0.06640916684976661	0.9220137933321323	0.07693445463244626
0.26274103954931854	0.06303638125711826	0.9223330183201053	0.09279379547826856
0.2628179320030353	0.08883832096833152	0.9226522542206439	0.13544410256974315
0.26289481854192054	0.06816008191483162	0.9229715010358474	0.08574045219879492
0.26297166228307534	0.0866377705590845	0.923290605560039	0.12023080316127391
0.2630485370092058	0.10737426773036278	0.9236098741846812	0.1626543697593931
0.2631254058232315	0.07633477875523592	0.9239291537302777	0.0935128455562463
0.26320226872606195	0.08430101026383746	0.9242484441989254	0.10178420311626614
0.26327912571860607	0.11298530180295045	0.9245677455927205	0.15988756309716146
0.26335597681594275	0.07588912610447396	0.9248870578875512	0.11097176637129158
0.26343282200480855	0.07444815164816887	0.9252063811117148	0.10643415824446245
0.2635096612861118	0.10462753806468714	0.9255257152673053	0.16222594975162402
0.2635864946607608	0.07523989190400604	0.9258450603564163	0.11957778099299377
0.26366332212966354	0.06624572387556306	0.9261644163811407	0.09868315561004833
0.26374018056336646	0.08221115212406263	0.9264839365775537	0.10374493557543632
0.26381699623765686	0.06349356685872726	0.9268033144535445	0.0857487855064656
0.26389380600892165	0.06757178056494648	0.9271227032714185	0.0924108041126484
0.26397060987806803	0.09651002971603226	0.9274421030332665	0.13337038278173985
0.2640473710018416	0.08381814455437403	0.9277613604599623	0.11505728408993082
0.2641241262281407	0.09163201094987948	0.928080628829555	0.1400294873080506
0.2642009124105189	0.08117593580186172	0.9284000614095986	0.11627427832698556
0.2642776926944031	0.06157161022448617	0.9287195049419662	0.08242444165056939
0.26435446708069954	0.034087637204932644	0.9290389594287448	0.04761507865083583
0.2644312355844537	0.04045113073392915	0.9293584248457442	0.04859807531411975
0.26450799819242954	0.028907760039237073	0.9296779012213221	0.026708081818910677
0.2645847549055325	0.05691296919069774	0.9299973885575639	0.07052553379591804
0.26466150572466796	0.06413458420698738	0.9303168868565541	0.08908261726108924
0.264738250650741	0.08925939364485555	0.9306363961203766	0.11929727517963368
0.26481502651467814	0.1139287584115018	0.930956069658608	0.14835871837407513
0.2648917964845344	0.12528182121466602	0.9312757541710985	0.16206226628719533
0.26496852375097313	0.10039316212503391	0.9315952963156038	0.13172618086761254
0.26504524512796557	0.10350923537849924	0.9319148494332661	0.12292679341873032
0.2651219606164158	0.06757148277459668	0.9322344135261662	0.08645402457544979
0.26519863341545274	0.05815079860979806	0.9325538352362622	0.08605163062216675
0.26527530033057867	0.053150154070729316	0.9328732679204847	0.07998413709259784
0.2653519981729381	0.03677822326454272	0.9331928649252395	0.058167905805163296
0.26542869013036735	0.06431794983823963	0.9335124729135437	0.09513316014903844
0.2655053762037693	0.07888162976649553	0.9338320918874747	0.11800015307211865
0.265582056408154	0.05974910047583179	0.9341517218227581	0.09179892129464987
0.26565873073031476	0.05717061435274769	0.9344713627478167	0.08689593132541384
0.26573539917115385	0.09217738866135053	0.9347910146647266	0.14232426101905116
0.26581206173157357	0.06764390415067087	0.9351106775755623	0.10910281340686923
0.26588871841247586	0.061376251483201444	0.9354303514823985	0.07887975843176454
0.2659654060024303	0.08475147449924417	0.9357501897737829	0.10341166813296859
0.2660420877118492	0.09360400929070224	0.9360700390705907	0.11462757339825512
0.266118726773701	0.08633943582175309	0.9363897459514818	0.09344914966362534
0.2661953599596392	0.08238750644466089	0.9367094638366599	0.0884815417655695
0.26627198727056456	0.08381799657955906	0.9370291927281958	0.1191935151799206
0.26634860870737787	0.077721425375637	0.9373489326281605	0.1194807055455076
0.2664251875143109	0.07558151431969079	0.9376685300940858	0.11435373793542336
0.2665017972196827	0.06935195145897148	0.9379882919907053	0.1117726739654211
0.2665784010536412	0.09119226522523824	0.9383080649019566	0.14400436996401775
0.2666549622688598	0.08539847128289028	0.9386276953695188	0.13861577840130776
0.2667315176172802	0.07131838360409623	0.9389473368505582	0.11208592635508034
0.26680810385647014	0.06265420039787657	0.9392671427916787	0.10121580829475788
0.26688468422784306	0.044122532199603035	0.9395869597556942	0.07596689132044669
0.26696125873229815	0.04863184183249017	0.9399067877446706	0.07666925016349764
0.26703786411896074	0.062495363432261974	0.9402267802210611	0.0701037713424699
0.26711446363768754	0.07367850338654423	0.9405467837318313	0.09145887110178616
0.26719102056084304	0.08744861435018911	0.9408666447816203	0.11376000348856077
0.26726757162067266	0.11219663485576362	0.9411865168646207	0.15255849233305988
0.2673441168180746	0.09778152260664788	0.941506399982895	0.13427989844984206
0.2674206561539465	0.08539492748036115	0.9418262941385046	0.13606291016970634
0.2674971896291862	0.08605617462437758	0.9421461993335112	0.14267084114986636
0.26757371725874207	0.08535668095482198	0.9424661155434939	0.13551250890361471
0.26765023902945817	0.08251878192961536	0.9427860427969889	0.12956349442691192
0.2677267549422314	0.06564049380686014	0.9431059810960549	0.12036248443322718
0.2678032282918983	0.07202363040597179	0.9434257769029493	0.11002408575487305
0.26787969578822474	0.07742707748659329	0.9437455837542268	0.09686672838418633
0.26795619414659005	0.0753868748625848	0.9440655551758501	0.10905189550713752
0.2680326866505965	0.07983172129667479	0.9443855376512703	0.1108607826406675
0.26810917330114004	0.09532940520267023	0.9447055311825432	0.1288612222930731
0.26818569080517696	0.0749172026795737	0.945025689311526	0.12436908640940113
0.26826216576551354	0.07055647870239011	0.9453457049341454	0.12343698809433645
0.2683386348750718	0.06342291121466632	0.9456657316187771	0.10977421601011843
0.2684150981347469	0.05165810081018729	0.9459857693674747	0.08341195004457497
0.2684915555454338	0.058685871247806026	0.9463058181822914	0.08054234129240209
0.2685679704300238	0.07740432445409662	0.9466257244724126	0.10080352152051798
0.2686444161594394	0.06696226007314363	0.9469457953990731	0.07875697355661165
0.26872085604254825	0.07441165130825227	0.9472658773980025	0.0841563768341905
0.2687972900802446	0.09509768443109894	0.9475859704712514	0.1269187842063502
0.2688737182734224	0.07409554293443452	0.9479060746208694	0.09706925115605473
0.26895014063698774	0.053199363312847976	0.9482261898223363	0.06666343236978768
0.26902655715781965	0.06359366565081674	0.9485463161042651	0.10420947964756963
0.2691029678368113	0.03574603920808023	0.9488664534687039	0.058012910636451656
0.26917937267485603	0.0061571879502827255	0.9491866019176995	0.019342061876317422
0.2692557716728466	0.030868324099696434	0.9495067614532988	0.0709970261558164
0.26933216484567746	0.04575610343326049	0.949826932050954	0.09128249451081757
0.26940855218023724	0.0626092402171481	0.9501471137392996	0.10372255525968613
0.26948493367741827	0.08610328666257266	0.9504673065203801	0.13917735351543323
0.2695613093381127	0.10178636210257092	0.9507875103962399	0.1463096174971392
0.26963764252441524	0.1017829562682597	0.951107571701602	0.12938308695056477
0.26971400652880273	0.1102329936344642	0.9514277977465314	0.1463852121492269
0.26979036469937656	0.08563187791295035	0.9517480348923639	0.11482450030553706
0.26986671703702797	0.07680717919360604	0.9520682831411411	0.10172509800690249
0.26994302691503635	0.06474451974243964	0.9523883888062781	0.0916652429494707
0.2700193676034983	0.049096386387487756	0.9527086592404292	0.07652821999512255
0.27009570246170833	0.030193177630914704	0.9530289407836411	0.043787719178725065
0.2701720314905568	0.038119868985422	0.953349233437953	0.05809254519052039
0.27024835469093395	0.05614713006646388	0.9536695372054038	0.07970637036786732
0.2703247086913415	0.07465848816853812	0.953990005776657	0.1099051014682971
0.27040105686226074	0.0857570361264362	0.9543104854704565	0.12229489436742394
0.2704773625965333	0.10510815148361277	0.954630822562881	0.14077847958941359
0.2705536625058915	0.08789723545736516	0.9549511707765874	0.12718301345655253
0.2706299565912246	0.09710896087267298	0.9552715301136109	0.1329479165678079
0.27070620825374714	0.06477801560628335	0.9555917468340209	0.09092735547947893
0.2707824540968152	0.05343786057929674	0.9559119746764752	0.08071509482587505
0.2708587307293651	0.06454750478441734	0.956232367368965	0.09987469438666707
0.27093500154144273	0.055029024173664544	0.9565527711929024	0.08586594534603201
0.27101126653393615	0.04375327193020822	0.9568731861503201	0.08365087345406572
0.2710875257216861	0.07555924210533227	0.9571936122165433	0.11424762861600535
0.2711637790916256	0.07696746717865911	0.9575140494203047	0.11874375311009613
0.27124002664464236	0.07200392451069183	0.9578344977636345	0.10237976176310515
0.2713162683816236	0.08621466415764371	0.9581549572485627	0.10183861190642524
0.27139250430345674	0.0945340889029482	0.9584754278771188	0.1172221072517548
0.27146877099675026	0.09291712478442621	0.9587960634200027	0.12123362282447042
0.2715450318738788	0.07525143768314066	0.9591167101159174	0.08586587146113027
0.27162125036952617	0.08204320077399149	0.959437214160785	0.10306076337606476
0.27169746305357	0.08610394881113942	0.959757729357386	0.13446670437875988
0.2717736699268965	0.050395559365308255	0.9600782557077467	0.08040557290039334
0.27184987099039165	0.048777635695045694	0.9603987932138928	0.07803313453318234
0.2719260296898793	0.06672663615491356	0.960719188050335	0.12704752779839223
0.2720022191502961	0.041005070795891316	0.961039747847361	0.09198875809753956
0.2720784028035361	0.04058654352117635	0.9613603188062401	0.07840894980349428
0.2721545441037725	0.0774919566269311	0.9616807470854194	0.12724116485176323
0.272230679601387	0.0887598475717425	0.962001186525137	0.13148859242642094
0.2723068458523258	0.07970144675713761	0.9623217909549275	0.10003821649507728
0.2723830062996253	0.10534737293297301	0.9626424065546548	0.13158608676316078
0.2724591609441699	0.11188950095915504	0.9629630333263397	0.14145868014473503
0.27253534633355575	0.08741181846247026	0.9632838251155779	0.11285050759263487
0.2726115259191701	0.08171974231681348	0.963604628086173	0.11273695825269422
0.27268766317466203	0.07400094605780377	0.9639252883590393	0.11440731978094912
0.27276379463093237	0.049750311377187606	0.9642459598119345	0.0747945312488743
0.27283992028886445	0.0414291309167311	0.9645666424468762	0.05069306739465074
0.27291604014934145	0.05428302415042327	0.9648873362658809	0.07310911999457187
0.27299215421324635	0.04884919898669265	0.9652080412709652	0.04634744199352456
0.27306826249535937	0.06052350646540372	0.9655287574373124	0.04943034881435281
0.2731443649826634	0.09975948466402343	0.9658494847937649	0.12504348927426473
0.2732204616760409	0.1058256874944257	0.9661702233423374	0.1429964612963593
0.273296516071367	0.1107194927550992	0.9664908191609993	0.13400706943517648
0.27337256467730886	0.11697955131749041	0.9668114261704337	0.18567267048378977
0.27344864400808566	0.1202268908893226	0.9671321982805898	0.19482372204729026
0.2735247175484612	0.07723911637144058	0.9674529815909126	0.11788425818892562
0.2736007852993167	0.07786361623254512	0.9677737761034134	0.13045185048579444
0.2736768837665405	0.08113457348900689	0.9680947357441474	0.13899282239608493
0.27375293995487787	0.06824174412642992	0.9684155526401604	0.08618633650281787
0.273828990356336	0.05711437303561853	0.9687363807443773	0.07473394024380087
0.2739050349717956	0.06979398083728044	0.9690572200588069	0.10163436935823693
0.2739810738021368	0.05638121539955404	0.9693780705854576	0.06851615674066476
0.27405710684823986	0.03999065205306848	0.969698932326337	0.060457737101380166
0.27413317059933484	0.04738006310816696	0.9700199592397468	0.08103515399769198
0.27420919209346695	0.05429698284213434	0.9703408433881997	0.09365044800036579
0.274285207805998	0.07309374205250373	0.9706617387568961	0.1189522045572096
0.2743612177378073	0.09216695049207013	0.9709826453478412	0.14152674473230487
0.27443722188977404	0.0887261075105674	0.9713035631630395	0.12702716326300376
0.2745131838021522	0.09730427384768477	0.9716243381943769	0.14915486602900294
0.2745891764109256	0.0941949962111022	0.9719452784371647	0.1351504734002408
0.27466516324249063	0.059875121771545414	0.9722662299102116	0.08656920180703566
0.27474114429772545	0.05902401174030812	0.9725871926155196	0.07714853587383949
0.2748171195775083	0.06258350703646517	0.9729081665550905	0.07902912765584695
0.2748930890965639	0.06488842436048453	0.9732291517039773	0.07835172069818289
0.27496905284192114	0.08066010445533896	0.9735501480911233	0.10842454699683401
0.2750450108144574	0.08357810050004462	0.9738711557185284	0.1062396333715544
0.2751209630150501	0.08251951971774626	0.974192174588192	0.12424429690104918
0.2751968730088669	0.08618681887461128	0.974513050643473	0.13645991520256945
0.27527281368204015	0.060091413467255474	0.9748340919766767	0.08790916357275715
0.2753487485858985	0.04631417364585322	0.9751551445581277	0.05540823402861422
0.2754246777213185	0.07281553008010068	0.9754762083898231	0.09991958197202802
0.2755006010891766	0.0574271932264896	0.9757972834737589	0.07172528006175793
0.27557651870417676	0.05947848913859551	0.9761183697849397	0.06946462273463297
0.27565243055336497	0.06727588268155446	0.9764394673523465	0.0978743717900411
0.2757283366376169	0.0644237425566491	0.9767605761779741	0.10454168815835438
0.2758042369578082	0.05402612990044919	0.9770816962638157	0.06965589281530266
0.2758801315148141	0.06568523438383937	0.9774028276118647	0.08727523036864357
0.2759560203233272	0.07261456304870018	0.9777239701970986	0.09832581764115034
0.2760319033704029	0.07371446714796605	0.9780451240485195	0.09785390757309574
0.27610778065691605	0.07050616358981536	0.9783662891681186	0.090809608090728
0.276183652183741	0.08032651793243561	0.9786874655578867	0.12401703161605851
0.27625948155473323	0.08074141319258421	0.9790084990855425	0.12891631636981585
0.27633534157861184	0.08267016206340677	0.9793296979945796	0.12247506590444107
0.2764111958454227	0.07930084104282516	0.9796509081797493	0.10906293833160904
0.27648704435603955	0.0820753919178432	0.9799721296430401	0.11840607760408062
0.2765628507253553	0.07208688026012791	0.9802932082305266	0.09913414547604871
0.2766386877400032	0.06386901592994346	0.9806144522289642	0.08325798126634587
0.27671451900107513	0.05009009030319636	0.9809357075114795	0.05957024084595159
0.27679034450944395	0.06146515340451718	0.9812569740800582	0.07929503342546149
0.2768661642659825	0.08374760443387544	0.9815782519366856	0.10270340691532014
0.27694201465754387	0.07391608327810668	0.9818996952392596	0.09071580406129148
0.27701785929625966	0.0697642217822071	0.9822211498392668	0.08543707246227039
0.2770936618163278	0.07952262060706508	0.9825424615448597	0.12249093536833366
0.2771694585880525	0.07127790690014707	0.9828637845464315	0.12029896473088503
0.2772452496123056	0.05844796816102542	0.9831851188459646	0.09667152071594368
0.2773210348899587	0.06732140064990447	0.9835064644454408	0.12142221606214298
0.2773967780662284	0.08269825331249407	0.9838276671313249	0.14531878349663238
0.27747255186707087	0.0876370264106435	0.9841490353095195	0.1379507819774231
0.27754831992392476	0.09946016667315216	0.9844704147935939	0.13253445913239395
0.277624045890265	0.0941846123417053	0.9847916513537416	0.11902411520243732
0.2776997661171124	0.11023600308082433	0.9851128992182974	0.12764320847057384
0.27777551696099145	0.09774342151881452	0.9854343126047549	0.1147583836038495
0.27785126206436167	0.08199251243570506	0.9857557373050008	0.08857820345889776
0.27792700142809307	0.059909123359849666	0.9860771733210117	0.08501523909527123
0.27800277140045115	0.07345450943561996	0.98639877488655	0.11701137144752605
0.27807853563215545	0.06022568886197334	0.986720387777235	0.100305108132096
0.2781542577959451	0.08058587938444117	0.9870418577252446	0.12235757548802303
0.2782299742235718	0.08454113671995993	0.987363338996916	0.13557219599876053
0.27830568491590457	0.09275850551098885	0.9876848315942234	0.12592432894785657
0.2783813898738121	0.07308503409638949	0.98800633551914	0.09745938707115241
0.2784570890981631	0.06164942896332614	0.9883278507736383	0.09056459924057939
0.2785327826035724	0.04113941987956948	0.9886493773325145	0.05143743533275935
0.27860847037715963	0.05144004179617161	0.9889709152249114	0.05821882421047955
0.27868415241979283	0.07376704115588546	0.9892924644528	0.09798773820381312
0.2787597924261958	0.08353240696438932	0.9896138707048643	0.1046376721499151
0.2788354267061283	0.09712548689186774	0.9899352882909166	0.11061559716607913
0.2789110915748415	0.1204671940256723	0.9902568715098995	0.15508294437607828
0.2789867507160686	0.1150751312857396	0.9905784660722469	0.14893431555649653
0.27906240413067673	0.08654835905089484	0.9909000719799267	0.11577514287606318
0.27913808812567653	0.10327899840149347	0.9912218435481924	0.14226774885129556
0.2792137301033746	0.08611634470405996	0.9915434721252195	0.13586860430686437
0.27928936635705137	0.06627710274882284	0.9918651120534745	0.10513660149260023
0.2793649968875731	0.05574368518339809	0.992186763334923	0.09531313638636263
0.27944062169580597	0.06849818547615662	0.9925084259715298	0.0972236103411045
0.27951624078261583	0.04944804906761557	0.9928300999652595	0.07118132458746187
0.27959189043853633	0.05951649567128559	0.9931519396640243	0.08011573662929591
0.2796675343720192	0.05133458376875545	0.9934737907292878	0.06984472317875184
0.279743136313466	0.07441133891500851	0.9937954987789139	0.10193476267880691
0.279818732536949	0.07941641240396546	0.9941172181935095	0.11618258122869181
0.27989432304333317	0.077774496593649	0.9944389489750358	0.10523096988411527
0.27996987157123915	0.09173957884363684	0.9947605367249969	0.1264372835616964
0.2800454143865169	0.10546121212076999	0.9950821358403512	0.14326363004937273
0.2801209877604944	0.06609961830381245	0.9954039007071572	0.10008093433242096
0.2801965554208284	0.06027046113248479	0.9957256769487289	0.09489198008127858
0.2802721173683828	0.06502085557635319	0.9960474645670246	0.11869760175491278
0.2803476736177179	0.04002578435874151	0.996369263536713	0.06573221988384419
0.2804232241559985	0.05086625505170278	0.9966910738870358	0.08089164719518831
0.28049876898408793	0.0809476953508696	0.9970128956199498	0.11262894476577795
0.2805743081028493	0.07336964890407052	0.9973347287374109	0.0896622251093043
0.2806498415131454	0.07083093862870571	0.9976565732413748	0.09404211837367676
0.2807254054643863	0.07367237712037804	0.997978583561542	0.10603499832751274
0.28080092747402413	0.06154836910062923	0.9983004508170574	0.0829260850937219
0.2808764437777823	0.05835391465824925	0.9986223294649338	0.0872275999455539
0.2809519543765228	0.08638925694667143	0.998944219507124	0.12130120964714527
0.2810274592711077	0.08107484233893332	0.9992661209455803	0.10329604465925442
0.2811029222412136	0.08385995434606851	0.9995878792998599	0.11875995052188053
0.28117841574374597	0.09825776775118214	0.9999098035093633	0.14241773080726194
0.2812539035447052	0.08255515748356734	1.0002317391209823	0.10965649916695624
0.28132938564495247	0.06925400092575823	1.000553686136667	0.10673706527801746
0.2814048258350957	0.07979890456770107	1.0008754900540893	0.1161979423585536
0.2814802965501673	0.07946038077861976	1.0011974598563942	0.11496243038801277
0.2815557615671071	0.061951257871531315	1.0015194410686075	0.08756718919292339
0.2816312208867755	0.08303491885417877	1.0018414336926764	0.11375185920004481
0.28170667451003273	0.08730860429064023	1.0021634377305486	0.10581221814924163
0.281782122451396	0.086801043968917	1.0024854531567922	0.11280500665546747
0.2818575646980658	0.10250568770052228	1.0028074800007267	0.13679861377827757
0.2819330012509016	0.10088864327812253	1.0031295182642976	0.1488973373924157
0.2820084321107629	0.08700015405359784	1.00345156794945	0.13576481538963894
0.28208382109283026	0.07897619759642563	1.0037734745045546	0.13233436235177387
0.2821592405829668	0.06542503834695608	1.0040955470113002	0.107195854260047
0.28223465438270373	0.04887687574456008	1.0044176309454536	0.05772540523018297
0.2823100624928998	0.04632436589627347	1.0047397263089572	0.0455850745566934
0.28238546491441324	0.06201274129888282	1.005061833103753	0.05116644750460604
0.28246086166174117	0.062284661073103764	1.0053839513043625	0.056476560596918635
0.2825362527221008	0.08134813429538963	1.0057060809401412	0.09106019265428136
0.28261163809634987	0.0922067540911041	1.0060282220130299	0.11792149111237282
0.28268701778534605	0.10575086505776257	1.006350374524968	0.14650633156944406
0.2827623917899468	0.11959582470690876	1.006672538477894	0.1804912306763603
0.282837760124638	0.10843725390545642	1.006994713846304	0.14617921837369324
0.28291312277664604	0.11303659279344727	1.0073169006595737	0.14952584932079124
0.2829884797468278	0.1186819483020256	1.0076390989196409	0.16270530075148362
0.28306383103603994	0.10818231712982355	1.0079613086284418	0.12987719701257155
0.283139140497622	0.0581547457226648	1.008283375157507	0.07177624658686473
0.2832144804410825	0.09824533286504514	1.0086056077421166	0.146555226264423
0.2832898147061402	0.07200003943706935	1.0089278517812619	0.10792191203605618
0.283365143293651	0.05273820595950437	1.0092501072768776	0.07108564414888398
0.2834404662044706	0.06927361115046424	1.0095723742308969	0.10909291793919956
0.2835158195869715	0.09628815091325735	1.0098948072756586	0.13513324659117115
0.28359113116058315	0.047114729520331355	1.0102170971247948	0.06865570011790936
0.28366643706006756	0.07496905996888432	1.010539398438128	0.10801835340834146
0.2837417372862796	0.09707366894165814	1.010861711217589	0.14170839673969218
0.28381703184007406	0.07670948233011358	1.0111840354651098	0.10438090223856769
0.2838923207223055	0.06521856544028792	1.01150637118262	0.08566061670453198
0.28396764006501296	0.07299719113494404	1.0118288730354421	0.09182986981424543
0.284042917620277	0.045132035988933616	1.0121512316712016	0.04141578309394804
0.28411818950653833	0.03191088868314185	1.0124736017827334	0.03296903982773326
0.284193455724651	0.05847911361810271	1.0127959833719655	0.07256142423030464
0.28426868016875095	0.07599461266048592	1.0131182217278947	0.10005126737287219
0.2843438989491271	0.08145032856096504	1.013440471559866	0.11846625753125263
0.28441914818149955	0.10888742624249514	1.013762887566219	0.16725448346572555
0.2844943917491343	0.11694746355467184	1.0140853150579734	0.1716246608642457
0.2845696296528841	0.09417296871228456	1.0144077540370542	0.1474499743107906
0.28464486190718125	0.09351601030518347	1.0147302044778315	0.14567615748724042
0.2847200884992965	0.09203626983345904	1.0150526664097788	0.13557823023105983
0.284795309430082	0.07034008543722955	1.0153751398348196	0.09496483256935485
0.2848705247003901	0.06318318450025806	1.0156976247548766	0.09594075470084647
0.2849457343110724	0.058803318521793345	1.0160201211718718	0.07986856591901263
0.2850209743561186	0.025943238482853872	1.016342783828211	0.05011613922583301
0.2850962087405263	0.0460940871468177	1.0166654579908476	0.0760839994764503
0.2851714013910058	0.06177412964437438	1.016987988882598	0.10065294398057212
0.285246588385263	0.06348411086090772	1.0173105312789643	0.0926999347510858
0.28532176972414885	0.08886065214750749	1.0176330851818665	0.12577833098144908
0.2853969093425042	0.12301041578191818	1.01795549579756	0.15076288567011864
0.2854720433099013	0.10634899069317585	1.0182779179181007	0.12281471922387975
0.28554720770133135	0.09608291325697477	1.0186005063245098	0.117654154502038
0.2856223664407897	0.10311674700560584	1.0189231062451212	0.13226103448918192
0.2856975195291262	0.09237803380518322	1.0192457176818512	0.1272347529617241
0.28577266698073944	0.09368305819425155	1.0195683406089922	0.1366635902264595
0.28584780878292804	0.11042197565492223	1.0198909750560783	0.1651210668717206
0.28592294493654147	0.14096908954755383	1.0202136210250239	0.19635830050111258
0.28599807544242883	0.14176411628187108	1.0205362785177434	0.18849181471600115
0.2860732003014391	0.1123390486767852	1.02085894753615	0.13980053927571054
0.2861483555668822	0.09858007095782291	1.021181782905443	0.12111505244161369
0.2862235051844358	0.07491491083898658	1.0215046298097792	0.09507296924613981
0.28629861312144145	0.030625844025925154	1.0218273333890673	0.03751828206413109
0.286373715414962	0.022759720351524317	1.0221500485016863	0.03628123457902922
0.28644881206584544	0.05455019417466063	1.0224727751495468	0.08288955540002121
0.2865238670495457	0.05332613798304783	1.022795358455957	0.08383157337492275
0.2865989163950101	0.06675573225958446	1.023117953295889	0.09223225893622708
0.28667399613659295	0.09430946602767316	1.0234407145332534	0.13640214730671243
0.2867490702389268	0.0953102100629576	1.0237634873134915	0.13573377144902504
0.28682410268827896	0.09156383587893631	1.0240861167377597	0.1336519753738723
0.28689916552817424	0.09046847876502064	1.0244089125817752	0.13668311167449615
0.2869742227313591	0.0948003058458606	1.0247317199743817	0.14143446754955435
0.2870492742986802	0.07294495648963668	1.0250545389174848	0.12018456947947562
0.2871243202309838	0.06565401023344045	1.02537736941299	0.10233176622360834
0.28719939654369564	0.06511671291702129	1.0257003663635538	0.09560078952553018
0.28727443122201035	0.06854417824508136	1.026023219941862	0.09239993491528814
0.28734946026784325	0.04915966630820193	1.0263460850782808	0.07431590181767053
0.2874244836820399	0.06745614118841897	1.0266689617747131	0.08431991192044772
0.28749950146544556	0.08102520868954911	1.026991850033062	0.12047338475324124
0.2875745136189055	0.05702972755197544	1.0273147498552289	0.08565327947302012
0.2876495201567627	0.0780023481463023	1.027637661215378	0.11144852276886379
0.28772452106636187	0.09552471052569612	1.027960584143143	0.1349145920675585
0.2877995163485476	0.08129935324499087	1.0282835186404244	0.11234750451578404
0.2878745060041643	0.07414937607084478	1.0286064647091218	0.09747389317306734
0.2879494540599765	0.09723053533266783	1.0289292673671837	0.13276500412510783
0.2880244324784755	0.07839683296480451	1.0292522365566499	0.11116181089931483
0.2880994052729354	0.06860191825023892	1.0295752173232235	0.09865825684564808
0.28817437244419997	0.09863119089460519	1.029898209668802	0.1536813431471429
0.28824933399311264	0.09959350546401805	1.0302212135952824	0.14928763582183943
0.2883242899339965	0.09121413671005707	1.030544229076782	0.1383519770840421
0.2883992402542127	0.1015326310848789	1.030867256142971	0.16019979821026123
0.28847418495460425	0.09968276112323571	1.0311902947957443	0.15356687107003658
0.28854912403601374	0.06613660839572606	1.031513345036997	0.09205423371731401
0.2886240215494592	0.05875573691535748	1.0318362518346567	0.09085981799714346
0.2886989494089017	0.06853692086444046	1.0321593252307477	0.1060813805449018
0.28877387165188706	0.0492585913284469	1.0324824102209937	0.0709724416147446
0.28884878827925725	0.05470935700261498	1.0328055068072872	0.08694006742146503
0.2889236992918541	0.06475215965855749	1.0331286149915202	0.10383935981967364
0.2889986047039807	0.06656246955225974	1.033451734747764	0.0925153348275482
0.2890735045030148	0.06464478276294078	1.0337748661057247	0.08510336196319522
0.2891483986897975	0.09328081958314388	1.0340980090672915	0.11355146974191446
0.28922328726516994	0.07779209084893446	1.0344211636343552	0.07856854109255035
0.28929817022997284	0.0854204214922706	1.0347443298088037	0.10138993400795884
0.28937308352140956	0.10547360616197425	1.0350676626543116	0.143441701003642
0.2894479552810446	0.10244318384447525	1.0353908520213486	0.15137271338069058
0.2895228214326293	0.07565176690897998	1.0357140530014297	0.12994120638086282
0.2895976819770038	0.10141526116902763	1.0360372655964414	0.1670758705137126
0.2896725010028494	0.10099279826942932	1.0363603346963544	0.16954308500158058
0.2897473144258531	0.07323916397527971	1.0366834154093925	0.122690652895154
0.2898221581670748	0.07928235299590077	1.037006662832642	0.10731827165573296
0.28989699630444254	0.09636752041758563	1.037329921878359	0.13424821949946214
0.28997182883879535	0.09955407035954861	1.0376531925484274	0.14750016636717628
0.2900466557844058	0.09910240551203842	1.0379764748168476	0.12650453094262393
0.290121477128677	0.09023437508751542	1.0382997687133804	0.12881863601819743
0.29019629287244747	0.07904945381973703	1.0386230742399085	0.11452454346824675
0.2902711030165557	0.06955479802556003	1.0389463913983132	0.0886829119662847
0.29034590756183964	0.046674102289072136	1.0392697201904757	0.05863903721340083
0.29042074240786253	0.03134918860524335	1.0395932157580754	0.03538968817524183
0.29049557165405027	0.05795499334561173	1.039916722968775	0.06459278071822336
0.29057035942130827	0.07387881871881946	1.040240086645577	0.1039231398866491
0.2906451415930909	0.06754487092986843	1.040563461963651	0.09362756704596771
0.29071991817023535	0.07284493876368765	1.040886848924875	0.10577959308426912
0.2907946532816904	0.1091557858429898	1.0412100923354948	0.17758064849643895
0.29086938280286395	0.08567685326831923	1.0415333473874286	0.1390245832059487
0.29094414261452467	0.07668716581636763	1.0418567692614302	0.11689278624866212
0.29101889683489224	0.08935916988670342	1.0421802027860845	0.13671609195255047
0.2910936096036369	0.08373281659237841	1.0425034927452794	0.11923551469765731
0.29116835265733015	0.06571755883184208	1.042826949548915	0.06900389535200067
0.2912430901222365	0.07137847358015698	1.0431504180088238	0.08554001035285283
0.29131782199919165	0.06403899277348724	1.0434738981268796	0.07367355370407813
0.29139254828903116	0.05398939413402196	1.0437973899049555	0.05853647599388363
0.29146730485375644	0.056318746089564053	1.044121048562912	0.07478406390326509
0.2915420558303554	0.05627597326083946	1.0444447188902277	0.08911673519068106
0.2916168012196635	0.05931127226376248	1.0447684008887752	0.08994526927507286
0.29169150518278136	0.0818579318331055	1.0450919392976703	0.1311031966618035
0.29176620356295657	0.10145843951155009	1.0454154893759386	0.16510436319770297
0.29184089636102334	0.09093228188940558	1.0457390511254503	0.13288868915143084
0.29191558357781605	0.08378681769463754	1.0460626245480742	0.11496893316532833
0.29199022938513725	0.11542542833293626	1.046386054360524	0.15362362355214543
0.292064905455263	0.09210206714628716	1.0467096511069738	0.12103429087484398
0.292139575946614	0.06774492758090626	1.0470332595321359	0.08114343675749203
0.2922142050390141	0.0974117587475648	1.047356724335917	0.12565269620055874
0.29228882855698146	0.1033627500639571	1.0476802008165362	0.13823737411641107
0.2923634823303803	0.05916328853715534	1.0480038442610133	0.07054378710415318
0.29243813052833534	0.08434409301658755	1.0483274993916634	0.09943438942097815
0.2925127731516793	0.09276009293575843	1.048651166210351	0.11986688176807092
0.2925874460222546	0.08229905244803999	1.0489750000209006	0.09825585246392259
0.2926621133172087	0.07418952390341864	1.0492988455288241	0.10696929346546746
0.2927367392350754	0.11829499141033169	1.0496225473947633	0.17612212563912233
0.2928113595816581	0.10348982164204842	1.0499462609561894	0.15774287433205103
0.2928859743577886	0.10526418393548385	1.0502699862149645	0.14944009170169437
0.29296058356429855	0.10817255013358552	1.0505937231729499	0.16643040291052685
0.29303518720201926	0.10258558669281966	1.0509174718320065	0.14525615619664198
0.29310978528513354	0.07724421029271453	1.0512412321659284	0.09905198379236589
0.29318437780111894	0.07933542624983522	1.0515650042046367	0.11023340363129353
0.2932589647508063	0.08487817832010272	1.0518887879499919	0.12568868912974976
0.2933335103540827	0.06937913543312813	1.0522124280177179	0.09354522192863307
0.2934080503953915	0.0944432449323061	1.0525360797901855	0.12947886369843994
0.2934826206645097	0.09126973374377925	1.0528598986385402	0.1345049769701444
0.29355718537064956	0.07537593523995838	1.0531837292009683	0.10481302686195176
0.293631744514641	0.08337169239767302	1.0535075714793263	0.11282420985860833
0.29370633387825756	0.09100474048135512	1.0538315808616043	0.13124296199990734
0.2937808819137748	0.08724905209215529	1.0541554465492828	0.10352826271574411
0.2938554243896303	0.1053405694918177	1.0544793239584527	0.11493904420778138
0.2939299613066533	0.11256718235308052	1.0548032130909684	0.13942116407403352
0.2940044926656728	0.09930457999306799	1.0551271139486835	0.11216704806060653
0.2940790184675176	0.11127865843986597	1.0554510265334516	0.11727961733845908
0.29415353872634	0.09964782434069674	1.0557749508189962	0.12983552942359503
0.29422805342964287	0.09314684974581458	1.0560988868352936	0.13018828763084894
0.2943025625782544	0.09481489259511593	1.0564228345841957	0.12546398796141178
0.29437706617300274	0.09091346019237304	1.0567467940675532	0.13324145297015189
0.29445152847374884	0.08443276702328542	1.0570706098167089	0.13295581652384136
0.29452602097656794	0.062337080375807846	1.057394592746377	0.09697007411104301
0.2946005079280051	0.04502923881598104	1.0577185874160457	0.06974868533761651
0.2946749893288874	0.034048167694073275	1.058042593827564	0.05991459971558877
0.2947494651800423	0.04814249691717927	1.05836661198278	0.06516624050771774
0.2948239354956024	0.04037875635407116	1.0586906418553719	0.04098187888415916
0.2948984002630866	0.06999364174284085	1.0590146834753518	0.0703940756748406
0.2949728594833217	0.09342156827261511	1.0593387368445666	0.11434931172528318
0.2950473131571341	0.10689247921733266	1.0596628019648617	0.12496554072070726
0.29512172556832494	0.07675814737078265	1.0599867233168576	0.0991098026772414
0.29519616816506633	0.09223875394586126	1.0603108119166589	0.14369777857817467
0.2952706052178612	0.07715427114825396	1.0606349122730712	0.13240658799567595
0.2953450367275352	0.06986623230540819	1.060959024387938	0.11747762600786271
0.29541942698851853	0.09124029700445106	1.061282992719315	0.14581628667093247
0.2954938474277151	0.11459130790333333	1.0616071283284119	0.16792605533580338
0.2955682623262647	0.09930034489450665	1.061931275701487	0.13215955497314313
0.29564267168499236	0.11221174610528953	1.062255434840382	0.14428752374039847
0.2957170755047229	0.11386325514123305	1.0625796057469385	0.13845093152488241
0.2957915094926761	0.05706521673633842	1.0629039439667842	0.064032784871899
0.295865937940623	0.053319490474609856	1.063228293963618	0.053565520202627365
0.29594032516158475	0.054866525324159116	1.0635525001559634	0.07238683635101434
0.2960147068468446	0.04195962956425188	1.0638767181233242	0.05080569757627953
0.29608908299722636	0.031908667097477264	1.0642009478675392	0.043632725634882304
0.29616345361355373	0.08404983242057203	1.0645251893904457	0.11810233444888349
0.2962377830194591	0.10001174641491993	1.0648492870879633	0.14330557603239524
0.296312142583414	0.09797227048646992	1.0651735521455066	0.12767158646856464
0.2963864966157823	0.10353823256802494	1.0654978289872477	0.14375412276168165
0.2964608094481497	0.10820867932712482	1.0658219619921472	0.1417382073995971
0.2965351167532288	0.0783352800393653	1.066146106779256	0.08625587885405174
0.29660945420903273	0.045512474026824845	1.0664704189563254	0.04826000864685119
0.29668378613653873	0.048653105113042126	1.0667947429249272	0.051463865945152024
0.29675811253656903	0.04822354479776362	1.0671190786868945	0.040157341078756806
0.296832469079183	0.06319841804398751	1.0674435818669343	0.07405542762558429
0.2969068200933125	0.09202636471221609	1.067768096849664	0.12100061474570929
0.29698112992909537	0.11934577496937232	1.0680924679744257	0.15456440421006445
0.29705543424068753	0.11995835958947801	1.068416850899877	0.16934586028819873
0.2971297330289102	0.12655282443131988	1.0687412456278482	0.19097241575605794
0.2972040262945846	0.08226458775385848	1.0690656521601696	0.12033795411392459
0.2972783140385314	0.062193181162610925	1.069390070498671	0.09007655156158834
0.2973525962748101	0.06715076262435514	1.0697145006168625	0.0865183354119804
0.2974268729910006	0.07146526020195132	1.0700389425448869	0.06952078534745941
0.2975011441879234	0.059229516575105105	1.0703633962845722	0.048810099579940695
0.29757537423688873	0.09717180765808728	1.0706877061299416	0.11291389466788701
0.29764959877087305	0.0903232232355261	1.0710120277849544	0.10656645859837507
0.29772385342814145	0.07229094760680477	1.0713365169422442	0.0939712896872817
0.29779810256941963	0.07407135464175724	1.0716610179184973	0.12271086588542701
0.2978723461955272	0.08386006952961567	1.0719855307155388	0.14442775418147588
0.297946619936793	0.06577274962548044	1.0723102110429978	0.09455412711385841
0.2980208881618798	0.07409328168196395	1.0726349032005662	0.11525370967509102
0.29809511526060906	0.08949733364731338	1.0729594514425562	0.1337612728007213
0.2981693368474415	0.07501299544193393	1.073284011512626	0.0836166527762202
0.2982435529231958	0.0762380709119408	1.0736085834125983	0.08816657295119468
0.2983177634886903	0.09168726284559195	1.0739331671442947	0.1291022805636301
0.29839196854474315	0.07822059530179142	1.0742577627095364	0.09902557677873616
0.2984661681053815	0.06287152897976755	1.074582370081761	0.08411264529361057
0.298540362158212	0.08350018548951221	1.0749069892911678	0.13149907524565568
0.29861455070405235	0.07635470164292443	1.075231620339577	0.1022000625418356
0.29868869815384935	0.0630450865375673	1.075556107435877	0.07878984017781601
0.2987628401009317	0.08719762170952343	1.0758806063691326	0.11149072721664435
0.2988370121439047	0.10545379044074289	1.0762052729170573	0.13524074039292244
0.2989111786831542	0.08418083965235512	1.0765299513112538	0.09276555064603956
0.298985339719497	0.11094402331647844	1.07685464155354	0.13148279855588252
0.2990595308436201	0.12772742504499973	1.0771794994386632	0.17194402010790402
0.2991336808897902	0.1043022972546372	1.0775042133541535	0.14021469977808546
0.2992078254355008	0.10592501687677132	1.0778289391231772	0.13202514298728238
0.29928196448156763	0.11280077436143893	1.0781536767475488	0.15924878246534357
0.2993560980288067	0.07911811008851463	1.0784784262290834	0.12040995755298727
0.2994302260780334	0.07004603499577655	1.0788031875695947	0.08494912176077257
0.29950438420410164	0.08290649437488527	1.0791281165979354	0.11699871041554974
0.2995785012729299	0.05794526635408448	1.0794529016333896	0.09020947996106264
0.29965261284618966	0.05663801046110218	1.0797776985332548	0.07880034374651665
0.299726718924696	0.0625697006130261	1.0801025072993422	0.08906767226294209
0.2998008195092635	0.07332571507481389	1.0804273279334635	0.09202489312757772
0.2998748790530223	0.06237465558266935	1.0807520045534775	0.071328368338052
0.2999489686653258	0.09003161225016129	1.0810768489006268	0.1138237442386692
0.3000230527861315	0.10588582777857464	1.0814017051212363	0.12600639842524303
0.30009713141625366	0.10547476514639585	1.0817265732171149	0.12689650444613992
0.3001711690193507	0.103495617022118	1.0820512972833323	0.15106145286465675
0.300245236683709	0.12433633809776228	1.0823761891066854	0.17280479367785637
0.30031929885982256	0.09116685580927303	1.0827010928107272	0.11738667958254005
0.3003933555485047	0.09065825891194317	1.083026008397265	0.11888555468570516
0.3004674067505685	0.11949199966168356	1.0833509358681048	0.1596029676840221
0.3005414524799812	0.12049495514064504	1.0836758751965465	0.1602008405775009
0.3006154927243993	0.08582958160471361	1.0840008264128973	0.11443975941213053
0.3006895274846353	0.10540929036397473	1.0843257895189622	0.14914702359304383
0.30076355676150157	0.08905842376324737	1.0846507645165453	0.1401726969679625
0.3008375805558103	0.06784835184012612	1.08497575140745	0.10559082168807753
0.30091159888151814	0.055065290164818426	1.0853007501649525	0.08877784476063416
0.30098561172629035	0.08179277238678673	1.0856257608193782	0.11783048730208846
0.3010596190909385	0.08510207160040628	1.0859507833725295	0.1293282653993596
0.30113362097627416	0.0895182328958232	1.0862758178262084	0.14036720437469352
0.30120761738310853	0.09633992333681302	1.0866008641822154	0.14091570973505702
0.30128160832538775	0.10563287842118899	1.0869259224138017	0.14568168387105118
0.30135559379078586	0.11023325887095357	1.087250992551313	0.16032000270029215
0.3014295737801135	0.09803158215101118	1.087576074596548	0.13593139021878745
0.3015035482941813	0.09711109980404496	1.087901168551306	0.13195237888813455
0.30157748184657823	0.08978566398046015	1.088226118402212	0.1250757567966024
0.3016514454256826	0.09095276730038977	1.0885512361528398	0.12449419641634797
0.3017254035319558	0.0840488412546876	1.08887636581838	0.11479004583869952
0.3017993561662077	0.09190840031008232	1.0892015074006292	0.10712595914839905
0.30187326785252006	0.08445839774766542	1.0895265048633445	0.09455283854164699
0.3019472095582756	0.08767217636991934	1.089851670255812	0.11985483615785772
0.3020211457944364	0.06080561626591755	1.090176847570372	0.08713086968133033
0.3020950765618115	0.05903186102275506	1.0905020368088185	0.08808452138896944
0.30216900186121	0.06161380088571207	1.0908272379729458	0.11037138358894255
0.30224295717016825	0.0693601484060704	1.0911526071025874	0.11081983880331922
0.3023168715491472	0.09030097822438365	1.0914778320948475	0.1126545100979074
0.3023907804625733	0.11875657345868934	1.0918030690181633	0.1601136053822276
0.3024646839112547	0.11138114885450633	1.092128317874327	0.14105752770138144
0.3025385818959996	0.11086648926839736	1.0924535786651304	0.13018025549070983
0.30261247441761574	0.11710521024843012	1.0927788513923646	0.1508497208798767
0.30268636149000905	0.07687774293770748	1.0931041360291882	0.10277964594928288
0.3027602431008869	0.06102938721848531	1.0934294326060185	0.06668128262783941
0.3028341192510567	0.0756613390259751	1.0937547411246449	0.1039652655213473
0.30290795450127933	0.05904356832106018	1.0940799054686703	0.08872718662683915
0.3029817842950266	0.050966956194363366	1.0944050817523348	0.06586096866513745
0.30305564408100283	0.06754182163638167	1.0947304260784274	0.09733627104954104
0.30312949840949655	0.0596993139751117	1.095055782353464	0.0966967986297624
0.3032033472813143	0.042908490212405545	1.0953811505792312	0.06641123997605616
0.3032772261373085	0.06826458022971132	1.0957066868757008	0.09575194531823472
0.30335109953562045	0.08485009948226326	1.0960322351322067	0.11246073403470379
0.3034249320553259	0.08526589895379207	1.0963576391922074	0.10667635701289077
0.3034987591215773	0.09619045364921014	1.0966830552100764	0.12088878001902988
0.30357258073518034	0.10196067568625664	1.0970084831875972	0.11977933451723158
0.30364639689694034	0.09878940353382326	1.097333923126554	0.12664084390258218
0.30372020760766255	0.08953147054837658	1.0976593750287296	0.13011111598612468
0.303794012881221	0.09521992815211153	1.0979848388672113	0.1414723907161738
0.3038678127053496	0.0983868786607084	1.0983103146724724	0.14379507023780277
0.303941607080853	0.10161324643131588	1.0986358024462943	0.14854626783713842
0.30401539600853555	0.0974935541225585	1.0989613021904576	0.1432332667553127
0.30408914409098725	0.0919589942689692	1.0992866576967506	0.1376721066019415
0.30416292213850055	0.09094640617700836	1.0996121813582214	0.12018651406062544
0.3042366947406035	0.10666285854348674	1.099937716995369	0.13599901599836675
0.30431046189809996	0.09593292096033726	1.1002632646099728	0.13451771268898816
0.3043842236117934	0.08695188636540353	1.1005888242038104	0.10802535626490381
0.3044579798955392	0.08325162685801171	1.100914395749927	0.11413214379701334
0.3045317307370867	0.06790016678145758	1.1012399792788283	0.10857037576393441
0.3046054761372391	0.06317431472296461	1.101565574792292	0.08316118434943515
0.30467921609679915	0.07170954401962433	1.1018911822920932	0.10065861995736629
0.30475295061656965	0.08499832874412588	1.1022168017800085	0.12396426192457143
0.3048267150825157	0.07017849503791748	1.1025425894965384	0.07995653548900959
0.3049004741076666	0.07748890085473792	1.1028683892104838	0.11605817589794361
0.30497419232592116	0.08206535582628659	1.103194044644626	0.1498005229940166
0.3050479051075932	0.06346766100796188	1.103519712073975	0.11197286769685694
0.3051216124534846	0.06619617665346281	1.1038453915003046	0.123821151228909
0.3051952790053092	0.09472031595440976	1.10417092662913	0.1711894707217512
0.30526894012556277	0.0668098620924148	1.1044964737527199	0.1057284475608915
0.3053426311819501	0.06126752191756149	1.1048221891518386	0.08185769190055917
0.30541631680576037	0.09405154122901034	1.1051479165550206	0.12498235001602881
0.3054899616491245	0.08671912572087966	1.1054734996447462	0.10521183436579501
0.30556363642320616	0.07834099004592109	1.1057992510325678	0.08774665280826725
0.3056373057671112	0.09638174228326468	1.1061250144297583	0.12285644324691675
0.3057109696816398	0.08718451350628448	1.1064507898380866	0.1247088849266781
0.30578462816759233	0.07349049354625273	1.1067765772593208	0.11598268383365781
0.3058583165744388	0.07061038943982563	1.1071025330145192	0.11592081599846006
0.305931999551704	0.07994400950479168	1.1074285007919231	0.12691926500299572
0.30600564176973927	0.09136273755177403	1.107754324233658	0.13899419769624094
0.3060792785623956	0.09760037101289662	1.108080159695363	0.1395449596766722
0.3061529099304723	0.10147569264803265	1.1084060071788042	0.13254523502603355
0.30622653587476867	0.09052756466667795	1.1087318666857464	0.11442452877134496
0.3063001210760358	0.08123909990131611	1.1090575818352426	0.10281791224802288
0.3063737361881701	0.08525846485704763	1.1093834653656376	0.0988882598775708
0.3064473458789184	0.08318949176969376	1.109709360924822	0.09799434972455227
0.3065209501490793	0.09140270063443826	1.1100352685145598	0.10977490982522373
0.3065945136897983	0.10041723104763389	1.1103610317308166	0.1275440704199012
0.30666810713417325	0.10399079692840899	1.1106869633580867	0.13183169239917483
0.30674169516035316	0.09649317524012845	1.111012907021192	0.11714689785472837
0.3068152777691358	0.09176247800619243	1.1113388627218939	0.11691943391761221
0.3068888549613188	0.0953663440628714	1.1116648304619525	0.12614205126529326
0.3069624267506861	0.08157585999513911	1.1119908102142504	0.11275979574773565
0.3070359931250463	0.08741571153173514	1.1123168020094207	0.12560741198718095
0.3071095540851966	0.11447432708922733	1.1126428058492221	0.18692849681083856
0.30718310963193385	0.11681709055849002	1.112968821735414	0.17223966858318732
0.30725662447976954	0.09295163209300066	1.1132946932119645	0.12803284450986346
0.30733016921504763	0.10876405958473882	1.1136207331673107	0.15442849580248086
0.30740370853930027	0.10427822955130889	1.1139467851743152	0.14787992682538864
0.30747724245332375	0.06602829724106925	1.1142728492347345	0.06711888472599013
0.3075507709579139	0.0706994480594409	1.1145989253503241	0.09033602650074697
0.30762429406683606	0.09177234529304247	1.1149250134939244	0.1266599523699699
0.3076978117679145	0.06672115191523746	1.1152511136962013	0.08377634386418317
0.3077713240619447	0.07862457688328779	1.1155772259589096	0.11759034349965539
0.307844830949722	0.08704050540181053	1.1159033502838027	0.14050478282063603
0.3079183324320415	0.07316258130437095	1.1162294866726343	0.11960690013495578
0.3079918285226579	0.09362985367285036	1.1165556350982206	0.1482520744793123
0.30806531920940433	0.1190809139478731	1.1168817955912462	0.17722282182588225
0.30813880449307535	0.08734702076523222	1.1172079681534632	0.11547762099741672
0.30821228437446535	0.0900666095866681	1.1175341527866225	0.11998874171094795
0.30828572360437256	0.1057177892518232	1.1178601929536724	0.14648858277375926
0.3083591926965334	0.07418069029269203	1.1181864017050112	0.0992899058602045
0.3084326563887935	0.07233202840904618	1.1185126225325388	0.10887722649710499
0.30850611468194666	0.0875236135948727	1.1188388554380049	0.13088170339936087
0.3085795675767864	0.08924096761086744	1.1191651004231584	0.1387886595507261
0.30865301508704873	0.07380059585703125	1.119491357460773	0.1102778117435859
0.3087264572005823	0.0776817725679258	1.119817626581566	0.10768200688757817
0.30879989391818	0.08017874834097462	1.1201439077872852	0.10080670730665993
0.3088733252406348	0.07628842373558184	1.1204702010796772	0.08634040873614497
0.30894675116873926	0.06824758724673767	1.1207965064604881	0.06956381827366787
0.3090202069403394	0.09106646229773516	1.1211229804992404	0.10874911040516586
0.3090936573165853	0.08173633862552512	1.1214494666357029	0.11641837482698542
0.3091670670793226	0.0771774161774606	1.1217758082632387	0.11669386136313249
0.30924047145087674	0.08531697261138266	1.122102161986169	0.13497463820178285
0.3093138704320394	0.09748886666330454	1.1224285278062371	0.16240312609875973
0.3093872288124059	0.08441240223802199	1.1227547490993977	0.12636873162234855
0.30946058180654884	0.07781834541491174	1.1230809824873735	0.10491223626072177
0.30953396463420607	0.08354340686481	1.1234073845802874	0.11814450747138568
0.30960734207463536	0.08284285768057309	1.1237337987773042	0.1026839205019493
0.3096807141286277	0.07030503206304936	1.1240602250801648	0.07088383309945641
0.30975408080988803	0.08300303995697844	1.1243866634615731	0.09849529926027317
0.30982744210629076	0.11094088017589748	1.1247131139523014	0.13777712329189756
0.30990079801862624	0.08447341649330085	1.1250395765540901	0.08898069435367945
0.30997414854768485	0.0943743905989522	1.1253660512686778	0.1184472499267816
0.31004749369425655	0.1347723153848982	1.125692538097803	0.17518149388821153
0.31012086865741334	0.10402808457855695	1.1260191936980288	0.12964470473747172
0.31019423823707987	0.09077094484553927	1.1263458614220805	0.10000553612708231
0.3102675672538305	0.13373001151976524	1.1266723845761777	0.1692329709804541
0.31034089089125083	0.10379960993382674	1.1269989198517572	0.12342093649873553
0.31041420915013	0.06494207559598705	1.1273254672505548	0.06707248065271576
0.31048748685877525	0.09387837363534807	1.127651870061344	0.12184760676979835
0.31056075919303633	0.08867125738782415	1.1279782849930005	0.13381191436899104
0.3106340613339171	0.07065333960476523	1.128304868742776	0.09870790156230255
0.3107073580994098	0.10635305328940098	1.1286314646227038	0.15859722055560424
0.3107806143281292	0.12463055805588717	1.128957915898281	0.17405941355576732
0.3108539003580966	0.11684384101367991	1.1292845360146146	0.1374853954538088
0.3109271810150385	0.1206455817266969	1.1296111682662957	0.13939962712358978
0.3110004562997428	0.10997432364557572	1.1299378126550557	0.1242812435414208
0.311073726212997	0.07741163061152695	1.1302644691826262	0.06773738089059687
0.3111470259177622	0.07037380973640678	1.1305912945869752	0.07235198060106597
0.31122032025007446	0.0662706349411002	1.1309181321394197	0.08958434592105405
0.3112935740665771	0.06757916327258412	1.1312448250646805	0.08661300219199758
0.31136682251477654	0.07188109064164433	1.131571530135668	0.09625039658024684
0.31144006559545967	0.09620961868268978	1.1318982473541108	0.13230707221168322
0.3115133033094129	0.07926116912860987	1.1322249767217376	0.11710476312822006
0.3115865005235702	0.08429312639035322	1.1325515614399537	0.11243483934264525
0.311659727519288	0.08592631153837076	1.132878315081986	0.12307084998098423
0.31173294915063277	0.07411025175839758	1.1332050808783802	0.1121687251956926
0.31180616541839046	0.07118290339580419	1.1335318588308625	0.09972338379948643
0.3118793411997799	0.09190452044792827	1.133858492117511	0.13449698144336988
0.31195254675557804	0.08581892357824591	1.1341852943581847	0.12515937946329941
0.3120257469501439	0.0804749099801578	1.134512108760118	0.09903175641705832
0.3120989417842626	0.10597621512998312	1.1348389353250354	0.14020219815693097
0.31217213125871923	0.11181013868492318	1.1351657740546608	0.15623612270672815
0.31224535049786556	0.0972567773282361	1.1354927817743647	0.12214193212394615
0.3123185643763473	0.10489416215630798	1.1358198016680592	0.14395346694089917
0.3123917377893725	0.11707850329868336	1.1361466768729591	0.17761203947093165
0.3124649058458721	0.0864275303922291	1.136473564249453	0.12641742631950606
0.31253806854663035	0.0653696270296001	1.136800463799262	0.09902620513740575
0.31261122589243123	0.08434729904364832	1.1371273755241067	0.12299512834500813
0.3126843427887507	0.05917892104617973	1.137454142537838	0.08868131564090209
0.312757489439825	0.053245636444558694	1.137781078588708	0.06280178799738372
0.31283063073829104	0.1037698946787556	1.1381080268197683	0.12928662005148733
0.3129037666849321	0.0999047589756212	1.1384349872327384	0.13121163783472797
0.3129768621954864	0.0780066156438024	1.1387618029180926	0.08721725570037987
0.3130499874536562	0.1175865980956671	1.1390887876708127	0.14551296198022678
0.31312310736234794	0.11348755194797651	1.1394157846105917	0.1666827473946439
0.3131962219223444	0.0747194945242186	1.1397427937391462	0.1058312309880802
0.313269331134428	0.08991969387817998	1.1400698150581927	0.1268951292792211
0.31334243501220294	0.10515989974951057	1.1403968485402065	0.16981498752461804
0.31341553354362744	0.08221024848129073	1.140723894216139	0.1140308386250187
0.3134886267294836	0.07690706503527793	1.141050952087705	0.09764107659633123
0.31356171457055304	0.09089243191989788	1.141378022156618	0.1249490660228914
0.313634762005644	0.08987387666818014	1.1417049474607048	0.1207385192056478
0.31370783917229733	0.08527699746928352	1.1420320419001935	0.11384951934007591
0.31378091099650635	0.08726388718116573	1.1423591485421651	0.11927516078584981
0.31385397747905225	0.10052107497406551	1.1426862673883322	0.12759102802376024
0.3139270386207158	0.10732204267320623	1.1430133984404063	0.14180383928815876
0.314000094435083	0.09831461656913533	1.1433405416708218	0.12369045325512087
0.31407314491012733	0.08167924193276332	1.1436676971105622	0.0961396710819825
0.31414619004662925	0.07881081049561026	1.1439948647613378	0.09466868129872957
0.31421922984536893	0.0660220824893136	1.144322044624858	0.08693461415021009
0.3142922643071264	0.06364705285124908	1.1446492367028327	0.07837588538254028
0.31436532848184995	0.06664214902160331	1.1449765979901345	0.09219859752860493
0.3144383522847765	0.08381226224650788	1.1453038144728411	0.11174641316441328
0.31451137075305813	0.10811836736175452	1.1456310431751224	0.15702687547994926
0.3145843838874743	0.11573020748393482	1.1459582840986855	0.16272860533805436
0.3146573566626602	0.11210619338920813	1.1462853801993256	0.1515894558557374
0.3147303241080966	0.10941671365463788	1.1466124885187925	0.14110666709177114
0.3148033212583753	0.10572579181191918	1.146939766087118	0.14136899676226347
0.31487631307790237	0.08464282525438012	1.147267055883545	0.10669961169790126
0.3149492995674564	0.06710336789690191	1.1475943579097785	0.07816561911103706
0.3150222807405946	0.06964799903429887	1.1479216721381886	0.09071271418976323
0.3150952565853144	0.09065697722102387	1.1482489985998088	0.12186834122871851
0.3151682271023938	0.08020029427591428	1.148576337296343	0.11186814345106548
0.3152411922926106	0.09332558646869156	1.1489036882294934	0.12119362382078179
0.3153141521567425	0.13778809727976243	1.1492310514009623	0.19142632693621936
0.31538714170893206	0.1067014243166394	1.1495585838876974	0.12887054465207343
0.3154601259340356	0.0887136658765433	1.1498861286220263	0.09531572074978774
0.3155330698373429	0.10594701594824214	1.150213528489297	0.12409315016064344
0.3156060084176725	0.08182578187348132	1.1505409406016858	0.10694576918531287
0.31567894167580113	0.06311100763380041	1.150868364960893	0.06408061165653671
0.31575183462467016	0.10949412632918701	1.1511956444346423	0.14608695989032258
0.3158247222554436	0.11450169673656604	1.151522936152728	0.16071302865216378
0.315897639564385	0.11055095267958892	1.1518503972332006	0.13893190651757012
0.31597055155422915	0.11052236478791157	1.1521778705672818	0.152659620206148
0.3160434232481171	0.08505922940366768	1.152505198999181	0.13024274466774344
0.3161163246148454	0.05782149385179795	1.152832696816175	0.08562143973258496
0.31618922066480204	0.06278763342282814	1.1531602068918638	0.1036146487552261
0.3162621113987622	0.07769772894235215	1.1534877292279426	0.1101531950114779
0.3163349968175015	0.08635694729579386	1.1538152638261074	0.09908806164831939
0.31640791189942974	0.11291344730899569	1.1541429678455404	0.13747832559822645
0.31648082166513647	0.10641154538675963	1.154470684136332	0.13106777274435658
0.3165536911556026	0.0904174780434385	1.1547982555015015	0.09387371500215651
0.3166265553339454	0.0740518332168155	1.1551258391355292	0.09963155059760193
0.3166994142009393	0.0631409068693706	1.1554534350401076	0.09097071593426795
0.3167722677573585	0.03765915706598279	1.1557810432169293	0.05292230856363506
0.3168451160039771	0.04947817168610343	1.1561086636676863	0.08099937583071741
0.31691795895429964	0.044394326681592926	1.1564362963646297	0.07660583079027483
0.3169907965963675	0.030795266087777964	1.1567639413388866	0.06242830554336477
0.31706362893095413	0.05471422742677883	1.1570915985921468	0.08765061468006932
0.317136421019401	0.08593611828161449	1.1574191108803173	0.12124895714291202
0.31720920780445855	0.10402751652732774	1.1577466354449755	0.13607119548174962
0.31728202423396296	0.13775481866061418	1.1580743295159237	0.1775601569384167
0.3173548353590771	0.14426924520968204	1.1584020358726284	0.17914390535443186
0.3174276411805737	0.1419213267131041	1.158729754516777	0.18326251730487958
0.31750047663865744	0.1269050122564939	1.1590576426958403	0.17501911224248545
0.31757330679212353	0.1027889286286666	1.159385543171618	0.14545076832489945
0.31764609672011435	0.09444879327913289	1.1597132986587413	0.1345865580305148
0.3177188813475751	0.09790023392488431	1.1600410664400513	0.12594277973963558
0.3177916606752777	0.08055965896978423	1.1603688465172337	0.09956960647200938
0.31786443470399395	0.09317426537606237	1.1606966388919735	0.11650242621898566
0.3179372034344953	0.07506739848919823	1.161024443565955	0.09527900834035975
0.31800996688025596	0.06181800351340149	1.1613522605113613	0.08666934001430747
0.3180827250293426	0.07483078978059028	1.161680089759373	0.1077811034906779
0.3181554778825262	0.07164481692988299	1.162007931311673	0.1195415051459878
0.31822819053926504	0.0604497277236897	1.1623356278356831	0.10234304393743998
0.3183008979041821	0.07724522525989665	1.162663336661438	0.1182497753917791
0.31837363488697495	0.0946619327977402	1.162991215107175	0.12855072508286733
0.3184463665769456	0.08686436306586319	1.1633191058639234	0.12304168673462254
0.31851909297486414	0.0899736751514553	1.1636470089333637	0.11952934554569833
0.3185918489828133	0.083732413023851	1.1639750816514365	0.10645167404613294
0.318664564811624	0.08501162756024665	1.1643030093217632	0.11686524617417599
0.3187372753506904	0.07501524446966693	1.1646309493098168	0.11144183292237936
0.31880998060078214	0.08352701640177826	1.1649589016172757	0.12283260727011747
0.31888268056266866	0.09710427907627668	1.165286866245818	0.13366805008290855
0.31895537523711914	0.09865930673338806	1.1656148431971212	0.13088043317916884
0.31902806463757943	0.10180118204435008	1.1659428324433054	0.1428289979958392
0.3191007487521398	0.1115575868530301	1.1662708340156003	0.1520789918487672
0.31917342758156886	0.0924909241353676	1.1665988479156824	0.11294092595535953
0.31924610112663526	0.09522443255832862	1.166926874145227	0.11683023448913821
0.3193187345248311	0.11224939603321879	1.16725475528299	0.15255544120077097
0.3193913975161448	0.08374874807840305	1.1675828061469082	0.0976967943947667
0.31946405522539856	0.057496103486787596	1.1679108693453089	0.06535614138615929
0.31953670765336034	0.0741210397128573	1.1682389448798662	0.11069149247119625
0.3196093548007977	0.0620248257819042	1.1685670327522533	0.08424739098013606
0.3196819966811387	0.0587043596116482	1.1688951329345496	0.06703401355462485
0.3197546332824885	0.10962812900125642	1.169223245458017	0.14262315369438994
0.3198272646056141	0.10659556213268952	1.169551370324327	0.13592430744424472
0.3198998906512829	0.09564144583369838	1.1698795075351507	0.10740378059199499
0.31997247657976596	0.10056791101927406	1.1702074996159604	0.13681394720579448
0.32004509208547227	0.0724217612742396	1.1705356614912106	0.11114254160448563
0.32011770231601994	0.053661299332864745	1.1708638357159817	0.08333624012856265
0.32019030727217523	0.08437489724377163	1.1711920222919434	0.13371181995483894
0.32026287212432347	0.08061566167061132	1.1715200637208663	0.11909442644724234
0.32033546654663625	0.08158509071302389	1.171848274974585	0.11052961347159188
0.320408055696853	0.11702294783771533	1.1721764985844956	0.16276820641253156
0.32048063957573936	0.10904006090293684	1.172504734552265	0.15238385412466332
0.32055321818406096	0.09808911078371502	1.17283298287956	0.129256090842646
0.320625826352964	0.1148405982765942	1.1731614010679454	0.17061918415975963
0.3206984292503035	0.10365576654044127	1.1734898316251194	0.1573501505232214
0.32077099206415505	0.06896292524864811	1.1738181170113358	0.09546707335378515
0.3208435496105003	0.06204577208452997	1.1741464147637368	0.08325051976505665
0.32091610189010417	0.06336002359521771	1.174474724883987	0.09401266610365397
0.3209886489037311	0.0574831784040915	1.1748030473737507	0.08363932966767051
0.321061155849554	0.06745087735656917	1.1751312246695451	0.08512404424512506
0.32113369234614375	0.07842414607048082	1.175459571873653	0.11722832274038562
0.3212062235790474	0.09179430284562537	1.1757879314522592	0.13444497932601573
0.32127871475400577	0.07510439793269905	1.176116145824075	0.10497616170095225
0.3213512006693297	0.06426453181697003	1.1764443725677711	0.08101273812851961
0.32142371612837384	0.07484309730385313	1.176772769250155	0.09856097439436096
0.32149622632678443	0.08955467619058521	1.1771011783136789	0.10920036256721041
0.3215687312653248	0.0808291113103864	1.1774295997600035	0.0995672950884149
0.3216412657397809	0.09159657151712115	1.1777581911737394	0.11332791387742386
0.3217137949533686	0.09648270552026325	1.178086794979536	0.13636350838550795
0.32178628412948296	0.09422641160949172	1.1784152535545087	0.1372519440050368
0.32185876804877644	0.08961339308142215	1.1787437245189138	0.12701871392663677
0.3219312467120114	0.10305755663562324	1.179072207874409	0.13136502236186834
0.3220037201199501	0.08658349406360645	1.1794007036226515	0.1100585239693412
0.3220761882733545	0.09463891284692577	1.1797292117652987	0.11004423871352312
0.32214865118558456	0.08646978240598596	1.1800577322742771	0.10787675736561614
0.32222110884480215	0.064846082735499	1.1803862651809685	0.0716032799498033
0.3222935612517689	0.06051336135967288	1.1807148104870275	0.07900093822657273
0.32236597365002817	0.10796808673459544	1.1810432105219952	0.14553795467904923
0.3224383808000778	0.09061610000908318	1.1813716229536868	0.1179516646989386
0.32251081746744825	0.07930514728762025	1.1817002054380283	0.08975429621322942
0.32258324888561046	0.11940782074210796	1.1820288003283503	0.1557002677056621
0.3226556750553252	0.12563199923679128	1.182357407626306	0.1624272425355545
0.3227281307345708	0.08825002646996313	1.1826861850056614	0.09251470635115809
0.32280054642225375	0.10556016389308373	1.1830148170940769	0.12661246374683377
0.3228729568637686	0.11245652036860028	1.183343461595078	0.15166633466901175
0.3229453620598754	0.0746583340013407	1.1836721185103156	0.10221906403082158
0.32301776201133403	0.06203454357821498	1.184000787841441	0.08106327192557632
0.32309015671890423	0.08498181232476035	1.1843294695901034	0.12679915276759388
0.323162580925463	0.07160418277508816	1.1846583214657846	0.10349711433350955
0.32323496516010564	0.06049839896520434	1.1849870280246826	0.08185422708043613
0.32330734415313617	0.07474156383194976	1.1853157470060613	0.10322940532625856
0.3233797179053138	0.0865646819110951	1.1856444784115694	0.11942729168785288
0.3234520516979027	0.06950765069484507	1.1859730644813997	0.10824783776136407
0.3235243802536694	0.0930602045567295	1.186301662972689	0.13524697586147066
0.32359673830040253	0.11389615774884197	1.186630431630661	0.15111900575035908
0.3236690911093155	0.11983145702408973	1.1869592127193462	0.14996026605453333
0.3237414386811666	0.11673812807832956	1.1872880062403905	0.1516628467819374
0.32381381573620865	0.11690952662106786	1.1876169699568941	0.13172764937387887
0.3238861528487645	0.10346317528717933	1.1879457883177686	0.12017140774703708
0.3239584847265304	0.09104110840252155	1.1882746191159328	0.1256550822913035
0.32403081137026396	0.0925180279680038	1.188603462353031	0.13226998961577105
0.32410313278072267	0.10518550551149869	1.188932318030706	0.13398288745172265
0.3241754489586637	0.09893161915417252	1.1892611861506013	0.13751434798536305
0.3242477946092712	0.10389400715638122	1.1895902245116026	0.14687277475750857
0.32432010033699155	0.10277630819851735	1.1899191174910175	0.13968030076500076
0.32439240083446325	0.09265137720296569	1.1902480229175747	0.1197941948908947
0.3244646961024429	0.10434703171118762	1.190576940792915	0.13793807821157766
0.3245369861416869	0.10543094233649622	1.1909058711186795	0.15438882311556765
0.32460923627360594	0.08891268440224066	1.191234656039558	0.1121629831586936
0.32468151587018185	0.09520941855258737	1.191563611241223	0.11038367039745563
0.32475379024028866	0.10911827624982784	1.1918925788982264	0.14191559512796306
0.3248260593846822	0.07866720702359453	1.1922215590122076	0.10702897055536695
0.32489828863479364	0.07384131716530148	1.192550393703953	0.08058462242011705
0.3249705473425545	0.10396551127518777	1.1928793987069208	0.14617950205556482
0.3250428008268666	0.1103864303043834	1.1932084161717755	0.15854324200980446
0.3251150490884851	0.08609327171482017	1.1935374461001538	0.11826957056012048
0.325187292128165	0.08562048860903543	1.193866488493692	0.12362998027734537
0.3252595299591811	0.0962931631984986	1.1941955433241278	0.14041077205376565
0.32533176256976615	0.06172956371186122	1.1945246106229905	0.08068474883076782
0.3254039899606747	0.04508861301797739	1.1948536903919158	0.05114203016752325
0.32547621213266104	0.05363246561839711	1.1951827826325374	0.05689676635209216
0.32554842908647935	0.05225749465011875	1.1955118873464898	0.05649706688921749
0.32562064083539455	0.06724969167561812	1.1958410045054881	0.07832277532200463
0.32569284736764764	0.08367507027054626	1.19617013414108	0.10052783438551374
0.3257650486839925	0.11383391921766427	1.1964992762548974	0.14521702027485633
0.3258372447851824	0.12189211166622607	1.1968284308485728	0.16749801654033505
0.3259094010376782	0.11720644584933379	1.197157439959124	0.1657350342664091
0.32598158672332	0.09020956174762793	1.1974866194874718	0.13074790624535013
0.3260537671960647	0.09467021874201383	1.197815811500567	0.13596064691549234
0.32612594245666504	0.07759243581596531	1.1981450160000395	0.10048461581040573
0.3261981125058738	0.0714331521825565	1.1984742329875195	0.09107689914601641
0.32627027735693803	0.09624555972880265	1.1988034624346824	0.10948525105065221
0.3263424369981137	0.09631162126558794	1.1991327043731068	0.10544657046951993
0.32641459143015306	0.09389528523466949	1.199461958804421	0.11448949682142405
0.326486740653808	0.10972557320401372	1.1997912257302525	0.16148617374575114
0.3265588500580206	0.10509403233533547	1.200120347133689	0.1351034619067559
0.326630988879648	0.10153827523311992	1.200449639023465	0.135125124694958
0.3267031224951444	0.12278114566859158	1.200778943412635	0.17941529137726817
0.32677525090526105	0.11511114003901467	1.2011082603028256	0.15497398041546262
0.3268473741107494	0.09176958447045536	1.201437589695662	0.09665428222445392
0.32691952672417024	0.11043670653948671	1.201767089611309	0.13837695982089687
0.32699163953513133	0.08619983165327254	1.2020964439843196	0.1087944847485881
0.3270637471437149	0.06845588675507625	1.2024258108648456	0.062222744299392264
0.32713584955067143	0.0760469728546568	1.2027551902545106	0.08189521227943478
0.3272079467567514	0.08536726080255047	1.203084582154938	0.11241257845749154
0.327280038762705	0.0790928167917023	1.2034139865677507	0.10070863689255867
0.32735212558175003	0.09928440574142758	1.2037434034645589	0.12592105431830994
0.327424207202167	0.11796609130892174	1.2040728328769923	0.16460580835253674
0.32749628362470545	0.10764894495159977	1.204402274806672	0.15270016648225693
0.32756832027322097	0.10485366211536683	1.2047315711526656	0.14637103001490687
0.3276403517278497	0.10541580774951165	1.205060880013137	0.14016929684330903
0.32771241257370864	0.10049372429360535	1.2053903594742477	0.12831436256352013
0.3277844682246848	0.09621279039656899	1.205719851459082	0.11564232145370452
0.3278565186815272	0.10480807459373177	1.2060493559692576	0.12227311238714691
0.3279285985218788	0.09826466797541414	1.2063790311089473	0.11527627341007676
0.32800063860515116	0.09062440299891088	1.2067085606446155	0.10744598991041673
0.3280726734965338	0.0869387440006473	1.2070381027104757	0.11721204289103591
0.328144703196775	0.0791272869587979	1.2073676573081449	0.11396030849113967
0.3282167277066229	0.07776629513553046	1.20769722443924	0.10158637870925877
0.3282887470268254	0.08335419065357245	1.2080268041053772	0.10913591485521815
0.3283607957200807	0.08184796340501702	1.2083565544467816	0.1071538536339421
0.3284328392226956	0.08027177078987685	1.2086863173324733	0.09007827393974406
0.3285048429908874	0.06731498745901593	1.2090159345833547	0.08195172667415598
0.3285768415724223	0.06917111307891052	1.2093455643757343	0.09973439677587947
0.32864883496804753	0.06521585316334493	1.2096752067112257	0.09838845144818438
0.32872078864143595	0.06863826910531458	1.2100047033926817	0.114812788964175
0.3287927371328955	0.06997687869055785	1.2103342126144536	0.1229359236439714
0.3288647149877031	0.08796208847259054	1.2106638925588658	0.12804151511790762
0.3289366876595862	0.09881723666380494	1.2109935850528368	0.137335010620219
0.3290086551492914	0.0911271894248837	1.2113232900979778	0.1168687196717412
0.3290806174699893	0.0879572212273043	1.2116530076657952	0.0991592457788866
0.3291525746099996	0.08718050763456434	1.2119827377880008	0.10404702121267934
0.32922452657006823	0.07194552526734235	1.2123124804662042	0.09708549869131475
0.3292964733509409	0.05101937735324448	1.2126422357020152	0.05367990669825614
0.32936841495336316	0.05586601167797638	1.2129720034970433	0.07188619805724612
0.32944038590272995	0.07138174256567575	1.2133019420817621	0.1086953612800329
0.3295123516726518	0.08521587968484906	1.2136318932349408	0.1241358421509974
0.32958427775660654	0.1009153291718065	1.2139616986871382	0.1326131171458152
0.32965619866508966	0.12248854284447516	1.2142915167049808	0.16724182066083737
0.329728114398846	0.13486106803175643	1.2146213472900749	0.1786004714482407
0.32979999045879294	0.12611443270137873	1.2149510321548957	0.15840288411332648
0.3298718613479835	0.0991204893016717	1.2152807295841468	0.1294601982599893
0.3299437615744294	0.08635792459844949	1.215610597850483	0.13512492428861353
0.33001565662912397	0.07295741850695095	1.2159404786904897	0.12101616927042011
0.330087512022902	0.06969881060120199	1.2162702137925145	0.10332766440360504
0.3301593967487237	0.0742633241115179	1.2166001197545144	0.10791824874660563
0.33023127630502375	0.09032860840968605	1.216930038294994	0.11019082337101171
0.3303031506925457	0.08876034141074975	1.217259969415556	0.09186770917817431
0.3303750199120327	0.08020006896407632	1.217589913117803	0.0949724909825251
0.3304469184541373	0.07743886010056066	1.2179200277165954	0.0913428401170241
0.3305188118272132	0.06696525270532654	1.2182501549063138	0.07738407807019917
0.33059066555944105	0.07748705675719275	1.2185801363330435	0.11772968274811091
0.33066251412660386	0.09109609897908463	1.2189101303478607	0.12385784002898233
0.33073435752944413	0.09489489564241568	1.2192401369523662	0.11774113623948276
0.33080619576870435	0.111100953429444	1.2195701561481598	0.1726974442854035
0.3308779943824661	0.11654984792628195	1.2199000295571643	0.17510419737076047
0.33094982230917064	0.10955332274704047	1.2202300739101275	0.13495587291618003
0.3310216450745192	0.11407175360281663	1.220560130859172	0.15051976528236724
0.3310934626792537	0.1272075454169165	1.2208902004058961	0.1619281118138295
0.33116524067135167	0.1115976677987603	1.2212201241480496	0.11427006265966094
0.3312370479694535	0.09409969343822744	1.2215502188647056	0.10152401897721952
0.3313088501091636	0.08971049022421787	1.221880326183829	0.11454551910075136
0.331380647091223	0.07287844699152153	1.2222104461070158	0.09980753064684675
0.3314524389163726	0.07281148217094723	1.2225405786358619	0.10092157955712694
0.33152422559771716	0.08543346780690078	1.2228707237417278	0.10874072039663343
0.33159600712363163	0.08582542523334248	1.2232008814564392	0.1108050672613051
0.33166778349485626	0.08952509616540882	1.2235310517815914	0.11396443018502425
0.33173955471213135	0.09951213765109734	1.2238612347187776	0.13066483545954236
0.33181132077619707	0.08315084309621999	1.2241914302695915	0.10657368328880343
0.33188308170014846	0.08967449015558487	1.2245216384053723	0.12812728486517394
0.3319548374723685	0.11749515756493728	1.224851859157963	0.16852697570403577
0.3320265880935967	0.1217536348647709	1.2251820925289552	0.17138089390075392
0.33209833356457263	0.11742197992253747	1.2255123385199411	0.15537462062664686
0.3321700394678674	0.11977915709425527	1.2258424386439604	0.16910775717091409
0.3322417746529027	0.10847604368052913	1.2261727098494335	0.1439424185026174
0.3323135046899015	0.09168285890877313	1.2265029936796688	0.10232788441564511
0.3323852295796024	0.09228995522511438	1.226833290136256	0.09116228475685875
0.33245694932274433	0.09043623936348835	1.2271635992207848	0.09383114842269619
0.3325286639324049	0.11555270472723465	1.2274939209045554	0.12375595335053724
0.33260037339698145	0.10219968171214482	1.2278242552194412	0.1267833110464325
0.33267207771721213	0.08558898898048828	1.22815460216703	0.11637921076988567
0.3327437768938351	0.0830715368816369	1.2284849617489095	0.12948330716216017
0.33281543653162315	0.09276532108204398	1.2288151754235852	0.13765767749036317
0.3328871254355746	0.06866612438459171	1.2291455602485	0.09802839210960101
0.33295880919812965	0.0668980574138052	1.2294759577124619	0.08869540210081292
0.33303048782002587	0.09059707305042974	1.2298063678170563	0.12341559523818488
0.33310216130200043	0.08954124513158704	1.2301367905638694	0.12042691267326985
0.33317382965711373	0.07313023925007546	1.2304672259241622	0.0938290963823178
0.33324549287377764	0.09075172717943644	1.2307976739298392	0.12533097145411873
0.33331715095272885	0.10338092399529232	1.2311281345824834	0.13821052382762475
0.33338880389470404	0.1052967047690198	1.231458607883679	0.13513220842047668
0.3334604517004398	0.09157629749687861	1.2317890938350087	0.11232939891799819
0.3335321287543141	0.11391702680807929	1.2321197510114599	0.1472665510079568
0.33360380067095646	0.111554405224211	1.2324504208472795	0.14458897569145682
0.3336754330847016	0.11183957005247668	1.2327809447281564	0.13843983933299184
0.3337470603651498	0.12019763739803013	1.2331114812654913	0.1385776361860703
0.3338186825130365	0.12434693644139085	1.233442030460865	0.16625711098307694
0.3338902651700756	0.0874722612477227	1.233772433681751	0.11380176649353922
0.33396184269848544	0.05319795896852492	1.2341028495577588	0.07666591577474752
0.3340334494654026	0.0497173224765336	1.2344334367063612	0.0931769649124874
0.3341050511026976	0.039016719085765345	1.2347640365193175	0.08091754440640384
0.33417661326192083	0.0432101958501461	1.2350944903397998	0.0635093452550059
0.33424820465447314	0.09850429207788292	1.2354251154558191	0.12286831216763752
0.3343197909196058	0.11743237008573602	1.2357557532409225	0.14657090524459365
0.33439137205805314	0.1274774152422387	1.2360864036966872	0.1500234298753842
0.33446294807054944	0.14421347487447053	1.23641706682469	0.18469254678355823
0.33453455330701365	0.12845510875502403	1.2367479012849134	0.1863907502756689
0.334606153416535	0.11097344750167146	1.2370787484266073	0.18145807750525872
0.33467774839984754	0.12493480632893988	1.2374096082513477	0.1961322448600255
0.3347493039281638	0.09431967444956586	1.2377403220536551	0.1577598795301953
0.3348208543341961	0.09923221748227354	1.2380710485360737	0.14680745268102657
0.3348923996186778	0.10108837445777051	1.2384017877001774	0.13348419801687228
0.33496390546018456	0.084609972185646	1.2387323808222372	0.093710056660799
0.3350354061840628	0.07291785927036921	1.2390629866230403	0.06731677547223368
0.33510693612056675	0.06466260489129404	1.239393763811214	0.06429272923231542
0.33517846093845	0.058902325136636395	1.239724553687361	0.07318978290583888
0.33524994632610344	0.0691223047381248	1.2400551975034053	0.08987743636361556
0.3353214609212131	0.06850769275803636	1.2403860127297766	0.10737315233975023
0.3353929703998974	0.09486595814804388	1.240716840648831	0.1499397150424982
0.33546447476288827	0.13109890949522604	1.2410476812621387	0.18726849204133905
0.3355359740109178	0.12451320725471535	1.24137853457127	0.1787111833254228
0.33560750245705917	0.1373528267733632	1.2417095593274414	0.1925182455294115
0.33567902578724784	0.15030157546467374	1.2420405967886667	0.20610278573389618
0.3357505097070427	0.1291168852328663	1.2423714881642254	0.17097260889595917
0.3358219885148003	0.12241739584978406	1.242702392241879	0.1636069158178116
0.3358934622112517	0.1101694375431047	1.2430333090231953	0.14804571754991191
0.33596493079712797	0.08400087819667626	1.2433642385097419	0.1113959627856572
0.33603639427315984	0.05227950238005624	1.2436951807030854	0.0730461130522355
0.3361078526523292	0.040091938830223564	1.2440261355743147	0.06054338640694052
0.3361793059231135	0.013721840314543095	1.2443571031554699	0.020433829437241563
0.3362507540862431	0.009465044300636046	1.2446880834481158	0.021109281853761284
0.3363221628668706	0.035913982211630405	1.2450189176127606	0.05583824573695118
0.33639356654375285	0.06136277828095742	1.245349764485923	0.09953477711507097
0.33646499940054114	0.09297332498899405	1.245680782891934	0.14165812655194973
0.3365364271525926	0.11459698179506145	1.24601181401569	0.1619908552639599
0.3366078498006369	0.1381860536706964	1.2463428578587536	0.18097078030276292
0.33667930162098086	0.14462025818604235	1.2466740732637454	0.18543118055375393
0.3367507140754341	0.1303623614118399	1.2470051425196018	0.15887397656175076
0.33682212142806606	0.10060645941415723	1.2473362244994495	0.11603047461296859
0.3368935236796057	0.11258706674453388	1.2476673192048497	0.14099505898774717
0.3369649208307817	0.10149159902411725	1.2479984266373638	0.13394820624993836
0.3370363128823227	0.07662477651049128	1.2483295467985527	0.0882531206729617
0.3371076998471839	0.08039111480984962	1.2486606796594457	0.09226466422323323
0.3371790817138649	0.09818889654974326	1.248991825252129	0.1255876022489264
0.3372504584830941	0.07839087624907945	1.249322983578162	0.09753225633376299
0.3373218301555993	0.06189520720464708	1.2496541546391033	0.07507417691457968
0.3373931624932164	0.06599130265339798	1.2499851795038759	0.10387507141071113
0.3374645239866751	0.06525486072469996	1.2503163760087603	0.09518740938717578
0.3375358803855912	0.05523726563631011	1.250647585253223	0.07642907667365716
0.33760723169069184	0.07644748850173985	1.2509788072388215	0.0956537246724983
0.3376785779027045	0.09165743518135737	1.2513100419671115	0.12419329478447849
0.337749919034567	0.10939309507277972	1.2516412894090863	0.12575245534192658
0.33782125507479366	0.1316654692050842	1.2519725495968612	0.15811696284022628
0.33789258602411104	0.1266814192022756	1.2523038225319916	0.15759913867492945
0.3379639118832458	0.1108410238054893	1.2526351082160319	0.14838636442754166
0.33803519843600466	0.088912108621303	1.2529662476628758	0.12147630779647461
0.3381065141291556	0.08296648776362393	1.2532975588188164	0.12680032649009768
0.3381778247343009	0.0662570278709966	1.2536288827283255	0.1094141907761117
0.3382491302521667	0.06401870871072401	1.2539602193929555	0.09861275076837282
0.33832043068347856	0.08477297539742153	1.2542915688142595	0.12101940289933344
0.3383917260411577	0.09615327120508817	1.2546229309631918	0.12164144301581277
0.3384630163137323	0.09968999761868114	1.2549543058718982	0.12115688751874085
0.33853430150192787	0.0971284397613448	1.2552856935419296	0.11848533679823536
0.3386055816064695	0.09585238980406648	1.2556170939748368	0.12126217678119447
0.33867685662808217	0.08568348077085719	1.25594850717217	0.09121166931512625
0.33874816077221526	0.10104935377776172	1.2562800921537378	0.11654700707619237
0.3388194256423296	0.08852345827781108	1.2566115308539536	0.11088663665969618
0.3388906854316874	0.09390155145248452	1.2569429823232405	0.1134066805320982
0.3389619401410131	0.10027115043557741	1.257274446563147	0.12065885099960702
0.3390331555882352	0.1058721401390922	1.2576057645018444	0.15033862885754148
0.3391043659593096	0.08100867741490901	1.257937095208126	0.11821343791854251
0.3391756054450602	0.08821251398364419	1.2582685977385402	0.13201271969011338
0.339246839853673	0.09279112601134551	1.25860011304576	0.13632518899141588
0.33931803501281216	0.09506356057091361	1.2589314820334405	0.13797040126265875
0.3393892592814912	0.08928066941406455	1.259263022868262	0.12095646380759881
0.33946047847520117	0.09431633467991518	1.259594576484523	0.11818870782329784
0.3395316925946652	0.08144125429937256	1.2599261428837694	0.09036370504880649
0.3396029016406063	0.08119239051800789	1.2602577220675457	0.09545710124257001
0.3396741397868068	0.07394002991253378	1.2605894731352871	0.08593459909739323
0.33974537285849515	0.06334426663478789	1.2609212369967806	0.0759635858842401
0.33981656670036475	0.0943441521639985	1.2612528545127377	0.11718404535104385
0.3398877554716003	0.1010165021102063	1.2615844848193947	0.13617356685387227
0.3399589391729238	0.0960286356525191	1.2619161279182942	0.11823646379280003
0.3400301178050575	0.12496933083310982	1.2622477838109787	0.1736930057255417
0.34010125722241485	0.14026845885396869	1.2625792933336095	0.1927618755408857
0.34017242573048667	0.09930640343129933	1.2629109747877973	0.13410385638376582
0.3402435891715322	0.08150257472745412	1.2632426690403897	0.10710990260984016
0.34031474754627306	0.08246872719430788	1.263574376092926	0.12160061793643316
0.3403858667188375	0.04569860025006332	1.2639059367570082	0.03938180441917637
0.34045701497527775	0.030664244487322766	1.264237669383348	0.028672659312189902
0.340528158167575	0.061192055535289905	1.2645694148142463	0.08516211237623998
0.3405992962964501	0.06573536201017377	1.2649011730512423	0.07343664756347223
0.3406704293626237	0.06782197471550601	1.2652329440958736	0.08544789153740691
0.3407415915034095	0.08569746895484164	1.2655648871396166	0.12785220246478793
0.3408127485805052	0.09197907114788367	1.2658968430002147	0.11702543376208732
0.3408838664750319	0.07636627212922938	1.2662286524462492	0.09669340235467488
0.3409549793097367	0.09780661699774731	1.266560474706063	0.15054990578205066
0.34102608708533966	0.09487412312106464	1.2668923097811926	0.11892054004802424
0.34109718980256026	0.07600550729878451	1.267224157673173	0.09309362698001843
0.34116828746211847	0.08744280333522346	1.2675560183835393	0.13370086135693107
0.3412393800768595	0.10095610993549606	1.2678878918830805	0.1471060849976577
0.3413104676353751	0.07885137303987796	1.2682197782040725	0.10833633740232387
0.34138155013838434	0.08662634174147422	1.2685516773480492	0.123578708567958
0.34145259348640183	0.1287936865987814	1.2688834300343916	0.179363787661085
0.3415236317827753	0.11846169567908857	1.2692151955406281	0.14077998647130768
0.3415946991356964	0.1030317446746759	1.2695471331319923	0.11385011226410381
0.3416657614359846	0.12778481671675138	1.2698790835524678	0.14136605320473764
0.3417368186843581	0.12021293962019652	1.2702110468035857	0.14812171139383606
0.34180790498173974	0.07867195364314403	1.270543182169029	0.08564245165671705
0.3418789521405494	0.07122450915173859	1.270875171055247	0.1008749391305497
0.34194999424959716	0.06420527184824022	1.2712071727766958	0.10010160402065023
0.3420210313096006	0.044098613771195096	1.2715391873349051	0.07251985216141653
0.3420920633212774	0.0654367169077006	1.2718712147314046	0.09769471763669937
0.3421630902853452	0.09363030397454733	1.2722032549677231	0.14569726212159056
0.34223414628819054	0.1142404151335644	1.2725354673644746	0.15683579127717995
0.3423051631712922	0.12891795639469333	1.2728675332542156	0.17833715721405669
0.3423761750089346	0.13908666940358164	1.2731996119883555	0.20230086302008227
0.3424471818018344	0.11899980168633223	1.2735317035684222	0.16289114599929377
0.34251814948681547	0.09042347058663949	1.2738636486214117	0.12810152969048252
0.3425891121309065	0.07068495863751952	1.2741956065172135	0.10450563637570331
0.34266010380597034	0.06761639805018048	1.2745277366133991	0.09032115777456319
0.34273109043915606	0.05447075827186487	1.2748598795616122	0.05556410551404213
0.3428020720311796	0.0582162322638004	1.2751920353633772	0.06796323338498987
0.3428730826466502	0.07702065547068704	1.2755243633947488	0.09360861341039456
0.34294405417058216	0.07892038115385169	1.2758565448773584	0.09122777192107526
0.3430150206554976	0.10079178419299568	1.2761887392180884	0.11856532426431751
0.3430859821021121	0.10976056788985268	1.2765209464184626	0.1436776462061936
0.3431569385111411	0.09483534196136255	1.2768531664800034	0.11968908712051038
0.34322788988329955	0.08910812685792437	1.2771853994042335	0.10205198426686715
0.343298836231379	0.10718410175024454	1.2775176451618238	0.14461845609875398
0.34336977754401626	0.07757342875495003	1.277849903785143	0.11044058441436116
0.3434407138219261	0.05946211433212737	1.2781821752757123	0.0774818341051203
0.343511645065823	0.0778535468335469	1.2785144596350528	0.12045688923698847
0.3435825372487623	0.08856615339387991	1.2788465973976113	0.1421557954755887
0.3436534584388443	0.06768205950317696	1.279178907468184	0.09021639908062186
0.3437243745970545	0.08453176319560693	1.2795112304120835	0.12178896802181717
0.34379528572410695	0.12653972827720256	1.2798435662308283	0.18544705268429185
0.34386619182071543	0.10987394400707355	1.2801759149259373	0.15217667500299684
0.34393709289965446	0.09812299151843991	1.2805082764680444	0.13117611638585522
0.344007988949575	0.11477267405326019	1.2808406508895478	0.17197613927480523
0.3440788799711905	0.0998269276284436	1.2811730381919644	0.14914610714456106
0.34414976596521407	0.07661396802413954	1.2815054383768112	0.11408449778003757
0.3442206129264017	0.08481339521812274	1.2818376919229304	0.11433269841425076
0.3442914888794328	0.08098794121410147	1.282170117846284	0.11233673507871189
0.344362359807009	0.06908265714110572	1.2825025566566117	0.07322057310936403
0.34443322570984286	0.08141750052650815	1.2828350083554292	0.06751763676183664
0.344504086588647	0.08593180374044618	1.2831674729442504	0.076015455780132
0.3445749424561791	0.07462025433640852	1.2834999503936735	0.06286492863867832
0.3446457933011041	0.06778106792913276	1.2838324407361248	0.06210872811998005
0.34471663912413414	0.08481928546653936	1.2841649439731178	0.11165626882629973
0.34478747992598086	0.09844867740060764	1.2844974601061654	0.14423283403761505
0.34485831570735614	0.09386554253616453	1.2848299891367803	0.1463408958451889
0.34492914648100836	0.11101369512024241	1.2851625310355397	0.1733065125465743
0.3449999722356104	0.12114717577742472	1.2854950858348861	0.18338308942636378
0.3450707929718734	0.09583260861983495	1.2858276535363313	0.12675759215794877
0.3451416086905084	0.07771033796479317	1.2861602341413856	0.10215811879073078
0.34521241939222647	0.08353789852230312	1.2864928276515597	0.09970252621029105
0.3452832250897668	0.07179224867171223	1.2868254340374101	0.092409508473655
0.34535402577180985	0.08683786513078279	1.287158053331396	0.10249306293868828
0.3454248214390661	0.0988140108969392	1.2874906855350263	0.12859365463798694
0.3454955781296105	0.0956038881176915	1.2878231710157568	0.12417111595541375
0.34556632980919344	0.08483427240392487	1.2881556694029506	0.10981734309050964
0.34563711044837087	0.07396534343706208	1.2884883403135936	0.10328868847403465
0.3457078860756003	0.061568888748919706	1.2888210241399096	0.07666770727128328
0.3457786566915914	0.05597345978816369	1.2891537208834052	0.06101117767219419
0.3458494562596894	0.074288974487538	1.2894865901796404	0.08929263601803306
0.3459202508155633	0.08824244370916201	1.2898194724022662	0.11672381625122519
0.34599100641410807	0.0855092821588804	1.2901522078753498	0.10371061539683894
0.3460617570042502	0.09293122499936626	1.2904849562716332	0.13694503999150848
0.34613250258669886	0.09174319122809733	1.290817717592621	0.16109839919872368
0.3462032431621628	0.058343050108443706	1.2911504918398178	0.10535167958273518
0.3462739787313507	0.05689189736358469	1.2914832790147275	0.0835150473512312
0.3463447093069741	0.083930422125928	1.2918160790878463	0.12722437722785945
0.3464154348777366	0.09067279948670004	1.2921488920916813	0.11003818042643072
0.3464861554443466	0.10326402891329392	1.2924817180277346	0.11521295856377911
0.3465568370808956	0.13180649088039317	1.292814397170456	0.17364125625701024
0.34662751371710765	0.1390169597603595	1.2931470892421912	0.17491771126174163
0.3466982192875023	0.10504062647438792	1.293479953952887	0.13704037833704036
0.3467689198565741	0.09752294859361774	1.2938128316018043	0.15786771737391625
0.3468396154250306	0.08849929379650173	1.2941457221904438	0.1394116007675246
0.3469103399201956	0.053467324091933305	1.294478785447358	0.08182273684009499
0.34698102550153076	0.05112473195936114	1.2948117018889014	0.10106022720423499
0.3470517060843705	0.08222425229687966	1.2951446312746624	0.11989407835374136
0.34712238166942166	0.07310054132495122	1.2954775736061401	0.08600635788482881
0.34719305225739083	0.07499750066304894	1.2958105288848323	0.09747730884563718
0.3472637178489848	0.10413634573639849	1.2961434971122379	0.14268201593336366
0.34733441235713913	0.09319271653400321	1.2964766380541546	0.12545209101522808
0.3474050679700791	0.08956587531193105	1.296809632152417	0.12958208374082103
0.34747571858876086	0.10869018063808364	1.2971426392038798	0.15832007450188842
0.34754636421389057	0.1015997937103157	1.2974756592100398	0.13959240319255636
0.34761700484617386	0.10937659893791445	1.2978086921723926	0.1405158558797745
0.3476876065980372	0.10970014470732072	1.2981415782660002	0.15035191721624902
0.3477582372587138	0.10953995279567384	1.298474637114146	0.13315374632977053
0.347828862928659	0.11543629213816844	1.2988077089229666	0.14041757471434338
0.3478994836085779	0.12564049016384224	1.2991407936939559	0.16421934793377913
0.3479700654204659	0.09701365164422013	1.2994737315773035	0.13169967472962865
0.34804067613440987	0.08511792878474507	1.299806842246018	0.09744549684815602
0.3481112818604408	0.08949176811052799	1.3001399658813777	0.11584949490883609
0.3481818825992633	0.07773726156452404	1.3004731024848746	0.09380618603298134
0.34825247835158196	0.052459489028016185	1.3008062520580017	0.04464038528288469
0.34832310299681096	0.06119288468041186	1.3011395744535548	0.05831236982318855
0.34839372265455165	0.07647903569287731	1.3014729098279432	0.11580434922422307
0.34846430346353596	0.06936559907468592	1.3018060982877937	0.09787756808844023
0.3485348792888312	0.06782966787738853	1.3021392997232344	0.11127520464747614
0.34860545013114097	0.0965439289287995	1.302472514135756	0.17018699706630258
0.34867601599116904	0.10661664171765765	1.3028057415268472	0.16688662520316558
0.3487465430172008	0.11052946032527505	1.3031388219782307	0.14667025224850322
0.3488170989267191	0.11154424487580579	1.3034720752997966	0.15265094896933729
0.3488876498560637	0.10141149036719883	1.303805341604395	0.12215265970916593
0.3489581958059377	0.08526798993640708	1.3041386208935142	0.09126326573907428
0.34902870293417526	0.09265544147798019	1.304471753223961	0.11406883253154454
0.34909923893915346	0.07890247831411079	1.3048050584554363	0.09702495329332685
0.34916976996676746	0.0865075304606219	1.3051383766758897	0.1241659962350698
0.34924029601771966	0.10134381192499878	1.3054717078868074	0.15136517538084995
0.3493108170927123	0.11470908307476438	1.3058050520896758	0.16037696657016104
0.34938136703531625	0.09991783501102221	1.3061385692306595	0.13728726166718627
0.34945187817242457	0.11211785853952512	1.306471939390719	0.14121754535966954
0.34952238433567756	0.1110131170309293	1.3068053225471798	0.13315371740874538
0.34959288552577694	0.10481937624235853	1.3071387187015264	0.1336385648761707
0.3496633817434241	0.10078735033804345	1.3074721278552421	0.13639527092283713
0.34973383917030376	0.11610055969696301	1.3078053900027902	0.16382277885156427
0.34980432545707063	0.10352450181706338	1.3081388251285113	0.17096712546531073
0.34987480677348737	0.08635669975994135	1.3084722732580472	0.1353197581353997
0.34994528312025486	0.0866567761577966	1.3088057343928792	0.1383728926922422
0.35001572068858733	0.10831778387021793	1.3091390485025158	0.15515870581624217
0.3500861871100719	0.07464962316798539	1.3094725356211885	0.09356306200071422
0.3501566485640073	0.08961660413496883	1.3098060357495973	0.09494648203927356
0.35022710505109395	0.10882896950430233	1.3101395488892227	0.1439373703320568
0.350297556572032	0.0744175006529022	1.310473075041545	0.09219311173781519
0.35036800313942823	0.04313160184868318	1.3108066141768326	0.05139928423747923
0.3504384447420742	0.08662680929523514	1.311140166327772	0.11285802866823828
0.35050888138066955	0.07689679586041283	1.3114737314958422	0.10307463088806178
0.35057931305591394	0.06744266338749255	1.311807309682521	0.06573594235588973
0.3506497059804451	0.10919996710803713	1.3121407408011236	0.12167859011557745
0.350720127742984	0.11998589731654608	1.3124743449982246	0.1545979953012997
0.3507905445442679	0.11099574319319784	1.3128079622183628	0.1527991762471308
0.35086095638499615	0.10835251460721007	1.3131415924630154	0.1518007039273095
0.35093136326586744	0.09893205681934736	1.3134752357336583	0.14234752762612574
0.351001765199472	0.09361794823923265	1.3138088920005244	0.149769919457407
0.3510721621746153	0.0878950969834944	1.3141425612963284	0.12317226532452029
0.35114255419199547	0.06225349059778796	1.3144762436225454	0.07421444573521183
0.35121294125231106	0.07787396981454639	1.3148099389806498	0.09683988509709265
0.35128332335626	0.10761147938589682	1.3151436473721156	0.13770354262164208
0.35135373428071015	0.09031361101349367	1.3154775289178218	0.08627572138320094
0.35142410648590117	0.09935949903520468	1.3158112633491674	0.12144924865538267
0.3514944737368174	0.11707586124842487	1.316145010818291	0.16523817834807372
0.35156483603415634	0.10446617513066644	1.3164787713266648	0.13662124321803165
0.35163515962382813	0.08421964466095978	1.3168123847000772	0.1270696665278057
0.35170547826369275	0.09582921769955383	1.3171460111094238	0.15687689903564517
0.3517758257163567	0.06728922453553972	1.3174798107130976	0.0890513324797669
0.3518461682182303	0.06087232239144984	1.317813623361904	0.08306949349597545
0.3519165057700103	0.07852306541012355	1.318147449057313	0.11815849546490732
0.3519868721271806	0.07460977108468964	1.3184814479764788	0.08353573213169417
0.35205719979272987	0.06399921023114548	1.3188152997382074	0.06324471558635901
0.3521275225102733	0.10607351246978414	1.319149164550944	0.13435317434366637
0.35219784028050727	0.08899619123813285	1.3194830424161577	0.11164567878809582
0.3522681531041276	0.06721611361314907	1.3198169333353162	0.09120090930727773
0.35233846098183047	0.07948567849394926	1.3201508373098878	0.1191900942329484
0.3524087976548566	0.06791165134622082	1.320484914554579	0.10762721046317023
0.352479129380983	0.06722450700319166	1.320819004863882	0.09728496218875049
0.3525494224369619	0.0975312212036684	1.3211529479821755	0.12933923736609818
0.3526197105498037	0.09007768776805468	1.321486904161746	0.10655147768590853
0.3526899937202035	0.08783254160570858	1.3218208734040593	0.10518523133514243
0.35276023823201935	0.1132647835072381	1.3221546954346977	0.15032088130633148
0.35283047780515325	0.0858212720627452	1.322488530524738	0.13101293785932877
0.35290074616424333	0.08204586917731417	1.3228225389327328	0.12341728980224313
0.35297100958366906	0.0921885740182236	1.323156560409326	0.14576598323525272
0.35304123435676055	0.09027727695271702	1.323490434655024	0.13460407878596217
0.35311148791078223	0.08291963344058738	1.3238244822418574	0.10612515445044854
0.3531817365272208	0.09168263268196765	1.3241585429016758	0.10843112436754462
0.3532519802067702	0.07499349008420025	1.3244926166359419	0.07849828231298979
0.3533222189501242	0.09324245668644872	1.3248267034461179	0.10048046989339522
0.35339248646534094	0.1119944001912841	1.3251609636346227	0.14275677015802002
0.3534627490433809	0.09034459021994747	1.3254952369082345	0.12520615524330692
0.3535329729941422	0.09605039839530413	1.3258293629235394	0.12220368444953666
0.35360319201148055	0.12901604115783474	1.3261635020205953	0.19026230687258106
0.353673406096089	0.10295781146522755	1.326497654200862	0.1426825200450862
0.3537436152486606	0.08842936241681296	1.326831819465799	0.09220123383021993
0.3538137857885507	0.12087332907397287	1.3271658374468853	0.14662549713639828
0.3538839850909501	0.13253261097090593	1.3275000288541545	0.17136911640007887
0.3539541794633889	0.10047807456358608	1.3278342333504671	0.11647509973255815
0.35402436890655964	0.09497924557622725	1.3281684509372815	0.12325776294917622
0.3540945197492699	0.1112269878476913	1.328502521220958	0.16440813754161349
0.3541646993477976	0.09953827347906713	1.3288367649617474	0.13349090114245166
0.3542348740191318	0.08759239055179452	1.3291710217974066	0.1249351829352327
0.3543050437639643	0.09316168523974072	1.3295052917293924	0.11792276592584183
0.3543752085829869	0.10638092743107086	1.32983957475916	0.13140163866998267
0.3544454021487755	0.09053952568838261	1.330174031283263	0.10107261557154426
0.3545155907877732	0.09727860304377926	1.3305085009143436	0.11492422522122467
0.35458574084532113	0.09023079195572106	1.3308428232147687	0.08347323742666284
0.35465588597982245	0.09349668109652251	1.3311771586187922	0.10055537453683214
0.35472602619196825	0.099175558699785	1.3315115071278683	0.11214913821839531
0.3547961614824493	0.10562684581902453	1.3318458687434507	0.12260114521332872
0.3548662582060441	0.09561579809258938	1.3321800830027568	0.10890073007012678
0.35493638366706604	0.10696579201639872	1.3325144708042718	0.14855268466728566
0.3550065042084931	0.12760817080288459	1.3328488717166476	0.16497096551557724
0.3550766198310155	0.12067969528939658	1.333183285741336	0.14834817060340003
0.3551466968988441	0.10945354195699174	1.3335175523903953	0.15449933144047595
0.355216802697419	0.11898686148631746	1.3338519926126104	0.16417164918797156
0.3552869035791575	0.09799783427225321	1.3341864459514883	0.14526913052508117
0.355356999544749	0.08231083594335405	1.3345209124084791	0.12222867255056391
0.3554270905948831	0.08990624253478349	1.3348553919850328	0.12793497027984982
0.35549717674203424	0.08039130005871198	1.3351898846511316	0.10317730512894112
0.3555672579751049	0.07418938899605096	1.3355243904396885	0.07819794093101809
0.35563733429478406	0.0883433199297951	1.3358589093521518	0.08005532095172574
0.3557074057017607	0.0923911893190738	1.3361934413899699	0.10556888383994703
0.35577747219672345	0.09548602162614414	1.3365279865545907	0.10676057130759783
0.35584753379213796	0.10799623111091235	1.3368625448159772	0.12986370397448055
0.35591759047691407	0.13336774452329525	1.3371971162070575	0.18692111256130273
0.3559876422517402	0.12651518753706492	1.337531700729278	0.17342942067006065
0.35605768911730434	0.11784503237209976	1.3378662983840852	0.1453281525720458
0.3561276974707921	0.14246926217829864	1.3382007485953826	0.18350849575574882
0.35619773453166526	0.1444006321841622	1.3385353724881983	0.18535102908470183
0.35626776668533855	0.11639847459551231	1.3388700095179336	0.13404449217216324
0.35633779393249965	0.11398933534718345	1.3392046596860325	0.15243204104541389
0.356407816273836	0.11309681065126914	1.3395393229939396	0.15243624878200301
0.356477833721797	0.08112169835565054	1.3398739994115831	0.101942646485164
0.356547846265306	0.07291399154137278	1.3402086889719185	0.08225591502929565
0.3566178539050502	0.07955866343867468	1.340543391676389	0.10149387530811985
0.3566878566417163	0.09065008714598968	1.3408781075264367	0.10528765101138116
0.3567578208936532	0.08126769149385575	1.3412126758892247	0.1066068956337036
0.3568278138379772	0.09106326396625643	1.3415474180032205	0.1370553946873298
0.35689780188128134	0.09859809677564299	1.3418821732671158	0.13618656447677704
0.35696778502425197	0.08471776546745757	1.3422169416823517	0.12508193035425258
0.35703776326757514	0.10594085548391288	1.3425517232503683	0.1456329159831949
0.3571077366236842	0.12240526701554583	1.3428865179410594	0.1628232291844222
0.3571777050815161	0.10657409685321972	1.3432213257874077	0.13505196246556878
0.3572476686417566	0.12568408532736694	1.3435561467908532	0.17137080629065715
0.3573176273050912	0.1322929437359775	1.3438909809528339	0.17318508138621724
0.3573875810722055	0.09866626390634613	1.344225828274789	0.12723780925233824
0.3574575635143753	0.09416302762326026	1.3445608494239818	0.10994844623345831
0.3575275410593456	0.08952332678925856	1.34489588374234	0.116338441569141
0.3575974801536456	0.07028033933813424	1.3452307705212743	0.09061431984855184
0.357667414354464	0.07695629069162538	1.3455656704659298	0.08873569574682309
0.3577373436624854	0.08364715854721856	1.3459005835777427	0.09654805818797438
0.3578072345312736	0.09292559186553088	1.3462353491291787	0.1174975356516363
0.35787712051098014	0.11551063588790597	1.3465701278443225	0.12841716569287875
0.35794703515644505	0.11474487616564048	1.3469050804346354	0.13546284337312234
0.35801694491184877	0.12811811264726294	1.3472400461978449	0.1632848821429748
0.3580868162401323	0.13020683089675777	1.3475748643811396	0.15899930081535707
0.3581567162291882	0.12662725342334336	1.3479098564628462	0.16368505660914293
0.358226611330233	0.11624624977598216	1.3482448617217482	0.15876014573857358
0.35829650154395004	0.11123251954536963	1.3485798801592785	0.136601283722452
0.35836638687102285	0.09548024953461477	1.3489149117768706	0.1167995619438426
0.35843630084987793	0.10132445160250853	1.3492501173302012	0.12755974287781224
0.35850620994111015	0.07500140908350462	1.3495853360727823	0.08698237059140486
0.3585760806240624	0.08098156067136475	1.3499204072075333	0.08535299516020046
0.35864594642310105	0.08371632990994607	1.35025549152807	0.10244169469967872
0.35871580733890895	0.07985292076002284	1.3505905890358236	0.10373515497933293
0.35878566337216855	0.09992112717863741	1.3509256997322248	0.12225418104670616
0.35885548101158504	0.10976179797164543	1.3512606627948858	0.12846368010520476
0.3589253272934999	0.10864878021190195	1.3515957998412351	0.1422553372802906
0.35899516869491177	0.1327942449305476	1.3519309500805177	0.17133870288478512
0.35906497171154295	0.11982989579140596	1.352265952671363	0.14463936086197776
0.3591347698513753	0.08755518183299037	1.3526009684516656	0.12714694141581975
0.3592045966270677	0.09743417585948053	1.3529361582466692	0.14457445268206343
0.3592744185249826	0.08255130885125551	1.353271361240316	0.11845198073479142
0.3593442355458013	0.060995445269135584	1.3536065774340331	0.07858581543852458
0.35941408119516494	0.07326857181646988	1.353941967672046	0.11065062080281622
0.35948392196645446	0.07811040428438192	1.3542773711193163	0.10708246735239364
0.3595537578603513	0.07631701010884717	1.3546127877772711	0.0956751234845831
0.3596235553912855	0.10292049678900961	1.3549480567538648	0.1313850968095969
0.35969334804852693	0.11843803626249552	1.3552833389376557	0.16521891372054626
0.3597631358327563	0.11603512844799901	1.3556186343300693	0.1467542091081747
0.35983291874465395	0.13529306639117122	1.3559539429325298	0.1775261280465046
0.3599026967849003	0.143296614152071	1.3562892647464617	0.21616755354638104
0.35997246996585536	0.09949680045960324	1.356624599741601	0.14668458564878345
0.3600422382765176	0.09294037572038762	1.3569599479510557	0.12763454947216812
0.36011200171756685	0.10143604066064846	1.357295309376248	0.14541071989467017
0.36018172682211386	0.05371961276076114	1.3576305230744272	0.06438295895338648
0.3602514470607423	0.04125132403475218	1.357965749984844	0.03030057126187766
0.3603211959087022	0.07416514370781868	1.3583011510340797	0.0980578056551661
0.36039093988976556	0.05182174439790248	1.3586365653047374	0.07717910788887072
0.3604606790046114	0.044538729435508934	1.3589719927982387	0.06671884516566642
0.36053044672148776	0.09717572936788685	1.3593075944601778	0.1514356306609002
0.3606001761176011	0.10486500905496876	1.3596430483719093	0.14581584268057549
0.36066990064953197	0.09168906463530122	1.3599785155107411	0.10866786997546136
0.36073962031795886	0.11894666822317418	1.360313995878093	0.132131079705181
0.36080933512356034	0.11727855009637357	1.3606494894753836	0.12433402174291348
0.36087904506701457	0.09169456185350884	1.360984996304032	0.08747944245942436
0.36094875016065725	0.1004742908104102	1.361320516333721	0.11102664427308845
0.3610184503935072	0.10155517150821783	1.3616560495976	0.12301788890681117
0.3610881457662425	0.10206090358421792	1.3619915960970865	0.12354776928784125
0.3611578362795408	0.11983561030377249	1.3623271558335976	0.1573452709689424
0.3612274885014877	0.10828907255709198	1.3626625677691817	0.15067112295345686
0.3612971693095938	0.10691731980927978	1.3629981539522393	0.15606790625912176
0.36136684526029367	0.10880882368726888	1.3633337533765673	0.15953150996118337
0.36143651635426444	0.09925055117323146	1.3636693660435801	0.14088880596954179
0.3615061825921831	0.09309244793854549	1.3640049919546935	0.1126816794465653
0.3615758439863692	0.09270823961662517	1.3643406310795565	0.11143432379759591
0.3616455005258553	0.09421934480246501	1.364676283451345	0.10653952634300295
0.3617151522113179	0.0898213440640025	1.3650119490714734	0.09582169250725152
0.36178479904343336	0.1046682447168168	1.3653476279413548	0.11942593254418751
0.3618544410228781	0.10645773915906533	1.3656833200624026	0.13116438156453047
0.3619240781619631	0.1110532500320209	1.366019025404247	0.1379481740085419
0.36199371044972795	0.09792705449570646	1.3663547440000794	0.11781674766531092
0.3620633378868486	0.10317086471338459	1.3666904758513114	0.13296056322271016
0.3621329604740007	0.07531818728048711	1.3670262209593549	0.11850700432791896
0.36220254481184627	0.08757056749375494	1.367361818197269	0.12854931263376304
0.36227215771271465	0.10522785004093807	1.3676975897913686	0.13802232386340255
0.36234176576563937	0.11155604760845964	1.368033374646508	0.1541805148205881
0.3624113689712956	0.12593873930441604	1.3683691727640976	0.15401004651367667
0.3624809673303584	0.13566237708219808	1.3687049841455468	0.1644699476065724
0.3625505942435162	0.10478761296023309	1.3690409699206159	0.13181448064083523
0.3626201829230352	0.08543017175714565	1.3693768078021948	0.12097762153616506
0.3626897667579833	0.09221180894284196	1.369712658951856	0.1295549425366896
0.36275934574903523	0.0847932027658733	1.3700485233710076	0.13129769392165472
0.3628288865177607	0.08040374408680731	1.3703842398754336	0.11330090645602907
0.3628984224462613	0.09983956819433634	1.3707199696457941	0.13800690628519247
0.3629679869212802	0.12266138558960021	1.3710558738500274	0.16103841460526322
0.3630375465550976	0.09691839939436331	1.3713917913293758	0.12265849043267572
0.36310706797856707	0.09698648270097224	1.3717275608741515	0.13149778017263103
0.3631766179436086	0.10517085071636967	1.3720635048761045	0.14986594817260113
0.3632461630694681	0.07709410680154516	1.3723994621573858	0.11304352249715055
0.36331570335681884	0.07798111199062939	1.372735432719401	0.11522997436224233
0.363385238806334	0.08435044191987605	1.3730714165635534	0.13364488575415903
0.3634548027885073	0.0905941831877623	1.3734075749023418	0.12377528210399208
0.3635243619318695	0.08542116402639216	1.3737437465324482	0.12433544537752583
0.363593882883512	0.11225879576569575	1.3740797701995735	0.15185607820487732
0.363663399000009	0.1162356323673086	1.374415807154447	0.1454071982894771
0.3637329102820327	0.11775271121622212	1.3747518573984716	0.14711206027526458
0.36380241673025576	0.11690024374140155	1.3750879209330487	0.14263495092069345
0.3638719183453504	0.10295536953330116	1.3754239977595806	0.12222060273685838
0.3639414151395763	0.08057504094480097	1.3757600878475882	0.09066033954556249
0.3640109071020162	0.06669426085337678	1.3760961912303493	0.080286033578568
0.36408039423334176	0.08033893734659159	1.3764323079092646	0.10697961757297864
0.36414984319917754	0.08953305346866194	1.3767682765790195	0.11260342582627594
0.364219287337559	0.09643583707614153	1.377104258541345	0.12669206218826218
0.3642887599911511	0.12628844735161276	1.377440415085225	0.17830884131927752
0.3643582278163132	0.13621086741443422	1.3777765849308539	0.17825851716507127
0.3644276908137165	0.10312867340371651	1.3781127680796303	0.13404308531754433
0.36449718231907924	0.10317419800746111	1.3784491258396674	0.1398699929445429
0.3645666356745509	0.08837583762757918	1.3787853355670232	0.11195013610093019
0.3646360842042745	0.06586573757178453	1.379121558601717	0.08808562517030845
0.36470552790892075	0.07459725794057911	1.3794577949451452	0.10930500543624302
0.36477496678916	0.08658603890559195	1.3797940445987051	0.11519705452290216
0.3648444008456625	0.09273309587475295	1.3801303075637927	0.12044631182542068
0.36491386340025567	0.1196830185997995	1.380466745186812	0.1603377598262303
0.3649832878228587	0.12319169067649197	1.380803034747212	0.15689532587317093
0.3650527074237334	0.10898401506527063	1.381139337623323	0.13050878701665347
0.3651221222035495	0.12677187009982804	1.3814756538165396	0.15292077346441044
0.36519149886263	0.10735592631220092	1.3818118219257705	0.14666960392590492
0.36526087070430285	0.11390686364973512	1.3821480033485019	0.13373057088879126
0.36533027103651566	0.12256929969875731	1.3824843594694527	0.15127510477923453
0.3653996665503457	0.11234790224959684	1.3828207289130812	0.15692178793821643
0.36546905724646217	0.11827872320321223	1.3831571116807795	0.173584962235955
0.3655384764258803	0.1034659564872653	1.3834936691764264	0.15315571284152613
0.365607857500125	0.08289329114596503	1.3838300785644813	0.12197446257223789
0.3656772337586606	0.08116447554966189	1.3841665012807791	0.11675075898355011
0.36574660520215563	0.08316177021291865	1.3845029373267113	0.12077387109304114
0.36581597183127834	0.058556289714318074	1.3848393867036681	0.06849634099189264
0.36588533364669695	0.06581327465561511	1.3851758494130404	0.07654810607525492
0.36595472393556494	0.08560516716605493	1.3855124868970579	0.11659401105458245
0.366024076137119	0.09183181547503291	1.3858489762434507	0.11606030349355692
0.36609342352697105	0.1042032262560186	1.3861854789264245	0.11859648924500772
0.3661627661057888	0.11911864661698746	1.3865219949473684	0.14152136568066478
0.3662320706085217	0.13260816065778014	1.3868583628092632	0.16465306851385184
0.36630137030386223	0.14165467209746513	1.3871947440055021	0.18122707025713247
0.366370698465113	0.12263974252495798	1.3875313000166891	0.15098079918848198
0.366440021817997	0.11694577561567786	1.3878678693713948	0.1526996737356517
0.3665093403631811	0.12291068175778712	1.3882044520710062	0.1668560607065194
0.366578654112859	0.09982914929074373	1.388541048084903	0.1389857599707369
0.3666479630561689	0.08381067242276015	1.388877657446475	0.11508422997114717
0.36671726719377734	0.09703944851598587	1.3892142801571077	0.1460670447063043
0.3667865665263506	0.10158329298472518	1.3895509162181874	0.1358774733839898
0.36685586105455503	0.09773635462684202	1.3898875656310987	0.12932095371725066
0.36692518403324786	0.11062803705687452	1.3902243899276412	0.1353313527307221
0.36699446896623	0.09936777999518326	1.3905610660163419	0.11830776231724274
0.36706374909683964	0.09466510769592221	1.3908977554610247	0.1118375266077912
0.3671330244257424	0.08283040989807808	1.391234458263072	0.11676805460898315
0.36720229495360385	0.0868559836530502	1.3915711744238677	0.12377727964181474
0.3672715274499281	0.09288396835669416	1.3919077423503146	0.1364829879316563
0.36734078838921236	0.10499432009708318	1.3922444852007105	0.1595130116816456
0.3674100445294495	0.09893597624886176	1.392581241413998	0.1456815078371508
0.3674792958713046	0.11291954229842191	1.3929180109915589	0.15281251949285476
0.36754854241544255	0.12463502381479964	1.393254793934775	0.16182925370159684
0.3676177841740309	0.10287505224017912	1.3935915902129699	0.1342886567747852
0.36768702113622975	0.10714783558224175	1.3939283998595775	0.13690694573353968
0.3677562533027035	0.12148989358814292	1.394265222875978	0.15056783851186875
0.3678254806741166	0.10182595710277628	1.394602059263551	0.12864469848688062
0.36789467004067017	0.086985651597042	1.3949387473714865	0.11538584828395501
0.3679638878354491	0.12378275949699305	1.3952756104734694	0.14915855613167933
0.3680331008371578	0.09362597578261318	1.3956124869507585	0.11164789543063908
0.36810230904645996	0.08974408667816691	1.3959493768047317	0.10314415394529497
0.36817151246401936	0.09641449127501056	1.3962862800367677	0.12093114083428604
0.36824071110198786	0.09867440890864401	1.3966231966161564	0.12455174846248596
0.36830990494953886	0.05908692306306433	1.3969601265763587	0.07531781340197062
0.3683790940073355	0.09049422743613646	1.3972970699187508	0.12195173088068542
0.3684482782760407	0.1078841428467452	1.3976340266447098	0.16096678382806917
0.3685174577563175	0.10820932188320861	1.3979709967556109	0.14768700833304035
0.3685866324603094	0.10679581010248888	1.398307980220727	0.13487285636927399
0.3686558023771967	0.1403063606910315	1.3986449770735323	0.19133753246788168
0.368724967507642	0.1219491043733805	1.3989819873154021	0.1637974481651692
0.3687941278523076	0.09423921315722103	1.399319010947711	0.11309898353873021
0.3688632834118558	0.09235615099514666	1.3996560479718327	0.11461839116782194
0.3689324341984215	0.0979757551618373	1.3999930983570215	0.1278646606232741
0.3690015802011923	0.10168718860404241	1.4003301621367668	0.1254957991469137
0.36907072142083	0.10089549147975124	1.4006672393124409	0.12640330287565088
0.369139824688853	0.11773122334324224	1.4010041681176444	0.15842682239011305
0.3692089231773599	0.12973643408660096	1.4013411103150908	0.1654350524544338
0.36927805006303277	0.11457777536207125	1.4016782276546504	0.1440681251371972
0.3693471721682169	0.10691751527125816	1.4020153583956239	0.12728558689441824
0.36941628949357347	0.11543491741288106	1.4023525025393822	0.14517965963652396
0.36948543520890675	0.1033497694833801	1.4026898218550683	0.12405181760773931
0.3695545429880495	0.09177280101911478	1.4030269927763581	0.1134814339350953
0.36962364598934583	0.08102847534066013	1.4033641771045398	0.11721561666232687
0.3696927442134561	0.07231166435651668	1.403701374840983	0.10452169386002982
0.3697618376610411	0.05914316238708407	1.4040385859870566	0.0710226681797694
0.36983092633276077	0.07650573567459451	1.4043758105441297	0.10305923654317517
0.36990004338466664	0.09079142842232163	1.4047132103199231	0.11465878353782245
0.36996912251808534	0.09075145141392055	1.4050504616709303	0.1078411865245137
0.3700381968776176	0.11654357945422048	1.4053877264370374	0.14374752773823912
0.37010726646392295	0.1360938532417865	1.4057250046196117	0.1730143446139361
0.3701762981428743	0.11895752730271567	1.4060621343557598	0.1302394031617434
0.3702453250522069	0.11857187612331574	1.4063992775046674	0.13879262284696553
0.3703143803342303	0.1516077706519757	1.4067365959126565	0.18210454312040547
0.370383430845663	0.1130883432640433	1.4070739277425746	0.13650216615682131
0.3704524765871642	0.10367168784549183	1.407411272995786	0.11632020292973891
0.3705215506941796	0.11624562307406901	1.4077487935379165	0.1531102806494339
0.3705905869092292	0.10293844557820052	1.4080861656096122	0.13737829843800797
0.3706596183563221	0.07471231161548697	1.4084235511086927	0.08779988886552106
0.3707286450361168	0.09242351840595897	1.4087609500365212	0.11276086950564376
0.3707976669492719	0.09682736582586675	1.4090983623944613	0.12801474464202323
0.3708666840964455	0.07809372113798899	1.409435788183876	0.09288001584797798
0.3709357295993591	0.07813883437946317	1.409773389309027	0.10460362882046242
0.3710047372279694	0.0925799589063784	1.4101108419332606	0.13499592372091068
0.3710737400925707	0.09923425693396681	1.4104483079930523	0.1409108281566348
0.3711427381938208	0.08836203421897679	1.4107857874897636	0.11910902590723475
0.3712117315323772	0.10702742028958415	1.411123280424756	0.13909275025981566
0.37128068701067996	0.10597645239859291	1.4114606248320456	0.12715218402989217
0.37134967083723863	0.09821004778789778	1.4117981446154473	0.1161924460733362
0.371418649903074	0.097957943979639	1.4121356778412082	0.11073789189704628
0.3714876242088432	0.09309678191458538	1.4124732245106877	0.11360736399655978
0.37155656066611403	0.08903316514456211	1.412810622632107	0.11914927730575878
0.37162552546513244	0.10274217110786703	1.4131481961608539	0.1364031926417156
0.37169448550605344	0.11315723256444886	1.4134857831373924	0.1426515340077498
0.3717634407895334	0.10578178324664117	1.4138233835630811	0.13079322943212868
0.3718323913162287	0.12060784243951832	1.4141609974392777	0.14381610427701486
0.37190137017588476	0.13622050756342224	1.4144987867604777	0.17596364517461882
0.37197034427778575	0.10663904372444352	1.414836589541354	0.13695493111975485
0.3720392805494659	0.09773600116769941	1.4151742437449506	0.12031827035107448
0.3721082120669839	0.08977431295459631	1.4155119114044794	0.1336016919433213
0.3721771388309957	0.0878425178148503	1.4158495925212962	0.12673252713071834
0.3722460608421566	0.07046810168177971	1.4161872870967565	0.08392238459685562
0.37231494503711443	0.08693365434363204	1.4165248330680802	0.12490409205267164
0.37238385755593373	0.07876081632376711	1.4168625545326097	0.1158119485688341
0.3724527653238665	0.08450792086817571	1.4172002894598439	0.11764142349314011
0.37252163528439136	0.09470975780768744	1.417537875767632	0.1348540717150501
0.3725905004976179	0.10114443345776465	1.4178754755343697	0.14530308868672803
0.3726593940282082	0.11881910799175158	1.4182132508255445	0.14800607738318472
0.3727282828105297	0.13687793501943984	1.4185510395848349	0.17321743275516333
0.37279716684523684	0.12254539913379385	1.4188888418135928	0.152700992304269
0.37286607919016046	0.12309155496123393	1.4192268195966755	0.1491116754078877
0.37293498678649994	0.10637788221010297	1.4195648108583936	0.14163306642510115
0.3730038565936692	0.08190924536536903	1.4199026534713546	0.10748301708124375
0.37307272165583905	0.09771468008178774	1.4202405095591866	0.11954369022658033
0.37314158197366337	0.10718431199764922	1.420578379123241	0.14381102155896186
0.3732104375477957	0.09640199799832275	1.4209162621648672	0.13467295867035037
0.3732792553467462	0.0971473902137173	1.421253996530814	0.1210412455203336
0.37334810144682706	0.10379576542450199	1.421591906499306	0.1451507503578061
0.3734169428051746	0.11712116468942343	1.4219298299494154	0.1691968844151176
0.37348577942244193	0.1055828141011842	1.4222677668824915	0.13060780049213483
0.3735545782762306	0.11583511000881004	1.4226055551194121	0.1409627187044854
0.3736234054246621	0.14475170200532375	1.4229435189901247	0.18277584335435965
0.37369222783397027	0.11978949646663832	1.4232814963478448	0.1371907731685927
0.3737610455048078	0.07610744544804683	1.42361948719392	0.08652674977883218
0.37382985843782734	0.09977214979915687	1.4239574915296969	0.13807546854986613
0.37389866664504023	0.07540345226537233	1.424295509324168	0.10965034301945766
0.37396747011573794	0.05962894785581478	1.4246335406110302	0.0825524435869689
0.37403626885057245	0.11188167865489249	1.4249715853916305	0.16408217929765523
0.37410506285019574	0.12306110678004244	1.4253096436673134	0.17265703795193665
0.3741738191126481	0.11984454027291294	1.4256475532007078	0.1571669841954663
0.3742426036551555	0.1483726815789233	1.425985638438221	0.19751717382830117
0.37431138346440507	0.1236162987343357	1.426323737174848	0.17198121100970154
0.37438015854104806	0.09851549106096474	1.426661849411933	0.13131584833131546
0.3744489288857358	0.081135904390259	1.4269999751508196	0.11794140403110433
0.37451769451046457	0.04528758271122328	1.4273381143604675	0.0561193434513354
0.37458645540453855	0.033844136238699085	1.4276762670746004	0.042842933575915496
0.3746552115686086	0.06342977965787479	1.4280144332945601	0.08317766408568354
0.37472396300332544	0.06325340007191357	1.428352613021689	0.06876570253202588
0.37479270970933953	0.09140101750047426	1.428690806257329	0.11055371099060846
0.37486148467856745	0.13508801711112225	1.4290291752739208	0.18036457963299796
0.3749302219404633	0.12636295612661402	1.429367395498204	0.16700485501259332
0.37499895447560583	0.11907942144026298	1.4297056292350185	0.16504914097893109
0.37506768228464504	0.12470894807041173	1.4300438764857042	0.17265935489406137
0.3751363723973654	0.10307994713638756	1.4303819749221738	0.13889196297521084
0.3752050577875486	0.08663804826956487	1.4307200868687073	0.1232465243596383
0.3752737714335049	0.09238620279624063	1.4310583746366263	0.10572454330103939
0.37534248035595497	0.07981285365776054	1.4313966759237713	0.0856109485025075
0.3754111845555484	0.09249799227000152	1.4317349907314805	0.12287017500647632
0.3754799170037997	0.09704980322895862	1.4320734813905192	0.11235842791303045
0.375548611770949	0.08818133504293212	1.4324118232109393	0.0958061757089606
0.37561730181718744	0.10254202481266014	1.4327501785559333	0.14917152752986304
0.37568598714316365	0.11792999701395188	1.4330885474268387	0.16313709278952102
0.37575466774952637	0.1024616300095692	1.433426929824992	0.12669394231823647
0.37582334363692416	0.11642524231617356	1.4337653257517295	0.15387774059676698
0.37589204776328256	0.1213683630943561	1.4341038975767333	0.15026884995960693
0.37596074716970823	0.10119833237447551	1.434442482939484	0.12209948794625078
0.37602940891541226	0.10545893804150513	1.4347809194275343	0.11957682840827277
0.3760980659447428	0.10045590588795338	1.435119369449507	0.11456322885438151
0.3761667182583476	0.09872772768043503	1.435457833006737	0.11207951910084357
0.3762353329222178	0.1181152713312147	1.4357961476673005	0.15253769877324164
0.3763039428739192	0.11639877459858462	1.436134475859291	0.14733456605369344
0.37637258105553617	0.11443856997734649	1.4364729799978244	0.1480355000726939
0.37644121452401613	0.13481371370299305	1.4368114976769455	0.1745259554051486
0.3765098103543882	0.12611873628130882	1.437149866438751	0.17150433488946312
0.37657843440983424	0.10518843768721606	1.4374884111705657	0.1273453720317148
0.376647053754083	0.12043370695649329	1.437826969446962	0.14648084599982297
0.3767156683877813	0.11712555641838707	1.438165541269271	0.15868749179904404
0.3767842783115758	0.08989649329821517	1.438504126638824	0.12585343068139296
0.37685291645173125	0.08025457369975182	1.4388428880161876	0.11212540664258891
0.37692154988101567	0.10223944852128491	1.4391816629499568	0.13612312881294852
0.376990145690267	0.08186190638076628	1.4395202889367262	0.11786418670049258
0.3770587367921984	0.08814111986436086	1.4398589284760577	0.1142925028041629
0.3771273231874559	0.11228600063034921	1.4401975815692802	0.14527246452606926
0.3771959048766854	0.1296160971690365	1.440536248217723	0.17043939364359179
0.3772644489597488	0.11380216249961327	1.4408747658919712	0.1601419928899083
0.3773330212501411	0.12865775686585365	1.441213459622325	0.16661822384863895
0.3774015888364407	0.11987706641042878	1.44155216691188	0.151852879879886
0.3774701188252731	0.1074802271564837	1.441890725211713	0.12234286969295187
0.37753864411355925	0.09403152506938714	1.442229297066893	0.09531879506263188
0.377607197602728	0.10660350789312761	1.4425680450094893	0.11013175571027482
0.3776757463903832	0.11340461410244507	1.4429068065165918	0.11790002549646517
0.3777442904771697	0.12164222201153423	1.4432455815895266	0.1342694371822051
0.37781286275775217	0.11882594799331861	1.4435845327798704	0.1562138414956057
0.37788143033649935	0.12434997330174827	1.4439234975452067	0.1782355140175337
0.37794996033581507	0.12945983648059547	1.444262313291048	0.1845685792429613
0.37801848563683854	0.10348438278536967	1.4446011426080188	0.1455019473851381
0.37808700624021385	0.09177376010207007	1.4449399854974434	0.12279495695868516
0.37815552214658515	0.10529913713050756	1.445278841960646	0.13135249854899278
0.3782240333565963	0.10556858952596024	1.4456177119989497	0.11648821184067706
0.378292572749132	0.08305518537397864	1.445956758209491	0.09154753370113705
0.3783610745796124	0.08638430040360612	1.4462956553694042	0.11711672175123541
0.37842957171566205	0.10437972789903327	1.4466345661083837	0.14044767635950547
0.3784980641579243	0.09428337100468841	1.4469734904277518	0.1297949139194188
0.3785665190490628	0.08857335760191565	1.4473122656744024	0.12516931152854832
0.37863496924995105	0.12362032314488072	1.4476510544975654	0.16475873844559502
0.3787034476259607	0.13366793117253747	1.4479900195334499	0.16663222764707997
0.3787719213107536	0.12452029513513367	1.448328998155004	0.154448719716966
0.3788403903049725	0.1257815524346722	1.4486679903635484	0.1601107905484344
0.37890885462050594	0.1395856549713057	1.4490069961278156	0.1876028019777887
0.37897731424674885	0.10214035020561654	1.4493460154817093	0.12906400211418262
0.3790457691843435	0.11070073218804115	1.4496850484265484	0.13645716664568774
0.3791142194339322	0.11256684700752007	1.4500240949636518	0.14729595888178273
0.3791826649961567	0.10035543245947197	1.450363155094338	0.12119116649417092
0.3792511058828977	0.08961038742624763	1.4507022287873221	0.10076158738198178
0.3793195420835568	0.0981829396329333	1.4510413160765216	0.14071832362468492
0.3793879735987757	0.08500175850224692	1.451380416963254	0.118861540192337
0.379456400429196	0.07896373471014462	1.4517195314488363	0.1139994383416843
0.3795247897489479	0.09689864497488782	1.4520584967888754	0.1353032296347548
0.3795932072229256	0.0986160589394696	1.452397638443488	0.1290984460361035
0.379661620014027	0.09629589349185545	1.452736793700896	0.11823945083956552
0.37973002812289297	0.11797387381403363	1.453075962562415	0.15380119728516267
0.37979843155016446	0.1117081433914818	1.4534151450293602	0.12954084000138205
0.3798668631229933	0.09978367284917627	1.4537545038487556	0.11331212527714682
0.37993525720022076	0.11696410772751353	1.4540937134978624	0.14603238851781983
0.380003646597774	0.11591587036351797	1.4544329367563362	0.14570268274392045
0.3800720313162934	0.09637332581785348	1.4547721736254902	0.10707949821266771
0.3801403785501056	0.10501637029906072	1.4551112613021835	0.14521264512461887
0.380208721108408	0.13863631059672873	1.4554503625856496	0.19694266549740305
0.3802770918048818	0.11921448347904223	1.455789640262073	0.16166531361001352
0.3803454578248802	0.13794921584711026	1.4561289315544248	0.18737969154123943
0.38041381916904304	0.1504119439165926	1.4564682364640174	0.20804796531333175
0.38048217584922045	0.13190286731281123	1.4568075549595023	0.16209179079113148
0.3805505278548396	0.09480581182532577	1.4571468870748472	0.10656596299857554
0.3806188751865398	0.1116052165165562	1.4574862328113631	0.12909004019681963
0.38068721784496035	0.08674804191523916	1.457825592170361	0.08859088168857635
0.38075555583074	0.07920099384549134	1.4581649651531507	0.09955819982018844
0.3808239219396208	0.1075926079947725	1.458504514598156	0.14625312814806596
0.3808922833748961	0.1055451956258007	1.4588440776761098	0.15368129532913546
0.38096060735778653	0.09482768492203683	1.4591834915054505	0.14093528006076356
0.3810289266705895	0.108725646443908	1.459522918963817	0.1658164675196654
0.38109724131394335	0.10665195807411892	1.4598623600525178	0.13822199042020988
0.38116551851578206	0.08334327955217932	1.4602016518703795	0.09289365619835492
0.3812337910516873	0.08579383127613222	1.4605409573146475	0.09466248710712126
0.38130209170171525	0.0919391786478487	1.4608804392694998	0.09864024304054746
0.38137038768484477	0.08928672025800147	1.4612199348599133	0.07996830356243559
0.38143864623795903	0.07506196876036088	1.4615592811585518	0.07529723054292037
0.3815069329003926	0.09635645093389464	1.4618988039912997	0.1255130545882398
0.381575214897839	0.11022419152493365	1.4622383404635244	0.14653095517926484
0.3816434922309356	0.10739671017651325	1.4625778905765312	0.14384262069328538
0.3817117649003195	0.10298987164225941	1.462917454331625	0.1511266749056026
0.3817800656703825	0.14796000450927937	1.4632571946587536	0.19393247165508576
0.3818483617757688	0.12187027137624307	1.4635969486371248	0.14072079837567808
0.3819166204690154	0.11138748588851421	1.4639365532935822	0.12478913557113909
0.3819848745010953	0.1146899519009458	1.4642761715973411	0.13553938806058635
0.3820531238726451	0.11101958047403883	1.4646158035497048	0.13352852063995782
0.38212136858430124	0.07923595964957393	1.4649554491519763	0.10198659347998065
0.38218957589753605	0.10473690456037932	1.4652949454048085	0.1605686486319723
0.38225781130248454	0.11266907313107283	1.4656346182780613	0.15209912323424954
0.38232604204944626	0.11439432573370725	1.465974304805126	0.15002520225441038
0.3823942681390572	0.12315460082478943	1.4663140049873036	0.16575628609944643
0.38246245684172064	0.11847514556524028	1.4666535557990477	0.15501405809346988
0.38253067362970183	0.1125421140885685	1.4669932832626011	0.1281821833429057
0.3825988857622377	0.11523687840292418	1.4673330243851672	0.14744146087467286
0.3826670932399634	0.09883898916938456	1.4676727791680466	0.13323579135929325
0.38273529606351436	0.11296576168781472	1.4680125476125385	0.14025628055140307
0.38280352696375797	0.12867216765441916	1.4683524927467908	0.1724996713148145
0.3828717204920218	0.1174251601853939	1.468692288485637	0.1604610957338574
0.3829399093680141	0.1256576825715876	1.46903209788999	0.16049263544267078
0.38300809359236976	0.13412647757562635	1.4693719209611487	0.18062566943032024
0.38307627316572346	0.1179369404362142	1.469711757700411	0.14202628976520257
0.38314444808870946	0.10931345633372637	1.4700516081090742	0.1279732799204122
0.3832126510788039	0.10737976213740229	1.4703916352546091	0.1288917413144348
0.3832808167141058	0.083457042444516	1.4707315129731786	0.09817754209056126
0.38334897770094123	0.0687420580656745	1.4710714043650372	0.06722891747904478
0.38341713403994404	0.0816932230113197	1.4714113094314811	0.11255920915405099
0.3834852530349693	0.06239296776877318	1.4717510650486132	0.09294232362548872
0.3835533673856585	0.05689569714330207	1.4720908343363572	0.07390899623911777
0.3836215097961066	0.08034919162945928	1.4724307804015282	0.12681389468032556
0.38368964756125523	0.10460221228226499	1.472770740146463	0.16099964153173774
0.38375778068173755	0.09999367711772926	1.4731107135724566	0.1266593406252436
0.3838259418549656	0.1201988461471524	1.473450863805996	0.1562887034938342
0.38389406569914925	0.11826009858412401	1.4737908645651725	0.16617866041959278
0.3839621849005643	0.09866594427221514	1.4741308790092857	0.13079909000229953
0.38403029945984346	0.07543658673865872	1.4744709071396291	0.10243102636735343
0.38409840937761935	0.07184134554897738	1.4748109489574954	0.11938792863271255
0.38416651465452467	0.0738623278599434	1.4751510044641765	0.10336315204294566
0.38423461530231845	0.10136334031097022	1.4754910736281335	0.12112744094761675
0.38430271131050475	0.10549185854533259	1.475831156483486	0.12765114461736585
0.3843708026797156	0.09978398420348328	1.476171253031526	0.11674736514061833
0.38443888941058313	0.09133702537521879	1.476511363273544	0.10147866216114872
0.3845069388403456	0.10059048120493488	1.4768513239871524	0.12941084643973697
0.38457501630754115	0.08963994903938931	1.4771914615881516	0.12347681454293181
0.38464308913828704	0.08199074728603961	1.4775316128869969	0.09938755108828601
0.3847111573332147	0.10229889557959702	1.477871777884978	0.13921965996565216
0.3847792208929557	0.10343593538429544	1.4782119565833838	0.14738521284830605
0.3848472798292543	0.08510814463834196	1.4785521489506441	0.10929805253323088
0.38491533413162693	0.10260823483301199	1.4788923550209037	0.1384068814311223
0.3849833838007046	0.1223992402047393	1.4792325747954505	0.1723823125940897
0.38505142883711807	0.10514197015777489	1.4795728082755726	0.12368261789168919
0.3851194692414981	0.11691011503712412	1.4799130554625577	0.12996171275148302
0.385187505025581	0.13663049030274083	1.4802533163248177	0.16553701528503179
0.3852555361788901	0.10810691088160937	1.4805935908965118	0.12393781989350948
0.38532356270205553	0.10399893904808567	1.4809338791789257	0.11159014224712553
0.38539158459570766	0.11095279038064117	1.4812741811733459	0.14314018000276205
0.38545956922818003	0.0965568429866952	1.481614333565337	0.1201113551485682
0.3855275818757937	0.09474489180592652	1.481954662954736	0.11075615242270817
0.3855955898957823	0.11849634745717863	1.4822950060599942	0.14953294260885722
0.3856635932887756	0.0933367135357243	1.4826353628823967	0.11649215398137444
0.3857315920554031	0.10189049619482049	1.4829757334232276	0.1179432366287113
0.38579958620738647	0.11847005491128768	1.4833161176508682	0.16224070655577263
0.3858675757342612	0.11521638811382395	1.4836565155995016	0.16082280623205147
0.3859355606366567	0.09423340734449627	1.4839969272704114	0.12511011819715645
0.3860035409152017	0.13595181022407055	1.4843373526648804	0.18573584364032866
0.3860714839581883	0.13590472329914288	1.4846776284092376	0.17347486938693563
0.386139455002004	0.1177310203386961	1.4850180812217544	0.12631540674095273
0.3862074214238542	0.10931853420448435	1.4853585477616742	0.11759149781393631
0.3862753832243675	0.10612491197776236	1.4856990280302782	0.11975897500939443
0.3863433078006977	0.07588571285696812	1.486039358627555	0.07826771690694724
0.3864112603715008	0.07804851803943653	1.4863798663244412	0.09950349256704397
0.38647920832285043	0.09138576368450822	1.4867203877538513	0.1327610886731601
0.38654715165537445	0.09082880934544747	1.4870609229170653	0.11990716772533681
0.3866150903697008	0.08304238722568234	1.4874014718153632	0.11752321429902034
0.3866830570699319	0.101670565583107	1.4877421978513177	0.15610333715581698
0.38675101915100457	0.0951402928225663	1.4880829376315052	0.13335979333450762
0.3868189440255735	0.08723603206189998	1.4884235277097817	0.10710805686379588
0.3868868642844536	0.1051217956008301	1.4887641315282552	0.13500690380149827
0.38695477992827204	0.10962985228510044	1.4891047490882028	0.1261532519276618
0.3870226909576561	0.08727996692737751	1.4894453803909031	0.08617096890154625
0.3870905973732326	0.0937235415492162	1.4897860254376334	0.10661284833457585
0.38715849918669054	0.09150535016333816	1.4901266841967065	0.10855005089602021
0.38722639638759315	0.07018980804888002	1.4904673567023605	0.08589777396419682
0.387294288976567	0.11021888014023859	1.4908080429558712	0.1487864714585213
0.387362144383959	0.1151753051477068	1.4911485794583481	0.15594926567593922
0.3874299951828868	0.11429565041680687	1.4914891297046342	0.13407216738477568
0.3874978739508873	0.14112419854092242	1.4918298571763906	0.1850928670287949
0.38756574810946276	0.15793427469595564	1.4921705984011029	0.20068360998577311
0.38763361765923915	0.12289224800049038	1.4925113533800454	0.13733003032695806
0.38770151517112184	0.13725802889192207	1.4928522856146589	0.17455770288464112
0.387769375516226	0.14729510891642464	1.4931930680728933	0.20284147817533177
0.3878372312544067	0.11332773717247491	1.4935338642891767	0.12779397850892593
0.3879050823862895	0.09356249620778817	1.4938746742647822	0.11608551987606473
0.3879729289124998	0.09786732889532984	1.494215498000983	0.12681710037295377
0.38804077083366256	0.08053486544540804	1.4945563354990516	0.07690308587149466
0.38810864070742246	0.08089788468839859	1.4948973503000171	0.08236513484029451
0.38817647343140516	0.09760158495848151	1.4952382152926276	0.11879296508082916
0.3882443015522139	0.10965234285292579	1.495579094050918	0.12888034376609914
0.38831212507047336	0.1339270945447401	1.4959199865761599	0.16166656301816423
0.3883799114496561	0.15242205568217176	1.4962607292704464	0.19611762938735489
0.3884476932297458	0.13173741957271143	1.4966014857276173	0.1687079752770439
0.38851550295513637	0.13737942910151557	1.4969424195283114	0.17810109365680848
0.3885833080804737	0.1280432771448946	1.4972833671010353	0.1673858420506589
0.38865110860638186	0.10455653940833974	1.4976243284470578	0.15283504517826974
0.3887189045445124	0.09233853229306133	1.4979653035346145	0.12262232643792514
0.3887866958844601	0.09617913952590565	1.4983062923980048	0.13286526679667643
0.3888544826268485	0.08844275612126123	1.4986472950384977	0.1304853138033228
0.3889222647723013	0.09131803353670886	1.4989883114573603	0.12865009513099274
0.3889900423214419	0.10118968951214358	1.499329341655861	0.12034373997136034
0.38905784780101793	0.10625967051678534	1.4996705492674782	0.13356678878133976
0.38912564868332256	0.11620930226754299	1.500011770667879	0.13867531093301166
0.3891934124582831	0.12162095490667772	1.5003528421798409	0.13379176537674384
0.3892611716394223	0.1220310498411089	1.5006939274765052	0.14275725356788588
0.38932892622736304	0.10664343699296899	1.5010350265591375	0.1405007464821866
0.38939664371863647	0.10940703975116471	1.5013759757306788	0.14616628744598986
0.3894643566201593	0.10654709031993552	1.5017169386841014	0.13636480475961138
0.3895320974432501	0.08471008429764082	1.5020580790991607	0.1110417633325498
0.38959983367563084	0.07874843253221699	1.5023992333052458	0.10617614049373549
0.3896675653179239	0.09097215594335209	1.502740401303621	0.11325206454790834
0.38973529238175636	0.07166159951454575	1.5030815830624704	0.09684228384211037
0.38980301485674346	0.06798548713531405	1.5034227786161347	0.09851892501746938
0.3898707327435071	0.09605287070779797	1.5037639879658766	0.14309170035837998
0.3899384460426688	0.1022219844477431	1.5041052111129594	0.14338533032886144
0.39000615475485023	0.09440413958357219	1.5044464480586455	0.1376321964992393
0.3900738913737593	0.12563078673518402	1.504787862535602	0.17110847892264397
0.39014159092484035	0.12282317266721332	1.5051291270491833	0.16054827585268056
0.3902092858908036	0.11347515933001336	1.5054704053651509	0.1369605980041073
0.3902769762722698	0.126664722051496	1.5058116974847655	0.15176834873368236
0.39034466206986007	0.1167870603568643	1.5061530034092878	0.12949118105959825
0.3904123432841951	0.0946483670730991	1.5064943231399792	0.1072106569487759
0.39048001992688436	0.09496353914137075	1.5068356566449865	0.11994807903905955
0.3905476919875581	0.07550115972020101	1.5071770039586792	0.10598229264909936
0.3906153594668368	0.07193239497771074	1.5075183650823172	0.10909347652089205
0.39068298990302786	0.07610251948245242	1.5078595761930547	0.12058033616926811
0.39075061576126136	0.08575541085082038	1.508200801109626	0.1255452437589631
0.3908182695110571	0.08778956642639991	1.5085422036375247	0.11591596956152724
0.3908859186819366	0.09910896690844034	1.5088836199804	0.12155407368302927
0.39095356327451974	0.09032685194851815	1.50922505013951	0.09754384306605114
0.3910212033004029	0.13395206646931385	1.5095664940829747	0.14226059081599346
0.39108883874922723	0.13044691727438246	1.5099079518451854	0.1318881197052895
0.3911564696216122	0.13503146329866106	1.5102494234273989	0.1433841933020565
0.391224095918177	0.1613430268723789	1.5105909088308715	0.18310006781263816
0.3912917176395409	0.16311147991294753	1.5109324080568598	0.19659539485123753
0.39135933479729235	0.10686377476942291	1.511273921073467	0.13622448395529538
0.3914269473810792	0.10388565309717115	1.5116154479150976	0.14202948653805436
0.39149455539152034	0.10161662182949041	1.5119569885830069	0.13887389485752366
0.3915621588292344	0.06364432183568668	1.5122985430784495	0.07737639864675322
0.3916297576948397	0.06801571428218657	1.5126401114026795	0.06300542876116225
0.391697351999917	0.0832967628016444	1.5129816935237845	0.08548577630985381
0.39176494173412085	0.06500606801485895	1.5133232894761819	0.0625380150274176
0.3918325268980694	0.07036257453828423	1.5136648992611252	0.06609887608256554
0.3919001074923807	0.08963364353114602	1.5140065228798674	0.10757268393026956
0.39196768351767264	0.09506932314996723	1.5143481603336613	0.11771926398598641
0.3920352549855176	0.11204169875980147	1.5146898115905767	0.13738807728055538
0.39210282188557716	0.1465831296222099	1.5150314766850455	0.19572737273472438
0.3921703842184688	0.13358638193141223	1.5153731556183185	0.16796863028562883
0.3922379095729274	0.13076794366932293	1.5157146844149951	0.16513774935838998
0.392305430363643	0.1372249134930178	1.5160562270463354	0.19273018646361106
0.39237297900968193	0.13719943112983043	1.5163979474703322	0.17558858527529717
0.3924405230910203	0.11164289065881879	1.5167396817381342	0.1334608603225598
0.392508062608275	0.11874864468790462	1.5170814298509916	0.1538635897120716
0.39257562997394513	0.12996909801375872	1.5174233557868064	0.1665414725418179
0.392643160375824	0.11471877319110911	1.5177651315603133	0.13491304824181904
0.39271068621546745	0.09778452066264318	1.5181069211826201	0.12337613797334876
0.3927782074934921	0.11220582593208211	1.5184487246549756	0.14055845783739163
0.39284572421051417	0.10715350681588676	1.5187905419786278	0.1342970993419116
0.3929132363671498	0.07866731455791334	1.5191323731548254	0.08567187034485937
0.3929807763627658	0.0708829489721283	1.5194743822013204	0.0755712561182797
0.39304827941140896	0.08976862201514105	1.5198162410531235	0.10838487933119746
0.39311577790151186	0.07344502837786822	1.5201581137612108	0.09553890841180392
0.3931832718336901	0.08766311609292862	1.520500000326828	0.12180187239590601
0.3932507288294832	0.11637794374068164	1.5208417366749065	0.1561241022054099
0.39331818127076834	0.13482816314603202	1.5211834868763554	0.18789649405024783
0.3933856615437905	0.1237395156382006	1.521525414988799	0.18745398071528585
0.3934531372613479	0.14004658946550014	1.521867356963753	0.18696614523452906
0.39352060842405545	0.13463554768309322	1.5222093128024627	0.1752650455973142
0.39358807504344895	0.11815886418130886	1.5225512824729215	0.1814968835441854
0.3936555371092209	0.11903143668762017	1.522893266009622	0.15481173796381537
0.3937229946219859	0.10163490289347155	1.523235263413808	0.119703608779119
0.3937904475823585	0.09132868669232248	1.5235772746867229	0.12078267276141263
0.3938578959909532	0.10014029300716076	1.5239192998296103	0.12798107219065585
0.3939253722165396	0.08907809354092414	1.52426150295328	0.09755484485291362
0.39399284388939215	0.09645145795017468	1.5246037199560623	0.1294244326537581
0.39406027865724835	0.10498197992810158	1.5249457866830511	0.13761857785095802
0.3941277088757816	0.11204949205627485	1.5252878672849792	0.1354686917045645
0.3941951345456054	0.11233675879521196	1.525629961763088	0.15625610616911034
0.3942625556673335	0.10471322015591145	1.5259720701186186	0.1477545362361406
0.3943299398974247	0.08990050558195055	1.5263140281700376	0.11406078111802997
0.394397351935705	0.1182817026321136	1.5266561642508476	0.1618088556504814
0.39446475942772835	0.12006330980153598	1.5269983142127985	0.16389726895233475
0.39453216237410793	0.10454649160467275	1.5273404780571298	0.1116381859759618
0.3945995284400193	0.12651599366391722	1.5276824915756728	0.1540183715787824
0.3946669223078474	0.12842383015418463	1.5280246831551856	0.17120932203377834
0.394734311631869	0.10306817197630587	1.5283668886207935	0.11089872432136087
0.3948016964126968	0.1100760691198687	1.5287091079737356	0.1384847460221203
0.3948690766509432	0.1257338729638937	1.52905134121525	0.1688259204154276
0.39493648468265813	0.1207229144496938	1.5293937525559829	0.14667934398455812
0.3950038881708366	0.12749688524604735	1.5297361777944278	0.1588433375331284
0.3950712547959013	0.1392034854862274	1.5300784526757687	0.19092356162374688
0.3951386168808323	0.11574009202153146	1.5304207414506283	0.14865340262917623
0.39520597442624117	0.10290222197088397	1.5307630441202436	0.13463240425124118
0.3952733274327399	0.10506204217289937	1.5311053606858507	0.13953973608413925
0.39534064358945487	0.10645474574818618	1.5314475268659706	0.13480656858781082
0.3954079875308491	0.09284083108227226	1.5317898711939373	0.11019986672108785
0.39547532693516646	0.08453196062783692	1.5321322294215998	0.10263170109311076
0.39554262949805663	0.1041592734110366	1.5324744372474806	0.13156777538434197
0.39560992752726803	0.1016997112319302	1.532816658968854	0.13506907366115425
0.39567725333489684	0.0741633247570724	1.5331590588696682	0.10411344849541998
0.39574457460789164	0.09592780611385818	1.5335014726751126	0.13521215807942727
0.39581189134686323	0.11632609783416722	1.5338439003864208	0.1562103895988057
0.3958792358573837	0.09477658881785612	1.5341865063075382	0.12374127415309942
0.3959465758329265	0.10332713601056057	1.5345291261436576	0.12951752625894777
0.39601387898435986	0.11825678712701294	1.5348715955465977	0.15230551002907738
0.3960811776042107	0.09892612602192723	1.5352140788603297	0.12176862452817855
0.396148471693089	0.10654495874727225	1.5355565760860859	0.13674014825099162
0.39621576125160485	0.10934638053988227	1.535899087225097	0.13767054046876503
0.39628301399931387	0.09513100614564543	1.5362414479024866	0.10576653044037286
0.3963502945097952	0.08590978459145146	1.5365839868383298	0.09508936748683755
0.3964175704917421	0.09107403228025196	1.5369265396911183	0.11297298765999951
0.3964848419457641	0.08802881229302907	1.5372691064620823	0.11407860403263129
0.3965521088724707	0.08691155523127608	1.5376116871524517	0.11279243943475241
0.396619371283326	0.10719497854710194	1.537954281730072	0.14159513165554677
0.39668662916808306	0.12130240198529456	1.5382968902295537	0.15625282412994818
0.3967538825273507	0.13650597862480177	1.538639512652126	0.1725058333302925
0.39682113136173824	0.12165831029897783	1.538982148999017	0.14028885976344252
0.3968883434103321	0.11318772522044868	1.5393246348352476	0.13581334833367212
0.3969555832076328	0.11312355889628052	1.5396672990010623	0.14515422500320357
0.3970228184818779	0.11130299892857079	1.5400099770948767	0.145267279602002
0.39709004923367586	0.10630219492898817	1.5403526691179183	0.14036456253972435
0.39715727546363516	0.10497211260284761	1.5406953750714143	0.148407707825365
0.39722449718320535	0.11934463707582527	1.5410380949231803	0.16378380476032575
0.3972917143821518	0.11188849019034211	1.5413808287078503	0.15747082784430783
0.39735892706108217	0.0992231404449997	1.5417235764266506	0.14534213475861263
0.39742613522060455	0.08600119524394031	1.5420663380808066	0.09968628771054036
0.3974933066193128	0.1028648287965148	1.5424089491751891	0.10755295935353298
0.3975605057526764	0.0867391398737869	1.5427517386703071	0.09807313159988279
0.3976277003684532	0.07706219734291662	1.5430945421044528	0.07410336768388405
0.3976948904672507	0.07923746765120891	1.5434373594788506	0.05966254569149836
0.3977620760496761	0.09478351248004918	1.5437801907947244	0.1175074367728542
0.3978292893583503	0.09265960560476438	1.5441232005496528	0.13412987724819467
0.39789646592067973	0.1036605120832782	1.5444660597187099	0.12958799624867348
0.39796363796845663	0.13135237041758208	1.5448089328329095	0.18260460007498502
0.39803080550228775	0.14492346551945504	1.5451518198934757	0.2133916060719855
0.3980979685227797	0.143098707732674	1.54549472090163	0.18242306900910882
0.3981650948101749	0.16023524281001883	1.545837471295351	0.19868082438029
0.39823224881662767	0.14565874140821408	1.5461804001688932	0.1994713156782194
0.39829939831155897	0.11262517533293151	1.5465233429936855	0.14415100239193435
0.3983665432955749	0.09525463841926304	1.5468662997709495	0.122097299926201
0.3984336515575682	0.07648808458207007	1.5472091059118935	0.1171885841311759
0.39850078753238544	0.04833781424803713	1.5475520905642959	0.06502043619837922
0.3985679189981036	0.06559188120493274	1.5478950891728283	0.07311881324992074
0.3986350459553284	0.07185187796732442	1.54823810173871	0.08636616649225214
0.3987021684046652	0.07039159420256849	1.5485811282631603	0.07108524453933458
0.39876931855843295	0.07439484066908494	1.548924333337411	0.0852361691975983
0.3988364642033603	0.09147641623297902	1.5492675523793658	0.12058188047301074
0.39890357314347064	0.09572281763380208	1.5496106207533522	0.11773922587045903
0.3989706775781126	0.09129850491022891	1.5499537030907788	0.11389320292963367
0.39903777750789104	0.10728253038309006	1.5502967993928638	0.1527303994336894
0.3991048729334108	0.11699159726072234	1.550639909660824	0.1525047557895682
0.39917193166733245	0.09426791479989258	1.5509828692321905	0.11569862758485075
0.3992390180969466	0.08720428611485989	1.5513260074020543	0.11977088397957983
0.39930610002411443	0.1074592458631512	1.551669159541441	0.1427107008977747
0.39937317744943995	0.10853487316789705	1.552012325651567	0.1243514120405902
0.39944021819421677	0.09208385355758775	1.5523553410431572	0.09808184505080647
0.39950728662846263	0.12301403559211352	1.5526985350648983	0.14512530220732228
0.3995743505626771	0.13036295883225912	1.553041743061022	0.1432096964947636
0.399641409997464	0.1159450247152015	1.553384965032743	0.12847609246767233
0.39970846493342704	0.1111208604875041	1.5537282009812758	0.13237439273220958
0.3997755475504807	0.13557834834775156	1.554071615598326	0.16668510477405973
0.39984262566775863	0.12608000345579104	1.5544150442013225	0.1590617988331602
0.39990966712165466	0.12707024540099518	1.554758322054048	0.16944590830162748
0.39997670407913904	0.12088880684845628	1.5551016138884373	0.15146049103812229
0.40004373654081476	0.11265298688545133	1.5554449197057034	0.14162832508106085
0.40011076450728494	0.08297455692915996	1.5557882395070588	0.10968878733938062
0.400177755823563	0.06825927666466255	1.5561314085294542	0.08763022612764725
0.40024477481220666	0.06363015879764043	1.5564747562690824	0.08502464517513694
0.40031178930745137	0.08297068110122142	1.5568181179964324	0.10976832020440387
0.4003787671607716	0.0927284851384424	1.5571613289283306	0.12986448371651763
0.40044574052405263	0.09902947370045596	1.5575045538436583	0.1300732717639571
0.4005127415534858	0.10333587070924355	1.5578479575078874	0.13611412508634815
0.400579738091928	0.10648526913903045	1.5581913751646783	0.1400837908083621
0.4006467301399811	0.09748893639623152	1.5585348068152418	0.12645249950224
0.40071374984737534	0.09136626848178542	1.5588784172451726	0.11371050794217277
0.40078076506342936	0.10792326089756675	1.5592220416780094	0.14455451405430417
0.40084774365468956	0.10943989262326292	1.5595655152835777	0.14626929782974069
0.40091471775796605	0.10198589389693992	1.5599090028877516	0.1368638160437258
0.40098168737386036	0.108770598348004	1.5602525044917404	0.1479134115730209
0.4010486525029737	0.12243720857281688	1.560596020096751	0.151323397885555
0.40111561314590727	0.11810522947565796	1.5609395497039917	0.14143618098282648
0.4011826014373177	0.11950823542933077	1.5612832581460532	0.14330221889436293
0.4012495531204494	0.11917039520921213	1.5616268157277904	0.14293418822736192
0.40131650031920246	0.10872434211185122	1.5619703873153754	0.1362500876512044
0.40138344303417783	0.08571328856353441	1.5623139729100146	0.11675815901144321
0.4014503491512751	0.07245527445461514	1.562657407621075	0.10446760512740666
0.40151725078794587	0.06413717861013787	1.5630008563348783	0.09351177725174296
0.4015841800659382	0.06722247168088953	1.563344483924317	0.08278045756310912
0.40165110486255284	0.0758577148425366	1.5636881255256294	0.09126005651447529
0.4017180251783899	0.10061549875816499	1.5640317811400208	0.12975900674014956
0.40178494102479234	0.12219873860717537	1.5643754507350867	0.16429809595913294
0.4018518523916156	0.12221400539971865	1.564719134345637	0.149129286214614
0.4019187592794592	0.1196069969602121	1.5650628319728757	0.15687521983885272
0.4019856616889229	0.13012187057607885	1.565406543618006	0.1728403905612518
0.40205255962060615	0.1199105517720243	1.5657502692822318	0.13786097827728508
0.4021194530858442	0.0992918008171147	1.566094008933132	0.10341692041413135
0.4021863420744989	0.12740014500986896	1.5664377626055297	0.15766239731087436
0.40225322658716933	0.10931121620690787	1.5667815303006274	0.13336524581914241
0.40232010662445467	0.08923574223267948	1.5671253120196267	0.11764379161844232
0.4023869501023144	0.11722819550438794	1.5674689427777517	0.16332305409014283
0.4024538212013545	0.12519679917928248	1.567812752514521	0.16664630947335404
0.4025206878268043	0.10913229703068886	1.5681565762787926	0.14459447980785717
0.40258754997926216	0.14988785671731358	1.5685004140717673	0.18783920837389229
0.40265440765932653	0.14426009228334946	1.5688442658946453	0.17313829927696597
0.402721292952235	0.12042757327947118	1.5691882967346045	0.15179383987515846
0.40278814170002875	0.13025780404375023	1.5695321765872365	0.16442559149403066
0.4028549859772221	0.11893542377006869	1.5698760704733687	0.13915844351385118
0.4029218257844129	0.09937202943019746	1.5702199783941986	0.1233602163844562
0.4029886290568549	0.10331279306886132	1.5705637353043727	0.11641108195612071
0.4030554278626335	0.09127970216434586	1.5709075062449052	0.10023972213626184
0.4031222542741174	0.08408788945355236	1.571251456243355	0.10044682615162243
0.4031890762179879	0.08551936619073679	1.5715954202812927	0.11277692451809068
0.40325589369484205	0.09375435443802983	1.5719393983599166	0.1247129628482502
0.40332270671598747	0.10839004579337193	1.572283390446748	0.15513803329808065
0.4033895152713095	0.10023290926603168	1.5726273965766562	0.1332460527032319
0.4034563193614051	0.10063281714788683	1.5729714167508373	0.12345789673515958
0.4035231189868712	0.10893422491339048	1.5733154509704876	0.14401832359745045
0.4035899141483045	0.09816797258334549	1.573659499236803	0.12346302902101053
0.40365673690093545	0.09186610200388957	1.5740037266312068	0.09901512624693899
0.40372352314679416	0.1051109605496241	1.5743478029607458	0.13669194631170878
0.40379030493040813	0.10432094688821412	1.5746918933405325	0.14173131429244348
0.40385708225237354	0.09966459741980736	1.5750359977717612	0.10810173137107154
0.40392385511328643	0.09611749957649499	1.5753801162556262	0.1098357981598583
0.40399059148050775	0.09902559713603842	1.5757240836457007	0.13357497698928147
0.40405735543179805	0.09757987891170812	1.5760682302047133	0.11178092090076479
0.40412411492382205	0.08776846328091255	1.57641239081994	0.09648331182796535
0.4041908379303524	0.09856656281494912	1.5767564003247299	0.12551952880204728
0.4042575564809461	0.10860804289234985	1.5771004238813724	0.1469782430307559
0.4043243026094335	0.09745798807530962	1.5774446266386797	0.12026937048879671
0.40439104428103495	0.11727243644759268	1.5777888434569682	0.15451216151051328
0.4044577814963458	0.12079465713928761	1.5781330743374293	0.17453989787051757
0.40452454628278417	0.10833339297221505	1.5784774844490983	0.14533594912315603
0.40459130661198334	0.11050444592230832	1.5788219086320696	0.1444898254529199
0.40465806248453845	0.127087643526653	1.5791663468875348	0.17068028345310612
0.40472478189131605	0.10417833117455247	1.5795106339948615	0.12610463067387223
0.40479149684477567	0.12078835514047143	1.579854935170312	0.12747919936690696
0.40485820734551164	0.11930674067570005	1.5801992504150753	0.14575359047624473
0.4049249133941184	0.0876823835096404	1.580543579730341	0.10176257156818495
0.40499161499119	0.09051362572543833	1.5808879231172985	0.11000087317222954
0.40505831214799376	0.11814665736229191	1.5812322805433874	0.1595236922110928
0.40512500485444913	0.09209504614664861	1.581576652043542	0.13399699031035048
0.4051916931111499	0.10738709603897728	1.5819210376189505	0.1377534286015274
0.40525834492603274	0.13211394033415397	1.5822652719949792	0.18139925097390439
0.4053249922944825	0.11567348289977498	1.5826095204418809	0.14669917789676404
